CNPJ_FUNDO,DT_COMPTC,VL_TOTAL,VL_QUOTA,VL_PATRIM_LIQ,CAPTC_DIA,RESG_DIA,NR_COTST
3191854000190,2005-01-03,2853996704.94,2.48964,2853962760.57,20636924.42,347929.7,3
3191854000190,2005-01-04,2860229278.04,2.491572,2860222656.64,4156637.96,111462.11,3
3191854000190,2005-01-05,2851880313.2,2.49329,2851881013.43,0.0,10313836.88,3
3191854000190,2005-01-06,2854090145.18,2.495035,2854141658.28,264674.72,0.0,3
3191854000190,2005-01-07,2842316378.38,2.496645,2842177865.82,0.0,13805517.35,3
3191854000190,2005-01-10,2863579806.29,2.498387,2863538906.8,19482750.13,104800.0,3
3191854000190,2005-01-11,2878730414.84,2.49993,2878717671.1,13440747.32,30500.28,3
3191854000190,2005-01-12,2888012700.42,2.501584,2887937699.91,7390415.87,75000.0,3
3191854000190,2005-01-13,2876131468.55,2.503248,2876086178.76,0.0,13772515.34,3
3191854000190,2005-01-14,2897259645.89,2.504907,2897241815.2,21316197.27,2066655.22,3
3191854000190,2005-01-17,2905087451.72,2.506543,2905115409.61,6083353.46,102000.0,3
3191854000190,2005-01-18,2925703584.39,2.508153,2925725857.44,18896384.55,151947.32,3
3191854000190,2005-01-19,2929452824.73,2.509775,2929395572.57,1787674.51,10000.0,3
3191854000190,2005-01-20,2934377404.62,2.511373,2934407959.18,3153209.81,6000.0,3
3191854000190,2005-01-21,2933658878.09,2.513074,2933666547.86,23730379.39,26459320.22,3
3191854000190,2005-01-24,2908425185.12,2.514646,2908309220.16,0.0,27192420.42,3
3191854000190,2005-01-25,2918971580.62,2.516328,2918900608.72,8676600.98,30526.44,3
3191854000190,2005-01-26,2918522747.86,2.518,2918431433.41,0.0,2408668.81,3
3191854000190,2005-01-27,2920375861.88,2.5196810000000003,2920468542.0,488783.23,400000.0,3
3191854000190,2005-01-28,2912721278.69,2.521367,2912797508.02,0.0,9625213.87,3
3191854000190,2005-01-31,2907647175.48,2.523064,2907549122.14,0.0,7208837.24,3
3191854000190,2005-02-01,2922392430.56,2.524763,2922366509.79,12898348.97,38868.83,3
3191854000190,2005-02-02,2927351876.41,2.52645,2927309711.47,19539347.57,16548817.21,3
3191854000190,2005-02-03,2934829038.68,2.5281599999999997,2934706322.47,7862593.49,2447300.0,3
3191854000190,2005-02-04,2492387645.78,2.5298540000000003,2492292170.68,22862524.37,467243083.54,2
3191854000190,2005-02-09,2500013284.68,2.53157,2500006455.71,6023763.21,0.0,2
3191854000190,2005-02-10,2513465474.05,2.533268,2513424556.88,11741271.79,0.0,2
3191854000190,2005-02-11,2538814512.51,2.534979,2538742134.53,23619980.15,0.0,2
3191854000190,2005-02-14,2581962033.56,2.5366459999999997,2582031147.66,41619538.49,0.0,2
3191854000190,2005-02-15,2600878977.35,2.5383169999999997,2600848757.09,17116712.25,0.0,2
3191854000190,2005-02-16,2651320722.52,2.540096,2651276994.59,48605411.61,0.0,2
3191854000190,2005-02-17,2659558468.14,2.541833,2659455593.05,6365569.29,0.0,2
3191854000190,2005-02-18,2677233033.09,2.543766,2677208110.61,15730068.53,0.0,2
3191854000190,2005-02-21,2675007239.26,2.54557,2674944831.33,0.0,4161914.38,2
3191854000190,2005-02-22,2706728591.03,2.547446,2706750651.63,29834475.37,0.0,2
3191854000190,2005-02-23,2705314187.47,2.549236,2705279308.99,0.0,3373280.37,2
3191854000190,2005-02-24,2685908121.12,2.550998,2685694602.64,0.0,21454561.53,2
3191854000190,2005-02-25,2683215737.17,2.552867,2683170087.81,0.0,4492200.89,2
3191854000190,2005-02-28,2740549862.7,2.5546330000000004,2740465895.66,55439667.92,0.0,2
3191854000190,2005-03-01,2747830905.51,2.556418,2747830961.18,5450218.4,0.0,2
3191854000190,2005-03-02,2748644496.55,2.558256,2748642308.49,0.0,1164273.77,2
3191854000190,2005-03-03,2750300722.44,2.560029,2750169386.17,0.0,377869.6,2
3191854000190,2005-03-04,2752623094.51,2.561828,2752522684.45,420681.6,0.0,2
3191854000190,2005-03-07,2759958706.13,2.563623,2759869719.51,5418420.72,0.0,2
3191854000190,2005-03-08,2776506043.68,2.565385,2776477232.72,14710631.16,0.0,2
3191854000190,2005-03-09,2783784900.08,2.567189,2783761044.82,5331370.29,0.0,2
3191854000190,2005-03-10,2791322275.92,2.568942,2791294186.33,5632255.71,0.0,2
3191854000190,2005-03-11,2804089277.24,2.570709,2803969324.18,10755196.95,0.0,2
3191854000190,2005-03-14,2824670326.54,2.572512,2824658529.33,18722605.0,0.0,2
3191854000190,2005-03-15,2863811282.4,2.5743560000000003,2863812333.31,37129063.06,0.0,2
3191854000190,2005-03-16,2868962213.37,2.576166,2868901270.5,3075423.78,0.0,2
3191854000190,2005-03-17,2889046286.31,2.578009,2889313404.36,18359709.81,0.0,2
3191854000190,2005-03-18,2883610777.62,2.579918,2883634683.49,0.0,7818239.89,2
3191854000190,2005-03-21,2889959401.81,2.581779,2889997383.99,4282617.28,0.0,2
3191854000190,2005-03-22,2896821589.47,2.5836490000000003,2896721733.44,4631104.79,0.0,2
3191854000190,2005-03-23,2896874644.32,2.585498,2896891961.56,0.0,1902823.79,2
3191854000190,2005-03-24,2913067174.69,2.587326,2912852156.93,13912033.46,0.0,2
3191854000190,2005-03-28,2928646855.11,2.589208,2928571935.32,13600993.3,0.0,2
3191854000190,2005-03-29,2917998352.67,2.591086,2917961830.3,0.0,12734251.9,2
3191854000190,2005-03-30,2917564065.54,2.593058,2917519971.47,0.0,2662634.49,2
3191854000190,2005-03-31,2950475608.97,2.594827,2950438937.98,30928616.57,0.0,2
3191854000190,2005-04-01,2955764306.02,2.596704,2955739848.38,3166674.13,0.0,2
3191854000190,2005-04-04,2949562342.62,2.598478,2949507629.65,0.0,8251502.59,2
3191854000190,2005-04-05,3061933408.09,2.600323,3061942389.95,110340518.37,0.0,2
3191854000190,2005-04-06,3069149644.9,2.602148,3069004978.51,4913607.5,0.0,2
3191854000190,2005-04-07,3081491866.34,2.604045,3081387457.96,10145134.6,0.0,2
3191854000190,2005-04-08,3088494129.26,2.605865,3088543825.9,5002747.25,0.0,2
3191854000190,2005-04-11,3106235605.42,2.607698,3106164319.87,15447971.28,0.0,2
3191854000190,2005-04-12,3124384215.46,2.609534,3124363472.31,16012197.63,0.0,2
3191854000190,2005-04-13,3141322119.01,2.611385,3141215645.08,14635992.87,0.0,2
3191854000190,2005-04-14,3140368121.1,2.613245,3140300310.6,0.0,3152714.68,2
3191854000190,2005-04-15,3149370513.44,2.61511,3149318203.91,6776748.65,0.0,2
3191854000190,2005-04-18,3164262025.06,2.616936,3164151236.77,12634022.09,0.0,2
3191854000190,2005-04-19,3176946577.63,2.61882,3176913964.41,10484773.22,0.0,2
3191854000190,2005-04-20,3201426038.43,2.620643,3201437370.4,22311908.38,0.0,2
3191854000190,2005-04-22,3211423175.25,2.6224689999999997,3211451409.01,7783355.29,0.0,2
3191854000190,2005-04-25,3205527829.89,2.624355,3205458407.88,0.0,8302579.38,2
3191854000190,2005-04-26,3204077349.93,2.626241,3204066978.39,0.0,3695041.07,2
3191854000190,2005-04-27,3201261873.62,2.628107,3201162743.76,0.0,5180792.25,2
3191854000190,2005-04-28,3186953994.33,2.6299759999999996,3186934624.78,0.0,16504652.31,2
3191854000190,2005-04-29,3205233845.58,2.631857,3205160961.81,15946991.51,0.0,2
3191854000190,2005-05-02,3203092157.59,2.6337200000000003,3203017119.39,0.0,4412664.35,2
3191854000190,2005-05-03,3181606936.72,2.635578,3181566123.37,0.0,23710615.8,2
3191854000190,2005-05-04,3192423732.4,2.6375,3192354095.97,8467809.78,0.0,2
3191854000190,2005-05-05,3209003630.05,2.639346,3208964012.36,14375571.11,0.0,2
3191854000190,2005-05-06,3217259479.07,2.641222,3217178712.47,5933825.8,0.0,2
3191854000190,2005-05-09,3224280018.74,2.643114,3224168596.17,4685305.7,0.0,2
3191854000190,2005-05-10,3238328355.18,2.645005,3238324411.37,11849103.19,0.0,2
3191854000190,2005-05-11,3269726464.69,2.64691,3269678712.54,29021977.4,0.0,2
3191854000190,2005-05-12,3309840736.34,2.648809,3309810000.09,37785488.16,0.0,2
3191854000190,2005-05-13,3311847810.05,2.650703,3311807611.76,0.0,369029.39,2
3191854000190,2005-05-16,3344099238.37,2.652578,3343998856.96,29848606.56,0.0,2
3191854000190,2005-05-17,3362938828.27,2.654493,3362876121.6,16463100.83,0.0,2
3191854000190,2005-05-18,3368030060.71,2.656391,3367965256.02,2684630.48,0.0,2
3191854000190,2005-05-19,3377325889.94,2.658302,3377365808.43,6977647.94,0.0,2
3191854000190,2005-05-20,3378763844.99,2.660205,3378685498.37,0.0,1098066.63,2
3191854000190,2005-05-23,3409495919.13,2.662127,3409424932.85,28298331.81,0.0,2
3191854000190,2005-05-24,3426665406.64,2.664019,3426636447.63,14788402.74,0.0,2
3191854000190,2005-05-25,3430433909.36,2.665935,3430350229.69,1249296.85,0.0,2
3191854000190,2005-05-27,3462543054.55,2.667838,3462471126.58,29672241.36,0.0,2
3191854000190,2005-05-30,3456029575.67,2.6697610000000003,3455948030.08,0.0,9018874.72,2
3191854000190,2005-05-31,3552698491.62,2.671698,3552655770.03,94200335.23,0.0,2
3191854000190,2005-06-01,3565566822.58,2.673639,3565498079.76,10261290.14,0.0,2
3191854000190,2005-06-02,3543427853.55,2.675581,3543367695.06,0.0,24720187.31,2
3191854000190,2005-06-03,3548289154.51,2.6775439999999997,3548234634.14,2267267.91,0.0,2
3191854000190,2005-06-06,3563437717.7,2.679494,3563404716.42,12585976.27,0.0,2
3191854000190,2005-06-07,3574471525.62,2.681404,3574427750.44,8482963.77,0.0,2
3191854000190,2005-06-08,3567010330.54,2.683319,3566918921.53,0.0,10061606.91,2
3191854000190,2005-06-09,3580354305.39,2.68527,3580312616.5,10800243.04,0.0,2
3191854000190,2005-06-10,3592241931.37,2.687184,3592067331.96,9202749.24,0.0,3
3191854000190,2005-06-13,3610416277.18,2.6891439999999998,3610231366.07,15544022.98,0.0,3
3191854000190,2005-06-14,3627390574.35,2.691084,3627361573.86,14525717.72,0.0,3
3191854000190,2005-06-15,3661568598.05,2.693057,3661549903.69,31528886.87,0.0,3
3191854000190,2005-06-16,3676773188.62,2.695052,3676680930.15,12418572.89,0.0,3
3191854000190,2005-06-17,3708534926.9,2.697,3708412298.46,29073840.94,0.0,3
3191854000190,2005-06-20,3720785140.06,2.698928,3720773705.17,9710380.04,0.0,3
3191854000190,2005-06-21,3734066847.98,2.70094,3733979863.63,10498391.73,66000.0,3
3191854000190,2005-06-22,3721856265.07,2.7029360000000002,3721826013.55,0.0,14913268.57,3
3191854000190,2005-06-23,3718916385.8,2.704869,3718889722.41,0.0,5597948.57,3
3191854000190,2005-06-24,3746207596.91,2.7068529999999997,3746123617.7,24506119.11,0.0,3
3191854000190,2005-06-27,3755896542.63,2.708837,3755782276.53,6912920.79,0.0,3
3191854000190,2005-06-28,3758044835.15,2.710799,3757968694.2,0.0,533880.68,3
3191854000190,2005-06-29,3757528026.66,2.712877,3757442004.28,0.0,3407412.15,3
3191854000190,2005-06-30,3804779065.3,2.714871,3804658631.12,45114857.93,660000.0,3
3191854000190,2005-07-01,3779840999.69,2.7167950000000003,3779642395.29,0.0,27712556.65,3
3191854000190,2005-07-04,3768620688.14,2.718803,3768588735.77,0.0,13847216.61,3
3191854000190,2005-07-05,3779165644.49,2.720811,3779220659.7,7848593.85,0.0,3
3191854000190,2005-07-06,3785406954.66,2.722795,3785425218.51,3448772.46,0.0,3
3191854000190,2005-07-07,3807475665.77,2.724832,3807309797.65,19052595.4,0.0,3
3191854000190,2005-07-08,3818181185.92,2.72682,3818186793.24,8099234.66,0.0,3
3191854000190,2005-07-11,3828914309.36,2.728778,3828715431.08,7786979.15,0.0,3
3191854000190,2005-07-12,3842048526.58,2.730799,3841860350.11,10804278.36,495000.0,3
3191854000190,2005-07-13,3869044159.14,2.732797,3869009230.58,25407967.99,1070000.0,3
3191854000190,2005-07-14,3879825487.18,2.73477,3879748183.0,8068640.22,123000.0,3
3191854000190,2005-07-15,3883491029.79,2.736744,3883633130.52,1084484.25,0.0,3
3191854000190,2005-07-18,3880891476.99,2.738701,3880787565.11,0.0,5622686.69,3
3191854000190,2005-07-19,3893519921.75,2.740715,3893432963.08,10491524.48,700000.0,3
3191854000190,2005-07-20,3893394309.21,2.742678,3893298337.23,0.0,2923244.47,3
3191854000190,2005-07-21,3898361029.28,2.744631,3898528752.35,2458083.96,0.0,3
3191854000190,2005-07-22,3907325562.19,2.746534,3907769955.77,6538144.17,0.0,3
3191854000190,2005-07-25,3911820969.97,2.7484610000000003,3912692194.28,2180501.94,0.0,3
3191854000190,2005-07-26,3912919517.44,2.750385,3912728777.24,0.0,2702411.61,3
3191854000190,2005-07-27,3911619159.15,2.752282,3911254420.5,0.0,4173050.37,3
3191854000190,2005-07-28,3936197912.53,2.754165,3936267630.11,22337287.56,0.0,3
3191854000190,2005-07-29,3992853971.48,2.756045,3992835596.0,53881059.64,0.0,3
3191854000190,2005-08-01,3989810608.23,2.75794,3989932635.84,0.0,5648351.99,3
3191854000190,2005-08-02,4019163028.68,2.759891,4018684769.7,26179607.41,250000.0,3
3191854000190,2005-08-03,4008796841.91,2.761784,4008234829.87,0.0,13206342.26,3
3191854000190,2005-08-04,4017380939.98,2.763759,4017461121.16,6359932.52,0.0,3
3191854000190,2005-08-05,4024188379.28,2.765706,4023930427.26,3854103.9,215000.0,3
3191854000190,2005-08-08,4039043117.4,2.7676939999999997,4038984370.4,13661526.63,1500000.0,3
3191854000190,2005-08-09,4046859414.45,2.769643,4046707607.97,4933737.79,54738.24,2
3191854000190,2005-08-10,4057392426.06,2.771652,4057058652.73,7415707.76,0.0,2
3191854000190,2005-08-11,4083786876.11,2.7737540000000003,4084797591.25,24662095.79,0.0,2
3191854000190,2005-08-12,4091665736.64,2.775512,4091915953.63,4529425.45,0.0,2
3191854000190,2005-08-15,4094634065.1,2.777498,4093664627.18,0.0,1179270.95,2
3191854000190,2005-08-16,4102732378.32,2.779532,4102478590.71,5816116.6,0.0,2
3191854000190,2005-08-17,4117708061.71,2.781534,4117588484.46,12155021.44,0.0,3
3191854000190,2005-08-18,4116952634.96,2.7835650000000003,4118062393.16,0.0,2532641.72,3
3191854000190,2005-08-19,4117156706.47,2.785447,4120419820.59,0.0,426841.45,3
3191854000190,2005-08-22,4128387554.07,2.787389,4127001316.48,3708759.38,0.0,3
3191854000190,2005-08-23,4131184782.27,2.789351,4131994621.69,2088372.82,0.0,3
3191854000190,2005-08-24,4134856307.38,2.791301,4134585344.48,0.0,297902.38,3
3191854000190,2005-08-25,4136402551.48,2.793334,4134840097.65,0.0,2756606.77,3
3191854000190,2005-08-26,4132212478.14,2.795368,4132586025.3,0.0,5264906.27,3
3191854000190,2005-08-29,4126271572.59,2.797354,4125478921.91,0.0,10043144.67,3
3191854000190,2005-08-30,4086414779.02,2.7993419999999998,4087007223.22,0.0,41403559.33,3
3191854000190,2005-08-31,4081743714.57,2.801356,4081911329.45,0.0,8036310.67,3
3191854000190,2005-09-01,4058242760.17,2.80337,4058930894.97,0.0,25915073.79,3
3191854000190,2005-09-02,4047350637.88,2.805376,4046076892.99,0.0,15758440.34,3
3191854000190,2005-09-05,4045562419.07,2.8073650000000003,4045138719.98,0.0,3806824.82,3
3191854000190,2005-09-06,4082324114.8,2.8094810000000003,4081552841.55,33365172.28,0.0,3
3191854000190,2005-09-08,4082998234.68,2.811506,4081693809.88,0.0,2800907.59,3
3191854000190,2005-09-09,4085755724.31,2.813581,4085753511.83,1759254.3,712000.0,3
3191854000190,2005-09-12,4097376880.11,2.815698,4097399197.64,8893572.26,322096.92,2
3191854000190,2005-09-13,4113792984.44,2.817811,4113387912.3,12913880.46,0.0,2
3191854000190,2005-09-14,4129623213.11,2.819819,4130157061.42,13837908.19,0.0,2
3191854000190,2005-09-15,4142166777.17,2.821863,4142944941.29,9794056.14,0.0,2
3191854000190,2005-09-16,4150330633.48,2.823978,4150515481.96,4465383.35,0.0,2
3191854000190,2005-09-19,4164934257.79,2.825996,4164864736.62,11383317.87,0.0,2
3191854000190,2005-09-20,4181305698.78,2.828036,4181114614.61,13243389.63,0.0,2
3191854000190,2005-09-21,4182893796.84,2.830162,4182203711.21,0.0,2054091.7,2
3191854000190,2005-09-22,4200483111.32,2.832272,4200635152.97,15313440.09,0.0,2
3191854000190,2005-09-23,4205378099.88,2.834352,4205389193.64,1669124.7,0.0,2
3191854000190,2005-09-26,4208521289.87,2.836395,4208373467.51,0.0,46969.29,2
3191854000190,2005-09-27,4212642302.08,2.83845,4212893921.96,1471440.66,0.0,2
3191854000190,2005-09-28,4207043302.57,2.8404540000000003,4206739744.31,0.0,9128561.35,2
3191854000190,2005-09-29,4193063875.35,2.842531,4192690718.24,0.0,17125083.08,2
3191854000190,2005-09-30,4230673834.67,2.844663,4230868781.61,35033395.25,0.0,2
3191854000190,2005-10-03,4239246414.92,2.846725,4239073546.22,5137950.92,0.0,2
3191854000190,2005-10-04,4252527623.58,2.848793,4252628476.27,10475460.1,0.0,2
3191854000190,2005-10-05,4239662511.06,2.850854,4239067109.21,0.0,16637991.9,2
3191854000190,2005-10-06,4244201052.06,2.852896,4245133040.64,3029586.87,0.0,2
3191854000190,2005-10-07,4250107225.51,2.854914,4249574954.21,1439112.74,0.0,2
3191854000190,2005-10-10,4257818189.44,2.856925,4257786759.33,5218406.64,0.0,2
3191854000190,2005-10-11,4266277991.81,2.8589439999999997,4266003231.81,5207478.03,0.0,2
3191854000190,2005-10-13,4285383376.63,2.860957,4286459507.02,17452556.18,0.0,2
3191854000190,2005-10-14,4295322454.41,2.8630150000000003,4294732143.6,5189216.01,0.0,2
3191854000190,2005-10-17,4303234201.94,2.865037,4302735879.65,4970587.98,0.0,2
3191854000190,2005-10-18,4310833275.8,2.8671,4310894465.48,5060355.64,0.0,2
3191854000190,2005-10-19,4321569231.41,2.869164,4321804147.22,7806306.84,0.0,2
3191854000190,2005-10-20,4326136018.95,2.871134,4324159352.0,0.0,612194.14,2
3191854000190,2005-10-21,4341536113.29,2.873155,4341532455.44,14329314.45,0.0,2
3191854000190,2005-10-24,4349299961.66,2.875108,4349190812.46,4707241.3,0.0,2
3191854000190,2005-10-25,4356463370.67,2.877077,4356045368.7,3876039.71,0.0,2
3191854000190,2005-10-26,4369992885.13,2.87908,4369672014.38,10593998.69,0.0,2
3191854000190,2005-10-27,4346589746.36,2.881089,4346819813.16,0.0,25901324.92,2
3191854000190,2005-10-28,4350757940.12,2.8831,4350531748.19,677854.98,0.0,2
3191854000190,2005-10-31,4353411395.62,2.885149,4353302587.91,0.0,321054.26,2
3191854000190,2005-11-01,4329124510.92,2.887227,4328838541.33,0.0,27599469.67,2
3191854000190,2005-11-03,4320459962.67,2.8894330000000004,4320133348.6,0.0,12012663.12,2
3191854000190,2005-11-04,4315146291.58,2.891486,4315001804.16,0.0,8201085.68,2
3191854000190,2005-11-07,4413400966.66,2.893594,4412986238.27,94838638.56,0.0,2
3191854000190,2005-11-08,4416852701.16,2.895835,4416469282.98,65321.91,0.0,2
3191854000190,2005-11-09,4423745922.57,2.898202,4423365742.44,3286522.16,0.0,2
3191854000190,2005-11-10,4423383848.43,2.900303,4423281439.49,0.0,3290943.28,2
3191854000190,2005-11-11,4427595534.65,2.9024330000000003,4427592146.67,1062222.63,0.0,2
3191854000190,2005-11-14,4453424300.89,2.904492,4453804359.82,23071257.88,0.0,2
3191854000190,2005-11-16,4465868722.06,2.90655,4465520743.05,8560606.12,0.0,2
3191854000190,2005-11-17,4479249933.14,2.90872,4478879437.59,10024783.19,0.0,2
3191854000190,2005-11-18,4497542338.06,2.910834,4497257446.93,15122848.61,0.0,2
3191854000190,2005-11-21,4493871124.3,2.912999,4493478969.13,0.0,7123416.87,2
3191854000190,2005-11-22,4488046802.53,2.915261,4487906281.58,0.0,9061960.78,2
3191854000190,2005-11-23,4495781951.98,2.917344,4495593390.54,4480429.08,0.0,2
3191854000190,2005-11-24,4484777583.0,2.919515,4484732274.27,0.0,14206602.18,2
3191854000190,2005-11-25,4471863374.88,2.921656,4471920427.88,0.0,16100684.36,2
3191854000190,2005-11-28,4487594355.81,2.923772,4487475175.64,12315973.71,0.0,2
3191854000190,2005-11-29,4484936379.07,2.925918,4484796013.21,0.0,5972894.54,2
3191854000190,2005-11-30,4548294079.64,2.928147,4547463552.69,59250967.2,0.0,2
3191854000190,2005-12-01,4551440545.28,2.9306,4551273104.63,0.0,0.0,2
3191854000190,2005-12-02,4540278284.31,2.933055,4540060870.81,0.0,15024891.8,2
3191854000190,2005-12-05,4581870772.77,2.935261,4581688431.99,38212905.04,0.0,2
3191854000190,2005-12-06,4584288793.44,2.937392,4584492883.79,0.0,521854.81,2
3191854000190,2005-12-07,4583553813.96,2.939591,4583395174.84,0.0,4529766.99,2
3191854000190,2005-12-08,4587403394.88,2.941752,4587379638.45,615043.52,0.0,2
3191854000190,2005-12-09,4597008151.16,2.9438020000000003,4596611915.32,6035500.2,1.4,2
3191854000190,2005-12-12,4617471802.06,2.945908,4617466836.09,17566498.29,0.0,2
3191854000190,2005-12-13,4626256560.59,2.948065,4626147063.14,5299308.17,0.0,2
3191854000190,2005-12-14,4637956022.45,2.9500919999999997,4637818580.05,8490718.62,0.0,2
3191854000190,2005-12-15,4599094238.59,2.952097,4598790947.71,0.0,42179678.53,2
3191854000190,2005-12-16,4623559996.83,2.954084,4623670047.3,21783741.4,0.0,2
3191854000190,2005-12-19,4621952560.62,2.956021,4621913934.96,0.0,4787863.93,2
3191854000190,2005-12-20,4597202135.63,2.957976,4596964803.94,0.0,28005889.32,2
3191854000190,2005-12-21,4595080926.02,2.959996,4594928130.8,0.0,5175937.59,2
3191854000190,2005-12-22,4580725732.0,2.961998,4580803662.62,0.0,17232258.23,2
3191854000190,2005-12-23,4586682067.04,2.963942,4586509772.88,2699665.85,0.0,2
3191854000190,2005-12-26,4588429890.13,2.9659009999999997,4588337458.66,0.0,1203740.83,2
3191854000190,2005-12-27,4596763617.6,2.967869,4596733889.04,5351875.58,0.0,2
3191854000190,2005-12-28,4568653435.23,2.969859,4568806861.72,0.0,31009205.28,2
3191854000190,2005-12-29,4636793598.9,2.971805,4636611137.71,64810565.46,0.0,2
3191854000190,2005-12-30,4639714081.83,2.973735,4639512797.23,0.0,109527.11,2
3191854000190,2006-01-02,4667282533.97,2.975772,4667188881.11,24498030.83,0.0,2
3191854000190,2006-01-03,4702233102.24,2.977811,4702165259.82,31778419.28,0.0,2
3191854000190,2006-01-04,4741363178.12,2.979785,4741242212.5,35959872.98,0.0,2
3191854000190,2006-01-05,4739399820.05,2.981744,4739310215.22,0.0,5049032.07,2
3191854000190,2006-01-06,4774522377.41,2.983698,4774328831.96,31912846.37,0.0,2
3191854000190,2006-01-09,4786626026.24,2.985713,4786437535.63,8884425.41,0.0,2
3191854000190,2006-01-10,4807975690.53,2.987698,4807566564.95,17946848.55,0.0,2
3191854000190,2006-01-11,4840740982.5,2.989702,4840713599.5,29922356.75,0.0,2
3191854000190,2006-01-12,4860730321.19,2.991699,4860562230.27,16615229.9,0.0,2
3191854000190,2006-01-13,4877361367.32,2.9936830000000003,4877147847.62,13362246.46,0.0,2
3191854000190,2006-01-16,4890267802.77,2.995708,4890044352.24,9597483.18,0.0,2
3191854000190,2006-01-17,4909928495.86,2.9978290000000003,4909849093.22,16342526.35,0.0,2
3191854000190,2006-01-18,4930372757.26,2.999937,4930486546.89,17184967.92,0.0,2
3191854000190,2006-01-19,4944929748.36,3.002182,4944280723.49,10104451.68,0.0,2
3191854000190,2006-01-20,4966738026.82,3.0042150000000003,4966541078.78,18912216.27,0.0,2
3191854000190,2006-01-23,4991919063.54,3.006243,4991861944.88,21968194.83,0.0,2
3191854000190,2006-01-24,5015243056.99,3.008213,5015297843.18,20164716.28,0.0,2
3191854000190,2006-01-25,5030557211.0,3.010106,5030589577.46,12135721.45,0.0,2
3191854000190,2006-01-26,5055054331.76,3.012106,5054968831.34,21036787.15,0.0,2
3191854000190,2006-01-27,5065908450.86,3.0141310000000003,5065747101.06,7379879.4,0.0,2
3191854000190,2006-01-30,5073943837.28,3.016111,5073878282.9,4803463.41,0.0,2
3191854000190,2006-01-31,5225521437.94,3.01804,5225394105.36,148270745.87,0.0,2
3191854000190,2006-02-01,5234127408.39,3.0199979999999997,5234019099.43,5234939.04,0.0,2
3191854000190,2006-02-02,5248110434.05,3.022021,5247932557.72,10407356.42,0.0,2
3191854000190,2006-02-03,5248951203.96,3.024029,5248724092.68,0.0,2695485.34,2
3191854000190,2006-02-06,5289558967.04,3.025998,5289324783.84,37183151.93,0.0,2
3191854000190,2006-02-07,5345299569.75,3.028009,5345360212.34,52520280.06,0.0,2
3191854000190,2006-02-08,5393161598.15,3.02996,5393020594.59,44216271.69,0.0,2
3191854000190,2006-02-09,5420177724.04,3.031966,5420167938.41,23576867.86,0.0,2
3191854000190,2006-02-10,5440245285.73,3.033922,5440133096.79,16468467.29,0.0,2
3191854000190,2006-02-13,5508848302.28,3.035878,5508641976.01,65001570.75,0.0,2
3191854000190,2006-02-14,5522209947.34,3.0377959999999997,5522102187.59,9979974.46,0.0,2
3191854000190,2006-02-15,5550074473.8,3.039802,5549976939.95,24228247.79,0.0,2
3191854000190,2006-02-16,5557205978.07,3.0417509999999996,5557022596.96,3487232.79,0.0,2
3191854000190,2006-02-17,5575124805.72,3.043682,5574865701.41,14315330.27,0.0,2
3191854000190,2006-02-20,5593679560.03,3.045631,5593451192.56,15015665.77,0.0,2
3191854000190,2006-02-21,5618306499.08,3.047584,5618310407.25,21272434.09,0.0,2
3191854000190,2006-02-22,5629411443.71,3.049519,5629253032.16,7375395.71,0.0,2
3191854000190,2006-02-23,5617507697.02,3.051456,5617350822.61,0.0,15477810.53,2
3191854000190,2006-02-24,5627733338.96,3.0533959999999998,5627621484.67,6699363.44,0.0,2
3191854000190,2006-03-01,5609678337.28,3.0553220000000003,5609520364.6,0.0,21650872.21,2
3191854000190,2006-03-02,5614013541.61,3.057304,5613926819.25,767535.63,0.0,2
3191854000190,2006-03-03,5612129777.78,3.059257,5612028913.03,0.0,5484072.03,2
3191854000190,2006-03-06,5640632455.16,3.061229,5640568802.02,24922369.76,0.0,2
3191854000190,2006-03-07,5597800357.02,3.063171,5597847790.98,0.0,46299307.41,2
3191854000190,2006-03-08,5626581960.24,3.065114,5626619214.44,25220652.62,0.0,2
3191854000190,2006-03-09,5640784709.79,3.067042,5640435078.02,10276640.62,0.0,2
3191854000190,2006-03-10,5651052882.33,3.068899,5650783226.98,6933038.26,0.0,2
3191854000190,2006-03-13,5661890696.29,3.070766,5661671510.92,7450564.98,0.0,2
3191854000190,2006-03-14,5707379717.17,3.072646,5707315453.43,42177725.14,0.0,2
3191854000190,2006-03-15,5711440628.48,3.074501,5711263362.87,502322.09,0.0,2
3191854000190,2006-03-16,5741611517.22,3.076378,5741638014.45,26887893.46,0.0,2
3191854000190,2006-03-17,5751302185.03,3.078234,5751227421.69,6125437.55,0.0,2
3191854000190,2006-03-20,5765069681.61,3.080115,5764967875.97,10226082.47,0.0,2
3191854000190,2006-03-21,5788439615.82,3.081993,5788524705.9,20041828.16,0.0,2
3191854000190,2006-03-22,5803233297.01,3.0838490000000003,5803061623.6,11051023.39,0.0,2
3191854000190,2006-03-23,5804576183.07,3.085713,5804526890.36,0.0,2042332.63,2
3191854000190,2006-03-24,5807027798.84,3.087583,5806884784.15,0.0,1159758.46,2
3191854000190,2006-03-27,5877296552.94,3.089427,5877174754.73,66821919.5,0.0,2
3191854000190,2006-03-28,5893145412.67,3.091276,5893020040.05,12327838.2,0.0,2
3191854000190,2006-03-29,5896970995.76,3.093128,5896816639.64,266059.73,0.0,2
3191854000190,2006-03-30,5899595341.1,3.095008,5899448327.72,0.0,952390.97,2
3191854000190,2006-03-31,5905637641.15,3.096903,5905476493.82,2416073.79,0.0,2
3191854000190,2006-04-03,5815109903.63,3.09881,5814679736.95,0.0,94433210.34,2
3191854000190,2006-04-04,5837975498.44,3.100726,5837935214.19,19660249.92,0.0,2
3191854000190,2006-04-05,5861102245.23,3.102579,5860883176.02,19459200.18,0.0,2
3191854000190,2006-04-06,5879800820.11,3.104435,5879703304.03,15314077.34,0.0,2
3191854000190,2006-04-07,5892707049.77,3.1063099999999997,5892903690.79,9649195.09,0.0,2
3191854000190,2006-04-10,5904735388.32,3.108139,5904782349.11,8408907.76,0.0,2
3191854000190,2006-04-11,5932501516.74,3.109978,5932108219.4,23832173.67,0.0,2
3191854000190,2006-04-12,5960109531.58,3.111852,5959577196.34,23894427.27,0.0,2
3191854000190,2006-04-13,5982212445.85,3.113725,5981934186.49,18769966.06,0.0,2
3191854000190,2006-04-17,5985368763.1,3.1156349999999997,5985258959.39,0.0,344624.46,2
3191854000190,2006-04-18,6002080355.92,3.117481,6001397838.36,12592639.43,0.0,2
3191854000190,2006-04-19,6025643389.31,3.119417,6025489160.21,20364368.51,0.0,2
3191854000190,2006-04-20,6035519374.51,3.12129,6036068159.22,6961098.23,0.0,2
3191854000190,2006-04-24,6053163542.1,3.1231,6053573077.19,14004671.8,0.0,2
3191854000190,2006-04-25,6072388109.8,3.124869,6072310801.82,15308833.21,0.0,2
3191854000190,2006-04-26,6137003224.83,3.126665,6136325972.45,60525145.86,0.0,2
3191854000190,2006-04-27,6239805698.61,3.12853,6240924961.81,100938780.18,0.0,2
3191854000190,2006-04-28,6216038031.08,3.1302209999999997,6215109588.1,0.0,29188652.57,2
3191854000190,2006-05-02,6179972447.82,3.132073,6179269553.14,0.0,39517213.97,2
3191854000190,2006-05-03,6222977949.99,3.133918,6223617726.2,40708170.95,0.0,2
3191854000190,2006-05-04,6273415888.46,3.135688,6273388312.56,46255560.32,0.0,2
3191854000190,2006-05-05,6257422892.77,3.137536,6257698538.91,0.0,19386959.59,2
3191854000190,2006-05-08,6268468089.88,3.139318,6268393736.78,7141065.32,0.0,2
3191854000190,2006-05-09,6363686371.48,3.141131,6363234008.37,91220186.64,0.0,2
3191854000190,2006-05-10,6378987967.96,3.14296,6378905748.61,11966592.32,0.0,2
3191854000190,2006-05-11,6395433155.46,3.144759,6396122201.2,13565228.44,0.0,2
3191854000190,2006-05-12,6379689537.85,3.14645,6380678282.75,0.0,18883241.67,2
3191854000190,2006-05-15,6394890104.53,3.148286,6395374144.46,10972641.79,0.0,2
3191854000190,2006-05-16,6418898396.04,3.150162,6417631154.43,18446135.76,0.0,2
3191854000190,2006-05-17,6440541203.42,3.151887,6442205205.32,21059814.56,0.0,2
3191854000190,2006-05-18,6516583310.7,3.153701,6515759896.75,69847020.36,0.0,2
3191854000190,2006-05-19,6515196468.55,3.155506,6516506289.3,0.0,2982859.72,2
3191854000190,2006-05-22,6500741756.42,3.157138,6503163741.02,0.0,16712828.12,2
3191854000190,2006-05-23,6532733238.21,3.159038,6534031961.52,26954545.8,0.0,2
3191854000190,2006-05-24,6631746729.83,3.159921,6642381616.24,106523291.69,0.0,2
3191854000190,2006-05-25,6648212813.23,3.162164,6640384297.06,0.0,6712266.79,2
3191854000190,2006-05-26,6650734828.84,3.164013,6646319402.85,2052299.4,0.0,2
3191854000190,2006-05-29,6627994604.52,3.165857,6630087422.08,0.0,20105483.49,2
3191854000190,2006-05-30,6597407185.28,3.167667,6601815423.45,0.0,32062586.21,2
3191854000190,2006-05-31,6498037712.63,3.169479,6495468698.38,0.0,110123160.39,2
3191854000190,2006-06-01,6556308774.07,3.171291,6553930224.52,54748048.53,0.0,2
3191854000190,2006-06-02,4980077196.42,3.173053,4980896632.65,54145104.96,1630820123.95,2
3191854000190,2006-06-05,179471484.49,3.174774,179411098.25,179411098.25,4983598170.58,2
3191854000190,2006-06-06,179092648.14,3.1740720000000002,179051001.66,0.0,320425.55,2
3191854000190,2006-06-07,178671337.43,3.175375,178628945.61,0.0,495558.93,2
3191854000190,2006-06-08,178137541.81,3.175769,178094261.89,0.0,556847.97,2
3191854000190,2006-06-09,177530795.74,3.1775599999999997,177486623.13,0.0,708076.42,2
3191854000190,2006-06-12,176780128.49,3.177179,176735004.73,0.0,730337.17,2
3191854000190,2006-06-13,176333703.07,3.1773740000000004,176310311.13,0.0,435540.74,2
3191854000190,2006-06-14,174713607.93,3.178891,174708121.43,0.0,1686366.99,2
3191854000190,2006-06-16,174255173.59,3.1818400000000002,174249027.88,0.0,621167.13,2
3191854000190,2006-06-19,174125328.68,3.184113,174118306.14,0.0,255199.41,2
3191854000190,2006-06-20,173866178.35,3.1858560000000002,173861035.33,0.0,352584.07,2
3191854000190,2006-06-21,173676603.7,3.189853,173670572.04,0.0,408590.71,2
3191854000190,2006-06-22,173096181.41,3.195147,173089253.02,0.0,869549.23,2
3191854000190,2006-06-23,170851323.77,3.197015,170843464.02,0.0,2346983.32,2
3191854000190,2006-06-26,170509057.21,3.198925,170500358.14,0.0,445173.28,2
3191854000190,2006-06-27,170135797.94,3.198553,170129638.97,0.0,350891.84,2
3191854000190,2006-06-28,169645020.85,3.200534,169637953.67,0.0,597053.82,2
3191854000190,2006-06-29,169384680.55,3.207897,169376779.37,0.0,651435.51,2
3191854000190,2006-06-30,169237048.37,3.213204,169228261.94,0.0,428726.72,2
3191854000190,2006-07-03,169131070.31,3.219295,169121266.91,0.0,427786.78,2
3191854000190,2006-07-04,169108745.22,3.22306,169101340.91,0.0,217715.13,2
3191854000190,2006-07-05,168764709.18,3.223754,168756323.48,0.0,381428.89,2
3191854000190,2006-07-06,168759770.19,3.227053,168750359.63,0.0,178659.13,2
3191854000190,2006-07-07,168582029.93,3.228667,168571857.3,0.0,262902.27,2
3191854000190,2006-07-10,168612230.68,3.231551,168611882.48,0.0,110551.28,2
3191854000190,2006-07-11,167263665.86,3.234263,167265657.06,0.0,1487728.8,2
3191854000190,2006-07-12,166961933.52,3.235445,166962929.07,0.0,363857.22,2
3191854000190,2006-07-13,166789517.23,3.236648,166789547.32,0.0,235461.74,2
3191854000190,2006-07-14,166768543.65,3.239195,166770981.02,42975.37,192792.57,2
3191854000190,2006-07-17,166845481.92,3.242329,166846975.25,0.0,85360.75,2
3191854000190,2006-07-18,166730379.48,3.244303,166734183.55,0.0,214371.74,2
3191854000190,2006-07-19,166818263.79,3.246944,166821070.54,0.0,48841.7,2
3191854000190,2006-07-20,166793318.46,3.249491,166795133.12,0.0,156796.85,2
3191854000190,2006-07-21,166730027.35,3.247311,166730858.05,47623.49,0.0,2
3191854000190,2006-07-24,166843744.82,3.248607,166843620.02,46224.12,4.34,2
3191854000190,2006-07-25,166864809.82,3.251312,166866989.23,0.0,115555.56,2
3191854000190,2006-07-26,166833996.77,3.253988,166835755.91,0.0,168573.59,2
3191854000190,2006-07-27,166556453.03,3.254541,166557242.64,0.0,306866.22,2
3191854000190,2006-07-28,166482802.34,3.257244,166482599.35,0.0,212974.39,2
3191854000190,2006-07-31,166505958.26,3.2586310000000003,166504801.59,0.0,48689.39,2
3191854000190,2006-08-01,166374556.6,3.260061,166375690.35,0.0,202179.3,2
3191854000190,2006-08-02,166736001.93,3.261975,166736173.53,333427.98,70624.9,2
3191854000190,2006-08-03,166607313.15,3.264014,166606516.37,0.0,233880.84,2
3191854000190,2006-08-04,166478968.78,3.2663830000000003,166477147.0,0.0,250291.29,2
3191854000190,2006-08-07,166495357.94,3.268908,166492801.27,0.0,113036.94,2
3191854000190,2006-08-08,166418576.32,3.272056,166418329.5,0.0,234806.46,2
3191854000190,2006-08-09,166385354.54,3.274372,166384099.09,0.0,152023.27,2
3191854000190,2006-08-10,166355709.92,3.2771209999999997,166353508.83,0.0,170278.08,2
3191854000190,2006-08-11,166285972.47,3.280147,166283142.76,0.0,223972.15,2
3191854000190,2006-08-14,166159689.59,3.281015,166158358.9,0.0,168786.08,2
3191854000190,2006-08-15,166129930.65,3.284146,166133380.69,0.0,183539.45,2
3191854000190,2006-08-16,166232863.67,3.286135,166233035.6,136000.0,136961.6,2
3191854000190,2006-08-17,166252424.33,3.2878870000000004,166252024.03,0.0,69638.57,2
3191854000190,2006-08-18,165817957.88,3.2888629999999996,165814937.64,0.0,486437.83,2
3191854000190,2006-08-21,165780480.9,3.290622,165786012.53,0.0,117608.79,2
3191854000190,2006-08-22,165857399.0,3.2933260000000004,165861372.04,0.0,60871.68,2
3191854000190,2006-08-23,165909812.24,3.293539,165903550.35,31451.01,0.0,2
3191854000190,2006-08-24,165825413.71,3.294631,165820685.58,0.0,137871.45,2
3191854000190,2006-08-25,165852395.1,3.2956730000000003,165851832.62,3725.77,25023.2,2
3191854000190,2006-08-28,166342385.86,3.29737,166343642.78,684100.93,277690.79,2
3191854000190,2006-08-29,166348236.82,3.2989010000000003,166349824.13,0.0,71053.58,2
3191854000190,2006-08-30,165968038.4,3.302002,165967335.79,0.0,538858.83,2
3191854000190,2006-08-31,166099480.5,3.307504,166120679.83,0.0,123201.0,2
3191854000190,2006-09-01,166247025.69,3.310722,166257580.93,0.0,24724.21,2
3191854000190,2006-09-04,166369376.66,3.31434,166370896.42,0.0,68372.95,2
3191854000190,2006-09-05,166403964.03,3.317011,166400795.98,0.0,104177.41,2
3191854000190,2006-09-06,166638936.82,3.319339,166639545.23,121963.06,0.0,2
3191854000190,2006-09-08,166709844.63,3.3220440000000004,166718092.03,0.0,57251.3,2
3191854000190,2006-09-11,166794680.49,3.323657,166784343.1,0.0,14697.98,2
3191854000190,2006-09-12,166860106.73,3.325729,166862021.08,0.0,26296.99,2
3191854000190,2006-09-13,166847632.62,3.328045,166846587.22,0.0,131634.68,2
3191854000190,2006-09-14,166949411.28,3.331576,166944201.92,0.0,79406.73,2
3191854000190,2006-09-15,166967186.02,3.334738,166976315.31,178000.0,304333.41,2
3191854000190,2006-09-18,167160561.36,3.337542,167162095.9,45379.28,0.0,2
3191854000190,2006-09-19,167770785.0,3.338979,167760612.97,526544.36,0.0,2
3191854000190,2006-09-20,168391708.15,3.34047,168383100.67,598683.33,51108.08,2
3191854000190,2006-09-21,168363771.59,3.3377769999999995,168339345.47,126800.21,34809.33,2
3191854000190,2006-09-22,170512021.25,3.339909,170526019.73,2169294.89,90147.13,2
3191854000190,2006-09-25,170850744.39,3.34087,170843914.51,268828.92,0.0,2
3191854000190,2006-09-26,170906336.03,3.3434480000000004,170912198.16,299375.52,362924.48,2
3191854000190,2006-09-27,171069642.25,3.344869,171064443.56,120416.67,40810.72,2
3191854000190,2006-09-28,171034393.27,3.3472660000000003,171028655.48,0.0,158376.28,2
3191854000190,2006-09-29,171303646.08,3.3495440000000003,171305172.34,160122.38,0.0,2
3191854000190,2006-10-02,171224545.59,3.3527440000000004,171231217.63,0.0,237611.78,2
3191854000190,2006-10-03,171653622.09,3.35445,171649669.3,429279.24,97956.34,2
3191854000190,2006-10-04,171790481.95,3.3571779999999998,171793983.59,210000.0,205279.47,2
3191854000190,2006-10-05,171817063.48,3.359984,171812390.5,176848.2,302030.32,2
3191854000190,2006-10-06,172464577.42,3.362657,172457268.43,728179.63,219985.24,2
3191854000190,2006-10-09,171928091.36,3.365039,171930174.72,0.0,649256.99,2
3191854000190,2006-10-10,171919922.68,3.367724,171927994.6,0.0,139365.01,2
3191854000190,2006-10-11,172007513.47,3.3696699999999997,172007241.79,9900.6,30000.0,2
3191854000190,2006-10-13,171730683.21,3.3722800000000004,171738387.28,0.0,402083.84,2
3191854000190,2006-10-16,170996320.06,3.37413,170995284.67,0.0,837316.61,2
3191854000190,2006-10-17,170985373.03,3.375494,170986798.21,0.0,77611.71,2
3191854000190,2006-10-18,171161730.68,3.378971,171161518.27,0.0,1408.56,2
3191854000190,2006-10-19,171176910.7,3.3821410000000003,171182573.84,100000.0,239520.54,2
3191854000190,2006-10-20,171941721.19,3.387368,171943544.48,496412.98,0.0,2
3191854000190,2006-10-23,172280858.59,3.3892830000000003,172283717.35,242967.05,0.0,2
3191854000190,2006-10-24,182549151.19,3.3911510000000002,182551513.42,10172842.06,0.0,2
3191854000190,2006-10-25,182976644.15,3.394545,182990340.35,256122.05,0.0,2
3191854000190,2006-10-26,183161606.25,3.397365,183166891.28,24532.68,0.0,2
3191854000190,2006-10-27,184030567.95,3.401293,184038942.64,668783.64,8508.03,2
3191854000190,2006-10-30,184497572.06,3.408058,184496199.81,91213.0,0.0,2
3191854000190,2006-10-31,187210500.0,3.411575,187209835.91,2523242.29,0.0,2
3191854000190,2006-11-01,197090053.64,3.414586,197073449.09,9698384.86,0.0,2
3191854000190,2006-11-03,197630414.01,3.417186,197613507.68,389999.11,0.0,2
3191854000190,2006-11-06,197607065.17,3.4193230000000003,197612867.36,0.0,124221.55,2
3191854000190,2006-11-07,200188803.09,3.4223230000000004,200181422.4,2395176.09,0.0,2
3191854000190,2006-11-08,200398110.77,3.4247410000000005,200412805.65,89947.54,0.0,2
3191854000190,2006-11-09,200621423.74,3.4264589999999995,200629973.02,116631.53,0.0,2
3191854000190,2006-11-10,203498400.5,3.4360730000000004,203488072.84,2295169.82,0.0,2
3191854000190,2006-11-13,204014033.17,3.442924,204004810.99,111014.29,0.0,2
3191854000190,2006-11-14,205971241.87,3.449698,205954533.95,1548340.71,0.0,2
3191854000190,2006-11-16,210034900.44,3.453039,210039446.7,3885447.72,0.0,2
3191854000190,2006-11-17,227500760.16,3.454825,227519931.7,17371847.23,0.0,2
3191854000190,2006-11-20,228353434.83,3.456988,228371545.55,709167.96,0.0,2
3191854000190,2006-11-21,229941426.21,3.460242,229923949.76,1337442.22,0.0,2
3191854000190,2006-11-22,236933395.59,3.465231,236928547.88,6673092.23,0.0,2
3191854000190,2006-11-23,237792006.36,3.467631,237791210.31,726873.88,28306.86,2
3191854000190,2006-11-24,246869288.25,3.4717830000000003,246864704.95,8788773.13,0.0,2
3191854000190,2006-11-27,252333101.39,3.4732800000000004,252335867.52,5364716.85,0.0,2
3191854000190,2006-11-28,257749445.35,3.475624,257751532.5,5245371.97,0.0,2
3191854000190,2006-11-29,263994958.56,3.477379,263996036.91,6114353.98,0.0,2
3191854000190,2006-11-30,264179352.15,3.480709,264189542.7,955165.78,1014467.29,2
3191854000190,2006-12-01,267080696.91,3.48274,267079297.76,2735599.98,0.0,2
3191854000190,2006-12-04,269088070.05,3.4843830000000002,269078222.8,1872929.04,0.0,2
3191854000190,2006-12-05,270213034.24,3.4874690000000004,270219907.1,903370.83,0.0,2
3191854000190,2006-12-06,276805173.23,3.4897449999999997,276802218.89,6405960.25,0.0,2
3191854000190,2006-12-07,279105632.15,3.493865,279110381.09,1981368.94,0.0,2
3191854000190,2006-12-08,280326449.1,3.4971379999999996,280325856.71,954009.22,0.0,2
3191854000190,2006-12-11,281931476.38,3.501156,281924011.97,1276077.81,0.0,2
3191854000190,2006-12-12,298294407.3,3.502786,298286004.42,16230739.76,0.0,2
3191854000190,2006-12-13,299738639.96,3.505889,299736739.33,1186493.39,0.0,2
3191854000190,2006-12-14,302312132.48,3.508632,302307628.29,2336375.58,0.0,2
3191854000190,2006-12-15,305160784.89,3.5121290000000003,305160135.91,2551202.22,0.0,2
3191854000190,2006-12-18,309121577.1,3.51536,309119259.33,4448110.8,769720.92,2
3191854000190,2006-12-19,310508189.55,3.5156620000000003,310503746.82,1357931.46,0.0,2
3191854000190,2006-12-20,312789760.57,3.5178910000000005,312787593.39,2086980.98,0.0,2
3191854000190,2006-12-21,314885149.03,3.519627,314878031.06,1936084.03,0.0,2
3191854000190,2006-12-22,315413313.63,3.524341,315406401.75,936713.25,830073.34,2
3191854000190,2006-12-26,303651751.89,3.527767,303653436.75,1114759.92,13174330.42,2
3191854000190,2006-12-27,305289024.38,3.531346,305288756.28,1327256.2,0.0,2
3191854000190,2006-12-28,313836807.63,3.5358129999999997,313836055.52,8161122.16,0.0,2
3191854000190,2006-12-29,308580758.02,3.537543,308579002.94,0.0,5410606.05,2
3191854000190,2007-01-02,310361971.45,3.5457970000000003,310369242.48,1435324.26,365079.1,2
3191854000190,2007-01-03,310334805.34,3.548339,310331947.89,1263506.94,1523306.83,2
3191854000190,2007-01-04,314345397.44,3.547654,314329424.09,4057385.18,0.0,2
3191854000190,2007-01-05,318334749.11,3.547244,318320895.25,4027798.0,0.0,2
3191854000190,2007-01-08,321065974.54,3.547757,321053537.18,2686606.57,0.0,2
3191854000190,2007-01-09,327092943.5,3.548366,327090074.17,5981425.66,0.0,2
3191854000190,2007-01-10,329089268.93,3.550624,329096412.82,1798195.13,0.0,2
3191854000190,2007-01-11,331618726.33,3.5528980000000003,331618597.56,2311414.67,0.0,2
3191854000190,2007-01-12,322636700.74,3.553706,322629833.26,585309.85,9649490.84,2
3191854000190,2007-01-15,323468162.55,3.554215,323461329.23,785285.45,0.0,2
3191854000190,2007-01-16,325581193.06,3.556585,325590326.14,1913308.39,0.0,2
3191854000190,2007-01-17,327691302.13,3.559584,327697160.65,1832288.73,0.0,2
3191854000190,2007-01-18,329629164.97,3.563386,329634796.05,1587621.29,0.0,2
3191854000190,2007-01-19,329976431.86,3.565356,329974898.98,626487.98,468621.98,2
3191854000190,2007-01-22,331306997.56,3.568614,331307942.07,1031514.09,0.0,2
3191854000190,2007-01-23,332141465.2,3.569625,332141693.42,739890.72,0.0,2
3191854000190,2007-01-24,333511204.12,3.572487,333507107.13,1099114.16,0.0,2
3191854000190,2007-01-25,336745933.9,3.574289,336741777.15,3420214.54,353769.01,2
3191854000190,2007-01-26,338539625.15,3.574707,338536914.58,1755756.71,0.0,2
3191854000190,2007-01-29,339407850.93,3.5767260000000003,339405876.61,677755.86,0.0,2
3191854000190,2007-01-30,341453831.94,3.578797,341457275.89,1854876.09,0.0,2
3191854000190,2007-01-31,344104683.11,3.580874,344107932.0,2452487.07,0.0,2
3191854000190,2007-02-01,345928151.43,3.58281,345927625.82,1633651.82,0.0,2
3191854000190,2007-02-02,346313284.33,3.583706,346310819.44,296682.99,0.0,2
3191854000190,2007-02-05,347585845.11,3.586632,347584412.02,990839.06,0.0,2
3191854000190,2007-02-06,352472504.07,3.5889019999999996,352477308.0,4672907.81,0.0,2
3191854000190,2007-02-07,351426285.06,3.5907440000000004,351427603.83,0.0,1230612.76,2
3191854000190,2007-02-08,351438653.29,3.592055,351437326.77,559343.65,677928.82,2
3191854000190,2007-02-09,353675751.6,3.5941110000000003,353674627.71,2036147.23,0.0,2
3191854000190,2007-02-12,356984177.68,3.596839,356981999.11,3038925.49,0.0,2
3191854000190,2007-02-13,359580931.63,3.59921,359581671.04,2364352.99,0.0,2
3191854000190,2007-02-14,362704317.91,3.6028510000000002,362706666.86,2761239.08,0.0,2
3191854000190,2007-02-15,365026033.08,3.6054690000000003,365026450.41,2056223.93,0.0,2
3191854000190,2007-02-16,367218537.3,3.6070230000000003,367237629.56,2053848.41,0.0,2
3191854000190,2007-02-21,361286166.76,3.610097,361175627.6,255307.22,6630278.76,2
3191854000190,2007-02-22,373054184.22,3.6122730000000014,372977963.77,11935993.67,351357.52,2
3191854000190,2007-02-23,376349550.29,3.6130089999999995,376449178.72,3395220.76,0.0,2
3191854000190,2007-02-26,377496058.75,3.615918,377449543.57,697268.26,0.0,2
3191854000190,2007-02-27,377683259.55,3.6137349999999997,377891192.88,673054.04,3531.1,2
3191854000190,2007-02-28,378088917.72,3.6152839999999995,378082289.1,291104.79,261988.75,2
3191854000190,2007-03-01,380646390.58,3.615325,380792148.32,2705571.48,0.0,2
3191854000190,2007-03-02,380661168.23,3.61502,380717159.67,224466.28,267330.12,2
3191854000190,2007-03-05,387399268.16,3.615604,387336574.52,7705929.73,1148019.06,2
3191854000190,2007-03-06,387443797.67,3.621429,387012867.48,82869.31,1030603.63,2
3191854000190,2007-03-07,386653773.11,3.623306,386486664.39,0.0,726793.28,2
3191854000190,2007-03-08,387807810.15,3.624621,387799999.95,1885070.06,712001.42,2
3191854000190,2007-03-09,377241052.82,3.627587,377138205.23,0.0,10979128.53,2
3191854000190,2007-03-12,387713846.46,3.630188,387542161.73,10497942.98,364396.66,2
3191854000190,2007-03-13,388490690.7,3.629639,388709047.45,1225494.43,0.0,2
3191854000190,2007-03-14,386939264.87,3.632921,386869816.63,0.0,2190710.15,2
3191854000190,2007-03-15,386533577.28,3.634609,386498356.11,491531.03,1042746.69,2
3191854000190,2007-03-16,387781724.17,3.636278,387840421.08,1411532.5,246946.26,2
3191854000190,2007-03-19,386969465.02,3.638704,386846791.04,0.0,1252383.87,2
3191854000190,2007-03-20,387734361.89,3.640682,387737670.05,757338.06,76749.01,2
3191854000190,2007-03-21,393332857.95,3.645974,393062496.19,5252500.0,491279.19,2
3191854000190,2007-03-22,393600849.06,3.647565,393459901.0,306456.61,80573.16,2
3191854000190,2007-03-23,397169662.56,3.649314,397248326.47,3599762.24,0.0,2
3191854000190,2007-03-26,397979931.62,3.651095,397977467.58,535269.26,0.0,2
3191854000190,2007-03-27,398035090.71,3.65257,398031299.13,0.0,106946.73,2
3191854000190,2007-03-28,396097595.17,3.653747,396181097.19,117866.89,2096329.98,2
3191854000190,2007-03-29,398102920.93,3.656242,398006914.01,1935577.05,380296.71,2
3191854000190,2007-03-30,401157193.25,3.658955,400995776.19,2693533.6,0.0,2
3191854000190,2007-04-02,405222402.25,3.661136,405144833.34,3965353.72,55318.86,2
3191854000190,2007-04-03,405938974.49,3.6645769999999995,405828767.37,487982.28,184832.62,2
3191854000190,2007-04-04,408321848.19,3.668056,408354395.42,2140350.76,0.0,2
3191854000190,2007-04-05,410943862.38,3.6712059999999997,410912164.58,2207088.48,0.0,2
3191854000190,2007-04-09,410476955.13,3.6748410000000002,410363124.05,199779.63,1155679.84,2
3191854000190,2007-04-10,416260035.02,3.677839,416192621.78,5494716.26,0.0,2
3191854000190,2007-04-11,416595385.57,3.6787660000000004,416691124.09,1013591.57,619990.68,2
3191854000190,2007-04-12,418629088.93,3.678839,418638754.32,1939361.57,0.0,2
3191854000190,2007-04-13,420890547.39,3.682618,420747179.67,1678388.62,0.0,2
3191854000190,2007-04-16,422319991.96,3.685653,422154598.54,1060663.46,0.0,2
3191854000190,2007-04-17,423406495.08,3.688935,423335920.33,805401.6,0.0,2
3191854000190,2007-04-18,425901479.56,3.692592,425803481.23,2047889.78,0.0,2
3191854000190,2007-04-19,429823194.8,3.7078879999999996,429264675.86,1697368.56,0.0,2
3191854000190,2007-04-20,436837924.2,3.713285,436671269.69,6781779.52,0.0,2
3191854000190,2007-04-23,437966183.51,3.714716,437921395.29,1198897.89,117053.63,2
3191854000190,2007-04-24,439206092.68,3.7153,439266564.55,1276322.51,0.0,2
3191854000190,2007-04-25,440295131.47,3.718817,440090008.78,407623.03,0.0,2
3191854000190,2007-04-26,444756171.31,3.719898,444885492.84,4667557.0,0.0,2
3191854000190,2007-04-27,450039420.55,3.7206040000000002,450067546.51,5097618.78,0.0,2
3191854000190,2007-04-30,452610276.72,3.7231080000000003,452550117.36,2179671.34,0.0,2
3191854000190,2007-05-02,456621280.55,3.72761,456381756.69,3284413.56,0.0,2
3191854000190,2007-05-03,461104966.48,3.730657,460984796.29,4229986.83,0.0,2
3191854000190,2007-05-04,478504892.85,3.733652,478474970.49,17120092.07,0.0,2
3191854000190,2007-05-07,487868709.08,3.73451,487852549.6,9267624.69,0.0,2
3191854000190,2007-05-08,496143491.46,3.735888,496194061.68,8161498.95,0.0,2
3191854000190,2007-05-09,498066541.35,3.738584,497936761.39,1384621.74,0.0,2
3191854000190,2007-05-10,501226605.41,3.739234,501331393.72,3308059.74,0.0,2
3191854000190,2007-05-11,505051673.81,3.742112,505029273.16,3312016.51,0.0,2
3191854000190,2007-05-14,509450240.79,3.744346,509422630.43,4091860.3,0.0,2
3191854000190,2007-05-15,516858976.48,3.748838,516663894.68,6630122.42,0.0,2
3191854000190,2007-05-16,519510687.01,3.756152,519206992.31,1962121.52,427037.5,2
3191854000190,2007-05-17,528195664.08,3.760674,528040521.66,8208460.39,0.0,2
3191854000190,2007-05-18,533164028.83,3.761084,533265163.45,5167073.22,0.0,2
3191854000190,2007-05-21,536978892.3,3.763776,536862775.72,3215927.14,0.0,2
3191854000190,2007-05-22,550453250.36,3.765352,550473162.75,13385587.32,0.0,2
3191854000190,2007-05-23,568901352.07,3.763036,569143878.54,19009301.89,0.0,2
3191854000190,2007-05-24,568954228.48,3.753118,569238358.37,1594536.95,0.0,2
3191854000190,2007-05-25,572362183.19,3.761399,572191888.62,1697544.47,0.0,2
3191854000190,2007-05-28,577423646.59,3.76505,577364487.52,4617201.13,0.0,2
3191854000190,2007-05-29,579358714.86,3.762172,579583470.14,2660319.38,0.0,2
3191854000190,2007-05-30,581883211.44,3.762453,581813426.4,2186666.65,0.0,2
3191854000190,2007-05-31,584860307.33,3.76665,584739241.33,3868310.8,1591506.22,2
3191854000190,2007-06-01,591050060.41,3.771871,590804872.91,5255117.3,0.0,2
3191854000190,2007-06-04,588346515.0,3.7675660000000004,588649688.11,657281.54,2138155.11,2
3191854000190,2007-06-05,588174233.13,3.7666480000000004,588286751.68,0.0,219506.84,2
3191854000190,2007-06-06,582645640.92,3.76669,582814833.42,187730.46,5666208.41,2
3191854000190,2007-06-08,587460139.44,3.772036,587258400.73,3616387.98,0.0,2
3191854000190,2007-06-11,588541022.32,3.7752519999999996,588408621.3,649529.95,0.0,2
3191854000190,2007-06-12,597600471.98,3.772411,597932835.03,9967010.37,0.0,2
3191854000190,2007-06-13,605031665.95,3.7751370000000004,605111778.32,6746868.17,0.0,2
3191854000190,2007-06-14,608109115.1,3.78177,607932683.2,1757709.97,0.0,2
3191854000190,2007-06-15,613732563.76,3.7878309999999997,613498813.66,4591803.62,0.0,2
3191854000190,2007-06-18,614424389.87,3.789362,614360369.63,613586.44,0.0,2
3191854000190,2007-06-19,618617142.93,3.793171,618669424.78,3691510.91,0.0,2
3191854000190,2007-06-20,622056035.01,3.793135,622236559.11,3573005.96,0.0,2
3191854000190,2007-06-21,623259245.76,3.7944910000000003,623326208.54,867207.36,0.0,2
3191854000190,2007-06-22,626855439.7,3.7915870000000003,627162338.29,4313173.78,0.0,2
3191854000190,2007-06-25,625398828.57,3.7803940000000003,625869333.7,558417.53,0.0,2
3191854000190,2007-06-26,627068688.47,3.783007,627038867.87,736934.66,0.0,2
3191854000190,2007-06-27,630252586.35,3.7882809999999996,630100918.19,2187877.21,0.0,2
3191854000190,2007-06-28,630814722.56,3.790631,630715304.02,502703.56,279190.84,2
3191854000190,2007-06-29,633371788.14,3.79227,633301915.75,2313901.88,0.0,2
3191854000190,2007-07-02,633827580.01,3.79663,633796983.67,0.0,233043.83,2
3191854000190,2007-07-03,634294736.22,3.798018,634337085.27,308393.42,0.0,2
3191854000190,2007-07-04,634145684.32,3.795179,634486348.5,710664.12,87237.0,2
3191854000190,2007-07-05,618196943.39,3.795196,618176050.41,0.0,16313140.18,2
3191854000190,2007-07-06,619709574.53,3.79883,619434692.51,666722.27,0.0,2
3191854000190,2007-07-09,630092332.96,3.800375,629816025.82,10417684.28,288277.65,2
3191854000190,2007-07-10,621919570.92,3.79871,622099799.72,0.0,7440294.46,2
3191854000190,2007-07-11,625356006.16,3.803756,625290460.42,2783282.96,418985.84,2
3191854000190,2007-07-12,619492556.79,3.808314,619317281.37,0.0,6722457.89,2
3191854000190,2007-07-13,618604641.01,3.81098,618504643.05,748103.52,1994293.24,2
3191854000190,2007-07-16,583263185.88,3.810647,583373166.25,0.0,35077432.42,2
3191854000190,2007-07-17,589592365.48,3.813944,589519666.64,6134276.91,492515.3,2
3191854000190,2007-07-18,592344733.31,3.815206,592386516.21,2856375.36,184592.58,2
3191854000190,2007-07-19,594505780.56,3.811358,594772032.5,2982994.72,0.0,2
3191854000190,2007-07-20,595022017.18,3.811231,595086279.7,416912.61,82846.74,2
3191854000190,2007-07-23,603637877.2,3.812383,603636084.7,8369931.52,0.0,2
3191854000190,2007-07-24,601998653.65,3.808148000000001,602218297.65,417863.55,1165099.19,2
3191854000190,2007-07-25,597379233.9,3.809937,597530844.31,0.0,4970364.75,2
3191854000190,2007-07-26,596425314.08,3.797635,597191936.31,2649053.15,1058579.0,2
3191854000190,2007-07-27,599655840.21,3.80493,599209600.53,3137892.88,2267393.98,2
3191854000190,2007-07-30,597200189.52,3.806532,597083113.31,0.0,2378774.06,2
3191854000190,2007-07-31,595656003.45,3.805587,595685882.88,278835.65,1527835.73,2
3191854000190,2007-08-01,600581724.62,3.7997690000000004,600858018.98,7719012.25,1636188.67,2
3191854000190,2007-08-02,597953330.12,3.803808,597868782.37,0.0,3627924.26,2
3191854000190,2007-08-03,595846848.39,3.7989029999999997,596185830.82,311221.21,1223222.6,2
3191854000190,2007-08-06,588110163.4,3.7991050000000004,588197812.56,0.0,8019719.39,2
3191854000190,2007-08-07,577866761.62,3.8058349999999996,577697558.03,0.0,11542229.23,2
3191854000190,2007-08-08,572488880.54,3.811579,572198822.71,0.0,6370631.96,2
3191854000190,2007-08-09,564989075.5,3.803196,565419309.82,0.0,5521046.84,2
3191854000190,2007-08-10,551464407.15,3.8057339999999997,551542163.7,0.0,14254469.35,2
3191854000190,2007-08-13,548480173.87,3.809068,548312979.32,0.0,3712360.97,2
3191854000190,2007-08-14,546724941.05,3.8048300000000004,547120633.68,0.0,582288.16,2
3191854000190,2007-08-15,533185343.4,3.7883269999999998,533623084.61,0.0,11124478.04,2
3191854000190,2007-08-16,521948974.74,3.7532349999999997,523533455.5,0.0,5146576.07,2
3191854000190,2007-08-17,512322304.45,3.778079,511432897.49,0.0,15566012.52,2
3191854000190,2007-08-20,506152033.11,3.7753120000000004,506444264.59,0.0,4614068.25,2
3191854000190,2007-08-21,489129992.67,3.773947,489173793.42,0.0,17087361.42,2
3191854000190,2007-08-22,484614747.39,3.785989,484374343.54,0.0,6360317.26,2
3191854000190,2007-08-23,480406362.56,3.8068809999999997,480301415.41,0.0,6745822.53,2
3191854000190,2007-08-24,480534042.06,3.8163339999999994,480198379.53,0.0,1295689.2,2
3191854000190,2007-08-27,480805651.81,3.8165730000000004,480728351.24,1248608.97,748709.94,2
3191854000190,2007-08-28,478539659.75,3.80726,478839174.13,133722.77,849851.93,2
3191854000190,2007-08-29,479829547.37,3.8215120000000002,479593765.68,0.0,1037882.8,2
3191854000190,2007-08-30,482388718.81,3.8225580000000003,482430096.68,3778646.18,1073586.54,2
3191854000190,2007-08-31,484261672.18,3.828754,484024919.45,1041055.49,228205.65,2
3191854000190,2007-09-03,467401822.55,3.834746,467227928.2,0.0,17554490.25,2
3191854000190,2007-09-04,463329168.91,3.837684,463249041.41,0.0,4336854.6,2
3191854000190,2007-09-05,464469208.73,3.832268,464850256.47,2547841.13,292857.6,2
3191854000190,2007-09-06,465138862.01,3.83744,465048502.04,425929.4,855042.23,2
3191854000190,2007-09-10,462705370.69,3.833545,462937877.03,0.0,1638600.97,2
3191854000190,2007-09-11,462552320.45,3.836873,462452031.81,0.0,887733.61,2
3191854000190,2007-09-12,463411203.23,3.840733,463144678.65,565450.61,338043.26,2
3191854000190,2007-09-13,462618239.32,3.841309,462636082.65,0.0,578054.44,2
3191854000190,2007-09-14,463827074.13,3.847841,463650189.14,637807.4,410395.99,2
3191854000190,2007-09-17,464542402.65,3.847146,464672384.72,1318928.87,212988.43,2
3191854000190,2007-09-18,469524719.47,3.858304,469000094.8,3934720.11,954714.14,2
3191854000190,2007-09-19,486472457.13,3.864517,486294191.61,16538869.23,0.0,2
3191854000190,2007-09-20,489120767.31,3.866069,489091672.02,3012872.63,410689.22,2
3191854000190,2007-09-21,490674371.76,3.869834,490531979.29,1665525.98,701524.27,2
3191854000190,2007-09-24,487767255.75,3.867134,487866074.16,0.0,2323658.83,2
3191854000190,2007-09-25,490854600.04,3.871794,490714590.85,2857689.16,597064.15,2
3191854000190,2007-09-26,496924238.68,3.872438,496975222.23,6292693.74,113683.49,2
3191854000190,2007-09-27,497460473.26,3.873592,497413576.41,603566.71,313312.87,2
3191854000190,2007-09-28,501020261.34,3.876503,500899671.69,3479832.7,367543.16,2
3191854000190,2007-10-01,503752314.83,3.881905,503584420.07,1986732.65,0.0,2
3191854000190,2007-10-02,504413090.07,3.882857,504407726.04,835580.1,135773.38,2
3191854000190,2007-10-03,503703530.55,3.883202,503791919.22,30231.15,690855.65,2
3191854000190,2007-10-04,504599813.03,3.883831,504684854.16,4225857.94,3414527.08,2
3191854000190,2007-10-05,503980107.8,3.8877029999999997,503900856.73,0.0,1287144.91,2
3191854000190,2007-10-08,503623137.57,3.88942,503674405.12,0.0,448998.89,2
3191854000190,2007-10-09,506965503.99,3.894992,506731709.02,2397957.96,62220.2,2
3191854000190,2007-10-10,507016078.67,3.893904,507084271.16,494109.04,0.0,2
3191854000190,2007-10-11,518249268.62,3.894569,518288973.04,11377637.9,259535.75,2
3191854000190,2007-10-15,519061965.42,3.8978010000000003,519005404.03,302765.47,16448.81,2
3191854000190,2007-10-16,519201826.0,3.8961449999999997,519261006.29,476104.26,0.0,2
3191854000190,2007-10-17,521834994.01,3.8964300000000014,521899972.8,2748688.68,147705.71,2
3191854000190,2007-10-18,535816364.93,3.894105,535932392.41,14343837.35,0.0,2
3191854000190,2007-10-19,536388076.9,3.889879,536577890.34,1468100.43,240992.53,2
3191854000190,2007-10-22,533383668.52,3.8758660000000003,533894129.23,0.0,750779.14,2
3191854000190,2007-10-23,535448909.64,3.885444,535226235.63,489501.94,476749.19,2
3191854000190,2007-10-24,526467823.99,3.8805339999999995,526658999.89,0.0,7890875.24,2
3191854000190,2007-10-25,526261621.74,3.88102,526273241.85,0.0,451717.07,2
3191854000190,2007-10-26,525133629.37,3.885792,524957336.3,0.0,1962997.27,2
3191854000190,2007-10-29,524386195.2,3.8907769999999995,524175441.09,0.0,1455351.82,2
3191854000190,2007-10-30,523518112.99,3.892294,523551812.32,0.0,828002.89,2
3191854000190,2007-10-31,521222192.82,3.8932580000000003,521246832.06,0.0,2434647.74,2
3191854000190,2007-11-01,520276888.88,3.891259,520393168.66,0.0,586028.31,2
3191854000190,2007-11-05,518581391.59,3.8892,518712969.66,0.0,1404840.94,2
3191854000190,2007-11-06,519917821.67,3.894691,519803338.78,1090963.01,732943.19,2
3191854000190,2007-11-07,517741045.75,3.892237,518081114.41,0.0,1394702.26,2
3191854000190,2007-11-08,516507627.12,3.887455,516793941.45,167636.7,818295.52,2
3191854000190,2007-11-09,516571437.2,3.891472,516168361.64,0.0,1159595.31,2
3191854000190,2007-11-12,509438651.41,3.892877,509983190.18,0.0,6371531.93,2
3191854000190,2007-11-13,510128161.89,3.895281,510338053.79,535890.98,495961.44,2
3191854000190,2007-11-14,515407697.26,3.898004,514885719.73,5174000.0,983086.37,2
3191854000190,2007-11-16,509439182.17,3.89951,509531904.61,0.0,5552742.03,2
3191854000190,2007-11-19,506741999.89,3.900753,506797091.33,0.0,2897230.65,2
3191854000190,2007-11-20,506657739.4,3.902401,506718978.28,42984.3,335210.27,2
3191854000190,2007-11-21,496545807.84,3.904335,496541703.09,0.0,10428401.22,2
3191854000190,2007-11-22,493319373.94,3.905383,493191819.54,0.0,3483165.07,2
3191854000190,2007-11-23,492209273.38,3.907059,492194409.15,0.0,1209064.27,2
3191854000190,2007-11-26,487416690.73,3.908697,487448475.2,0.0,4952282.11,2
3191854000190,2007-11-27,485900895.9,3.910357,486204990.6,0.0,1450501.02,2
3191854000190,2007-11-28,485372423.74,3.912733,485380966.48,0.0,1119450.61,2
3191854000190,2007-11-29,483719959.2,3.915883,484305188.29,0.0,1466540.87,2
3191854000190,2007-11-30,482469944.0,3.918339,482350505.68,0.0,2258433.65,2
3191854000190,2007-12-03,480223044.4,3.9195870000000004,480244876.7,0.0,2259258.72,2
3191854000190,2007-12-04,479023937.09,3.921239,479141770.4,34252.99,1339769.53,2
3191854000190,2007-12-05,475446077.23,3.9229760000000002,475696885.32,0.0,3657131.57,2
3191854000190,2007-12-06,473860088.87,3.9247120000000004,473916124.79,0.0,1991266.48,2
3191854000190,2007-12-07,472765871.05,3.9263160000000004,472639542.97,0.0,1470267.74,2
3191854000190,2007-12-10,472780790.7,3.928382,473075685.41,470037.81,282594.99,2
3191854000190,2007-12-11,483428316.19,3.9297370000000003,483211093.4,10347852.57,375620.55,2
3191854000190,2007-12-12,482940351.07,3.9313550000000004,483059672.6,103995.34,454369.8,2
3191854000190,2007-12-13,482241902.78,3.9326800000000004,482670429.41,0.0,552050.68,2
3191854000190,2007-12-14,482205146.25,3.934772,482109928.93,0.0,817258.35,2
3191854000190,2007-12-17,470874263.99,3.936205,470799088.93,0.0,11486419.05,2
3191854000190,2007-12-18,469974793.73,3.9381440000000003,469842132.71,0.0,1188874.89,2
3191854000190,2007-12-19,468935869.0,3.940082,468798041.28,0.0,1275305.43,2
3191854000190,2007-12-20,466285510.15,3.941902,466729132.98,0.0,2285455.16,2
3191854000190,2007-12-21,452254428.74,3.943457,452273441.64,0.0,14639806.47,2
3191854000190,2007-12-24,454119690.1,3.9452260000000003,454137195.0,2379521.35,718653.87,2
3191854000190,2007-12-26,453545771.97,3.947304,453716100.49,0.0,660294.26,2
3191854000190,2007-12-27,452188481.83,3.948089,452287491.73,0.0,1518839.24,2
3191854000190,2007-12-28,452666100.03,3.9503839999999997,452558122.75,143203.6,135484.53,2
3191854000190,2007-12-31,444726433.34,3.9521620000000004,444612370.72,0.0,8149440.67,2
3191854000190,2008-01-02,446899501.61,3.954415,446781968.0,1916138.12,0.0,2
3191854000190,2008-01-03,449133157.17,3.956564,448934047.96,2202286.15,293006.82,2
3191854000190,2008-01-04,449998972.77,3.958204,450127344.77,1007213.17,0.0,2
3191854000190,2008-01-07,451487108.09,3.960083,451467212.44,1126187.6,0.0,2
3191854000190,2008-01-08,450697805.0,3.962017,450578260.86,0.0,1109436.24,2
3191854000190,2008-01-09,451286822.37,3.963638,451349836.87,1183645.51,596416.86,2
3191854000190,2008-01-10,451240170.97,3.965164,451351493.69,181386.78,353499.58,2
3191854000190,2008-01-11,452728667.52,3.967053,452584008.02,1161775.34,144284.39,2
3191854000190,2008-01-14,452557613.6,3.968843,452596315.98,349598.7,541504.14,2
3191854000190,2008-01-15,452983574.62,3.970657,452939833.28,579671.53,443017.97,2
3191854000190,2008-01-16,484362094.49,3.97216,484439851.98,31365130.03,36561.19,2
3191854000190,2008-01-17,484159554.34,3.973758,484207120.35,0.0,427621.78,2
3191854000190,2008-01-18,486398270.14,3.975766,486330678.59,2158964.18,280083.12,2
3191854000190,2008-01-21,486190713.19,3.976875,486612638.1,510083.26,363780.81,2
3191854000190,2008-01-22,488301044.62,3.978784,488146293.86,1599195.35,299125.9,2
3191854000190,2008-01-23,490138641.85,3.980195,490227665.5,2277136.27,368876.41,2
3191854000190,2008-01-24,490593682.28,3.982258,490215120.66,38901.03,305538.87,2
3191854000190,2008-01-25,490450307.77,3.984006,490071629.99,0.0,358669.1,2
3191854000190,2008-01-28,490457036.88,3.985624,490261680.92,244217.45,253196.32,2
3191854000190,2008-01-29,490108482.53,3.987078,490154121.4,114741.33,401153.76,2
3191854000190,2008-01-30,489390930.15,3.988488,489386503.64,0.0,940957.06,2
3191854000190,2008-01-31,489863699.19,3.989478,489921873.12,560833.29,146936.57,2
3191854000190,2008-02-01,490561612.76,3.990789,490503505.05,540026.94,119390.4,2
3191854000190,2008-02-06,490951145.35,3.99241,491008643.89,563260.66,257357.16,2
3191854000190,2008-02-07,491760572.73,3.994305,491647184.77,741218.97,335735.66,2
3191854000190,2008-02-08,492929528.73,3.995971,492771165.05,1319488.4,400571.13,2
3191854000190,2008-02-11,493509651.23,3.998338,493370267.87,1755000.0,1447788.52,2
3191854000190,2008-02-12,492193790.81,4.000234,492087797.04,0.0,1516425.54,2
3191854000190,2008-02-13,491618645.99,4.00216,491472672.1,0.0,852051.35,2
3191854000190,2008-02-14,463294817.96,4.003412,463323099.22,0.0,28303320.8,2
3191854000190,2008-02-15,466849951.78,4.004746,467006416.81,4295183.98,766252.95,2
3191854000190,2008-02-18,467757824.85,4.007646,467544297.07,586343.05,386641.19,2
3191854000190,2008-02-19,467529180.65,4.0086129999999995,467577123.89,255675.36,335661.74,2
3191854000190,2008-02-20,468681745.62,4.010815,468628097.69,1120049.2,325923.55,2
3191854000190,2008-02-21,469756143.67,4.01473,469725234.56,917398.2,277694.29,2
3191854000190,2008-02-22,471586247.33,4.0166699999999995,471569408.71,1822466.3,205273.03,2
3191854000190,2008-02-25,471560485.57,4.017858,471704130.4,383971.5,388724.67,2
3191854000190,2008-02-26,472187582.56,4.02078,472120831.47,418585.11,344932.36,2
3191854000190,2008-02-27,472950884.59,4.0222120000000015,472918689.11,895379.25,265667.36,2
3191854000190,2008-02-28,471064503.37,4.023937,471115901.07,0.0,2005607.96,2
3191854000190,2008-02-29,472564809.19,4.025195,472608147.55,2239267.64,894305.72,2
3191854000190,2008-03-03,473078227.64,4.027428,472978113.73,281104.95,173320.85,2
3191854000190,2008-03-04,472659493.41,4.028371,472700036.48,91844.34,480666.8,2
3191854000190,2008-03-05,474612771.77,4.0305019999999985,474559039.21,1639696.73,30751.35,2
3191854000190,2008-03-06,472854262.19,4.029372,473175441.55,531305.75,1781855.04,2
3191854000190,2008-03-07,472804892.33,4.027821,473064403.71,405650.0,334551.49,2
3191854000190,2008-03-10,472806045.97,4.027459,473072426.54,332977.64,282438.2,2
3191854000190,2008-03-11,474683709.58,4.032286,474438437.62,1065148.8,266125.64,2
3191854000190,2008-03-12,474027864.54,4.031493,474063128.87,74387.42,356391.86,2
3191854000190,2008-03-13,472600676.3,4.029319,472861539.5,0.0,945948.78,2
3191854000190,2008-03-14,470716155.24,4.0290550000000005,470904659.7,0.0,1925898.02,2
3191854000190,2008-03-17,470164525.03,4.030042,470225439.92,0.0,794577.57,2
3191854000190,2008-03-18,470634829.87,4.033930000000002,470389873.47,0.0,289218.42,2
3191854000190,2008-03-19,469634873.31,4.033318,469805942.88,0.0,512566.29,2
3191854000190,2008-03-20,466608872.18,4.034646,466596477.53,0.0,3364152.45,2
3191854000190,2008-03-24,466452934.36,4.035467,466552313.74,324986.79,464097.13,2
3191854000190,2008-03-25,466357711.45,4.037072,466411635.26,0.0,326237.29,2
3191854000190,2008-03-26,461866728.04,4.038384,461899956.86,0.0,4663256.58,2
3191854000190,2008-03-27,462406296.33,4.040229,462385642.66,274659.45,0.0,2
3191854000190,2008-03-28,463159744.75,4.0432,463056365.51,982678.64,651973.09,2
3191854000190,2008-03-31,462821965.65,4.0439440000000015,462889023.66,0.0,252550.08,2
3191854000190,2008-04-01,462207613.6,4.046886,462128844.2,0.0,1096934.74,2
3191854000190,2008-04-02,462226241.4,4.049648,462150145.82,0.0,294101.35,2
3191854000190,2008-04-03,462900665.3,4.053207,462783679.08,688285.43,460909.04,2
3191854000190,2008-04-04,463677317.71,4.055347,463616027.25,980500.0,392490.96,2
3191854000190,2008-04-07,462962461.35,4.055411,463074832.86,0.0,548511.01,2
3191854000190,2008-04-08,462858776.46,4.058123999999999,462823987.11,26172.61,586807.43,2
3191854000190,2008-04-09,459095993.53,4.061763,459247103.22,0.0,3991907.3,2
3191854000190,2008-04-10,458818129.14,4.0629919999999995,458782481.66,0.0,603579.61,2
3191854000190,2008-04-11,459012965.04,4.0641419999999995,459004467.67,348453.64,256322.64,2
3191854000190,2008-04-14,458753990.5,4.0649760000000015,458753957.36,270244.08,614946.4,2
3191854000190,2008-04-15,453988042.73,4.066138,454042466.81,0.0,4842628.37,2
3191854000190,2008-04-16,454032607.55,4.0672510000000015,454132974.52,114813.31,148587.97,2
3191854000190,2008-04-17,453025156.66,4.069971,452955880.14,0.0,1480798.69,2
3191854000190,2008-04-18,451650888.51,4.070467,451934827.92,0.0,1076253.13,2
3191854000190,2008-04-22,450407772.95,4.068942,450753426.35,0.0,1012084.24,2
3191854000190,2008-04-23,451163468.62,4.074902,450932789.94,0.0,480879.39,2
3191854000190,2008-04-24,451029482.56,4.0770919999999995,451158533.55,200000.0,216604.01,2
3191854000190,2008-04-25,450410943.9,4.080552,450414431.33,0.0,1126975.24,2
3191854000190,2008-04-28,449484117.86,4.080754,449713352.08,0.0,723376.16,2
3191854000190,2008-04-29,446816114.81,4.082336,446800808.28,0.0,3086885.72,2
3191854000190,2008-04-30,447691991.42,4.0882879999999995,447442287.75,323871.83,333822.91,2
3191854000190,2008-05-02,447983759.07,4.092078,447808586.98,27533.04,76030.0,2
3191854000190,2008-05-05,447253407.02,4.092734,447420460.98,0.0,459914.08,2
3191854000190,2008-05-06,436616537.4,4.091248,436945775.36,0.0,10312235.09,2
3191854000190,2008-05-07,435802581.3,4.089772,436025827.02,0.0,762311.36,2
3191854000190,2008-05-08,435467089.46,4.09421,435633152.05,0.0,865826.67,2
3191854000190,2008-05-09,435166243.32,4.093743,435365582.91,0.0,217879.29,2
3191854000190,2008-05-12,435795059.99,4.097799,435631996.94,188591.65,353529.27,2
3191854000190,2008-05-13,436160126.38,4.100759,436092016.47,556100.01,410754.46,2
3191854000190,2008-05-14,435267113.39,4.100784,435578654.74,0.0,516020.33,2
3191854000190,2008-05-15,435426443.36,4.102733,435311323.98,0.0,474350.39,2
3191854000190,2008-05-16,437297816.56,4.105788,437048232.87,1546713.76,133948.82,2
3191854000190,2008-05-19,436837170.09,4.106721,436954225.92,181607.2,374929.07,2
3191854000190,2008-05-20,436984909.13,4.110473000000002,436992969.08,123605.47,484074.3,2
3191854000190,2008-05-21,436391101.87,4.110625,436501802.3,0.0,507326.21,2
3191854000190,2008-05-23,434888535.75,4.111873,434933026.07,0.0,1701299.69,2
3191854000190,2008-05-26,434940022.79,4.11305,435023989.43,284544.14,318077.86,2
3191854000190,2008-05-27,434021573.62,4.112739,434104134.09,0.0,886961.87,2
3191854000190,2008-05-28,434234195.47,4.114653,434079038.55,175295.33,402415.68,2
3191854000190,2008-05-29,434101657.35,4.1173199999999985,433808722.59,0.0,551673.54,2
3191854000190,2008-05-30,431967452.35,4.119685,431857197.47,0.0,2200706.04,2
3191854000190,2008-06-02,431693553.13,4.1202760000000005,431821474.75,87099.93,184775.84,2
3191854000190,2008-06-03,435072889.12,4.1229629999999995,434906621.58,3412568.31,609029.87,2
3191854000190,2008-06-04,435660013.73,4.12474,435711488.7,768110.98,150688.92,2
3191854000190,2008-06-05,435095505.98,4.1259440000000005,435301694.57,164500.0,701477.09,2
3191854000190,2008-06-06,434116279.75,4.126823,434404831.95,0.0,989600.23,2
3191854000190,2008-06-09,433811538.19,4.124406,434044925.24,0.0,105484.24,2
3191854000190,2008-06-10,432116313.17,4.127422,432137679.4,0.0,2224644.15,2
3191854000190,2008-06-11,428000921.05,4.131609,428056604.18,0.0,4519450.66,2
3191854000190,2008-06-12,427768772.22,4.134711,427669647.73,17754.72,726094.82,2
3191854000190,2008-06-13,441277362.64,4.136528,441364281.18,13766646.32,259952.43,2
3191854000190,2008-06-16,441147910.93,4.139899,441226471.19,0.0,497493.03,2
3191854000190,2008-06-17,440403771.94,4.142462999999999,440296108.06,0.0,1203631.79,2
3191854000190,2008-06-18,427075079.54,4.143783999999999,426945960.43,0.0,13490554.71,2
3191854000190,2008-06-19,424778971.79,4.145492,424676594.45,0.0,2445346.12,2
3191854000190,2008-06-20,423562463.57,4.145459,423774300.19,294371.28,1193284.92,2
3191854000190,2008-06-23,424024985.49,4.147643,423961608.33,383816.17,419769.93,2
3191854000190,2008-06-24,418550856.43,4.150583999999999,418430573.56,0.0,5831656.37,2
3191854000190,2008-06-25,418323937.21,4.155933999999999,418361077.72,0.0,608842.48,2
3191854000190,2008-06-26,416778741.51,4.155717,416994809.82,0.0,1344423.39,2
3191854000190,2008-06-27,417272517.47,4.158049,417367237.63,178188.2,39758.97,2
3191854000190,2008-06-30,417766863.28,4.159998000000001,417862421.12,460749.71,161198.54,2
3191854000190,2008-07-01,417995400.45,4.161093,418072822.81,374146.8,273735.39,2
3191854000190,2008-07-02,418239414.57,4.161682,418406685.92,375365.13,100679.95,2
3191854000190,2008-07-03,418296906.6,4.1642769999999985,418331570.81,596115.92,932126.83,2
3191854000190,2008-07-04,420180373.33,4.166387,420276533.6,1832000.0,99001.88,2
3191854000190,2008-07-07,421558293.44,4.172665,421397371.83,704090.67,216534.01,2
3191854000190,2008-07-08,421331235.12,4.176007,421086954.7,0.0,647925.65,2
3191854000190,2008-07-09,421035082.18,4.178266000000002,420786380.38,0.0,528360.2,2
3191854000190,2008-07-10,420309666.03,4.17823,420234909.24,0.0,547845.64,2
3191854000190,2008-07-11,419683541.28,4.17646,419630121.31,0.0,426766.18,2
3191854000190,2008-07-14,419647850.99,4.178661,419647572.13,0.0,203694.8,2
3191854000190,2008-07-15,420123313.72,4.183033,419990167.55,0.0,96468.48,2
3191854000190,2008-07-16,419511188.43,4.184035,419470803.99,0.0,619967.63,2
3191854000190,2008-07-17,417892350.05,4.183103,417810752.08,0.0,1566614.16,2
3191854000190,2008-07-18,414575232.46,4.184672,414555650.2,0.0,3411814.5,2
3191854000190,2008-07-21,398716312.39,4.184915,398837151.25,0.0,15742571.81,2
3191854000190,2008-07-22,399189202.64,4.187988,399041084.52,91984.91,180919.37,2
3191854000190,2008-07-23,399392607.23,4.188725,399343687.41,362661.1,130281.26,2
3191854000190,2008-07-24,399089078.6,4.18812,399029139.46,69273.14,326141.74,2
3191854000190,2008-07-25,398583050.41,4.192191,398495809.25,0.0,921200.57,2
3191854000190,2008-07-28,398229433.19,4.195201,398294220.96,0.0,487708.93,2
3191854000190,2008-07-29,395098743.23,4.1967349999999985,395153320.78,0.0,3286538.8,2
3191854000190,2008-07-30,395347193.3,4.198872,395263344.35,53681.29,144871.92,2
3191854000190,2008-07-31,395385505.58,4.1988330000000005,395405974.3,317445.48,171144.24,2
3191854000190,2008-08-01,395693452.02,4.2007129999999995,395549399.94,305512.28,339127.08,2
3191854000190,2008-08-04,395470326.12,4.202675,395488192.51,0.0,245954.14,2
3191854000190,2008-08-05,393291710.25,4.204411,393159712.27,11055.19,2502899.83,2
3191854000190,2008-08-06,392937410.11,4.206414,392874918.55,0.0,472096.74,2
3191854000190,2008-08-07,391980683.07,4.2081290000000005,391992203.74,0.0,1042894.12,2
3191854000190,2008-08-08,392880675.92,4.210922,392798135.21,908296.72,362536.5,2
3191854000190,2008-08-11,394512637.5,4.212268,394597706.3,1859270.62,185255.48,2
3191854000190,2008-08-12,394129650.41,4.213197,394206916.65,0.0,477816.7,2
3191854000190,2008-08-13,393911614.76,4.214785,393916550.54,0.0,438947.0,2
3191854000190,2008-08-14,393016294.95,4.216808,392989125.22,0.0,1116496.21,2
3191854000190,2008-08-15,393592026.99,4.220199,393495106.45,340410.83,150456.82,2
3191854000190,2008-08-18,391478042.99,4.2219370000000005,391481475.49,0.0,2175683.62,2
3191854000190,2008-08-19,387810962.14,4.223775,387726644.77,0.0,3925260.3,2
3191854000190,2008-08-20,371825209.53,4.225089,371830055.65,0.0,16017209.37,2
3191854000190,2008-08-21,371621794.44,4.228034,371663426.97,195619.32,621423.49,2
3191854000190,2008-08-22,370753674.6,4.229029,370784207.24,0.0,966684.75,2
3191854000190,2008-08-25,370888513.35,4.2304699999999995,370918952.22,27647.07,19243.16,2
3191854000190,2008-08-26,370047887.88,4.233348,369990507.32,0.0,1180782.05,2
3191854000190,2008-08-27,369946922.76,4.235855,369946767.77,39126.98,301975.89,2
3191854000190,2008-08-28,368405439.68,4.23769,368390019.33,0.0,1717011.79,2
3191854000190,2008-08-29,368545460.73,4.240133,368492629.75,67855.69,177619.66,2
3191854000190,2008-09-01,367615638.61,4.242662,367571676.89,0.0,1140737.91,2
3191854000190,2008-09-02,367998379.41,4.244519,367993877.18,416840.68,155525.38,2
3191854000190,2008-09-03,368538543.85,4.246387,368558594.05,645102.0,242338.12,2
3191854000190,2008-09-04,367589072.18,4.246203,367765809.16,0.0,776814.89,2
3191854000190,2008-09-05,367919445.33,4.249766,367820117.83,0.0,254284.58,2
3191854000190,2008-09-08,367910274.66,4.252162,367912461.24,0.0,115032.0,2
3191854000190,2008-09-09,366843122.72,4.253768,366876229.34,0.0,1175188.84,2
3191854000190,2008-09-10,365497047.99,4.25813,365418582.21,0.0,1833858.07,2
3191854000190,2008-09-11,363583069.55,4.261494,363543065.73,0.0,2164203.8,2
3191854000190,2008-09-12,363250272.17,4.263533,363244348.57,0.0,472661.85,2
3191854000190,2008-09-15,363402948.78,4.265043,363385904.17,172986.88,160080.21,2
3191854000190,2008-09-16,364115808.46,4.26695,364110340.2,776861.19,214903.46,2
3191854000190,2008-09-17,364125831.88,4.262861,364219448.08,458033.26,0.0,2
3191854000190,2008-09-18,363058364.9,4.2553790000000005,363246306.27,0.0,333878.67,2
3191854000190,2008-09-19,364769982.86,4.264925,364558305.0,763559.49,266423.37,2
3191854000190,2008-09-22,365071475.22,4.268144,365041182.35,228055.51,20332.63,2
3191854000190,2008-09-23,366201812.16,4.268306,366227470.38,1185349.92,12917.25,2
3191854000190,2008-09-24,365001559.7,4.268109,364975366.84,0.0,1235200.62,2
3191854000190,2008-09-25,366232441.91,4.272597,366167611.28,1099605.01,291139.3,2
3191854000190,2008-09-26,364252704.34,4.275081,364200914.09,0.0,2179579.5,2
3191854000190,2008-09-29,361182655.11,4.275454,361195136.62,0.0,3037553.93,2
3191854000190,2008-09-30,361404527.8,4.279877,361250328.66,0.0,318467.95,2
3191854000190,2008-10-01,361380185.52,4.284304,361298266.38,0.0,325730.77,2
3191854000190,2008-10-02,360477831.03,4.283282,360603138.87,0.0,608941.55,2
3191854000190,2008-10-03,359958444.85,4.285983,359927047.12,0.0,903484.92,2
3191854000190,2008-10-06,358664755.69,4.281546,358800124.38,0.0,754313.62,2
3191854000190,2008-10-07,358012064.06,4.282822,358022130.57,0.0,884924.57,2
3191854000190,2008-10-08,355746233.38,4.2866029999999995,355770777.38,0.0,2567425.54,2
3191854000190,2008-10-09,355839186.08,4.294869,355748074.33,0.0,708747.74,2
3191854000190,2008-10-10,355007945.23,4.291646,355120296.49,65366.72,426180.41,2
3191854000190,2008-10-13,355623525.81,4.300073,355445743.56,0.0,371860.85,2
3191854000190,2008-10-14,355533445.22,4.29955,355563909.92,248640.92,87243.17,2
3191854000190,2008-10-15,354384544.87,4.3011610000000005,354407920.93,0.0,1289215.36,2
3191854000190,2008-10-16,354996456.17,4.303458999999998,355014572.41,584351.64,167051.23,2
3191854000190,2008-10-17,354737941.7,4.3071779999999995,354726469.11,0.0,594902.82,2
3191854000190,2008-10-20,354670263.9,4.310935,354649292.1,0.0,386592.44,2
3191854000190,2008-10-21,354641407.23,4.313364,354652172.94,0.0,196946.6,2
3191854000190,2008-10-22,352699419.98,4.3020309999999995,353405209.51,0.0,315144.76,2
3191854000190,2008-10-23,353400549.9,4.302484,353161445.69,0.0,280977.07,2
3191854000190,2008-10-24,351214718.97,4.288817,351716759.87,0.0,322855.38,2
3191854000190,2008-10-27,352408455.91,4.294505,352249544.6,87782.0,21458.05,2
3191854000190,2008-10-28,353207492.76,4.30485,352926144.0,0.0,171931.81,2
3191854000190,2008-10-29,351674272.74,4.312396,351461160.04,0.0,2083630.53,2
3191854000190,2008-10-30,350657248.48,4.313276999999999,350732304.47,0.0,800657.24,2
3191854000190,2008-10-31,350199441.38,4.31451,350211580.77,0.0,620984.57,2
3191854000190,2008-11-03,349149171.84,4.319813,349131075.38,0.0,1510953.35,2
3191854000190,2008-11-04,349824934.18,4.329064,349685248.38,0.0,193500.93,2
3191854000190,2008-11-05,348947453.03,4.328871,348993994.28,0.0,675664.29,2
3191854000190,2008-11-06,349015241.53,4.3293050000000015,349046615.68,177401.62,159769.35,2
3191854000190,2008-11-07,348688751.58,4.336773,348590778.2,0.0,1057938.76,2
3191854000190,2008-11-10,348015247.85,4.3392,348001654.82,0.0,784206.18,2
3191854000190,2008-11-11,345797475.92,4.341747,345791895.11,0.0,2414027.82,2
3191854000190,2008-11-12,346096265.66,4.343738,346098889.84,369660.8,221236.27,2
3191854000190,2008-11-13,345526849.67,4.341973,345655753.15,0.0,302505.61,2
3191854000190,2008-11-14,345709110.28,4.348315,345556368.25,0.0,604258.78,2
3191854000190,2008-11-17,346012178.06,4.349469999999998,345993501.35,380000.0,34653.63,2
3191854000190,2008-11-18,345364935.82,4.349207,345249072.35,0.0,723507.76,2
3191854000190,2008-11-19,344522774.56,4.351611,344543929.31,0.0,895977.54,2
3191854000190,2008-11-20,344226046.59,4.354030000000002,344240114.79,0.0,495341.69,2
3191854000190,2008-11-21,343324197.49,4.3564120000000015,343273778.43,0.0,1154663.02,2
3191854000190,2008-11-24,343791502.95,4.360176,343731205.5,226247.55,65413.76,2
3191854000190,2008-11-25,343866963.54,4.363039,343858928.2,0.0,97979.75,2
3191854000190,2008-11-26,344084437.9,4.3665379999999985,344078526.48,0.0,56164.18,2
3191854000190,2008-11-27,343789396.75,4.367997,343799147.03,0.0,394347.08,2
3191854000190,2008-11-28,342761902.78,4.373563,342726208.02,0.0,1511031.36,2
3191854000190,2008-12-01,340452280.0,4.381715,340381783.02,0.0,2983241.45,2
3191854000190,2008-12-02,336077837.0,4.390781,336027660.2,0.0,5058390.72,2
3191854000190,2008-12-03,336173101.86,4.394701,336108458.1,0.0,219200.76,2
3191854000190,2008-12-04,335921521.49,4.396872,335910849.88,0.0,363647.15,2
3191854000190,2008-12-05,337093181.31,4.403956,336976872.17,614386.47,89565.39,2
3191854000190,2008-12-08,337444966.58,4.408501,337373696.34,180963.02,131907.97,2
3191854000190,2008-12-09,333919163.39,4.4093480000000005,333939065.17,1728995.22,5228445.59,2
3191854000190,2008-12-10,339720740.83,4.417008,339633889.49,5184128.78,69429.51,2
3191854000190,2008-12-11,340437733.69,4.425997,340400548.46,163683.55,88209.44,2
3191854000190,2008-12-12,340846060.02,4.429305,340839439.48,184474.89,0.0,2
3191854000190,2008-12-15,345605429.33,4.43096,345590759.48,4755252.29,131286.19,2
3191854000190,2008-12-16,347276550.92,4.432334,347290952.22,1617578.84,24550.63,2
3191854000190,2008-12-17,349456365.86,4.4381010000000005,349367887.46,1719417.15,94349.23,2
3191854000190,2008-12-18,350850823.46,4.442515,350795391.11,1261405.66,181372.67,2
3191854000190,2008-12-19,350726056.8,4.441607,350748032.08,74018.4,49678.81,2
3191854000190,2008-12-22,350818582.92,4.444396,350769108.56,0.0,199167.28,2
3191854000190,2008-12-23,351109279.07,4.446414,351114682.49,216216.77,29911.29,2
3191854000190,2008-12-24,351554109.44,4.448551,351556180.99,380261.06,107512.5,2
3191854000190,2008-12-26,350173849.64,4.451114,350167757.38,0.0,1590970.12,2
3191854000190,2008-12-29,342353152.57,4.45271,342364044.73,0.0,7929269.47,2
3191854000190,2008-12-30,344589876.36,4.45557,344545284.88,1961337.85,0.0,2
3191854000190,2008-12-31,344096088.75,4.457707,344044149.09,0.0,666388.1,2
3191854000190,2009-01-02,345059561.54,4.46066,345058869.78,786809.25,0.0,2
3191854000190,2009-01-05,320979485.44,4.465585,320945136.07,0.0,24494712.06,2
3191854000190,2009-01-06,323552452.17,4.469918,323526743.75,2270191.53,0.0,2
3191854000190,2009-01-07,324565614.56,4.471101,324588526.36,976158.63,0.0,2
3191854000190,2009-01-08,326034947.54,4.476592,325973947.53,994807.1,8016.07,2
3191854000190,2009-01-09,327192836.3,4.48034,327124501.44,905395.25,27761.08,2
3191854000190,2009-01-12,328168878.42,4.482697,328164373.74,918689.95,50910.05,2
3191854000190,2009-01-13,329608056.49,4.487116,329581965.79,1143525.19,49434.45,2
3191854000190,2009-01-14,331449454.85,4.488616,331489974.14,1856754.26,58922.01,2
3191854000190,2009-01-15,332206658.6,4.492284,332174728.78,413868.19,0.0,2
3191854000190,2009-01-16,331573276.54,4.494719,331578305.46,0.0,776475.48,2
3191854000190,2009-01-19,332608301.26,4.498036,332594055.53,771052.84,0.0,2
3191854000190,2009-01-20,333382701.35,4.500548,333355493.97,704777.54,129081.55,2
3191854000190,2009-01-21,333886424.89,4.505081,333869059.47,246350.21,68543.92,2
3191854000190,2009-01-22,338511008.32,4.509268,338494653.65,4315297.92,0.0,2
3191854000190,2009-01-23,340866431.13,4.510979,340906295.78,2283203.46,0.0,2
3191854000190,2009-01-26,338162110.38,4.510058,338186340.74,0.0,2650352.7,2
3191854000190,2009-01-27,338629331.52,4.514737,338612444.29,171593.86,96344.75,2
3191854000190,2009-01-28,339480756.9,4.519128,339479062.66,565000.0,27713.6,2
3191854000190,2009-01-29,339192823.71,4.5204330000000015,339209979.88,12.98,367127.99,2
3191854000190,2009-01-30,339071119.74,4.526356,339048073.98,0.0,606363.47,2
3191854000190,2009-02-02,340471434.93,4.530718,340456146.37,1081335.45,0.0,2
3191854000190,2009-02-03,340421781.72,4.534791,340408703.29,279643.87,633148.35,2
3191854000190,2009-02-04,341370603.98,4.53525,341386867.75,943709.16,0.0,2
3191854000190,2009-02-05,343564666.35,4.536967,343575761.45,2059648.06,0.0,2
3191854000190,2009-02-06,345426567.16,4.541942,345418316.15,1465807.54,0.0,2
3191854000190,2009-02-09,346928320.04,4.542719,346950794.53,2301601.18,828214.28,2
3191854000190,2009-02-10,347001191.8,4.545791,347000139.42,137642.56,322922.09,2
3191854000190,2009-02-11,346994440.89,4.546147,346995874.34,64744.62,96184.74,2
3191854000190,2009-02-12,352570900.26,4.545987,352581126.03,5597464.08,0.0,2
3191854000190,2009-02-13,353593519.31,4.548957,353580155.63,796804.33,28124.25,2
3191854000190,2009-02-16,355378119.15,4.5521150000000015,355376065.6,1550445.75,0.0,2
3191854000190,2009-02-17,356463247.97,4.555515,356464225.26,836833.35,14106.04,2
3191854000190,2009-02-18,348306865.02,4.557331,348309012.85,137436.53,8434749.02,2
3191854000190,2009-02-19,353336487.39,4.560892,353320351.26,4972467.17,233289.9,2
3191854000190,2009-02-20,355221739.29,4.563066,355221021.63,1732256.28,0.0,2
3191854000190,2009-02-25,356041333.23,4.566204,356035553.96,570248.43,0.0,2
3191854000190,2009-02-26,356890338.22,4.571922,356875855.56,394458.33,0.0,2
3191854000190,2009-02-27,358793105.9,4.576361,358775129.9,1552774.13,0.0,2
3191854000190,2009-03-02,364883577.11,4.577799,364890639.58,6002774.1,0.0,2
3191854000190,2009-03-03,365634529.71,4.578673,365641776.97,681471.94,0.0,2
3191854000190,2009-03-04,366756904.74,4.578780999999998,366756409.59,1106169.96,161.96,2
3191854000190,2009-03-05,377102472.48,4.581405,377088784.98,10126665.35,4470.1,2
3191854000190,2009-03-06,377858205.99,4.586808,377810058.93,276560.87,0.0,2
3191854000190,2009-03-09,379910177.91,4.591442,379877516.39,1685760.25,0.0,2
3191854000190,2009-03-10,380300802.34,4.594399,380291061.09,295791.86,126897.5,2
3191854000190,2009-03-11,382822418.37,4.5983800000000015,382803166.78,2182587.35,0.0,2
3191854000190,2009-03-12,388199010.64,4.601095,388192963.23,5276382.36,112602.59,2
3191854000190,2009-03-13,387980622.31,4.601628,387996707.79,62095.31,303319.8,2
3191854000190,2009-03-16,388772248.85,4.604001,388758034.91,561242.24,0.0,2
3191854000190,2009-03-17,391271208.3,4.605286,391269990.8,2586478.83,183027.28,2
3191854000190,2009-03-18,393915469.31,4.610264,393895348.09,2214070.54,11649.42,2
3191854000190,2009-03-19,396373560.44,4.617244,396356899.18,1906732.82,41544.43,2
3191854000190,2009-03-20,396327721.03,4.620794,396313555.03,39581.85,387667.75,2
3191854000190,2009-03-23,396693424.97,4.6211160000000016,396695588.45,354416.31,0.0,2
3191854000190,2009-03-24,397425520.65,4.62045,397447443.26,809026.98,0.0,2
3191854000190,2009-03-25,399883694.99,4.6200480000000015,399875972.4,2463108.86,0.0,2
3191854000190,2009-03-26,398283430.45,4.62244,398241519.33,12052.25,1853538.53,2
3191854000190,2009-03-27,398166152.74,4.6240260000000015,398203360.44,215162.15,389961.22,2
3191854000190,2009-03-30,398949532.19,4.6258870000000005,398921286.38,557663.76,0.0,2
3191854000190,2009-03-31,401450909.01,4.627758,401433652.83,2351017.56,0.0,2
3191854000190,2009-04-01,401991976.47,4.629972,401983674.63,357968.94,0.0,2
3191854000190,2009-04-02,403957405.64,4.630843,404009469.19,1972208.18,22035.63,2
3191854000190,2009-04-03,404308342.11,4.632447,404342911.13,268266.36,74762.48,2
3191854000190,2009-04-06,405886781.94,4.634708,405838165.54,1297903.13,0.0,2
3191854000190,2009-04-07,406694211.19,4.636533999999998,406704561.08,706501.87,0.0,2
3191854000190,2009-04-08,407318066.78,4.638884,407320747.25,410050.34,0.0,2
3191854000190,2009-04-09,410418369.31,4.641004,410393382.72,2989725.0,103237.75,2
3191854000190,2009-04-13,409742519.69,4.642785,409781622.03,0.0,769250.45,2
3191854000190,2009-04-14,412394334.63,4.646028,412346778.37,2278922.58,0.0,2
3191854000190,2009-04-15,413410325.43,4.648443,413387928.35,826812.59,0.0,2
3191854000190,2009-04-16,413616766.76,4.649076999999999,413669654.88,409960.76,184616.1,2
3191854000190,2009-04-17,417088697.27,4.648766,417184626.03,3542643.57,0.0,2
3191854000190,2009-04-20,418386073.76,4.65013,418413168.75,1106136.08,0.0,2
3191854000190,2009-04-22,418646178.2,4.653331,418592128.12,0.0,109062.8,2
3191854000190,2009-04-23,419384888.15,4.656022,419386529.75,566000.0,13668.28,2
3191854000190,2009-04-24,423992267.54,4.657676,424036765.01,5045121.52,543868.66,2
3191854000190,2009-04-27,424420159.68,4.660213,424428481.49,403888.46,243141.51,2
3191854000190,2009-04-28,426141432.21,4.66322,426092164.18,1389820.42,0.0,2
3191854000190,2009-04-29,424744960.36,4.665128,424737552.87,945.56,1529896.45,2
3191854000190,2009-04-30,425321706.86,4.6687199999999995,425322651.01,293225.44,35161.69,2
3191854000190,2009-05-04,426036583.5,4.672578,426054138.22,380021.54,0.0,2
3191854000190,2009-05-05,425696174.66,4.675528,425695388.79,0.0,627735.78,2
3191854000190,2009-05-06,426333901.52,4.679163,426328568.48,302221.83,0.0,2
3191854000190,2009-05-07,429973981.47,4.682306,429885935.14,3271001.18,0.0,2
3191854000190,2009-05-08,432134835.62,4.685987,432101449.78,1877559.34,0.0,2
3191854000190,2009-05-11,432859127.21,4.689622,432800228.31,419070.0,55479.93,2
3191854000190,2009-05-12,435491242.64,4.691687,435478251.93,2487446.96,0.0,2
3191854000190,2009-05-13,437209421.16,4.69303,437147759.3,1544851.28,0.0,2
3191854000190,2009-05-14,440580296.97,4.695625,440501593.89,3112114.75,0.0,2
3191854000190,2009-05-15,441549182.17,4.697918,441473384.15,812732.67,56051.18,2
3191854000190,2009-05-18,442241506.13,4.700205,442151918.38,463619.95,0.0,2
3191854000190,2009-05-19,454834447.21,4.702147,454858036.6,12613328.37,89895.59,2
3191854000190,2009-05-20,455683758.94,4.7046790000000005,455618008.54,560019.63,44978.47,2
3191854000190,2009-05-21,455811859.56,4.705736,456038233.48,345433.24,27571.98,2
3191854000190,2009-05-22,456881076.41,4.708953,456843830.57,668972.71,175138.75,2
3191854000190,2009-05-25,461093084.99,4.711125,461023553.28,3969003.93,0.0,2
3191854000190,2009-05-26,462643201.11,4.713382,462572443.88,1328023.99,0.0,2
3191854000190,2009-05-27,462334527.52,4.714912,462425431.27,0.0,297167.17,2
3191854000190,2009-05-28,463989904.82,4.716493,463975398.11,1471805.72,76898.95,2
3191854000190,2009-05-29,461393897.25,4.718863,461312773.33,0.0,2895768.7,2
3191854000190,2009-06-01,462324340.7,4.7225839999999994,462230447.41,553911.69,0.0,2
3191854000190,2009-06-02,463418290.99,4.725032,463402709.56,932660.24,0.0,2
3191854000190,2009-06-03,465292598.78,4.727072,465328133.05,1725352.56,0.0,2
3191854000190,2009-06-04,470437769.91,4.729031,470422985.47,5007549.61,105539.15,2
3191854000190,2009-06-05,470937458.8,4.729064,471092215.23,665947.06,0.0,2
3191854000190,2009-06-08,466197149.9,4.728719,466285331.77,34332.93,4806848.74,2
3191854000190,2009-06-09,466163691.77,4.7260860000000005,466461625.7,536889.09,100962.63,2
3191854000190,2009-06-10,464465593.24,4.727904,464506380.12,7634.4,2142315.4,2
3191854000190,2009-06-12,467867732.02,4.736739,467654549.94,2390737.25,110587.14,2
3191854000190,2009-06-15,460924484.34,4.738976,460867190.1,180551.37,7188768.48,2
3191854000190,2009-06-16,461948395.73,4.740933999999998,461833782.97,914993.57,138816.93,2
3191854000190,2009-06-17,473350579.45,4.7430069999999995,473337902.45,11344580.14,42400.07,2
3191854000190,2009-06-18,472828694.73,4.743666,472944083.05,0.0,459585.62,2
3191854000190,2009-06-19,473102210.78,4.74412,473132144.16,142797.24,0.0,2
3191854000190,2009-06-22,472155672.84,4.745521,472083435.2,0.0,1188431.0,2
3191854000190,2009-06-23,472575314.9,4.74793,472456100.59,140387.84,7369.26,2
3191854000190,2009-06-24,473661270.04,4.750058999999999,473665544.06,997591.34,0.0,2
3191854000190,2009-06-25,469004313.99,4.752225,468979444.99,0.0,4902087.87,2
3191854000190,2009-06-26,469622481.33,4.754425,469554724.54,592350.38,234180.66,2
3191854000190,2009-06-29,470827748.08,4.754815,470933824.45,1340646.63,63.76,2
3191854000190,2009-06-30,471338377.7,4.756871,471333449.84,195991.82,0.0,2
3191854000190,2009-07-01,472208301.06,4.760029,472138453.33,810969.84,318876.04,2
3191854000190,2009-07-02,472567862.48,4.76323,472552108.06,196000.0,99846.53,2
3191854000190,2009-07-03,473625889.45,4.765596,473590879.69,804044.71,0.0,2
3191854000190,2009-07-06,474589909.38,4.769064,474573529.18,638009.87,0.0,2
3191854000190,2009-07-07,476707870.86,4.770658,476661264.38,1929114.93,0.0,2
3191854000190,2009-07-08,477890546.68,4.7737,477880867.64,915661.2,0.0,2
3191854000190,2009-07-09,478225343.84,4.77537,478210254.36,367986.3,205778.3,2
3191854000190,2009-07-10,479120596.03,4.777705,479094716.18,1376561.67,725929.04,2
3191854000190,2009-07-13,480032328.16,4.778285,480150258.65,1271573.09,274191.38,2
3191854000190,2009-07-14,481044983.18,4.781234,480948089.1,585794.43,84296.89,2
3191854000190,2009-07-15,484051088.66,4.783772,484107975.05,2904586.53,0.0,2
3191854000190,2009-07-16,486167000.16,4.78607,486167165.64,1897819.19,71181.52,2
3191854000190,2009-07-17,486603378.55,4.788544,486508302.6,161148.0,71319.02,2
3191854000190,2009-07-20,488094404.99,4.79059,488063178.79,1347005.9,0.0,2
3191854000190,2009-07-21,488904995.16,4.7922410000000015,488895699.74,664317.8,0.0,2
3191854000190,2009-07-22,489455926.48,4.794037,489487094.24,575462.2,167292.35,2
3191854000190,2009-07-23,490369517.46,4.794015,490499217.6,1063798.58,49428.95,2
3191854000190,2009-07-24,489046612.82,4.794592,488959689.28,0.0,1598564.02,2
3191854000190,2009-07-27,489203009.74,4.796364,489166045.46,51735.0,26090.04,2
3191854000190,2009-07-28,490011732.47,4.796831,490041572.43,863939.78,36040.66,2
3191854000190,2009-07-29,489042891.27,4.798353,489022206.28,0.0,1174852.82,2
3191854000190,2009-07-30,492382530.34,4.798677,492466986.13,3500663.71,88904.18,2
3191854000190,2009-07-31,493389595.99,4.800408999999998,493406148.04,768603.92,7189.51,2
3191854000190,2009-08-03,493502897.02,4.802361,493456311.11,0.0,150471.67,2
3191854000190,2009-08-04,494269388.38,4.8043190000000005,494242822.86,585321.65,0.0,2
3191854000190,2009-08-05,498871105.16,4.80545,498912271.99,4553097.85,0.0,2
3191854000190,2009-08-06,499351433.42,4.8063709999999995,499313835.62,469742.91,163799.5,2
3191854000190,2009-08-07,501287048.06,4.8070059999999994,501343706.36,2093738.58,129835.34,2
3191854000190,2009-08-10,502570858.92,4.8082150000000015,502560039.93,1096565.59,6323.92,2
3191854000190,2009-08-11,504604032.43,4.809471,504595110.69,2040896.23,137104.0,2
3191854000190,2009-08-12,503534289.65,4.811444,503494555.15,682256.6,1989813.32,2
3191854000190,2009-08-13,504383972.63,4.813604,504319957.83,929584.78,330215.75,2
3191854000190,2009-08-14,507465633.12,4.814794999999998,507379325.57,2934586.99,0.0,2
3191854000190,2009-08-17,507275695.52,4.816516,507213918.52,0.0,346764.67,2
3191854000190,2009-08-18,507530882.49,4.817419,507558079.06,382340.2,133272.08,2
3191854000190,2009-08-19,507656838.31,4.819439,507609196.66,418138.43,579845.86,2
3191854000190,2009-08-20,507010932.87,4.8207059999999995,507108327.51,0.0,634316.38,2
3191854000190,2009-08-21,512372933.19,4.821729,512446278.04,5419412.44,189075.16,2
3191854000190,2009-08-24,508969393.12,4.823195,508904085.13,0.0,3697997.23,2
3191854000190,2009-08-25,509887050.54,4.825017,509932623.91,960993.04,124696.8,2
3191854000190,2009-08-26,510192331.46,4.8270480000000004,510150101.82,29553.2,26721.81,2
3191854000190,2009-08-27,513422797.51,4.828953,513444328.26,3180128.59,87233.48,2
3191854000190,2009-08-28,514876242.1,4.8297349999999994,514945409.91,1507774.64,89840.09,2
3191854000190,2009-08-31,515308099.34,4.831887,515253241.4,125668.09,47282.43,2
3191854000190,2009-09-01,515066995.91,4.833999,515019833.49,0.0,458623.2,2
3191854000190,2009-09-02,514621847.56,4.835312,514635731.56,47485.69,571476.15,2
3191854000190,2009-09-03,513959481.69,4.836354,513979397.53,0.0,767236.99,2
3191854000190,2009-09-04,515869773.77,4.838782,515808450.82,1891066.64,320046.98,2
3191854000190,2009-09-08,518756016.6,4.840737,518737676.24,2744569.34,23744.61,2
3191854000190,2009-09-09,519351451.02,4.842939,519384298.83,410654.31,0.0,2
3191854000190,2009-09-10,518241185.99,4.843982,518184065.72,0.0,1312090.35,2
3191854000190,2009-09-11,518681437.28,4.846123,518644879.46,502413.3,270632.63,2
3191854000190,2009-09-14,519984918.56,4.8475150000000005,519964402.23,1177927.14,7379.89,2
3191854000190,2009-09-15,520122318.88,4.849433,520205785.38,351367.69,315717.11,2
3191854000190,2009-09-16,519629290.55,4.849,519839168.34,0.0,320168.49,2
3191854000190,2009-09-17,520368645.65,4.850137,520371734.22,544178.91,133505.61,2
3191854000190,2009-09-18,522896291.88,4.851735,522885350.31,2342166.48,0.0,2
3191854000190,2009-09-21,524330889.39,4.849183,524500476.81,1954480.0,64317.16,2
3191854000190,2009-09-22,525469050.41,4.852678,525369016.82,705215.92,214704.37,2
3191854000190,2009-09-23,526984865.14,4.852557,527057033.32,1886128.55,185012.14,2
3191854000190,2009-09-24,527654452.11,4.85317,527707101.86,617700.04,34212.06,2
3191854000190,2009-09-25,528332694.81,4.8543059999999985,528317525.73,605188.0,118286.55,2
3191854000190,2009-09-28,528701073.66,4.857762,528637002.86,95401.5,152057.51,2
3191854000190,2009-09-29,530311478.11,4.859568,530307165.39,1566976.14,93348.23,2
3191854000190,2009-09-30,530532693.01,4.861143,530567353.74,88314.26,0.0,2
3191854000190,2009-10-01,530850151.18,4.860933999999999,530919181.48,443453.5,68814.54,2
3191854000190,2009-10-02,531544735.11,4.864707,531412154.18,172382.04,91502.58,2
3191854000190,2009-10-05,532072815.02,4.866733999999999,532025591.74,455000.0,62988.41,2
3191854000190,2009-10-06,532139645.76,4.866912,532177200.42,261785.97,129636.04,2
3191854000190,2009-10-07,532438004.57,4.867671,532464166.97,354828.61,150855.66,2
3191854000190,2009-10-08,533210502.36,4.868074,533287351.65,879167.15,100065.78,2
3191854000190,2009-10-09,533286438.71,4.869848999999999,533288376.01,0.0,193423.18,2
3191854000190,2009-10-13,532807006.02,4.8718699999999995,532819331.82,0.0,690360.25,2
3191854000190,2009-10-14,534365395.61,4.874148,534309170.97,1325000.0,84297.72,2
3191854000190,2009-10-15,534267288.38,4.875043,534335931.47,0.0,71350.32,2
3191854000190,2009-10-16,533800343.77,4.876938,533817937.47,25287.43,750985.57,2
3191854000190,2009-10-19,533891498.29,4.876983,533981844.01,350934.6,191953.65,2
3191854000190,2009-10-20,533623357.61,4.878867,533563575.04,0.0,624548.5,2
3191854000190,2009-10-21,528867646.97,4.881857,528808239.82,0.0,5082328.15,2
3191854000190,2009-10-22,529759374.05,4.88429,529711136.01,755178.83,115827.94,2
3191854000190,2009-10-23,529239209.0,4.886183,529187866.35,0.0,728569.33,2
3191854000190,2009-10-26,530666587.83,4.888033999999998,530669569.72,1281234.66,0.0,2
3191854000190,2009-10-27,531475885.63,4.890808,531406216.02,592455.79,156968.89,2
3191854000190,2009-10-28,530598324.05,4.8920580000000005,530600585.26,0.0,941448.35,2
3191854000190,2009-10-29,528987051.45,4.892938,529017658.53,0.0,1678372.96,2
3191854000190,2009-10-30,528999647.45,4.893377,529065458.33,236077.3,235741.57,2
3191854000190,2009-11-03,530041873.9,4.896496,529996514.66,593834.17,0.0,2
3191854000190,2009-11-04,529702744.04,4.898489,529690167.25,0.0,522069.64,2
3191854000190,2009-11-05,530442672.22,4.901301,530388791.75,531189.89,136636.45,2
3191854000190,2009-11-06,531023807.92,4.903211,530988655.82,486545.03,93369.47,2
3191854000190,2009-11-09,531617967.19,4.904089,531639828.88,595421.28,39330.41,2
3191854000190,2009-11-10,528485285.92,4.905648,528470630.66,0.0,3338205.44,2
3191854000190,2009-11-11,528539125.91,4.907233,528537922.34,34850.35,138305.93,2
3191854000190,2009-11-12,528903441.59,4.908138,528975733.8,1181660.7,841323.08,2
3191854000190,2009-11-13,529837476.64,4.909711,529826088.6,792664.63,111840.28,2
3191854000190,2009-11-16,530110422.85,4.9116610000000005,530109319.78,159360.59,86561.52,2
3191854000190,2009-11-17,528415672.42,4.9141650000000014,528383215.04,0.0,1996358.28,2
3191854000190,2009-11-18,528797531.46,4.915714,528811550.82,261783.46,0.0,2
3191854000190,2009-11-19,529140406.45,4.9176730000000015,529113449.15,125216.94,34059.48,2
3191854000190,2009-11-20,530019305.67,4.919439,529985356.68,758043.79,76147.75,2
3191854000190,2009-11-23,530388520.08,4.921061,530382652.75,350771.12,128217.79,2
3191854000190,2009-11-24,530239078.98,4.923205,530192849.37,0.0,420879.64,2
3191854000190,2009-11-25,532960456.15,4.924333,532979149.79,2677002.31,12179.16,2
3191854000190,2009-11-26,533769225.27,4.926697,533853182.42,952643.09,334475.11,2
3191854000190,2009-11-27,535366719.2,4.928184,535380186.36,1428401.89,62528.15,2
3191854000190,2009-11-30,533141158.61,4.928637,533170981.27,0.0,2258417.38,2
3191854000190,2009-12-01,533966412.31,4.930666,533906357.65,659109.67,143226.81,2
3191854000190,2009-12-02,534539590.08,4.932046,534571879.73,1025131.49,509039.68,2
3191854000190,2009-12-03,534529080.12,4.933675,534535626.8,0.0,212816.08,2
3191854000190,2009-12-04,535185274.22,4.9353050000000005,535200881.21,488653.17,0.0,2
3191854000190,2009-12-07,534615674.23,4.937835,534562644.51,0.0,912598.3,2
3191854000190,2009-12-08,530163252.43,4.938352,530195868.17,0.0,4422745.98,2
3191854000190,2009-12-09,530440428.37,4.9393519999999995,530450913.41,295841.59,148159.27,2
3191854000190,2009-12-10,529418605.88,4.941676,529366050.99,0.0,1334443.32,2
3191854000190,2009-12-11,531391532.52,4.943809,531356714.99,2017771.87,255600.74,2
3191854000190,2009-12-14,534475476.76,4.945659,534465651.07,2910099.52,0.0,2
3191854000190,2009-12-15,534184018.78,4.947014,534214569.08,0.0,397513.62,2
3191854000190,2009-12-16,535338695.26,4.947646,535397296.35,1485896.77,371417.45,2
3191854000190,2009-12-17,536078296.67,4.950085,536061265.73,743222.8,343183.78,2
3191854000190,2009-12-18,537205639.93,4.952614,537149304.02,828537.22,14372.8,2
3191854000190,2009-12-21,539168105.09,4.955435,539130130.38,1684043.36,9176.28,2
3191854000190,2009-12-22,540177273.5,4.958042,540118635.87,704875.04,0.0,2
3191854000190,2009-12-23,541744620.72,4.95974,541763397.9,1459785.49,0.0,2
3191854000190,2009-12-24,542922516.19,4.961576999999999,542942441.31,1097472.4,119088.57,2
3191854000190,2009-12-28,542847419.78,4.963091,542868083.41,18885.26,258919.29,2
3191854000190,2009-12-29,553948351.86,4.964745,553936228.68,10887229.01,0.0,2
3191854000190,2009-12-30,561890663.67,4.966442,561876755.17,7751185.49,0.0,2
3191854000190,2009-12-31,559351826.62,4.968276,559331276.14,0.0,2752968.0,2
3191854000190,2010-01-04,561677973.72,4.971348,561605867.36,1978181.76,49438.01,2
3191854000190,2010-01-05,563392362.33,4.974501,563360967.75,1584237.43,185326.81,2
3191854000190,2010-01-06,566611526.2,4.97788,566557054.38,2813415.73,0.0,2
3191854000190,2010-01-07,567894481.16,4.979826,567871858.39,1093320.16,0.0,2
3191854000190,2010-01-08,567125578.3,4.982607,567099609.6,0.0,1089378.67,2
3191854000190,2010-01-11,569107319.65,4.984254,569120745.79,1833681.49,0.0,2
3191854000190,2010-01-12,570651404.62,4.986716,570652581.44,1265664.62,14949.33,2
3191854000190,2010-01-13,572957546.25,4.990459,572913562.71,1832652.76,0.0,2
3191854000190,2010-01-14,574349231.07,4.9921,574399619.71,1514462.81,216795.53,2
3191854000190,2010-01-15,580384803.42,4.995385,580312986.04,5606255.26,70866.68,2
3191854000190,2010-01-18,582902695.22,4.997881,582874021.87,2442446.48,171370.53,2
3191854000190,2010-01-19,581450612.32,5.000021,581495203.47,0.0,1628394.24,2
3191854000190,2010-01-20,583127455.94,5.003614,583120676.11,1207611.93,0.0,2
3191854000190,2010-01-21,589733185.26,5.0037129999999985,589792639.42,6660425.85,0.0,2
3191854000190,2010-01-22,591244439.55,5.00738,591232210.01,1422344.76,415007.11,2
3191854000190,2010-01-25,593819950.48,5.009494,593806157.14,2324342.56,0.0,2
3191854000190,2010-01-26,594831446.71,5.0106910000000005,594794808.55,846763.63,0.0,2
3191854000190,2010-01-27,599494590.78,5.01115,599486079.0,4636784.78,0.0,2
3191854000190,2010-01-28,600052120.95,5.012555,600023111.17,368951.4,0.0,2
3191854000190,2010-01-29,604335629.28,5.013594,604278844.4,4131360.72,0.0,2
3191854000190,2010-02-01,608669382.38,5.0157370000000014,608619387.42,4345617.24,263365.89,2
3191854000190,2010-02-02,608638423.8,5.01785,608613573.19,0.0,262209.8,2
3191854000190,2010-02-03,613253180.35,5.021471,613239072.31,4186309.07,0.0,2
3191854000190,2010-02-04,619750426.66,5.0250879999999984,619678391.98,6114457.5,116858.13,2
3191854000190,2010-02-05,621291089.34,5.0286050000000015,621251705.85,1141204.82,1596.58,2
3191854000190,2010-02-08,626592536.31,5.031493,626526543.42,4918043.8,0.0,2
3191854000190,2010-02-09,628072423.33,5.0337559999999995,628077294.91,1378449.35,109488.88,2
3191854000190,2010-02-10,630165049.61,5.036471,630173623.5,1757569.64,0.0,2
3191854000190,2010-02-11,638542884.76,5.039073,638560343.11,8061152.01,0.0,2
3191854000190,2010-02-12,643291976.09,5.042395,643256969.48,4275656.59,0.0,2
3191854000190,2010-02-17,644298441.25,5.044834,644277278.18,793356.86,84190.73,2
3191854000190,2010-02-18,646321222.63,5.047289,646316719.62,1725912.64,0.0,2
3191854000190,2010-02-19,645618784.88,5.049519,645607681.44,118818.25,1113412.96,2
3191854000190,2010-02-22,656710465.51,5.0514220000000005,656742337.82,10891347.78,0.0,2
3191854000190,2010-02-23,656935336.06,5.054113,656954236.52,24813.92,162775.84,2
3191854000190,2010-02-24,664030029.81,5.055301999999998,664078447.02,7232679.07,263019.64,2
3191854000190,2010-02-25,665759981.37,5.055948,665756013.39,1592706.02,0.0,2
3191854000190,2010-02-26,669462753.86,5.055688,669499273.78,3777496.61,0.0,2
3191854000190,2010-03-01,672768051.66,5.056164,672717374.35,3155066.28,0.0,2
3191854000190,2010-03-02,678586594.32,5.058144,678568172.37,5681777.04,94415.96,2
3191854000190,2010-03-03,680931857.48,5.059694,680958438.07,2182327.63,0.0,2
3191854000190,2010-03-04,685626617.87,5.061821,685610801.33,4437340.99,71239.83,2
3191854000190,2010-03-05,691241924.81,5.06289,691188716.58,5433121.92,0.0,2
3191854000190,2010-03-08,694176648.3,5.062434,694137581.85,3011118.65,0.0,2
3191854000190,2010-03-09,702598512.86,5.065085,702590876.69,8089801.95,0.0,2
3191854000190,2010-03-10,710604673.69,5.0677699999999986,710625699.54,7889156.84,226777.2,2
3191854000190,2010-03-11,712985190.34,5.0699239999999985,713026572.86,2135536.54,36706.87,2
3191854000190,2010-03-12,717770547.37,5.072678,717749842.92,4343434.66,7483.06,2
3191854000190,2010-03-15,722169805.33,5.075412,722146237.86,4009552.31,0.0,2
3191854000190,2010-03-16,728922831.39,5.0777410000000005,728931817.22,6601889.62,147688.01,2
3191854000190,2010-03-17,745714029.18,5.080694,745672204.95,16316471.73,0.0,2
3191854000190,2010-03-18,749170384.81,5.087841,749055723.78,2430779.53,96196.0,2
3191854000190,2010-03-19,751599337.64,5.090123,751644149.86,2252459.38,0.0,2
3191854000190,2010-03-22,751890311.12,5.091213,751890175.85,167338.18,82269.43,2
3191854000190,2010-03-23,758157378.48,5.094754,758125340.94,5712216.41,0.0,2
3191854000190,2010-03-24,761483428.42,5.094914,761507191.34,3358041.58,0.0,2
3191854000190,2010-03-25,762982908.36,5.095732,762977126.7,1434818.1,87144.45,2
3191854000190,2010-03-26,767629239.86,5.09764,767624386.18,4373879.39,12302.19,2
3191854000190,2010-03-29,770731655.36,5.100127,770675601.68,2794791.08,118078.66,2
3191854000190,2010-03-30,774433411.71,5.103138,774388319.96,3257728.77,0.0,2
3191854000190,2010-03-31,776347044.27,5.105747,776366640.43,1798477.03,216065.73,2
3191854000190,2010-04-01,783932269.49,5.108844,783903523.4,7065961.19,0.0,2
3191854000190,2010-04-05,783651421.92,5.110503,783604364.13,0.0,553717.04,2
3191854000190,2010-04-06,784826626.96,5.11191,784833066.41,1196292.34,183328.38,2
3191854000190,2010-04-07,788509813.32,5.1148489999999995,788525448.8,3241156.84,0.0,2
3191854000190,2010-04-08,795208053.5,5.118467,795208985.96,6125771.9,0.0,2
3191854000190,2010-04-09,802123278.99,5.119123,802175896.92,6864994.29,0.0,2
3191854000190,2010-04-12,802930153.06,5.121321,802891333.16,371005.63,0.0,2
3191854000190,2010-04-13,806125617.81,5.1210830000000005,806172817.44,3318796.54,0.0,2
3191854000190,2010-04-14,812543971.79,5.119368,812599942.84,6697104.7,0.0,2
3191854000190,2010-04-15,815694968.24,5.118016000000001,815748751.59,3475750.71,112338.3,2
3191854000190,2010-04-16,821135284.64,5.121301,821118615.97,5221848.74,375572.92,2
3191854000190,2010-04-19,823947030.39,5.119483,823961947.82,3203565.23,68746.19,2
3191854000190,2010-04-20,838482778.78,5.118487,838509613.96,14707968.67,0.0,2
3191854000190,2010-04-22,840172756.89,5.1215160000000015,840170385.41,1300563.21,136001.99,2
3191854000190,2010-04-23,840979856.32,5.126415,840964134.86,2230.1,12147.91,2
3191854000190,2010-04-26,841404157.18,5.12523,841461621.06,691879.84,0.0,2
3191854000190,2010-04-27,832107894.14,5.122278,832100278.07,15948.82,8892631.67,2
3191854000190,2010-04-28,830082952.52,5.1231,830107386.57,0.0,2126423.18,2
3191854000190,2010-04-29,829913681.31,5.126828,829889589.15,0.0,821853.62,2
3191854000190,2010-04-30,834415301.38,5.1282879999999995,834490151.58,4621303.81,257074.41,2
3191854000190,2010-05-03,833167130.08,5.129912,833240245.09,0.0,1514168.56,2
3191854000190,2010-05-04,834875639.5,5.130883,834923763.76,1951345.31,425544.03,2
3191854000190,2010-05-05,837467545.93,5.13154,837419425.21,2810767.27,422016.25,2
3191854000190,2010-05-06,840126374.63,5.132524,840081908.32,2601961.24,100057.74,2
3191854000190,2010-05-07,837461784.82,5.133724,837418394.97,0.0,2859927.1,2
3191854000190,2010-05-10,836588365.27,5.13429,836566469.99,0.0,944251.48,2
3191854000190,2010-05-11,837327758.25,5.138505,837309492.91,416845.67,360602.75,2
3191854000190,2010-05-12,839549904.67,5.1425230000000015,839508471.11,1705564.06,161311.22,2
3191854000190,2010-05-13,838656425.19,5.146332,838636661.41,0.0,1493622.72,2
3191854000190,2010-05-14,839729915.4,5.150528,839731083.9,592356.62,181706.46,2
3191854000190,2010-05-17,841530284.95,5.154207,841487115.88,1167459.3,11243.62,2
3191854000190,2010-05-18,844683685.36,5.155182,844642569.61,3379597.99,383324.89,2
3191854000190,2010-05-19,844974013.1,5.155702,844928625.25,599824.81,398967.74,2
3191854000190,2010-05-20,847218005.12,5.159331,847167845.15,2189975.33,545484.53,2
3191854000190,2010-05-21,848882444.12,5.1625,848810989.06,1126649.32,3858.71,2
3191854000190,2010-05-24,852107810.15,5.161975,852085352.24,3443043.36,82360.42,2
3191854000190,2010-05-25,853126336.4,5.162656,853067580.39,1074494.54,204678.81,2
3191854000190,2010-05-26,853891505.09,5.164581,853907332.96,565925.46,44256.28,2
3191854000190,2010-05-27,853903314.6,5.167203,853936339.37,149787.0,554299.79,2
3191854000190,2010-05-28,854637159.48,5.16953,854632673.06,644286.01,332514.31,2
3191854000190,2010-05-31,853782105.52,5.170895,853719502.32,0.0,1138834.12,2
3191854000190,2010-06-01,860193259.6,5.173961,860153899.85,6139400.22,211202.1,2
3191854000190,2010-06-02,860322490.01,5.177469,860303147.75,0.0,433945.49,2
3191854000190,2010-06-04,862813672.53,5.183014,862725385.1,1512657.44,11793.24,2
3191854000190,2010-06-07,864108388.15,5.186781,864085490.25,733078.76,0.0,2
3191854000190,2010-06-08,864268630.95,5.18752,864296432.98,409102.71,321272.79,2
3191854000190,2010-06-09,866844579.42,5.188162,866860049.55,2569405.31,112752.82,2
3191854000190,2010-06-10,868190817.72,5.18794,868219590.14,1433137.59,36504.3,2
3191854000190,2010-06-11,869164519.19,5.188609,869204129.13,1196222.45,323642.91,2
3191854000190,2010-06-14,869499695.6,5.189993,869498481.62,126776.66,64274.08,2
3191854000190,2010-06-15,869447966.98,5.189030000000002,869511821.43,293428.16,118753.45,2
3191854000190,2010-06-16,865425503.1,5.193162,865346880.35,11209.62,4868538.84,2
3191854000190,2010-06-17,865608929.9,5.194185,865614908.25,97563.38,0.0,2
3191854000190,2010-06-18,868591917.35,5.197216,868566738.88,2446712.15,0.0,2
3191854000190,2010-06-21,871640942.18,5.200321,871588341.68,2502690.41,0.0,2
3191854000190,2010-06-22,867144994.32,5.201068,867100278.69,0.0,4613262.27,2
3191854000190,2010-06-23,869953872.68,5.201854,869970341.74,2852590.87,113566.45,2
3191854000190,2010-06-24,872526592.54,5.202833,872479452.89,2464074.07,118693.19,2
3191854000190,2010-06-25,873962917.39,5.2045910000000015,873947207.95,1301523.69,128573.19,2
3191854000190,2010-06-28,875899322.56,5.206815,875857872.64,1649631.29,112417.38,2
3191854000190,2010-06-29,878885042.67,5.209104,878866522.93,2623609.01,0.0,2
3191854000190,2010-06-30,882082016.59,5.213883999999998,882098451.8,2425459.66,0.0,2
3191854000190,2010-07-01,883273241.21,5.219607,883183736.01,137062.16,20009.97,2
3191854000190,2010-07-02,889755792.47,5.222775,889715362.65,5995585.11,0.0,2
3191854000190,2010-07-05,891491563.8,5.224417,891451284.58,1511914.03,55711.71,2
3191854000190,2010-07-06,892358466.55,5.225478,892367412.83,842347.04,107259.05,2
3191854000190,2010-07-07,895349510.41,5.224942,895297359.78,3180862.59,159381.64,2
3191854000190,2010-07-08,901471519.44,5.225348,901491946.24,6290029.01,165010.92,2
3191854000190,2010-07-09,901312813.25,5.227073000000002,901330780.88,0.0,458767.27,2
3191854000190,2010-07-12,904188315.38,5.2260620000000015,904135008.73,3120523.11,141963.39,2
3191854000190,2010-07-13,905860964.2,5.231335,905804614.34,1026534.48,269184.39,2
3191854000190,2010-07-14,908902191.9,5.236744,908915602.85,2174421.23,0.0,2
3191854000190,2010-07-15,910044498.68,5.240089,909972286.38,589836.7,113728.18,2
3191854000190,2010-07-16,913892174.13,5.247401,913827871.74,2611725.31,25911.77,2
3191854000190,2010-07-19,914387736.02,5.247744,914419150.41,845076.34,313530.66,2
3191854000190,2010-07-20,915098580.5,5.247285,915014365.02,716843.23,41647.89,2
3191854000190,2010-07-21,916748532.3,5.253368,916702313.33,627203.11,0.0,2
3191854000190,2010-07-22,923176458.77,5.258281,923156948.73,5866155.54,268828.91,2
3191854000190,2010-07-23,923882352.45,5.256497,923958508.49,1223334.84,108571.59,2
3191854000190,2010-07-26,916446228.66,5.257443,916365280.71,23955.01,7783465.53,2
3191854000190,2010-07-27,917456202.69,5.260278,917413920.63,554503.21,0.0,2
3191854000190,2010-07-28,922473190.95,5.2613629999999985,922470224.2,4979717.78,112642.64,2
3191854000190,2010-07-29,922750400.88,5.26356,922730644.35,0.0,124777.95,2
3191854000190,2010-07-30,929782700.35,5.270311,929715334.3,6093995.08,292792.08,2
3191854000190,2010-08-02,930526466.53,5.271635,930527295.53,823511.47,245112.0,2
3191854000190,2010-08-03,933176987.21,5.270961,933207154.01,2888833.03,90002.85,2
3191854000190,2010-08-04,931386264.16,5.2723900000000015,931431202.54,0.0,2028951.44,2
3191854000190,2010-08-05,934587905.37,5.2763800000000005,934509751.49,2584375.51,210708.12,2
3191854000190,2010-08-06,932125087.57,5.276708,932112752.53,24380.69,2479472.35,2
3191854000190,2010-08-09,932564498.5,5.277593,932513820.72,433995.71,189259.81,2
3191854000190,2010-08-10,936977304.32,5.279719999999998,936972680.38,4083033.61,0.0,2
3191854000190,2010-08-11,942269634.6,5.285089,942277437.13,4453743.73,101803.86,2
3191854000190,2010-08-12,943706812.96,5.2880410000000015,943666873.07,920161.92,57037.46,2
3191854000190,2010-08-13,944769305.22,5.292006,944721493.43,450636.74,103582.59,2
3191854000190,2010-08-16,947278864.73,5.2983199999999995,947186130.8,1337470.93,0.0,2
3191854000190,2010-08-17,952491795.65,5.299169,952482651.84,5144744.43,0.0,2
3191854000190,2010-08-18,953643384.9,5.302559,953608081.97,516105.12,0.0,2
3191854000190,2010-08-19,955741603.89,5.306616,955708001.01,1404408.42,34097.1,2
3191854000190,2010-08-20,955635063.82,5.307987000000002,955586928.13,21222.12,389208.6,2
3191854000190,2010-08-23,954788331.75,5.309819999999998,954763563.45,0.0,1153356.22,2
3191854000190,2010-08-24,956030984.44,5.3124,956009863.31,1162974.11,380586.4,2
3191854000190,2010-08-25,956043366.84,5.315639,956085618.6,0.0,507129.27,2
3191854000190,2010-08-26,955637870.97,5.314931,955686919.16,0.0,271356.58,2
3191854000190,2010-08-27,954084163.05,5.314541999999999,954099976.02,0.0,1516996.37,2
3191854000190,2010-08-30,955063853.34,5.3166910000000005,955049826.01,565812.61,1764.61,2
3191854000190,2010-08-31,955217042.49,5.320659,955177769.71,0.0,584837.55,2
3191854000190,2010-09-01,956856576.97,5.320101,956907000.47,1829404.29,0.0,2
3191854000190,2010-09-02,971548917.53,5.3266269999999984,971538687.56,13648966.63,191087.17,2
3191854000190,2010-09-03,972707325.4,5.328093,972664101.88,910458.72,52432.32,2
3191854000190,2010-09-06,965050476.62,5.331444,965045404.89,0.0,8230435.06,2
3191854000190,2010-09-08,962384257.9,5.332586,962392787.32,58322.05,2917653.2,2
3191854000190,2010-09-09,959942989.31,5.335057,959944831.8,0.0,2893906.61,2
3191854000190,2010-09-10,965976416.41,5.337416,965967592.89,5598302.67,0.0,2
3191854000190,2010-09-13,966495828.66,5.339612000000002,966506243.61,458305.13,317087.33,2
3191854000190,2010-09-14,967815829.94,5.342056,967792709.7,1028799.52,184714.12,2
3191854000190,2010-09-15,972209525.94,5.343884,972203652.6,4107987.72,28214.15,2
3191854000190,2010-09-16,979141952.18,5.3436949999999985,979113716.0,7127516.84,183068.99,2
3191854000190,2010-09-17,986812047.14,5.343091,986719241.31,7759848.09,43653.16,2
3191854000190,2010-09-20,985732863.0,5.343791,985653588.39,0.0,1194923.31,2
3191854000190,2010-09-21,983332282.8,5.34814,983388561.28,0.0,3067193.11,2
3191854000190,2010-09-22,984353023.23,5.3488440000000015,984226137.66,708128.47,0.0,2
3191854000190,2010-09-23,985147952.82,5.3520900000000005,985168495.31,415656.43,70586.35,2
3191854000190,2010-09-24,985518110.67,5.3549989999999985,985593081.86,0.0,110878.13,2
3191854000190,2010-09-27,986492383.69,5.3552290000000005,986363485.86,728072.26,0.0,2
3191854000190,2010-09-28,986888794.39,5.356024,986786776.43,510946.09,234084.18,2
3191854000190,2010-09-29,987860438.74,5.363782,988041735.8,0.0,174364.28,2
3191854000190,2010-09-30,988984516.8,5.365137,988913010.43,702811.96,81136.69,2
3191854000190,2010-10-01,991057932.49,5.3676650000000015,991104292.24,1917137.7,191822.01,2
3191854000190,2010-10-04,994522122.13,5.370868,994554886.95,3308848.5,449666.82,2
3191854000190,2010-10-05,995626346.07,5.3736489999999995,995609012.85,575461.22,36309.28,2
3191854000190,2010-10-06,994597905.57,5.3789120000000015,994567157.81,0.0,2016963.43,2
3191854000190,2010-10-07,995052550.13,5.383359,995085355.53,4701.09,308758.9,2
3191854000190,2010-10-08,992163952.46,5.384455,992088177.43,0.0,3199767.89,2
3191854000190,2010-10-11,989540409.72,5.387459,989564215.21,0.0,3077450.52,2
3191854000190,2010-10-13,989298840.36,5.391909,989349422.54,0.0,1032165.15,2
3191854000190,2010-10-14,986861785.12,5.400809,986957802.01,0.0,4024661.79,2
3191854000190,2010-10-15,992648129.03,5.408093,992698053.77,4409154.76,0.0,2
3191854000190,2010-10-18,994898453.08,5.408372,994870810.27,2236320.61,114776.75,2
3191854000190,2010-10-19,995924809.46,5.4058910000000004,995874179.93,1599689.01,139939.05,2
3191854000190,2010-10-20,996987673.47,5.412309,997009372.49,82787.68,129920.19,2
3191854000190,2010-10-21,971476482.44,5.4132690000000006,971431819.56,0.0,25754395.94,2
3191854000190,2010-10-22,973018287.08,5.4144879999999995,972970703.19,1347045.04,26915.62,2
3191854000190,2010-10-25,973556318.68,5.415264,973445365.74,862871.9,527654.72,2
3191854000190,2010-10-26,973433981.14,5.422721,973601609.21,116342.14,1300565.56,2
3191854000190,2010-10-27,976335643.33,5.423795,976264778.62,2470342.2,0.0,2
3191854000190,2010-10-28,976336606.28,5.42676,976347966.81,0.0,450501.78,2
3191854000190,2010-10-29,979077384.2,5.432906,979185141.27,1971630.52,240205.1,2
3191854000190,2010-11-01,981536252.07,5.437275,981569798.72,1597222.54,0.0,2
3191854000190,2010-11-03,985445030.86,5.439546,985453673.07,3473899.67,0.0,2
3191854000190,2010-11-04,988239689.77,5.439465,988212311.28,2880093.72,106781.16,2
3191854000190,2010-11-05,993513269.98,5.43946,993374744.36,5163341.44,0.0,2
3191854000190,2010-11-08,995241149.63,5.442486,995220212.09,1292848.17,0.0,2
3191854000190,2010-11-09,995241512.08,5.446978,995231328.51,0.0,810296.66,2
3191854000190,2010-11-10,998989940.01,5.452558,999272858.96,3021994.32,0.0,2
3191854000190,2010-11-11,1000723986.64,5.453938,1000643844.01,1282913.16,164836.29,2
3191854000190,2010-11-12,1003397458.51,5.458125,1003441034.1,2028993.64,0.0,2
3191854000190,2010-11-16,1002332904.13,5.453375,1001883134.14,152954.08,837597.22,2
3191854000190,2010-11-17,1004161498.83,5.456316,1004187352.42,1763903.64,0.0,2
3191854000190,2010-11-18,999420092.79,5.455403,999213397.95,925125.5,5731050.28,2
3191854000190,2010-11-19,1001228343.12,5.457882,1001239981.32,1637950.14,65421.22,2
3191854000190,2010-11-22,1003396024.69,5.448474,1002494858.82,2980760.49,0.0,2
3191854000190,2010-11-23,1006050178.63,5.452380000000002,1006092802.57,2879257.21,0.0,2
3191854000190,2010-11-24,1007445777.82,5.4584519999999985,1007719119.78,599357.46,93467.57,2
3191854000190,2010-11-25,1009901336.17,5.4643,1010075476.31,1370789.51,94069.0,2
3191854000190,2010-11-26,1008101149.22,5.46011,1007880911.62,789.73,1420833.22,2
3191854000190,2010-11-29,1006152359.63,5.45607,1005844258.78,0.0,1290909.82,2
3191854000190,2010-11-30,1002289127.29,5.4621879999999985,1002530235.6,0.0,4441896.38,2
3191854000190,2010-12-01,1005001925.09,5.462632,1004978535.76,2366808.38,0.0,2
3191854000190,2010-12-02,1007768011.16,5.461085,1007551913.75,3010349.44,152364.72,2
3191854000190,2010-12-03,1010001733.58,5.466516,1010116848.77,1900904.4,337970.71,2
3191854000190,2010-12-06,1010255440.99,5.4690959999999995,1010312970.99,0.0,280616.79,2
3191854000190,2010-12-07,1011923657.58,5.4722050000000015,1011997719.38,1150327.29,39908.38,2
3191854000190,2010-12-08,997829575.37,5.471232,997597871.89,0.0,14219906.54,2
3191854000190,2010-12-09,997360474.59,5.473918,997321436.78,0.0,766187.3,2
3191854000190,2010-12-10,1000059148.48,5.484914,1000341200.39,1030760.02,14414.53,2
3191854000190,2010-12-13,1002023581.24,5.487458999999999,1002001644.62,1295924.0,99638.07,2
3191854000190,2010-12-14,1003351991.43,5.496275,1003527667.6,17575.74,101340.91,2
3191854000190,2010-12-15,1004712428.94,5.496532,1004376376.68,801785.18,0.0,2
3191854000190,2010-12-16,1005606272.05,5.5026470000000005,1005693675.2,202203.12,2293.08,2
3191854000190,2010-12-17,994734244.35,5.503843,994777452.5,0.0,11134810.16,2
3191854000190,2010-12-20,988482074.71,5.505799,988396425.98,0.0,6734558.53,2
3191854000190,2010-12-21,989482022.97,5.5041269999999995,989266905.44,1170635.5,0.0,2
3191854000190,2010-12-22,989269177.6,5.504622,989473308.48,117435.77,0.0,2
3191854000190,2010-12-23,991293104.51,5.504487999999999,991177273.66,1842188.17,114136.07,2
3191854000190,2010-12-24,990458946.71,5.50701,990337578.58,0.0,1293824.34,2
3191854000190,2010-12-27,992385444.56,5.509093,992273753.61,1640119.05,78534.43,2
3191854000190,2010-12-28,990135404.04,5.514606,990261404.06,0.0,3005327.01,2
3191854000190,2010-12-29,994635015.49,5.51935,994815947.01,3702659.76,0.0,2
3191854000190,2010-12-30,1000575542.51,5.5242379999999995,1000808592.7,5111625.21,0.0,2
3191854000190,2010-12-31,997420046.6,5.526799,997649706.31,0.0,3622854.6,2
3191854000190,2011-01-03,1000063986.14,5.532632,1000269073.48,2136952.92,570508.2,2
3191854000190,2011-01-04,1013322351.86,5.534301,1013259156.14,12784811.2,96474.45,2
3191854000190,2011-01-05,1017431524.8,5.535362,1017180402.08,3726990.52,0.0,2
3191854000190,2011-01-06,1023321802.51,5.537468,1023271005.74,5704385.99,781.75,2
3191854000190,2011-01-07,1023546006.27,5.534383,1023116311.24,649726.06,234342.14,2
3191854000190,2011-01-10,1021227012.54,5.530172,1020887244.47,0.0,1450598.27,2
3191854000190,2011-01-11,1023517776.6,5.53607,1023685793.68,1709759.74,0.0,2
3191854000190,2011-01-12,1025397072.72,5.538933,1025218904.75,1003708.0,0.0,2
3191854000190,2011-01-13,1018824164.57,5.546608,1018824083.08,0.0,7815412.07,2
3191854000190,2011-01-14,1018299334.53,5.543609,1017929202.08,0.0,344012.17,2
3191854000190,2011-01-17,1019563279.36,5.543001,1019349343.99,1680096.73,148312.58,2
3191854000190,2011-01-18,1020425912.81,5.5458620000000005,1020501124.03,817087.66,191441.11,2
3191854000190,2011-01-19,1022463885.05,5.548492,1022540173.76,1555100.08,0.0,2
3191854000190,2011-01-20,1027463878.02,5.550915,1027498029.67,4644650.26,133332.77,2
3191854000190,2011-01-21,1028563455.13,5.550463,1028529212.44,1140509.14,25659.25,2
3191854000190,2011-01-24,1027372213.7,5.541884,1027134461.48,509075.48,314093.81,2
3191854000190,2011-01-25,1029476418.31,5.544703,1029258975.03,1644491.14,42451.9,2
3191854000190,2011-01-26,1032953874.82,5.545897,1032715094.69,3387573.9,153095.55,2
3191854000190,2011-01-27,1035666192.99,5.550726,1035566483.29,1978261.81,26093.16,2
3191854000190,2011-01-28,1035924045.95,5.557244,1036038235.81,0.0,744272.61,2
3191854000190,2011-01-31,1037127962.3,5.558839,1036917455.33,694653.39,112790.07,2
3191854000190,2011-02-01,1038245534.08,5.565305,1038331576.13,475558.32,267572.16,2
3191854000190,2011-02-02,1033412928.15,5.572503,1033727143.05,0.0,5947380.26,2
3191854000190,2011-02-03,1032593507.12,5.5708699999999975,1032414546.31,0.0,1009667.08,2
3191854000190,2011-02-04,1033187083.56,5.566567,1032859769.07,1242670.87,0.0,2
3191854000190,2011-02-07,1031540315.77,5.568359,1031643618.11,0.0,1548651.17,2
3191854000190,2011-02-08,1037036124.42,5.582612999999999,1037575925.72,3346577.35,55092.31,2
3191854000190,2011-02-09,1040771716.34,5.585863,1040819248.57,2660915.01,21632.19,2
3191854000190,2011-02-10,1040142219.53,5.585093,1039894773.76,0.0,780999.96,2
3191854000190,2011-02-11,1039957739.29,5.584841,1039873160.85,403285.44,377978.18,2
3191854000190,2011-02-14,1039618519.24,5.580280999999999,1039333731.43,383367.53,73744.74,2
3191854000190,2011-02-15,1038754648.78,5.581907,1038936472.17,0.0,700103.62,2
3191854000190,2011-02-16,1042832871.48,5.589392,1043117375.38,2937305.51,149553.33,2
3191854000190,2011-02-17,1039927134.17,5.595034,1040099584.39,0.0,4070726.31,2
3191854000190,2011-02-18,1040479968.62,5.598279,1040514554.81,12613.16,200878.24,2
3191854000190,2011-02-21,1041840754.19,5.599549,1041669201.63,918600.43,0.0,2
3191854000190,2011-02-22,1042350808.78,5.602492,1042448337.2,242942.63,11285.51,2
3191854000190,2011-02-23,1045355139.78,5.6047080000000005,1045235300.92,2634744.13,260108.63,2
3191854000190,2011-02-24,1043362402.96,5.601679,1043198783.97,0.0,1471631.54,2
3191854000190,2011-02-25,1044821099.51,5.604701,1044806204.57,1095476.24,50841.68,2
3191854000190,2011-02-28,1046716473.88,5.610679,1046694351.93,1082176.54,308424.3,2
3191854000190,2011-03-01,1049850970.73,5.622761,1049847620.99,1142768.9,243444.72,2
3191854000190,2011-03-02,1053965197.7,5.62363,1053946986.36,4036131.45,99020.45,2
3191854000190,2011-03-03,1050314202.44,5.624193,1050281376.34,0.0,3771124.1,2
3191854000190,2011-03-04,1051897695.12,5.628711,1051877285.21,1061419.19,309217.37,2
3191854000190,2011-03-09,1052771821.13,5.631929,1052769295.11,713763.94,423124.6,2
3191854000190,2011-03-10,1056616848.96,5.648085,1056612909.42,850550.56,26956.7,2
3191854000190,2011-03-11,1056726826.18,5.649818,1056715730.89,0.0,221378.71,2
3191854000190,2011-03-14,1057950938.92,5.650114,1057937312.56,1166219.2,0.0,2
3191854000190,2011-03-15,1056137351.87,5.649928,1056113024.35,0.0,1789461.24,2
3191854000190,2011-03-16,1058033770.94,5.653392,1058021373.37,1475782.22,214941.54,2
3191854000190,2011-03-17,1060598800.95,5.654471,1060570271.32,2449519.67,102554.48,2
3191854000190,2011-03-18,1075458630.71,5.660629,1075446838.94,13724171.03,2617.16,2
3191854000190,2011-03-21,1072690348.32,5.661929,1072651412.95,0.0,3042409.29,2
3191854000190,2011-03-22,1075358292.48,5.668663,1075350601.64,1423433.61,0.0,2
3191854000190,2011-03-23,1079457296.78,5.67678,1079449097.18,2558693.15,0.0,2
3191854000190,2011-03-24,1085199644.57,5.678135,1085179497.34,5472744.67,0.0,2
3191854000190,2011-03-25,1082732588.99,5.679554,1082710529.41,64460.86,2804621.66,2
3191854000190,2011-03-28,1082998663.06,5.684753,1082971306.85,0.0,730323.62,2
3191854000190,2011-03-29,1083362797.87,5.683904,1083338130.92,563340.81,34778.38,2
3191854000190,2011-03-30,1087162904.93,5.695229,1087153927.44,1657279.35,0.0,2
3191854000190,2011-03-31,1092276217.37,5.702331,1092398993.53,3889375.7,0.0,2
3191854000190,2011-04-01,1085539550.34,5.7090559999999995,1085821230.93,0.0,7866074.91,2
3191854000190,2011-04-04,1091565199.5,5.712124,1091547174.49,5142432.11,0.0,2
3191854000190,2011-04-05,1089084814.81,5.710328,1089067281.02,8718.5,2145408.85,2
3191854000190,2011-04-06,1091120735.44,5.712761,1091104763.0,1573462.97,0.0,2
3191854000190,2011-04-07,1093408715.05,5.7157870000000015,1093391041.36,1708329.62,0.0,2
3191854000190,2011-04-08,1098624200.42,5.720033,1098609665.78,4406393.59,0.0,2
3191854000190,2011-04-11,1102334788.81,5.7212,1102309878.61,3476074.7,0.0,2
3191854000190,2011-04-12,1102218799.6,5.726254,1102222087.54,138114.55,1199665.34,2
3191854000190,2011-04-13,1112845218.87,5.728159,1112840656.78,10321705.8,69821.85,2
3191854000190,2011-04-14,1116044705.84,5.729161,1116035942.4,3000621.62,0.0,2
3191854000190,2011-04-15,1115949029.78,5.729934,1115943256.66,0.0,243265.52,2
3191854000190,2011-04-18,1115869711.98,5.72981,1115847048.73,0.0,72058.09,2
3191854000190,2011-04-19,1117756101.53,5.733542,1117765801.84,1289479.34,97511.44,2
3191854000190,2011-04-20,1120111408.82,5.732051,1120099039.4,2623911.08,0.0,2
3191854000190,2011-04-25,1116804292.66,5.7251449999999995,1116783921.27,45421.93,2011039.86,2
3191854000190,2011-04-26,1130457251.53,5.7298160000000005,1130468394.42,12773317.58,0.0,2
3191854000190,2011-04-27,1136715211.5,5.734848,1136707817.71,5246631.03,0.0,2
3191854000190,2011-04-28,1139073672.51,5.740143,1139062894.82,1382663.03,77111.19,2
3191854000190,2011-04-29,1139752052.8,5.744905,1139734385.79,0.0,273471.11,2
3191854000190,2011-05-02,1137921917.04,5.752007,1140724991.29,0.0,418363.6,2
3191854000190,2011-05-03,1142719667.04,5.758806,1145533260.98,3459907.42,0.0,2
3191854000190,2011-05-04,1145757198.72,5.761672,1145743431.95,159915.41,519844.97,2
3191854000190,2011-05-05,1147681126.26,5.76473,1147672751.15,1349547.18,28329.83,2
3191854000190,2011-05-06,1147154044.02,5.7606230000000025,1147146308.06,291200.05,0.0,2
3191854000190,2011-05-09,1150260461.59,5.762511,1150244352.83,2874299.17,152222.81,2
3191854000190,2011-05-10,1153643839.48,5.765676,1153636097.82,3002282.25,242297.15,2
3191854000190,2011-05-11,1163099395.76,5.772869,1163096775.15,8021452.42,0.0,2
3191854000190,2011-05-12,1167919362.47,5.775684,1167905891.24,4562060.94,320100.87,2
3191854000190,2011-05-13,1171898038.51,5.781433,1171883553.36,2856335.91,41183.89,2
3191854000190,2011-05-16,1175452587.49,5.78734,1175435959.23,2413324.1,58253.93,2
3191854000190,2011-05-17,1180888234.05,5.7912120000000025,1180885210.06,4789386.78,126557.35,2
3191854000190,2011-05-18,1184986398.69,5.788462,1184971296.51,5049652.6,402814.05,2
3191854000190,2011-05-19,1181918210.83,5.788742,1181897091.47,0.0,3131524.57,2
3191854000190,2011-05-20,1184015156.59,5.7880949999999975,1183990358.92,2270120.19,44753.67,2
3191854000190,2011-05-23,1191761496.36,5.789062,1191743298.63,7628983.31,73849.39,2
3191854000190,2011-05-24,1189707653.77,5.787733,1189688958.18,0.0,1780750.9,2
3191854000190,2011-05-25,1191843457.96,5.791796,1191836534.43,1376982.77,64570.52,2
3191854000190,2011-05-26,1195397355.79,5.795511,1195388647.91,2787640.29,0.0,2
3191854000190,2011-05-27,1202852275.18,5.800458,1202832961.93,6429818.86,5878.65,2
3191854000190,2011-05-30,1197514522.75,5.803317,1197488279.29,0.0,5937549.51,2
3191854000190,2011-05-31,1190466470.24,5.80805,1190465704.46,0.0,7999208.03,2
3191854000190,2011-06-01,1192752055.17,5.810074,1192739910.94,1859350.79,0.0,2
3191854000190,2011-06-02,1187173390.34,5.809702,1187150377.34,0.0,5513166.37,2
3191854000190,2011-06-03,1188550787.72,5.811282,1188525339.9,1141950.91,89844.42,2
3191854000190,2011-06-06,1189423082.1,5.811572,1189396853.19,812202.39,0.0,2
3191854000190,2011-06-07,1187447281.44,5.814271,1187444613.45,0.0,2504617.33,2
3191854000190,2011-06-08,1189003064.97,5.819561,1188995910.8,470924.24,0.0,2
3191854000190,2011-06-09,1203668505.17,5.820901999999999,1203647386.41,14584511.51,207015.93,2
3191854000190,2011-06-10,1205375062.84,5.822496,1205353514.19,1461042.95,84522.83,2
3191854000190,2011-06-13,1205288461.26,5.825033,1205264394.87,223269.9,837590.42,2
3191854000190,2011-06-14,1201068805.81,5.827391,1201054183.54,0.0,4698107.86,2
3191854000190,2011-06-15,1207979589.27,5.831853,1207973076.01,5999252.14,0.0,2
3191854000190,2011-06-16,1209953494.88,5.833735,1209929594.47,1750436.76,183743.86,2
3191854000190,2011-06-17,1212842678.4,5.8363,1212817040.1,2413121.0,57662.06,2
3191854000190,2011-06-20,1210587710.92,5.838099,1210557823.78,0.0,2633058.97,2
3191854000190,2011-06-21,1211813857.52,5.8411940000000016,1211791713.54,672919.05,80792.37,2
3191854000190,2011-06-22,1213870212.59,5.843854,1213854928.89,1708849.15,197467.2,2
3191854000190,2011-06-24,1215816930.83,5.8457620000000015,1215808473.26,1636143.07,78918.53,2
3191854000190,2011-06-27,1217642356.46,5.847285,1217621073.72,1526063.73,30218.6,2
3191854000190,2011-06-28,1212669521.64,5.847528,1212649360.25,0.0,5022315.06,2
3191854000190,2011-06-29,1216361705.29,5.850104,1216338470.81,3211658.31,41882.31,2
3191854000190,2011-06-30,1216880957.5,5.8494720000000004,1216841916.22,754882.3,120033.09,2
3191854000190,2011-07-01,1216807478.61,5.8522,1216787537.51,0.0,621873.46,2
3191854000190,2011-07-04,1220009859.07,5.856097,1219981802.47,2462121.33,78119.36,2
3191854000190,2011-07-05,1220837671.47,5.856751,1220817175.94,699127.76,0.0,2
3191854000190,2011-07-06,1223043169.96,5.85939,1223032271.81,1665006.48,0.0,2
3191854000190,2011-07-07,1223557020.22,5.862108,1223524412.11,73743.18,148931.85,2
3191854000190,2011-07-08,1227719618.54,5.864731,1227703473.76,3869411.77,237816.08,2
3191854000190,2011-07-11,1230270936.91,5.867769,1230248323.36,1920209.95,11325.26,2
3191854000190,2011-07-12,1225127487.76,5.869585,1225125988.25,0.0,5503081.34,2
3191854000190,2011-07-13,1225763170.98,5.876794,1225754894.99,0.0,875787.92,2
3191854000190,2011-07-14,1225099123.68,5.880196,1225091156.14,0.0,1373312.5,2
3191854000190,2011-07-15,1231555141.13,5.882385,1231534690.69,6067044.24,79570.09,2
3191854000190,2011-07-18,1231344059.66,5.887059,1231324784.0,0.0,1188454.18,2
3191854000190,2011-07-19,1235313930.78,5.889899,1235315250.0,3552386.07,155928.45,2
3191854000190,2011-07-20,1238420253.19,5.89118,1238409318.07,3397477.3,572079.18,2
3191854000190,2011-07-21,1242264354.83,5.895729,1242243625.01,2944012.44,65969.61,2
3191854000190,2011-07-22,1247519438.94,5.898383,1247506931.96,5676611.24,972508.18,2
3191854000190,2011-07-25,1247949753.7,5.898472,1247907305.73,381550.28,0.0,2
3191854000190,2011-07-26,1246084904.53,5.905775,1246095082.6,0.0,3357278.69,2
3191854000190,2011-07-27,1242953557.85,5.910811,1242934784.09,29129.04,4252003.57,2
3191854000190,2011-07-28,1243281083.36,5.914788,1243221601.09,0.0,549472.91,2
3191854000190,2011-07-29,1247425609.66,5.917462,1247426024.06,3720008.45,77630.06,2
3191854000190,2011-08-01,1248812853.5,5.923728,1248827509.3,117410.97,36825.03,2
3191854000190,2011-08-02,1252349599.71,5.930448999999999,1252382429.89,2432429.09,294415.17,2
3191854000190,2011-08-03,1257494095.85,5.933029,1257479705.13,4597322.85,44887.76,2
3191854000190,2011-08-04,1245401956.78,5.938785,1245370295.49,67307.64,13396676.46,2
3191854000190,2011-08-05,1243407833.8,5.939821,1243369752.41,1103.73,2218897.24,2
3191854000190,2011-08-08,1246183788.02,5.9471110000000005,1246105158.94,1209406.75,0.0,2
3191854000190,2011-08-09,1249890182.17,5.9541580000000005,1249851386.85,2649838.3,380176.59,2
3191854000190,2011-08-10,1251631781.21,5.95696,1251744390.88,1304829.58,0.0,2
3191854000190,2011-08-11,1238420315.23,5.956471,1238644682.01,0.0,12996954.6,2
3191854000190,2011-08-12,1244575148.97,5.968848,1244096682.98,3160264.1,282053.08,2
3191854000190,2011-08-15,1244228647.7,5.978461,1244145829.66,0.0,1954506.52,2
3191854000190,2011-08-16,1250005914.1,5.990781,1249861146.09,3266754.03,115287.49,2
3191854000190,2011-08-17,1263191433.52,6.005766,1262884804.64,9968353.41,71026.68,2
3191854000190,2011-08-18,1268058274.16,6.0181379999999995,1267747375.57,2261002.56,0.0,2
3191854000190,2011-08-19,1273103890.36,6.028534,1273156262.94,3218924.0,0.0,2
3191854000190,2011-08-22,1276354253.28,6.032625,1276401109.24,2574046.86,193172.18,2
3191854000190,2011-08-23,1282545283.36,6.0433660000000025,1282662951.81,3989229.18,0.0,2
3191854000190,2011-08-24,1286308745.25,6.0516239999999994,1286380371.94,1964716.31,0.0,2
3191854000190,2011-08-25,1290976954.28,6.057434,1290939469.65,3387924.2,63845.38,2
3191854000190,2011-08-26,1298916324.03,6.078462,1298490924.16,3070858.82,819.24,2
3191854000190,2011-08-29,1304264174.57,6.098288,1303736585.44,1010398.96,0.0,2
3191854000190,2011-08-30,1302211228.61,6.101872,1302623140.54,0.0,1879658.62,2
3191854000190,2011-08-31,1311688428.25,6.113398999999999,1311949767.34,6865851.32,0.0,2
3191854000190,2011-09-01,1330452352.03,6.162125,1329063397.91,6656916.65,0.0,2
3191854000190,2011-09-02,1327683382.07,6.147566,1328613744.41,2690470.08,0.0,2
3191854000190,2011-09-05,1333261191.99,6.152202,1332862828.18,3247150.1,0.0,2
3191854000190,2011-09-06,1337486111.07,6.155632,1337015025.15,3409094.0,0.0,2
3191854000190,2011-09-08,1338923274.46,6.153766,1339414689.13,2804962.74,0.0,2
3191854000190,2011-09-09,1345435630.11,6.162938,1344894586.26,3483540.5,0.0,2
3191854000190,2011-09-12,1349195994.12,6.170482,1349221872.99,2681012.69,0.0,2
3191854000190,2011-09-13,1354626466.09,6.170326,1355011506.16,5823743.72,0.0,2
3191854000190,2011-09-14,1358824625.91,6.1699730000000015,1359188603.22,4254616.31,0.0,2
3191854000190,2011-09-15,1367104144.26,6.178711,1367071760.51,5958255.83,0.0,2
3191854000190,2011-09-16,1368250096.48,6.182956,1368374925.8,1456196.1,1092259.02,2
3191854000190,2011-09-19,1372412763.66,6.18141,1372714762.81,4681988.5,0.0,2
3191854000190,2011-09-20,1376642218.5,6.180741,1376937220.53,4371023.52,0.0,2
3191854000190,2011-09-21,1383909838.82,6.171925,1384386795.23,9413591.4,0.0,2
3191854000190,2011-09-22,1384599160.52,6.169149,1385308691.76,1544564.13,0.0,2
3191854000190,2011-09-23,1392999272.66,6.188708,1391860788.4,2160039.85,0.0,2
3191854000190,2011-09-26,1402498673.66,6.2058849999999985,1401618445.41,5894493.2,0.0,2
3191854000190,2011-09-27,1400178420.66,6.197566,1400476193.76,842570.01,105949.62,2
3191854000190,2011-09-28,1404379550.12,6.2042699999999975,1404173894.3,2192777.74,9993.28,2
3191854000190,2011-09-29,1408894478.18,6.203784,1408761427.97,4697527.03,0.0,2
3191854000190,2011-09-30,1423365402.42,6.211329,1423250094.12,12775340.06,0.0,2
3191854000190,2011-10-03,1429982262.13,6.2304699999999995,1429610288.43,1974268.19,0.0,2
3191854000190,2011-10-04,1430767648.56,6.227964,1430967306.3,1932031.21,0.0,2
3191854000190,2011-10-05,1437497005.12,6.237026999999999,1437266769.96,4217104.68,0.0,2
3191854000190,2011-10-06,1435226443.8,6.2365660000000025,1435338314.43,748351.78,2570574.01,2
3191854000190,2011-10-07,1441223337.89,6.239668,1441051622.43,4999386.35,0.0,2
3191854000190,2011-10-10,1445657682.62,6.240662,1445695494.91,4414308.13,0.0,2
3191854000190,2011-10-11,1452991024.73,6.249507,1452616654.76,4872150.2,0.0,2
3191854000190,2011-10-13,1457819736.51,6.2477620000000025,1458068447.94,5857395.74,0.0,2
3191854000190,2011-10-14,1462562545.1,6.241797,1462910906.6,6234537.65,0.0,2
3191854000190,2011-10-17,1465322390.65,6.242945,1465400172.28,2220205.07,0.0,2
3191854000190,2011-10-18,1469718346.24,6.2500279999999995,1469361048.49,2298290.77,0.0,2
3191854000190,2011-10-19,1474744563.04,6.252244,1474422786.7,4540763.88,0.0,2
3191854000190,2011-10-20,1476259574.5,6.237674,1476629509.83,5753368.3,110704.4,2
3191854000190,2011-10-21,1480182181.38,6.2427230000000025,1480046997.2,2222249.78,0.0,2
3191854000190,2011-10-24,1481964722.16,6.243423,1482094544.76,1881589.06,0.0,2
3191854000190,2011-10-25,1485566282.23,6.243868,1485540910.81,3340729.75,0.0,2
3191854000190,2011-10-26,1490076486.33,6.251312,1489770561.29,2947404.55,488830.36,2
3191854000190,2011-10-27,1492543953.39,6.252561,1493075208.69,3006994.13,0.0,2
3191854000190,2011-10-28,1493783668.31,6.257551,1493540781.24,0.0,726010.42,2
3191854000190,2011-10-31,1493066244.09,6.261941,1492869427.12,0.0,1719151.26,2
3191854000190,2011-11-01,1498383679.47,6.255623,1498383573.63,7020380.6,0.0,2
3191854000190,2011-11-03,1499875495.52,6.257086,1499795823.28,1061823.3,0.0,2
3191854000190,2011-11-04,1504493008.6,6.264734,1504233064.58,2604049.54,0.0,2
3191854000190,2011-11-07,1507918169.73,6.273185,1507536182.09,1273937.39,0.0,2
3191854000190,2011-11-08,1508967767.85,6.279616000000001,1508686148.78,98740.55,494235.24,2
3191854000190,2011-11-09,1511681041.41,6.2943190000000016,1511572114.41,0.0,646449.8,2
3191854000190,2011-11-10,1513564131.12,6.293634,1513931750.65,2524138.06,0.0,2
3191854000190,2011-11-11,1523126381.97,6.301565,1523015037.34,7294830.38,119343.34,2
3191854000190,2011-11-14,1528574038.93,6.309299,1528703644.08,3819388.8,0.0,2
3191854000190,2011-11-16,1537737469.33,6.317044,1537539344.98,6959135.88,0.0,2
3191854000190,2011-11-17,1542048818.46,6.318122,1541742882.84,3941157.63,0.0,2
3191854000190,2011-11-18,1547842158.99,6.3201870000000016,1547674944.07,5428161.64,0.0,2
3191854000190,2011-11-21,1548373173.39,6.316753,1548609647.98,2279183.13,503568.06,2
3191854000190,2011-11-22,1551540709.19,6.313846,1551715429.47,3818459.07,0.0,2
3191854000190,2011-11-23,1553831162.3,6.319855,1553873039.44,842605.64,161790.96,2
3191854000190,2011-11-24,1556758230.66,6.329201,1556772779.18,601823.49,0.0,2
3191854000190,2011-11-25,1565809463.73,6.333253,1565486580.17,7717143.86,0.0,2
3191854000190,2011-11-28,1569178445.29,6.333812,1568877129.47,3252372.75,0.0,2
3191854000190,2011-11-29,1574313309.71,6.338892,1574383960.58,4248521.61,0.0,2
3191854000190,2011-11-30,1567834318.32,6.349011,1567454179.97,284289.16,9727315.19,2
3191854000190,2011-12-01,1568628976.63,6.346235,1568887036.27,2118199.7,0.0,2
3191854000190,2011-12-02,1575555662.21,6.349667,1575765461.12,6029981.58,0.0,2
3191854000190,2011-12-05,1577705853.62,6.348518,1578045843.28,2565523.8,0.0,2
3191854000190,2011-12-06,1584665355.1,6.353175,1584578811.44,6196173.52,820791.98,2
3191854000190,2011-12-07,1605724857.61,6.362179,1605521236.98,18696690.51,0.0,2
3191854000190,2011-12-08,1604523392.15,6.363398,1604557616.52,0.0,1271239.97,2
3191854000190,2011-12-09,1605028179.24,6.363391,1604924145.93,375119.63,6825.14,2
3191854000190,2011-12-12,1602889806.66,6.369032,1602778984.95,0.0,3567889.37,2
3191854000190,2011-12-13,1606609083.73,6.370424,1606656660.42,3527376.03,0.0,2
3191854000190,2011-12-14,1612481559.63,6.370191,1612520683.79,5922787.27,0.0,2
3191854000190,2011-12-15,1612519758.0,6.369611,1612573037.32,656491.26,457319.21,2
3191854000190,2011-12-16,1648159386.87,6.369421,1648319412.09,35794476.43,0.0,2
3191854000190,2011-12-19,1654506561.59,6.370403,1654515852.9,5942312.57,0.0,2
3191854000190,2011-12-20,1656231238.27,6.376348999999999,1656206347.71,146204.54,0.0,2
3191854000190,2011-12-21,1657083597.87,6.3801239999999995,1657104497.28,279771.74,362148.63,2
3191854000190,2011-12-22,1656989936.37,6.369206,1656816827.4,2548053.5,0.0,2
3191854000190,2011-12-23,1657774425.11,6.363251999999999,1657660860.23,2392842.43,0.0,2
3191854000190,2011-12-26,1657467892.04,6.358607,1657311642.12,877493.43,16664.43,2
3191854000190,2011-12-27,1661914288.11,6.364747,1661950710.34,3038734.45,0.0,2
3191854000190,2011-12-28,1666880122.66,6.368366,1666892046.11,3996349.32,0.0,2
3191854000190,2011-12-29,1671337077.44,6.374871,1671323238.72,2728537.2,0.0,2
3191854000190,2011-12-30,1660825804.14,6.377592,1660804709.23,0.0,11231904.01,2
3191854000190,2012-01-02,1670896182.41,6.383975,1670848967.83,8382045.58,0.0,2
3191854000190,2012-01-03,1681024032.05,6.3856730000000015,1680983121.82,9689744.11,0.0,2
3191854000190,2012-01-04,1685593214.94,6.38098,1685495856.22,5748133.36,0.0,2
3191854000190,2012-01-05,1685425920.15,6.378796,1685408178.29,513409.01,40412.48,2
3191854000190,2012-01-06,1694988923.43,6.388221,1695078699.31,7180243.52,0.0,2
3191854000190,2012-01-09,1698224575.77,6.3915120000000005,1698227420.47,2275472.72,0.0,2
3191854000190,2012-01-10,1703990766.0,6.397288,1704006404.51,4691394.65,447096.23,2
3191854000190,2012-01-11,1704666525.46,6.399239,1704672758.84,645675.26,498996.84,2
3191854000190,2012-01-12,1707953494.1,6.398702,1707922657.38,3392948.24,0.0,2
3191854000190,2012-01-13,1711964554.65,6.403589,1711948204.4,2721123.39,0.0,2
3191854000190,2012-01-16,1713884835.8,6.406774,1713820294.87,1378356.9,357750.65,2
3191854000190,2012-01-17,1718938573.11,6.407116,1718911407.09,5177694.01,178067.24,2
3191854000190,2012-01-18,1725423830.48,6.4129580000000015,1725436675.75,4976218.28,18250.79,2
3191854000190,2012-01-19,1728197137.14,6.422517,1728242795.59,568091.29,333865.6,2
3191854000190,2012-01-20,1731368451.05,6.433497,1731362964.55,493913.4,328365.8,2
3191854000190,2012-01-23,1733737033.49,6.430808,1733688321.37,3049012.24,0.0,2
3191854000190,2012-01-24,1736152421.19,6.433821,1736153750.24,1653151.01,0.0,2
3191854000190,2012-01-25,1740022499.67,6.4363550000000025,1740016224.56,3178679.48,0.0,2
3191854000190,2012-01-26,1746513237.1,6.454813,1746568612.39,1562417.65,0.0,2
3191854000190,2012-01-27,1753887507.84,6.4663650000000015,1753872965.73,4178567.87,0.0,2
3191854000190,2012-01-30,1765400942.62,6.479456,1765398552.83,7974913.57,0.0,2
3191854000190,2012-01-31,1773049153.87,6.480748,1773034361.62,7283789.27,0.0,2
3191854000190,2012-02-01,1782440251.82,6.487545,1782423641.17,7529723.43,0.0,2
3191854000190,2012-02-02,1790508236.63,6.496313,1790474838.04,5642228.52,0.0,2
3191854000190,2012-02-03,1795370586.84,6.496608,1795456342.26,4900198.09,0.0,2
3191854000190,2012-02-06,1800707375.31,6.497747,1800596431.75,4825306.01,0.0,2
3191854000190,2012-02-07,1805647082.81,6.504563,1805579231.05,3094011.5,0.0,2
3191854000190,2012-02-08,1813963326.96,6.510262,1813794459.13,6633262.3,0.0,2
3191854000190,2012-02-09,1827152587.48,6.519604,1826933270.33,10536079.1,0.0,2
3191854000190,2012-02-10,1837505553.12,6.529089,1837648020.77,8056849.42,0.0,2
3191854000190,2012-02-13,1843429504.12,6.528996,1843561089.72,5939244.31,0.0,2
3191854000190,2012-02-14,1857269022.16,6.536036,1857388234.83,11839294.28,0.0,2
3191854000190,2012-02-15,1869306324.67,6.537602,1869342990.92,11509735.59,0.0,2
3191854000190,2012-02-16,1878582930.21,6.5433879999999975,1878476472.84,7479049.82,0.0,2
3191854000190,2012-02-17,1893074292.23,6.55015,1893028147.59,12610439.12,0.0,2
3191854000190,2012-02-22,1900945661.74,6.553548,1900926219.06,6916031.41,0.0,2
3191854000190,2012-02-23,1907782204.37,6.55857,1907687319.82,5304416.3,0.0,2
3191854000190,2012-02-24,1916638735.01,6.5548759999999975,1916416424.36,9803576.1,0.0,2
3191854000190,2012-02-27,1924756376.8,6.554857000000001,1924759067.26,8348197.82,0.0,2
3191854000190,2012-02-28,1939664387.41,6.56497,1939792989.1,12064354.62,0.0,2
3191854000190,2012-02-29,1950918696.14,6.568239999999999,1950861431.01,10102234.43,0.0,2
3191854000190,2012-03-01,1974431061.55,6.5756320000000015,1974345500.79,21288539.81,0.0,2
3191854000190,2012-03-02,1993065645.99,6.588556,1993099735.2,14873779.83,0.0,2
3191854000190,2012-03-05,2003297215.96,6.592978,2003325487.16,8888055.65,0.0,2
3191854000190,2012-03-06,2014039251.53,6.5943320000000005,2014143056.71,10406146.55,0.0,2
3191854000190,2012-03-07,2024399414.67,6.600663000000001,2024341024.68,8264255.85,0.0,2
3191854000190,2012-03-08,2044527941.56,6.6196990000000016,2044608121.61,14428993.12,0.0,2
3191854000190,2012-03-09,2070099390.07,6.6321850000000016,2070113886.3,21649248.4,0.0,2
3191854000190,2012-03-12,2087605897.69,6.632594,2087514519.77,17272971.67,0.0,2
3191854000190,2012-03-13,2115449540.94,6.6320320000000015,2115372308.2,28034669.92,0.0,2
3191854000190,2012-03-14,2127916175.31,6.629173,2127846844.93,13386451.72,0.0,2
3191854000190,2012-03-15,2138208053.28,6.622235000000001,2137934403.99,12314533.88,0.0,2
3191854000190,2012-03-16,2148693372.06,6.619945,2148468522.07,11273425.84,0.0,2
3191854000190,2012-03-19,2155910328.49,6.614142,2155628033.64,9042844.85,0.0,3
3191854000190,2012-03-20,2173132891.49,6.61747,2173311532.31,16598863.64,0.0,3
3191854000190,2012-03-21,2183373627.36,6.621742,2183501568.87,8787025.0,0.0,3
3191854000190,2012-03-22,2190492619.0,6.624194,2190608869.94,6298760.67,0.0,3
3191854000190,2012-03-23,2220777196.47,6.627736,2220828290.52,29048087.64,0.0,3
3191854000190,2012-03-26,2241745003.22,6.630514,2241584261.47,19825115.97,0.0,3
3191854000190,2012-03-27,2252808367.9,6.635398,2252912346.9,9676946.83,0.0,3
3191854000190,2012-03-28,2273107909.0,6.6387800000000015,2273117590.12,19056954.96,0.0,3
3191854000190,2012-03-29,2295221937.4,6.639308,2295092215.54,21793838.27,0.0,3
3191854000190,2012-03-30,2307614455.69,6.64052,2307576768.29,12065585.62,0.0,3
3191854000190,2012-04-02,2336575577.55,6.647330999999999,2336762386.34,26818799.57,0.0,3
3191854000190,2012-04-03,2362589147.36,6.646756,2362488996.38,25928742.04,0.0,3
3191854000190,2012-04-04,2388224888.59,6.653882,2388379508.57,23357683.14,0.0,3
3191854000190,2012-04-05,2408131474.8,6.655009,2408280502.35,19496462.44,0.0,3
3191854000190,2012-04-09,2420738878.73,6.661366,2420837273.57,10256332.68,0.0,3
3191854000190,2012-04-10,2434604477.78,6.6653910000000005,2434589113.41,12289096.3,0.0,3
3191854000190,2012-04-11,2454566794.52,6.670364,2454484103.61,18078560.86,0.0,3
3191854000190,2012-04-12,2471219317.7,6.676595,2471262537.15,14485621.56,0.0,3
3191854000190,2012-04-13,2490700084.44,6.679898,2490614332.42,18412525.44,283296.49,3
3191854000190,2012-04-16,2504061559.38,6.681792999999999,2504029842.83,12708955.58,0.0,3
3191854000190,2012-04-17,2519178552.0,6.686791,2519204799.63,13301935.4,0.0,3
3191854000190,2012-04-18,2534361870.74,6.690441000000001,2534376884.37,13796971.1,0.0,3
3191854000190,2012-04-19,2559725845.58,6.703219,2559956606.05,20739343.0,0.0,3
3191854000190,2012-04-20,2576396415.5,6.7074570000000024,2576308274.75,14733178.22,0.0,3
3191854000190,2012-04-23,2593632810.4,6.7093039999999995,2593633513.54,16615813.23,0.0,3
3191854000190,2012-04-24,2614278623.3,6.717817999999999,2614342344.37,17417551.17,0.0,3
3191854000190,2012-04-25,2631255333.69,6.723338,2631221545.33,14731007.93,0.0,3
3191854000190,2012-04-26,2670927812.37,6.734496000000001,2670970402.18,35382101.81,0.0,3
3191854000190,2012-04-27,2699742481.53,6.741538,2700009449.61,26246117.77,0.0,3
3191854000190,2012-04-30,2738764520.09,6.743521,2738565011.19,37761363.17,0.0,3
3191854000190,2012-05-02,2770643360.45,6.760611,2771369490.78,25864177.02,0.0,3
3191854000190,2012-05-03,2799662166.23,6.766050999999999,2799733446.44,26133942.71,0.0,3
3191854000190,2012-05-04,2844014629.74,6.786934,2844729698.18,36355046.76,0.0,3
3191854000190,2012-05-07,2869807785.22,6.801678,2869909910.97,19000294.9,0.0,3
3191854000190,2012-05-08,2890337994.52,6.792714,2889826950.47,23699322.7,0.0,3
3191854000190,2012-05-09,2910845082.81,6.784328,2910285274.68,24025983.43,0.0,3
3191854000190,2012-05-10,2940544303.75,6.804454,2940803982.8,21885222.03,0.0,3
3191854000190,2012-05-11,2980452536.57,6.814429,2980550396.27,35435337.25,0.0,3
3191854000190,2012-05-14,3015409251.8,6.82032,3015726597.39,32599547.6,0.0,3
3191854000190,2012-05-15,3052992326.54,6.822898,3053146954.48,36280448.23,0.0,3
3191854000190,2012-05-16,3098211182.98,6.83299,3098433417.55,40770440.82,0.0,3
3191854000190,2012-05-17,3144937461.09,6.839034,3144999602.82,43825520.99,0.0,3
3191854000190,2012-05-18,3199748530.08,6.845629,3199906953.14,51874572.23,0.0,3
3191854000190,2012-05-21,3224183473.91,6.833897,3223753618.61,29330647.78,0.0,3
3191854000190,2012-05-22,3246330512.09,6.789581,3245487238.24,42638802.33,0.0,3
3191854000190,2012-05-23,3286020528.48,6.797147,3286536951.57,37433090.07,0.0,3
3191854000190,2012-05-24,3295486552.8,6.7681869999999975,3293611775.72,21077479.98,0.0,3
3191854000190,2012-05-25,3309777573.27,6.7789410000000005,3310451893.35,12748863.67,1141979.26,3
3191854000190,2012-05-28,3319611696.01,6.7836240000000005,3319385119.08,6646313.02,0.0,3
3191854000190,2012-05-29,3344778594.89,6.798577000000001,3345976104.31,19274134.28,0.0,3
3191854000190,2012-05-30,3362888890.71,6.803674000000001,3362829682.22,14345047.03,0.0,3
3191854000190,2012-05-31,3367129247.24,6.801997,3367643641.57,7587480.59,1944635.93,3
3191854000190,2012-06-01,3393072300.78,6.798361999999999,3393125026.9,27281060.42,0.0,3
3191854000190,2012-06-04,3386405176.19,6.762003999999999,3385619538.85,10641124.28,0.0,3
3191854000190,2012-06-05,3391457086.32,6.76668,3391268761.33,3869214.21,561184.81,3
3191854000190,2012-06-06,3423968319.76,6.7696119999999995,3424376458.0,33539226.79,1900965.66,3
3191854000190,2012-06-08,3399473089.74,6.789535000000001,3400293043.3,870893.48,35032264.23,3
3191854000190,2012-06-11,3373403578.4,6.770741,3373406367.69,0.0,17474380.44,3
3191854000190,2012-06-12,3367965714.93,6.778005,3368191210.2,0.0,8834321.74,3
3191854000190,2012-06-13,3369734841.22,6.78633,3370053138.55,459256.53,2734266.97,3
3191854000190,2012-06-14,3374650757.25,6.793214,3374593771.7,7143099.71,6021022.08,3
3191854000190,2012-06-15,3354116936.59,6.779309,3353546224.97,0.0,14140105.5,3
3191854000190,2012-06-18,3354340695.73,6.7860119999999995,3354281003.33,356129.09,2937148.89,3
3191854000190,2012-06-19,3353439677.32,6.797511,3353574929.07,0.0,6389954.16,3
3191854000190,2012-06-20,3357029034.15,6.8049919999999995,3356862352.38,596241.01,999594.22,3
3191854000190,2012-06-21,3333605689.8,6.817621000000001,3333737264.59,0.0,29354898.88,3
3191854000190,2012-06-22,3335193165.78,6.818009,3335082947.1,3340225.44,2184270.41,3
3191854000190,2012-06-25,3335721498.45,6.834814999999999,3336074719.08,0.0,7229015.63,3
3191854000190,2012-06-26,3343019928.31,6.836931,3343119630.33,9295437.92,3283346.74,3
3191854000190,2012-06-27,3339709338.62,6.833894,3339591212.12,146450.08,2189837.3,3
3191854000190,2012-06-28,3340093848.59,6.832072999999999,3340310653.88,2887946.27,1278617.19,3
3191854000190,2012-06-29,3352745368.19,6.844023,3352636853.18,8833709.76,2350058.15,3
3191854000190,2012-07-02,3359651774.0,6.8549690000000005,3359460652.2,1488058.61,26305.13,3
3191854000190,2012-07-03,3353228787.28,6.858809,3353303451.01,2570448.45,10609544.2,3
3191854000190,2012-07-04,3345441446.69,6.852291,3345152198.78,0.0,4964571.87,3
3191854000190,2012-07-05,3331043544.44,6.845528999999999,3331061291.44,0.0,10789833.4,3
3191854000190,2012-07-06,3327430916.87,6.857322,3327573070.03,0.0,9226741.5,3
3191854000190,2012-07-09,3325191166.91,6.858909,3325315528.21,0.0,3027646.89,3
3191854000190,2012-07-10,3337248230.13,6.87213,3337664779.08,7242065.68,1302580.07,3
3191854000190,2012-07-11,3351247053.04,6.894309,3351609538.24,3700916.43,528082.0,3
3191854000190,2012-07-12,3350875142.33,6.8923960000000015,3350654332.02,831956.73,857174.31,3
3191854000190,2012-07-13,3360696433.18,6.906275,3360657788.51,3945982.7,689632.94,3
3191854000190,2012-07-16,3372541297.41,6.923531,3372699115.08,3873673.02,229276.9,3
3191854000190,2012-07-17,3373336261.7,6.923146000000001,3372724451.15,946539.97,733656.66,3
3191854000190,2012-07-18,3382524499.58,6.931713,3382752812.22,5854806.09,0.0,3
3191854000190,2012-07-19,3397198312.38,6.9491380000000005,3397354847.76,6222382.67,123940.37,3
3191854000190,2012-07-20,3414786139.38,6.968992,3414338533.1,7277289.64,0.0,3
3191854000190,2012-07-23,3426145796.91,6.984586,3426792096.91,4813549.99,0.0,3
3191854000190,2012-07-24,3435002087.72,6.9740800000000025,3435703968.96,14066347.59,0.0,3
3191854000190,2012-07-25,3447979394.02,6.981508,3447295041.55,7931749.91,0.0,3
3191854000190,2012-07-26,3445486760.9,6.975381,3445693478.56,1512556.79,88759.54,3
3191854000190,2012-07-27,3452037078.66,6.949922999999999,3453003208.09,19885453.28,0.0,3
3191854000190,2012-07-30,3463143000.73,6.953962,3463183297.9,8173351.02,0.0,3
3191854000190,2012-07-31,3491714201.9,6.9614210000000005,3490858238.09,23960239.96,0.0,3
3191854000190,2012-08-01,3509124832.77,6.975747999999999,3508893128.5,10850505.77,0.0,3
3191854000190,2012-08-02,3525053322.45,6.982400999999999,3524941415.06,12701739.92,0.0,3
3191854000190,2012-08-03,3546558700.88,6.9806880000000024,3547012369.96,22935732.58,0.0,3
3191854000190,2012-08-06,3556432931.9,6.988385000000001,3556552185.75,5628832.48,0.0,3
3191854000190,2012-08-07,3584161991.83,7.006757,3584042354.89,18140229.66,0.0,3
3191854000190,2012-08-08,3605770705.25,7.0199880000000014,3606229425.59,15419251.51,0.0,3
3191854000190,2012-08-09,3617978166.78,7.01823,3618399738.97,13073413.39,0.0,3
3191854000190,2012-08-10,3623614952.22,7.002331,3624342699.54,14140032.68,0.0,3
3191854000190,2012-08-13,3645415322.61,7.005973,3645115744.07,18887978.52,0.0,3
3191854000190,2012-08-14,3660795877.14,7.001769,3661033269.52,18104811.43,0.0,3
3191854000190,2012-08-15,3680611041.15,7.0101910000000025,3679780357.03,14343454.33,0.0,3
3191854000190,2012-08-16,3701626991.07,6.988238000000001,3702441118.52,34184301.73,0.0,3
3191854000190,2012-08-17,3720169015.8,6.9951880000000015,3719837777.18,13714476.43,0.0,3
3191854000190,2012-08-20,3721198709.4,6.977792999999999,3722052949.88,11465328.38,0.0,3
3191854000190,2012-08-21,3743196088.85,6.994565,3742621708.05,11622337.42,0.0,3
3191854000190,2012-08-22,3747660573.19,6.992883999999999,3748210096.61,6487850.78,0.0,3
3191854000190,2012-08-23,3758472061.79,6.9918679999999975,3758310473.33,10644956.24,0.0,3
3191854000190,2012-08-24,3767423735.82,6.9991449999999995,3766505873.81,5167816.72,883992.57,3
3191854000190,2012-08-27,3778823658.67,7.0123429999999995,3778287979.5,4679760.39,0.0,3
3191854000190,2012-08-28,3803268035.92,7.0244089999999995,3802971694.56,18182489.61,0.0,3
3191854000190,2012-08-29,3814453651.05,7.022349,3814325813.62,12469390.34,0.0,3
3191854000190,2012-08-30,3838243470.95,7.0333570000000005,3837462679.94,17766845.96,609189.53,3
3191854000190,2012-08-31,3867066438.5,7.045333,3866437858.34,22440965.35,0.0,3
3191854000190,2012-09-03,3885625039.63,7.050763000000001,3885272868.68,15855057.84,0.0,3
3191854000190,2012-09-04,3908139858.56,7.053816,3908587740.97,21632538.32,0.0,3
3191854000190,2012-09-05,3928266944.58,7.060646,3928172303.44,15799993.33,0.0,3
3191854000190,2012-09-06,3943554198.54,7.0537600000000005,3943869584.15,19528289.15,0.0,3
3191854000190,2012-09-10,3957675831.18,7.047378,3957965868.47,17664562.17,0.0,3
3191854000190,2012-09-11,3975071856.1,7.051898,3974868421.48,14364019.42,0.0,3
3191854000190,2012-09-12,3994934497.47,7.06375,3995433389.1,13904419.11,19942.41,3
3191854000190,2012-09-13,4007607565.72,7.069976,4008270684.0,9315713.82,0.0,3
3191854000190,2012-09-14,4022853427.66,7.072241,4023130433.04,13575624.01,0.0,3
3191854000190,2012-09-17,4043786184.83,7.081737,4043269504.93,14737156.61,0.0,3
3191854000190,2012-09-18,4048122705.76,7.0793550000000005,4048117963.39,6208445.13,0.0,3
3191854000190,2012-09-19,4071628308.01,7.077767999999999,4071529103.71,24318618.92,0.0,3
3191854000190,2012-09-20,4087286245.7,7.0894369999999975,4086810618.05,8568851.08,0.0,3
3191854000190,2012-09-21,4100806788.33,7.096848,4100919003.09,9836204.67,0.0,3
3191854000190,2012-09-24,4114501951.01,7.107106,4114230818.61,7384222.42,0.0,3
3191854000190,2012-09-25,4147280019.02,7.119522,4146719383.15,25301069.38,0.0,3
3191854000190,2012-09-26,4155886594.32,7.118992,4155724642.69,9313954.59,0.0,3
3191854000190,2012-09-27,4184697450.07,7.12855,4184321788.85,23017646.11,0.0,3
3191854000190,2012-09-28,4226411680.63,7.142194,4226080618.7,33750064.18,0.0,3
3191854000190,2012-10-01,4266994416.9,7.151622,4266750961.71,35091736.75,0.0,3
3191854000190,2012-10-02,4345210137.3,7.162736,4344770546.04,71388826.96,0.0,3
3191854000190,2012-10-03,4382748644.55,7.166842999999999,4382871372.69,35609603.64,0.0,3
3191854000190,2012-10-04,4413612003.7,7.1751059999999995,4413366805.52,25442208.38,0.0,3
3191854000190,2012-10-05,4487649138.04,7.225534,4486307472.89,41922691.98,0.0,3
3191854000190,2012-10-08,4500869476.53,7.212153999999999,4500943595.62,22943715.49,0.0,3
3191854000190,2012-10-09,4547650473.27,7.219261,4547531229.29,42152314.31,0.0,3
3191854000190,2012-10-10,4607237154.75,7.2237740000000015,4607320583.33,56946541.11,0.0,3
3191854000190,2012-10-11,4693098022.13,7.246196,4692185247.51,70563920.25,0.0,3
3191854000190,2012-10-15,4760589553.63,7.247064999999999,4760476344.81,67728387.01,0.0,3
3191854000190,2012-10-16,4817603382.66,7.2524419999999985,4816621120.43,52612713.83,0.0,3
3191854000190,2012-10-17,4845676270.59,7.241444,4846207438.75,36890506.2,0.0,3
3191854000190,2012-10-18,4898350629.12,7.252416999999999,4897735909.98,44184986.38,0.0,3
3191854000190,2012-10-19,4947519289.47,7.264605,4947494593.25,41527826.53,0.0,3
3191854000190,2012-10-22,5008957011.15,7.278513,5008391613.33,51425100.43,0.0,3
3191854000190,2012-10-23,5061994385.26,7.288171000000001,5061768478.95,46731133.68,0.0,3
3191854000190,2012-10-24,5101873744.58,7.28414,5101188408.03,42219532.53,0.0,3
3191854000190,2012-10-25,5143519617.03,7.277881,5143261839.41,46456699.43,0.0,3
3191854000190,2012-10-26,5202725645.64,7.282289,5202158812.64,55781849.71,0.0,3
3191854000190,2012-10-29,5240686817.11,7.2834520000000005,5240537878.97,37548268.38,0.0,3
3191854000190,2012-10-30,5288112924.17,7.287856,5288245101.54,44538487.63,0.0,3
3191854000190,2012-10-31,5357974107.73,7.294389999999999,5357805034.58,64818704.12,0.0,3
3191854000190,2012-11-01,5437744655.58,7.294753,5438013951.5,79942289.65,0.0,3
3191854000190,2012-11-05,5477215092.55,7.299269000000002,5477021142.58,35640651.99,0.0,3
3191854000190,2012-11-06,5517940590.08,7.296880000000002,5518330712.14,43102160.49,0.0,3
3191854000190,2012-11-07,5569167332.07,7.302359,5569078272.73,46604017.85,0.0,3
3191854000190,2012-11-08,5619232314.24,7.3002660000000015,5619666638.36,52184573.21,0.0,3
3191854000190,2012-11-09,5675554744.92,7.29414,5675691997.74,60741088.6,0.0,3
3191854000190,2012-11-12,5708723060.23,7.283069,5708654561.33,41577093.34,0.0,3
3191854000190,2012-11-13,5729803593.56,7.266247,5730290312.49,34821262.23,0.0,3
3191854000190,2012-11-14,5735336777.65,7.238060000000001,5736033003.73,27971455.69,0.0,3
3191854000190,2012-11-16,5754850098.17,7.263149,5754322010.43,2803585.21,4397161.97,3
3191854000190,2012-11-19,5766358018.36,7.27778,5765911274.89,397936.75,400267.8,3
3191854000190,2012-11-20,5767103753.66,7.280237,5766725077.91,7849334.07,8982119.7,3
3191854000190,2012-11-21,5764841049.94,7.275253,5765442503.32,6461165.34,3795879.76,3
3191854000190,2012-11-22,5771212788.78,7.277049000000001,5771192308.31,4326523.24,0.0,3
3191854000190,2012-11-23,5800195907.65,7.290682,5799540396.02,17536196.12,0.0,3
3191854000190,2012-11-26,5813937111.96,7.302632000000001,5813595558.92,7054931.95,2505670.93,3
3191854000190,2012-11-27,5839215720.04,7.321211999999999,5838653768.9,10266747.74,0.0,3
3191854000190,2012-11-28,5841348191.43,7.3192949999999986,5841428552.07,9304187.25,5000599.94,3
3191854000190,2012-11-29,5855023486.43,7.32338,5855252300.53,10563566.2,0.0,3
3191854000190,2012-11-30,5873775503.58,7.342321000000001,5873462270.16,25337140.96,22271043.94,3
3191854000190,2012-12-03,5907351633.68,7.352308,5906953875.69,25502542.15,0.0,3
3191854000190,2012-12-04,5957413522.49,7.3819740000000005,5956054847.77,25266865.33,0.0,3
3191854000190,2012-12-05,5989727398.24,7.3821410000000025,5989440614.42,33251024.74,0.0,3
3191854000190,2012-12-06,6060510116.64,7.434252000000001,6058693156.61,26972702.25,0.0,3
3191854000190,2012-12-07,6082759598.12,7.42679,6083414449.83,30802600.15,0.0,3
3191854000190,2012-12-10,6079400102.61,7.411474,6079735712.08,15919070.95,7052203.44,3
3191854000190,2012-12-11,6084051679.18,7.398461,6084748377.03,19206567.57,3519156.83,3
3191854000190,2012-12-12,6126687969.06,7.417578999999999,6125972633.7,25500956.98,0.0,3
3191854000190,2012-12-13,6145834108.2,7.4372630000000015,6145091421.71,8863717.43,6001398.73,3
3191854000190,2012-12-14,6183974724.29,7.441099,6184171711.95,35910767.96,0.0,3
3191854000190,2012-12-17,6236723724.11,7.443558,6236466307.63,50250962.31,0.0,3
3191854000190,2012-12-18,6258024564.65,7.4396429999999985,6258319209.04,25133021.68,0.0,3
3191854000190,2012-12-19,6295532679.0,7.448342999999999,6295620189.22,29982433.15,0.0,3
3191854000190,2012-12-20,6294926228.37,7.430801,6295717768.23,16528262.77,1603524.3,3
3191854000190,2012-12-21,6347824042.94,7.4293559999999985,6347591193.04,53097695.53,0.0,3
3191854000190,2012-12-24,6346438780.27,7.432877,6346180358.05,8705861.52,13125014.95,3
3191854000190,2012-12-26,6387207733.57,7.447285000000001,6386481175.77,27999286.74,0.0,3
3191854000190,2012-12-27,6419099455.12,7.451542,6418454804.32,28323002.79,0.0,3
3191854000190,2012-12-28,6500633087.54,7.461807,6500327128.74,73030471.46,0.0,3
3191854000190,2012-12-31,6485256157.98,7.465446000000001,6484924468.31,0.0,18572762.56,3
3191854000190,2013-01-02,6590658107.26,7.486753999999999,6590475089.48,87041241.99,0.0,3
3191854000190,2013-01-03,6696495928.87,7.519978999999997,6696379771.44,76657222.4,0.0,3
3191854000190,2013-01-04,6788645028.59,7.529451,6788534475.49,83720091.49,0.0,3
3191854000190,2013-01-07,6857817406.56,7.534907,6857668208.67,64214617.01,0.0,3
3191854000190,2013-01-08,6876314534.05,7.521816,6876257467.49,30503637.39,0.0,3
3191854000190,2013-01-09,6980367187.55,7.542555,6980269626.29,85053079.81,0.0,3
3191854000190,2013-01-10,7075346514.23,7.5571199999999985,7075207668.53,81458839.61,0.0,3
3191854000190,2013-01-11,7178315232.22,7.570459,7178182933.3,90486883.6,0.0,3
3191854000190,2013-01-14,7260877650.71,7.576082,7260702883.43,77188315.32,0.0,3
3191854000190,2013-01-15,7366597478.18,7.577702,7366545432.12,104289986.46,0.0,3
3191854000190,2013-01-16,7449086644.67,7.58462,7449011802.69,75741144.18,0.0,3
3191854000190,2013-01-17,7528963297.51,7.570674,7528832069.89,93516921.56,0.0,3
3191854000190,2013-01-18,7593147312.34,7.557057,7592979969.28,77689640.35,0.0,3
3191854000190,2013-01-21,7684705007.04,7.590255,7684837524.08,58501745.92,0.0,3
3191854000190,2013-01-22,7753661770.86,7.587346000000001,7753306139.34,71413864.43,0.0,3
3191854000190,2013-01-23,7853087211.21,7.600903,7853071353.81,85911678.41,0.0,3
3191854000190,2013-01-24,7872805519.96,7.563213,7872113694.92,57982748.49,0.0,3
3191854000190,2013-01-25,7927246349.4,7.565103999999999,7926521276.91,52439348.77,0.0,3
3191854000190,2013-01-28,7962989023.97,7.5530339999999985,7962655232.97,48780591.42,0.0,3
3191854000190,2013-01-29,8012486990.27,7.550613,8012748175.8,52645240.12,0.0,3
3191854000190,2013-01-30,8060090518.2,7.533539999999999,8059401737.54,64771514.48,0.0,3
3191854000190,2013-01-31,8076423377.13,7.516483,8076143997.85,34989885.64,0.0,3
3191854000190,2013-02-01,8117443791.49,7.5105369999999985,8117414724.28,47659452.66,0.0,3
3191854000190,2013-02-04,8127087333.33,7.486611,8126317702.6,34762283.0,0.0,3
3191854000190,2013-02-05,8102227143.03,7.451691999999999,8100789336.03,12374349.06,0.0,3
3191854000190,2013-02-06,8063382954.8,7.4315089999999975,8063240386.73,1994490.93,17602352.06,3
3191854000190,2013-02-07,7995797681.45,7.398722999999999,7994669195.45,0.0,32998146.91,3
3191854000190,2013-02-08,7861099971.7,7.388787,7861899959.86,0.0,122032918.9,3
3191854000190,2013-02-13,7711701395.14,7.3959550000000025,7711921818.73,0.0,157605116.82,3
3191854000190,2013-02-14,7612146649.47,7.397141,7612148561.85,0.0,101009924.65,3
3191854000190,2013-02-15,7446755499.98,7.417728,7448277491.01,0.0,185056458.86,3
3191854000190,2013-02-18,7343398719.53,7.405083999999999,7340301055.28,0.0,95280362.13,3
3191854000190,2013-02-19,7272469659.3,7.413058,7272024614.41,0.0,76180680.78,3
3191854000190,2013-02-20,7245688288.81,7.413622,7245639840.15,0.0,26938044.16,3
3191854000190,2013-02-21,7240197667.19,7.428428999999999,7240771136.13,0.0,19340198.39,3
3191854000190,2013-02-22,7170752492.14,7.409095,7168946008.93,0.0,52979545.01,3
3191854000190,2013-02-25,7170048223.28,7.440359,7170773938.99,0.0,28422718.36,3
3191854000190,2013-02-26,7155252571.23,7.456078,7155664706.7,0.0,30258688.85,3
3191854000190,2013-02-27,7147616178.38,7.465108,7147779405.56,0.0,16551472.85,3
3191854000190,2013-02-28,7098214731.88,7.466517999999999,7098348983.81,0.0,50780485.11,3
3191854000190,2013-03-01,7092983714.11,7.489081,7094597177.86,0.0,25202239.49,3
3191854000190,2013-03-04,7097283066.1,7.499999000000001,7097368694.97,1041281.06,8612663.43,3
3191854000190,2013-03-05,7119242434.61,7.527249,7120301536.21,818625.61,3672894.06,3
3191854000190,2013-03-06,7115396616.12,7.533078,7115345864.52,3089655.21,13559192.28,3
3191854000190,2013-03-07,7073639245.94,7.5165929999999985,7070993528.26,0.0,28781479.74,3
3191854000190,2013-03-08,7031433555.74,7.489522,7027929232.19,0.0,17598121.97,3
3191854000190,2013-03-11,7006353992.93,7.482191,7006635472.28,0.0,14414582.67,3
3191854000190,2013-03-12,6976428549.77,7.455063000000001,6975197115.59,0.0,6034566.92,3
3191854000190,2013-03-13,6913122535.67,7.41487,6910966804.99,0.0,26624444.93,3
3191854000190,2013-03-14,6876639436.82,7.434601,6876986266.99,0.0,52370649.48,3
3191854000190,2013-03-15,6831968430.57,7.458500999999999,6832960865.27,21929000.0,88061838.53,4
3191854000190,2013-03-18,6779330428.39,7.4587759999999985,6778575879.89,41000000.0,95636921.28,5
3191854000190,2013-03-19,6591779391.28,7.474634,6592609306.63,0.0,200378409.21,3
3191854000190,2013-03-20,6516803713.69,7.453278999999997,6516341450.33,0.0,57432797.38,3
3191854000190,2013-03-21,6408954463.22,7.400433,6407209631.78,0.0,62928988.84,3
3191854000190,2013-03-22,6319912045.59,7.3981020000000015,6320863808.33,0.0,84327670.5,3
3191854000190,2013-03-25,6264850855.4,7.411863,6265576097.79,0.0,67044970.28,3
3191854000190,2013-03-26,6213159520.36,7.413417,6213146803.97,0.0,53742958.84,3
3191854000190,2013-03-27,6108792088.13,7.417356,6109756504.25,0.0,106691555.42,3
3191854000190,2013-03-28,5947562463.39,7.345756,5945277774.65,0.0,105501033.81,3
3191854000190,2013-04-01,5818105953.59,7.288917,5817949469.61,0.0,81325736.54,3
3191854000190,2013-04-02,5776096378.53,7.317984,5776712967.49,0.0,64437525.97,3
3191854000190,2013-04-03,5712182793.3,7.2853460000000005,5711805959.7,0.0,39143032.64,3
3191854000190,2013-04-04,5392316755.95,7.298412,5392722247.36,0.0,329327626.16,3
3191854000190,2013-04-05,5095579591.15,7.384563000000001,5096319082.72,0.0,360059260.55,3
3191854000190,2013-04-08,4948917319.19,7.369859,4948767206.27,0.0,137404183.77,3
3191854000190,2013-04-09,4711044093.37,7.382155,4710989923.07,0.0,246033891.84,3
3191854000190,2013-04-10,4587073766.47,7.386189,4587004688.61,0.0,126559568.55,3
3191854000190,2013-04-11,4487469910.18,7.369021000000001,4487378474.54,0.0,88964464.61,3
3191854000190,2013-04-12,4418824510.38,7.335762,4418752345.98,0.0,48373001.21,3
3191854000190,2013-04-15,4371318880.93,7.320314,4371208766.25,0.0,38238358.77,3
3191854000190,2013-04-16,4339190172.95,7.324867999999999,4339039437.76,0.0,34888676.96,3
3191854000190,2013-04-17,4298987303.01,7.331645,4299003191.89,0.0,44050744.18,3
3191854000190,2013-04-18,4272687952.28,7.427051,4274127231.27,0.0,80818480.81,3
3191854000190,2013-04-19,4224804140.71,7.4457330000000015,4224718851.6,0.0,60159516.95,3
3191854000190,2013-04-22,4179432296.63,7.459411999999999,4179316550.61,0.0,53163783.85,3
3191854000190,2013-04-23,4125538207.75,7.46162,4125494297.86,0.0,55059338.32,3
3191854000190,2013-04-24,4048795667.95,7.446339,4048740288.19,0.0,68305217.25,3
3191854000190,2013-04-25,4004481046.96,7.41908,4004414521.55,0.0,29504441.47,3
3191854000190,2013-04-26,3997768290.1,7.428058,3997684592.5,0.0,11575763.5,3
3191854000190,2013-04-29,3959453819.35,7.436688,3959348437.48,0.0,42980709.21,3
3191854000190,2013-04-30,3937196287.72,7.452727,3937157407.48,0.0,30730313.82,3
3191854000190,2013-05-02,3946762285.4,7.513725,3946700157.16,0.0,22681525.74,3
3191854000190,2013-05-03,3908009132.0,7.4905490000000015,3907919455.83,50000.0,26657149.22,4
3191854000190,2013-05-06,3904806940.76,7.506228,3904714881.54,0.0,11384517.98,4
3191854000190,2013-05-07,3893584989.74,7.518667,3893540000.49,0.0,17645607.53,4
3191854000190,2013-05-08,3874610451.05,7.526825,3874540875.73,9625.0,23233368.2,4
3191854000190,2013-05-09,3836023411.99,7.495467,3835952059.91,0.0,22446836.57,4
3191854000190,2013-05-10,3802001641.35,7.462006,3801908961.19,7551795.74,24470572.27,4
3191854000190,2013-05-13,3787783614.9,7.477188000000001,3787716430.07,0.0,21927794.5,4
3191854000190,2013-05-14,3760649428.86,7.423995,3760438587.17,2556653.89,2888537.95,4
3191854000190,2013-05-15,3770425035.32,7.450121,3770308911.82,0.0,3363145.8,4
3191854000190,2013-05-16,3770512224.61,7.471007000000001,3770305817.14,0.0,10572946.08,4
3191854000190,2013-05-17,3750440920.85,7.448094999999999,3750198954.82,0.0,8544130.95,4
3191854000190,2013-05-20,3713617414.01,7.418581,3713324143.65,0.0,22014182.77,4
3191854000190,2013-05-21,3707135519.17,7.428564999999999,3707320943.35,0.0,11000628.81,4
3191854000190,2013-05-22,3681915988.45,7.410921000000001,3681721817.09,0.0,16793661.02,4
3191854000190,2013-05-23,3646679387.06,7.395442,3646620508.77,50000.0,27461390.69,4
3191854000190,2013-05-24,3601313676.42,7.345636,3600989592.48,0.0,21072062.19,4
3191854000190,2013-05-27,3551093278.72,7.291182000000001,3551013462.81,0.0,23281601.46,4
3191854000190,2013-05-28,3509973557.34,7.2362600000000015,3509897484.08,0.0,14367399.22,4
3191854000190,2013-05-29,3505635069.24,7.277723,3506061090.0,0.0,23947733.27,4
3191854000190,2013-05-31,3413863636.29,7.149763,3411688596.8,0.0,32727446.1,4
3191854000190,2013-06-03,3381435640.58,7.146223,3381071729.25,0.0,28927667.82,4
3191854000190,2013-06-04,3350601741.7,7.192723,3350655705.17,0.0,52416434.0,4
3191854000190,2013-06-05,3338453717.43,7.2065160000000015,3337794857.04,0.0,19286174.68,4
3191854000190,2013-06-06,3244981234.0,7.169913,3244262638.44,0.0,76579046.59,4
3191854000190,2013-06-07,3171092636.18,7.141176,3170992016.29,0.0,60267622.6,4
3191854000190,2013-06-10,3055552403.37,6.9686449999999995,3054112744.21,0.0,40268021.54,4
3191854000190,2013-06-11,3009920213.74,6.9326490000000005,3009884035.99,0.0,28452923.63,3
3191854000190,2013-06-12,2949662348.54,6.8798770000000005,2949631449.65,0.0,37341055.63,3
3191854000190,2013-06-13,2953442590.68,6.9986070000000025,2953371885.28,0.0,47163053.19,3
3191854000190,2013-06-14,2852158475.15,6.9645550000000025,2852100249.56,0.0,86901887.64,3
3191854000190,2013-06-17,2743588698.84,6.923717,2743529036.55,0.0,91847377.8,3
3191854000190,2013-06-18,2622582531.06,6.849203999999999,2622585169.63,0.0,91418024.2,3
3191854000190,2013-06-19,2541147745.39,6.722865,2541124164.75,0.0,33085341.41,3
3191854000190,2013-06-20,2539526494.25,6.814102,2539485566.09,0.0,36124572.33,3
3191854000190,2013-06-21,2520880503.57,6.8801130000000015,2520821214.27,0.0,43265389.74,3
3191854000190,2013-06-24,2485162875.32,6.9464440000000005,2485049308.14,0.0,60075081.37,3
3191854000190,2013-06-25,2407975593.8,6.979577000000001,2408006293.47,0.0,88896149.69,3
3191854000190,2013-06-26,2359567635.9,6.98796,2359509981.0,0.0,51388510.19,3
3191854000190,2013-06-27,2349829071.03,7.022612,2349758620.78,0.0,21451733.4,3
3191854000190,2013-06-28,2303870876.39,6.9604050000000015,2303778651.11,0.0,25165572.61,3
3191854000190,2013-07-01,2286602750.69,6.980703,2286554432.57,0.0,23942519.99,3
3191854000190,2013-07-02,2287963604.29,7.009395,2287919460.55,0.0,8033140.04,3
3191854000190,2013-07-03,2267979482.34,6.9992220000000005,2267923256.02,0.0,16675660.5,3
3191854000190,2013-07-04,2219456550.25,6.941352,2219366162.4,0.0,29805763.99,3
3191854000190,2013-07-05,2169676862.57,6.9321509999999975,2169915341.26,0.0,46508975.2,3
3191854000190,2013-07-08,2149673290.88,6.9535009999999975,2149316214.96,0.0,27282144.67,3
3191854000190,2013-07-09,2112248413.54,6.955924,2111880948.59,0.0,38184211.84,3
3191854000190,2013-07-10,2085867810.64,6.9431020000000006,2085799710.76,0.0,22188363.56,3
3191854000190,2013-07-11,2032727953.85,6.920723,2032663831.38,0.0,46412931.65,3
3191854000190,2013-07-12,2010448187.9,6.922453,2010302235.77,0.0,22869708.48,3
3191854000190,2013-07-15,2006900132.86,6.970681,2006678354.33,0.0,17629445.09,3
3191854000190,2013-07-16,1983328506.47,6.9744,1983490244.36,0.0,24258713.65,3
3191854000190,2013-07-17,1971859903.53,7.015426,1971922055.07,0.0,23235812.41,3
3191854000190,2013-07-18,1934707193.09,7.0551520000000005,1934595795.03,0.0,48492591.99,3
3191854000190,2013-07-19,1929386931.16,7.08482,1929361260.75,0.0,13369807.33,3
3191854000190,2013-07-22,1913475256.99,7.106847,1913436461.84,0.0,21923263.29,3
3191854000190,2013-07-23,1898414063.04,7.132024,1898375788.72,0.0,21839289.54,3
3191854000190,2013-07-24,1864772491.14,7.100642999999999,1864782145.31,0.0,25240764.8,3
3191854000190,2013-07-25,1857812749.31,7.0986720000000005,1857785410.15,0.0,6479108.0,3
3191854000190,2013-07-26,1841974360.26,7.088123,1841986137.75,0.0,13038505.54,3
3191854000190,2013-07-29,1804627705.84,7.042222,1804561914.57,0.0,25495958.71,3
3191854000190,2013-07-30,1792611025.37,7.019342999999999,1792544781.75,0.0,6154413.33,3
3191854000190,2013-07-31,1795281492.66,7.050247,1795236572.59,0.0,5200230.38,3
3191854000190,2013-08-01,1776784590.97,7.003757000000001,1776777956.17,0.0,6620655.52,3
3191854000190,2013-08-02,1772406230.63,7.033589999999999,1772357775.85,0.0,11988492.12,3
3191854000190,2013-08-05,1769654280.08,7.051083,1769598825.2,0.0,7166920.76,3
3191854000190,2013-08-06,1756180753.8,7.0309550000000005,1756156053.12,0.0,8391280.67,3
3191854000190,2013-08-07,1746560245.37,7.032723,1746524503.68,0.0,10073151.45,3
3191854000190,2013-08-08,1743988275.31,7.04705,1744005758.08,0.0,6076749.59,3
3191854000190,2013-08-09,1730671588.04,7.060503,1730663943.35,0.0,16671166.64,3
3191854000190,2013-08-12,1707460591.12,6.991931,1707294852.07,0.0,6560786.27,3
3191854000190,2013-08-13,1687768478.03,6.984052,1687596472.01,0.0,17774480.04,3
3191854000190,2013-08-14,1672073330.08,6.944686,1672033623.59,0.0,6050616.43,3
3191854000190,2013-08-15,1659936659.57,6.952442,1659892615.68,0.0,14008377.11,3
3191854000190,2013-08-16,1646981971.97,6.9392759999999996,1646977599.65,0.0,9771639.03,3
3191854000190,2013-08-19,1634680202.18,6.9125320000000015,1634631743.58,0.0,5998397.2,3
3191854000190,2013-08-20,1648561680.08,6.979374000000001,1648503175.28,3252280.89,5187221.58,3
3191854000190,2013-08-21,1627636142.3,6.925876,1627596565.19,0.0,8270573.83,3
3191854000190,2013-08-22,1625254824.49,6.939473,1625355043.44,0.0,5436847.58,3
3191854000190,2013-08-23,1633159688.13,7.004293,1633050409.64,0.0,7486696.45,3
3191854000190,2013-08-26,1620816035.2,6.978733,1620773663.45,0.0,6317434.01,3
3191854000190,2013-08-27,1610261809.99,6.981663,1610312450.66,0.0,11141689.72,3
3191854000190,2013-08-28,1605159858.79,6.992199,1605204059.84,0.0,7538506.96,3
3191854000190,2013-08-29,1580957028.19,6.940475999999999,1580935093.88,0.0,12394880.33,3
3191854000190,2013-08-30,1572183187.04,6.939641,1572148503.14,0.0,8596390.4,3
3191854000190,2013-09-02,1567587149.22,6.937923,1567537458.94,0.0,4221838.01,3
3191854000190,2013-09-03,1563149538.27,6.935505,1563080868.98,0.0,3910272.91,3
3191854000190,2013-09-04,1551135696.62,6.928518,1551100827.04,0.0,10405355.45,3
3191854000190,2013-09-05,1536830791.69,6.924414,1536796501.31,0.0,13385555.24,3
3191854000190,2013-09-06,1528585423.83,6.9393460000000005,1528570590.82,0.0,11539901.44,3
3191854000190,2013-09-09,1486845783.9,6.942882000000001,1486810540.94,0.0,42538945.41,3
3191854000190,2013-09-10,1481259074.45,6.948208,1481178589.37,0.0,6772508.59,3
3191854000190,2013-09-11,1460488913.52,6.9566149999999976,1460424966.25,0.0,22545778.51,3
3191854000190,2013-09-12,1436355153.14,6.9403440000000005,1436084300.89,0.0,20924841.04,3
3191854000190,2013-09-13,1412679854.35,6.9426479999999975,1412683154.23,0.0,23877886.45,3
3191854000190,2013-09-16,1406826651.69,6.947984,1406896384.79,0.0,6872533.44,3
3191854000190,2013-09-17,1400932310.46,6.9520940000000016,1401128480.6,0.0,6600137.55,3
3191854000190,2013-09-18,1404927133.71,7.027253,1405194660.62,0.0,11081402.2,3
3191854000190,2013-09-19,1397128283.42,7.0226820000000005,1397187587.57,0.0,7093039.52,3
3191854000190,2013-09-20,1389037573.12,7.0261869999999975,1389085450.14,0.0,8799469.64,3
3191854000190,2013-09-23,1368408048.1,7.01848,1368333152.33,0.0,19228614.82,3
3191854000190,2013-09-24,1363670900.81,7.021836,1363816859.99,0.0,5170583.01,3
3191854000190,2013-09-25,1357430597.54,7.003478,1357382214.37,0.0,2869061.07,3
3191854000190,2013-09-26,1344462624.02,6.986783,1344415899.69,0.0,9730565.8,3
3191854000190,2013-09-27,1339738797.06,6.9785080000000015,1339680976.44,0.0,3142625.09,3
3191854000190,2013-09-30,1335263025.34,6.9807710000000025,1335226820.11,0.0,4888589.88,3
3191854000190,2013-10-01,1331431510.82,6.969587,1331345422.21,0.0,1742210.58,3
3191854000190,2013-10-02,1325190800.2,6.979313,1325293418.46,0.0,7909885.07,3
3191854000190,2013-10-03,1319867389.28,6.971461,1319828309.76,0.0,3974101.78,3
3191854000190,2013-10-04,1295418648.02,6.969900999999999,1295380046.06,0.0,24152926.43,3
3191854000190,2013-10-07,1291566106.46,6.977714,1291551701.84,0.0,5280417.1,3
3191854000190,2013-10-08,1286935091.75,6.989781,1286904700.18,0.0,6880563.3,3
3191854000190,2013-10-09,1285677083.07,7.010719,1285630665.63,0.0,5128978.01,3
3191854000190,2013-10-10,1280892942.82,6.999136,1280753210.41,0.0,2753356.39,3
3191854000190,2013-10-11,1276060094.14,6.997491,1276004306.71,0.0,4447889.54,3
3191854000190,2013-10-14,1274878375.58,6.9992399999999995,1274905519.6,0.0,1417720.2,3
3191854000190,2013-10-15,1260300066.68,7.000068,1260241041.8,0.0,14815297.27,3
3191854000190,2013-10-16,1252936298.52,7.0019990000000005,1252962281.45,0.0,7626403.45,3
3191854000190,2013-10-17,1247647275.48,7.005389,1247627007.53,0.0,5941892.41,3
3191854000190,2013-10-18,1239505178.33,6.995521000000001,1239469412.01,0.0,6400150.88,3
3191854000190,2013-10-21,1233386980.95,6.987205,1233369454.04,0.0,4626525.51,3
3191854000190,2013-10-22,1227900086.8,7.004617999999999,1227895029.31,0.0,8548137.64,3
3191854000190,2013-10-23,1225274281.06,7.021095,1225233536.59,0.0,5549876.68,3
3191854000190,2013-10-24,1217005723.97,7.012709,1217003489.38,0.0,6766627.55,3
3191854000190,2013-10-25,1213770502.51,7.021989,1213733761.44,0.0,4880202.9,3
3191854000190,2013-10-28,1208641207.84,7.023567999999999,1208617052.97,0.0,5389634.78,3
3191854000190,2013-10-29,1207332802.11,7.030724,1207314646.6,0.0,2533812.33,3
3191854000190,2013-10-30,1200093981.62,7.033200999999999,1200016149.57,0.0,7723847.01,3
3191854000190,2013-10-31,1194430003.21,7.020797,1194341743.06,0.0,3558015.92,3
3191854000190,2013-11-01,1185993987.6,6.9936289999999985,1185761672.57,0.0,3958390.57,3
3191854000190,2013-11-04,1180952921.05,6.988008,1180933736.64,0.0,3874901.9,3
3191854000190,2013-11-05,1173878996.22,6.965302,1173853714.32,0.0,3242837.03,3
3191854000190,2013-11-06,1165697624.93,6.956989,1165686687.35,0.0,6766047.37,3
3191854000190,2013-11-07,1153350017.46,6.91401,1153361934.71,0.0,5123354.43,3
3191854000190,2013-11-08,1144608524.49,6.888151,1144565522.12,0.0,4482738.41,3
3191854000190,2013-11-11,1138998714.14,6.892397,1138991004.38,0.0,6280051.8,3
3191854000190,2013-11-12,1139377770.9,6.930234,1139362421.22,0.0,5881270.37,3
3191854000190,2013-11-13,1138856865.0,6.950907000000001,1138840765.51,0.0,3920392.21,3
3191854000190,2013-11-14,1134766466.03,6.962603,1134745835.06,0.0,6011210.08,3
3191854000190,2013-11-18,1127463231.43,6.9816449999999985,1127449748.4,0.0,10399499.29,3
3191854000190,2013-11-19,1118924864.32,6.950360000000001,1118898346.85,0.0,3499259.05,3
3191854000190,2013-11-20,1112663522.18,6.9534449999999985,1112632247.81,0.0,6762735.37,3
3191854000190,2013-11-21,1105119216.99,6.930273,1105092244.16,0.0,3832213.55,3
3191854000190,2013-11-22,1100801515.87,6.931578,1100775047.23,0.0,4525290.51,3
3191854000190,2013-11-25,1093399274.51,6.903459,1093362886.04,0.0,2946699.85,3
3191854000190,2013-11-26,1087929982.5,6.91697,1087989073.11,0.0,7513671.5,3
3191854000190,2013-11-27,1079734528.9,6.915722,1079719858.48,0.0,8072913.3,3
3191854000190,2013-11-28,1070568670.67,6.92392,1070756232.12,0.0,10243542.37,3
3191854000190,2013-11-29,1037928391.84,6.891787,1037881361.69,0.0,27905631.9,3
3191854000190,2013-12-02,1025656325.48,6.8599070000000015,1025613120.17,0.0,7467214.17,3
3191854000190,2013-12-03,1019741913.1,6.849697,1019715828.36,0.0,4370811.93,3
3191854000190,2013-12-04,1016966558.97,6.858381,1016986034.79,0.0,4022582.46,3
3191854000190,2013-12-05,1002760638.58,6.8818850000000005,1002756119.4,0.0,17715175.2,3
3191854000190,2013-12-06,985187259.38,6.874581,985220046.07,0.0,16471811.03,3
3191854000190,2013-12-09,977888767.05,6.888951,977905158.24,0.0,9374302.36,3
3191854000190,2013-12-10,969684170.15,6.9079,969694906.03,0.0,10900113.82,3
3191854000190,2013-12-11,966345944.4,6.914733,966456285.93,0.0,4197800.93,3
3191854000190,2013-12-12,963120258.29,6.932456,963177055.44,0.0,5756333.31,3
3191854000190,2013-12-13,955780048.17,6.934100999999999,955697028.07,0.0,7708579.3,3
3191854000190,2013-12-16,950634199.93,6.941485000000001,950684601.53,0.0,6030131.18,3
3191854000190,2013-12-17,937037904.1,6.944897,937009159.72,0.0,14142738.91,3
3191854000190,2013-12-18,928112727.81,6.9533059999999995,928089141.14,0.0,10054565.27,3
3191854000190,2013-12-19,917930383.58,6.9365039999999984,917767076.24,0.0,8079426.1,3
3191854000190,2013-12-20,908670201.82,6.924301,908512318.0,60602.92,7700785.33,3
3191854000190,2013-12-23,905647522.22,6.933928999999999,905614926.17,58700.07,4219346.71,3
3191854000190,2013-12-24,890642426.81,6.937819999999999,890624388.71,0.0,15498726.63,3
3191854000190,2013-12-26,882608795.29,6.933184,882570529.19,0.0,7458725.21,3
3191854000190,2013-12-27,880403730.98,6.945378,880385621.69,0.0,3737161.85,3
3191854000190,2013-12-30,879743968.34,6.951685,879717800.8,0.0,1467286.67,3
3191854000190,2013-12-31,877904890.58,6.955706,877881761.59,0.0,2344886.38,3
3191854000190,2014-01-02,874642440.64,6.9490630000000015,874634692.07,0.0,2408654.46,3
3191854000190,2014-01-03,873577446.85,6.95653,873554941.57,0.0,2019574.64,3
3191854000190,2014-01-06,873643392.75,6.9569410000000005,873617472.24,10920.0,0.0,3
3191854000190,2014-01-07,867157732.93,6.966203,867141616.79,0.0,7638930.56,3
3191854000190,2014-01-08,859784802.54,6.961264999999999,859763943.93,0.0,6762998.64,3
3191854000190,2014-01-09,855913065.64,6.957584,855886393.08,0.0,3422922.11,3
3191854000190,2014-01-10,852315075.31,6.979349000000001,852296424.24,0.0,6267387.79,3
3191854000190,2014-01-13,847401840.09,6.962261,847261396.25,0.0,2948294.49,3
3191854000190,2014-01-14,839310611.85,6.948896,839179822.12,0.0,6455141.48,3
3191854000190,2014-01-15,831379819.94,6.960038000000001,831457127.15,0.0,9068252.81,3
3191854000190,2014-01-16,828132590.58,6.959515,827777619.43,0.0,3617029.31,3
3191854000190,2014-01-17,827539886.6,6.9719570000000015,827528852.77,0.0,1728641.2,3
3191854000190,2014-01-20,823124791.2,6.961815,823120021.79,0.0,3205037.31,3
3191854000190,2014-01-21,813169313.5,6.9500509999999975,813167600.48,0.0,8561521.95,3
3191854000190,2014-01-22,807941581.62,6.949758,807947667.28,0.0,5185651.7,3
3191854000190,2014-01-23,799936176.72,6.921503,799918851.68,0.0,4744016.13,3
3191854000190,2014-01-24,799367254.87,6.938149,799423894.98,0.0,2418736.71,3
3191854000190,2014-01-27,795174390.34,6.9215399999999985,795056695.23,0.0,2453485.95,3
3191854000190,2014-01-28,783576863.93,6.9091190000000005,783469217.39,0.0,10160714.53,3
3191854000190,2014-01-29,779557283.94,6.907777,779532448.53,0.0,3784590.88,3
3191854000190,2014-01-30,769831389.41,6.897498,769680065.19,0.0,8692413.34,3
3191854000190,2014-01-31,764525337.24,6.903416,764371067.67,0.0,5969377.06,3
3191854000190,2014-02-03,756336353.01,6.899203999999999,756172181.47,0.0,7732518.39,3
3191854000190,2014-02-04,754354690.92,6.9170490000000004,754723016.22,0.0,3405027.47,3
3191854000190,2014-02-05,750508476.75,6.940594,750865641.29,0.0,6426382.81,3
3191854000190,2014-02-06,744319028.84,6.944928999999999,744333573.41,0.0,7001048.27,3
3191854000190,2014-02-07,739807407.52,6.964689,739982991.61,0.0,6468390.54,3
3191854000190,2014-02-10,729325722.56,6.959987,729292108.81,0.0,10191305.56,3
3191854000190,2014-02-11,715196885.37,6.954011,715039176.36,0.0,13626745.97,3
3191854000190,2014-02-12,706973695.77,6.951903999999999,706829969.41,0.0,7992556.79,3
3191854000190,2014-02-13,704803026.59,6.969299,704955413.0,0.0,3643180.84,3
3191854000190,2014-02-14,701919134.57,6.982284,702074065.38,0.0,4194800.51,3
3191854000190,2014-02-17,702990892.04,7.0005820000000005,703255199.4,726459.65,1385203.71,3
3191854000190,2014-02-18,700417320.76,7.020936999999999,700675731.64,0.0,4624263.39,3
3191854000190,2014-02-19,694960349.26,7.019813,694952879.26,0.0,5610679.37,3
3191854000190,2014-02-20,691321499.54,7.0429580000000005,691563096.24,0.0,5681109.63,3
3191854000190,2014-02-21,691201921.58,7.0558570000000005,691336611.21,0.0,1493065.39,3
3191854000190,2014-02-24,689394028.96,7.062069,689506577.89,0.0,2438688.37,3
3191854000190,2014-02-25,684823139.62,7.065929,684918480.17,0.0,4964969.6,3
3191854000190,2014-02-26,681519511.03,7.078245,681455708.38,0.0,4656593.01,3
3191854000190,2014-02-27,681942064.53,7.102477,682056409.28,0.0,1732226.91,3
3191854000190,2014-02-28,673582886.77,7.078612,673029170.28,0.0,6735464.42,3
3191854000190,2014-03-05,670201391.49,7.08148,670201339.18,0.0,3100518.4,3
3191854000190,2014-03-06,667484577.34,7.0776270000000014,667253841.97,0.0,2582843.8,3
3191854000190,2014-03-07,664190405.56,7.057765,663760133.74,0.0,1621188.55,3
3191854000190,2014-03-10,661799108.5,7.0466770000000025,661707390.59,0.0,1009952.35,3
3191854000190,2014-03-11,659059906.88,7.043058,659113237.82,0.0,2254316.12,3
3191854000190,2014-03-12,660611953.62,7.061822,660870732.54,1496.0,0.0,3
3191854000190,2014-03-13,654766671.95,7.064589,654692836.4,0.0,6436841.95,3
3191854000190,2014-03-14,652105655.55,7.061755000000002,651998599.12,0.0,2431603.52,3
3191854000190,2014-03-17,650516897.31,7.062863,650489526.49,0.0,1611372.18,3
3191854000190,2014-03-18,648770881.73,7.055027000000001,648615608.72,0.0,1152222.34,3
3191854000190,2014-03-19,646662504.94,7.044863,646916421.16,0.0,764743.36,3
3191854000190,2014-03-20,643588982.16,7.052583,643680021.84,0.0,3945312.28,3
3191854000190,2014-03-21,643844254.24,7.063549000000001,643591708.1,0.0,1089166.21,3
3191854000190,2014-03-24,643179232.94,7.0725789999999975,642952212.16,0.0,1462259.83,3
3191854000190,2014-03-25,641537376.05,7.084034,641281814.27,0.0,2711746.11,3
3191854000190,2014-03-26,641526652.68,7.096761999999999,641343925.42,0.0,1090090.39,3
3191854000190,2014-03-27,642231982.03,7.113811,641840129.75,0.0,1044536.71,3
3191854000190,2014-03-28,638873575.51,7.108124,638852379.36,0.0,2474643.57,3
3191854000190,2014-03-31,636453965.35,7.10686,636444314.63,0.0,2294460.98,3
3191854000190,2014-04-01,635001546.27,7.108737,635003060.96,0.0,1609345.61,3
3191854000190,2014-04-02,631783536.39,7.115794,631765964.48,0.0,3867478.01,3
3191854000190,2014-04-03,630478103.53,7.124613,630457369.63,0.0,2091577.6,3
3191854000190,2014-04-04,630194821.52,7.134023,630193118.82,0.0,1096942.19,3
3191854000190,2014-04-07,629835364.99,7.1405009999999995,629818152.37,0.0,947208.92,3
3191854000190,2014-04-08,629882688.15,7.1493020000000005,629858251.51,0.0,736181.04,3
3191854000190,2014-04-09,628452893.37,7.156399,628427212.54,0.0,2056289.37,3
3191854000190,2014-04-10,626430240.65,7.147759,626418495.8,0.0,1250009.58,3
3191854000190,2014-04-11,625420380.54,7.1522570000000005,625403781.97,0.0,1408911.56,3
3191854000190,2014-04-14,623875405.5,7.149876,623810114.87,0.0,1385468.97,3
3191854000190,2014-04-15,622561445.27,7.159342999999999,622584916.23,0.0,2051172.45,3
3191854000190,2014-04-16,622319177.99,7.162978999999999,622327511.39,0.0,573595.67,3
3191854000190,2014-04-17,621347047.29,7.171652000000001,621474353.45,0.0,1606677.74,3
3191854000190,2014-04-22,620049443.43,7.170744,620037834.27,0.0,1357834.55,3
3191854000190,2014-04-23,620042054.81,7.190594,620185928.45,0.0,1568289.91,3
3191854000190,2014-04-24,620054839.56,7.194443,620047722.12,0.0,470181.07,3
3191854000190,2014-04-25,621102607.91,7.199484,621132309.06,1169808.87,519676.75,3
3191854000190,2014-04-28,620394763.27,7.19963,620405560.88,0.0,739344.26,3
3191854000190,2014-04-29,620014260.77,7.2026600000000025,619935298.46,118857.45,850220.62,3
3191854000190,2014-04-30,619191641.48,7.207111999999999,619242235.48,0.0,1076248.06,3
3191854000190,2014-05-02,612188309.37,7.223199,612404345.34,0.0,8220101.18,3
3191854000190,2014-05-05,611331748.48,7.2163119999999985,611160808.88,0.0,659636.05,3
3191854000190,2014-05-06,611912997.48,7.235346000000002,612106303.87,0.0,666524.38,3
3191854000190,2014-05-07,609976643.91,7.244664,609977507.27,0.0,2917094.28,3
3191854000190,2014-05-08,609009434.23,7.2384179999999985,608866361.56,0.0,585252.5,3
3191854000190,2014-05-09,608099075.15,7.236150999999999,608243406.84,0.0,432263.86,3
3191854000190,2014-05-12,606946319.48,7.226014,606900446.98,18662.08,509544.17,3
3191854000190,2014-05-13,606737122.0,7.240817999999999,606770244.14,0.0,1373565.24,3
3191854000190,2014-05-14,607771611.9,7.262397,607868783.19,0.0,709750.44,3
3191854000190,2014-05-15,606468745.11,7.260167999999997,606468565.9,0.0,1213648.08,3
3191854000190,2014-05-16,605346881.17,7.264971000000001,605341166.92,0.0,1528611.24,3
3191854000190,2014-05-19,605764517.44,7.272243,605753148.23,0.0,193945.53,3
3191854000190,2014-05-20,605450243.36,7.273605,605447167.78,0.0,419430.41,3
3191854000190,2014-05-21,607124020.56,7.293842999999999,607205084.05,221637.77,148311.16,3
3191854000190,2014-05-22,607783697.27,7.308361,607812900.06,0.0,600792.86,3
3191854000190,2014-05-23,607720223.93,7.310438,607712566.0,50000.0,323071.47,3
3191854000190,2014-05-26,607319329.06,7.314835,607306125.58,49000.0,820960.53,3
3191854000190,2014-05-27,606871721.61,7.3116850000000015,606863953.14,27520.48,208167.64,3
3191854000190,2014-05-28,608299864.91,7.329596,608302645.22,301267.89,349174.35,3
3191854000190,2014-05-29,610640064.45,7.350297,610613614.3,801657.57,208719.48,3
3191854000190,2014-05-30,611046382.49,7.361366,611018355.86,154146.21,668943.3,3
3191854000190,2014-06-02,609206262.13,7.350097,609189982.85,105753.0,998760.77,3
3191854000190,2014-06-03,607743792.02,7.335791,607637533.0,0.0,366741.41,3
3191854000190,2014-06-04,607642796.78,7.341589999999999,607668996.86,0.0,448878.34,3
3191854000190,2014-06-05,607884904.57,7.3551800000000025,608075930.13,0.0,717921.36,3
3191854000190,2014-06-06,609354885.42,7.387035000000001,609403331.76,0.0,1306151.68,3
3191854000190,2014-06-09,608422584.42,7.380793,608410700.15,0.0,477689.47,3
3191854000190,2014-06-10,607899266.58,7.378725999999999,607888122.72,0.0,352191.27,3
3191854000190,2014-06-11,608188312.7,7.386450999999999,608190738.77,100000.0,433799.46,3
3191854000190,2014-06-12,608439674.09,7.389601,608436938.19,50961.06,64128.53,3
3191854000190,2014-06-13,609195487.5,7.4109240000000005,609289724.97,0.0,902883.21,3
3191854000190,2014-06-16,608400651.91,7.4005490000000025,608311654.2,164776.24,289865.53,3
3191854000190,2014-06-17,607273993.92,7.394494,607230325.62,0.0,583618.59,3
3191854000190,2014-06-18,608021991.74,7.407564,608101407.78,0.0,202216.47,3
3191854000190,2014-06-20,608539277.55,7.409975999999999,608478550.05,596374.84,417238.36,3
3191854000190,2014-06-23,608307606.19,7.416961,608326622.88,16032.94,741541.27,3
3191854000190,2014-06-24,607650453.82,7.426235,607685039.21,100109.68,1502331.17,3
3191854000190,2014-06-25,607767226.46,7.4387940000000015,607803793.07,0.0,908942.72,3
3191854000190,2014-06-26,607900485.95,7.446497999999999,607864593.19,0.0,568672.94,3
3191854000190,2014-06-27,606039892.55,7.4322050000000015,605945119.33,0.0,752722.9,3
3191854000190,2014-06-30,605647457.85,7.428255,605573505.99,157046.16,206617.35,3
3191854000190,2014-07-01,606340847.61,7.444795,606467640.26,0.0,454255.86,3
3191854000190,2014-07-02,605768326.69,7.436397,605655119.49,100963.34,229366.51,3
3191854000190,2014-07-03,605797489.21,7.445705,605908831.27,0.0,504375.47,3
3191854000190,2014-07-04,604423904.34,7.449358,604427623.58,0.0,1778477.71,3
3191854000190,2014-07-07,604754016.75,7.454758999999999,604792803.32,130033.81,203081.57,3
3191854000190,2014-07-08,604156608.15,7.460919,604152295.21,0.0,1140259.16,3
3191854000190,2014-07-09,604211603.78,7.463976,604204265.88,0.0,195571.69,3
3191854000190,2014-07-10,602599526.09,7.45488,602560069.8,0.0,907880.46,3
3191854000190,2014-07-11,601932451.2,7.454657000000001,601910247.0,0.0,631798.24,3
3191854000190,2014-07-14,602232457.23,7.461962,602299631.5,170003.99,370446.0,3
3191854000190,2014-07-15,601697791.42,7.460464,601688637.89,56169.47,546250.52,3
3191854000190,2014-07-16,601616290.89,7.469996000000001,601802143.89,0.0,655252.63,3
3191854000190,2014-07-17,601351281.64,7.480574000000002,601574918.48,0.0,1079416.35,3
3191854000190,2014-07-18,602017977.52,7.493172,602338890.6,120661.71,369799.12,3
3191854000190,2014-07-21,600936206.53,7.505905,601144868.67,0.0,2217564.57,3
3191854000190,2014-07-22,600848719.06,7.517761,601144676.14,0.0,949734.72,3
3191854000190,2014-07-23,600847716.5,7.508364,600555383.89,190000.0,27877.5,3
3191854000190,2014-07-24,598846130.8,7.49458,598381835.57,0.0,1071037.11,3
3191854000190,2014-07-25,598821035.0,7.5103240000000016,598968408.83,0.0,670458.29,3
3191854000190,2014-07-28,598718473.78,7.5095589999999985,598622801.96,154288.28,438884.35,3
3191854000190,2014-07-29,595426005.02,7.504339999999999,595225526.71,0.0,2981243.83,3
3191854000190,2014-07-30,594690090.41,7.503116,595006936.32,0.0,121505.75,3
3191854000190,2014-07-31,594149874.75,7.502161,594398825.12,0.0,532378.45,3
3191854000190,2014-08-01,593275585.24,7.4932300000000005,593510663.27,0.0,180555.6,3
3191854000190,2014-08-04,593794155.67,7.497209,593358604.19,0.0,467220.75,3
3191854000190,2014-08-05,592817251.54,7.473402,592677602.23,1706834.63,503656.98,3
3191854000190,2014-08-06,594398812.92,7.500205999999999,594319720.82,0.0,483570.68,3
3191854000190,2014-08-07,593418637.95,7.4931550000000025,593352446.54,0.0,408549.83,3
3191854000190,2014-08-08,593588698.49,7.503896000000001,593326993.36,0.0,875989.23,3
3191854000190,2014-08-11,591030644.52,7.5093229999999975,590780361.69,0.0,2975740.17,3
3191854000190,2014-08-12,589707374.4,7.508269999999999,589679918.2,0.0,1017600.89,3
3191854000190,2014-08-13,587110926.75,7.502255,587539890.28,0.0,1667625.51,3
3191854000190,2014-08-14,583221556.61,7.511394,582966340.92,70000.0,5359271.11,3
3191854000190,2014-08-15,581342962.41,7.5226630000000005,580670492.82,34767.7,3205213.46,3
3191854000190,2014-08-18,581634892.8,7.532675999999999,581309282.09,100000.0,234109.05,3
3191854000190,2014-08-19,580750941.27,7.535628999999999,580784689.91,0.0,752480.14,3
3191854000190,2014-08-20,580206657.81,7.537615,580540694.38,259030.07,656090.24,3
3191854000190,2014-08-21,579767428.35,7.540838000000001,580299687.08,0.0,489240.0,3
3191854000190,2014-08-22,579996126.23,7.548007000000001,579370749.71,0.0,1480622.52,3
3191854000190,2014-08-25,579344413.66,7.55088,579018319.26,0.0,572956.5,3
3191854000190,2014-08-26,578320786.6,7.552693,577993145.8,0.0,1164198.33,3
3191854000190,2014-08-27,577229674.58,7.551747,576493171.47,0.0,1427578.75,3
3191854000190,2014-08-28,575618425.05,7.556225,575333043.93,0.0,1501973.78,3
3191854000190,2014-08-29,575266001.69,7.5625149999999985,575318160.36,0.0,493805.89,3
3191854000190,2014-09-01,575544957.46,7.570172,575559433.06,0.0,341233.4,3
3191854000190,2014-09-02,576027380.07,7.582422999999999,575913659.51,0.0,577215.86,3
3191854000190,2014-09-03,574942837.55,7.5864850000000015,574955489.47,0.0,1266694.26,3
3191854000190,2014-09-04,573342107.21,7.583121,573304582.25,0.0,1395960.39,3
3191854000190,2014-09-05,571923421.42,7.585314,571841003.42,0.0,1629375.59,3
3191854000190,2014-09-08,570511348.5,7.571461,570526743.47,0.0,269911.16,3
3191854000190,2014-09-09,568945513.36,7.557533,568900199.97,0.0,577037.12,3
3191854000190,2014-09-10,567951017.84,7.565134,568065606.7,0.0,1406765.48,3
3191854000190,2014-09-11,568567293.21,7.573438,568463135.87,195383.3,421401.16,3
3191854000190,2014-09-12,565961915.51,7.549424,566104855.02,0.0,555787.2,3
3191854000190,2014-09-15,565890789.49,7.557034,565841773.69,0.0,833728.56,3
3191854000190,2014-09-16,565267493.41,7.570161,565260467.49,0.0,1564205.69,3
3191854000190,2014-09-17,565183905.01,7.572602000000002,565203492.13,0.0,239243.7,3
3191854000190,2014-09-18,563449280.08,7.567013,563365657.99,0.0,1420682.63,3
3191854000190,2014-09-19,561361792.26,7.572442999999999,561394155.68,0.0,2375766.9,3
3191854000190,2014-09-22,560726794.0,7.563992999999999,560771759.21,110359.89,106303.23,3
3191854000190,2014-09-23,557633379.88,7.573355999999999,557674329.1,0.0,3791574.85,3
3191854000190,2014-09-24,557799663.67,7.589681,557763442.2,0.0,1113000.39,3
3191854000190,2014-09-25,555305290.31,7.588759,555249220.02,0.0,2446464.65,3
3191854000190,2014-09-26,553934451.34,7.596192999999999,553936775.14,0.0,1856370.78,3
3191854000190,2014-09-29,549069247.4,7.57004,549135970.96,0.0,2893650.35,3
3191854000190,2014-09-30,549942010.61,7.584386,549974956.88,222386.81,424069.71,3
3191854000190,2014-10-01,549350900.71,7.582642,549334731.92,0.0,513760.35,3
3191854000190,2014-10-02,546348170.09,7.590224,546321203.39,0.0,3562816.74,3
3191854000190,2014-10-03,547207386.16,7.606232,547135751.65,0.0,337658.81,3
3191854000190,2014-10-06,543992433.1,7.6158800000000015,543868247.85,0.0,3961509.14,3
3191854000190,2014-10-07,544403076.71,7.629217999999999,544339354.19,0.0,481392.21,3
3191854000190,2014-10-08,544243039.18,7.636438,544147369.13,0.0,707126.99,3
3191854000190,2014-10-09,543530894.49,7.6315990000000005,543402824.57,0.0,399733.38,3
3191854000190,2014-10-10,541816542.14,7.624753,541616224.15,0.0,1299135.63,3
3191854000190,2014-10-13,542424037.56,7.6414940000000025,542294372.72,0.0,511030.56,3
3191854000190,2014-10-14,541580307.87,7.640498,541633761.32,71542.77,661470.98,3
3191854000190,2014-10-15,540211128.49,7.631028,540086703.14,0.0,875731.28,3
3191854000190,2014-10-16,539802779.82,7.632499,539900893.15,18300.0,308220.14,3
3191854000190,2014-10-17,539109317.86,7.637621,538979842.44,0.0,1283366.15,3
3191854000190,2014-10-20,537532712.3,7.6317850000000025,537564374.56,0.0,1003626.75,3
3191854000190,2014-10-21,531118347.3,7.619867,531450687.9,0.0,5274211.71,3
3191854000190,2014-10-22,531902665.23,7.630725999999999,531991330.77,0.0,216722.44,3
3191854000190,2014-10-23,530556735.33,7.631689999999999,530589737.25,0.0,1468800.69,3
3191854000190,2014-10-24,528897718.55,7.6486550000000015,528771513.23,0.0,2997707.83,3
3191854000190,2014-10-27,526996219.3,7.661666,527529318.23,12793.13,2154472.57,3
3191854000190,2014-10-28,527554582.16,7.680089,527567903.84,0.0,1229894.71,3
3191854000190,2014-10-29,524062419.29,7.673603,524116031.78,0.0,3006329.63,3
3191854000190,2014-10-30,520234600.31,7.659477000000001,520019355.45,0.0,3131854.05,3
3191854000190,2014-10-31,520758700.98,7.673222,520822075.45,622292.53,752751.91,3
3191854000190,2014-11-03,519880160.19,7.669014,519800937.1,0.0,735519.17,3
3191854000190,2014-11-04,518931573.13,7.666730999999999,519014754.77,0.0,631442.02,3
3191854000190,2014-11-05,519100152.87,7.676417999999999,519097099.96,0.0,573435.72,3
3191854000190,2014-11-06,515802462.16,7.669169,515846771.51,0.0,2760134.33,3
3191854000190,2014-11-07,513962910.55,7.666827,514023793.3,0.0,1665449.63,3
3191854000190,2014-11-10,514438822.78,7.675717,514399345.05,181107.18,401587.08,3
3191854000190,2014-11-11,512877407.63,7.676328,512903056.15,0.0,1537235.94,3
3191854000190,2014-11-12,510806877.46,7.675221,510749089.84,0.0,2080000.77,3
3191854000190,2014-11-13,509883870.81,7.671522,509907412.22,305000.0,900526.94,3
3191854000190,2014-11-14,509763451.47,7.680822999999997,509816809.48,0.0,708817.58,3
3191854000190,2014-11-17,508871560.97,7.680337,508818957.45,175000.0,1140593.63,3
3191854000190,2014-11-18,508537019.64,7.691622,508641097.31,0.0,925486.43,3
3191854000190,2014-11-19,508288924.5,7.7024339999999984,508292519.14,0.0,1063567.47,3
3191854000190,2014-11-20,507457682.76,7.705524,507459329.99,0.0,1037101.81,3
3191854000190,2014-11-21,508717704.06,7.7282410000000015,508691897.46,12500.0,275996.08,3
3191854000190,2014-11-24,508344271.64,7.733736,508310019.21,0.0,743572.7,3
3191854000190,2014-11-25,507948382.36,7.741147,507970152.43,0.0,826964.54,3
3191854000190,2014-11-26,507527915.74,7.751792,507496719.39,0.0,1171952.53,3
3191854000190,2014-11-27,506506145.64,7.754594,506511955.84,0.0,1168205.75,3
3191854000190,2014-11-28,503164337.41,7.749302,503078247.81,0.0,3088046.95,3
3191854000190,2014-12-01,502424360.76,7.741217,502390712.55,60583.15,223246.92,3
3191854000190,2014-12-02,501265916.67,7.734939,501243110.95,0.0,740170.97,3
3191854000190,2014-12-03,500957363.47,7.7375690000000015,500912990.63,0.0,500550.78,3
3191854000190,2014-12-04,501380460.55,7.7571369999999975,501621818.25,0.0,557961.13,3
3191854000190,2014-12-05,500910187.17,7.760609,500893519.77,0.0,952818.28,3
3191854000190,2014-12-08,498656027.13,7.7548,498568941.74,0.0,1949647.33,3
3191854000190,2014-12-09,497900531.94,7.757928999999999,497922856.83,0.0,847253.5,3
3191854000190,2014-12-10,497618597.14,7.756811,497588711.13,15219.81,277609.53,3
3191854000190,2014-12-11,496334072.32,7.753127,496320904.49,0.0,1031483.12,3
3191854000190,2014-12-12,495835141.67,7.7522,495781317.56,0.0,480244.47,3
3191854000190,2014-12-15,494240719.17,7.745421,494137706.59,0.0,1210069.32,3
3191854000190,2014-12-16,491855348.94,7.737508,491678768.85,0.0,1954108.91,3
3191854000190,2014-12-17,490891796.0,7.741114,490899016.5,0.0,1008895.07,3
3191854000190,2014-12-18,490151103.08,7.745767999999999,490167400.29,0.0,1026747.37,3
3191854000190,2014-12-19,488053132.28,7.750419,488017439.94,0.0,2444284.75,3
3191854000190,2014-12-22,487183832.4,7.7600440000000015,487237192.43,0.0,1386300.91,3
3191854000190,2014-12-23,486303623.32,7.761367,486260749.87,0.0,1059511.0,3
3191854000190,2014-12-24,486329387.52,7.765395,486284952.02,36194.53,264352.34,3
3191854000190,2014-12-26,486445488.47,7.768325,486409711.82,29343.02,88065.82,3
3191854000190,2014-12-29,481361061.34,7.768247,481316187.54,0.0,5088640.34,3
3191854000190,2014-12-30,481608263.67,7.7783979999999975,481638213.76,0.0,306923.98,3
3191854000190,2014-12-31,481151826.85,7.782575,481179594.72,0.0,717258.76,3
3191854000190,2015-01-02,481517869.43,7.787871000000001,481601305.45,438373.0,344102.37,3
3191854000190,2015-01-05,481186641.3,7.799732,481258439.7,0.0,1076349.01,3
3191854000190,2015-01-06,482372098.85,7.814661999999997,482489485.27,326878.47,17042.56,3
3191854000190,2015-01-07,481738615.87,7.8192179999999984,481795441.96,0.0,975337.88,3
3191854000190,2015-01-08,481595699.17,7.825933999999997,481621326.45,0.0,587934.15,3
3191854000190,2015-01-09,482334705.45,7.839683,482381596.09,80522.13,166389.39,3
3191854000190,2015-01-12,481767237.04,7.830813,481689048.55,105965.62,252735.38,3
3191854000190,2015-01-13,482386993.71,7.847466000000002,482500598.39,671930.59,884740.26,3
3191854000190,2015-01-14,483866138.72,7.853732000000001,483883873.11,1070000.0,71989.6,3
3191854000190,2015-01-15,482900895.92,7.862638,482951792.45,0.0,1480796.82,3
3191854000190,2015-01-16,483085957.3,7.874752,483131598.77,134328.75,698608.32,3
3191854000190,2015-01-19,482477269.9,7.872725,482416056.01,400000.0,991182.3,3
3191854000190,2015-01-20,482397039.64,7.8870580000000015,482426544.95,0.0,867792.63,3
3191854000190,2015-01-21,480386448.39,7.890722999999999,480399331.92,0.0,2251389.55,3
3191854000190,2015-01-22,479663272.92,7.88517,479638609.82,233283.3,655930.23,3
3191854000190,2015-01-23,480539540.44,7.894482000000001,480536825.66,387315.0,55528.9,3
3191854000190,2015-01-26,480382690.27,7.895796000000002,480378270.58,0.0,238538.2,3
3191854000190,2015-01-27,479416521.69,7.8997199999999985,479418268.18,0.0,1198737.57,3
3191854000190,2015-01-28,480781799.86,7.903047,480785811.67,1424914.32,259279.83,3
3191854000190,2015-01-29,481870434.25,7.916760000000001,481873285.14,928500.0,675263.74,3
3191854000190,2015-01-30,481448500.97,7.919408,481408597.92,0.0,625864.31,3
3191854000190,2015-02-02,481455842.66,7.919475999999999,481409601.49,339969.94,343100.0,3
3191854000190,2015-02-03,483160956.81,7.930860000000001,483218141.93,1137420.79,20891.65,3
3191854000190,2015-02-04,483429994.64,7.933777,483418905.61,133000.0,109965.76,3
3191854000190,2015-02-05,483293356.61,7.9376929999999986,483288158.43,0.0,369355.89,3
3191854000190,2015-02-06,483806890.85,7.941255,483813941.96,308910.37,0.0,3
3191854000190,2015-02-09,482827787.63,7.934166,482805963.56,0.0,576087.32,3
3191854000190,2015-02-10,482076019.21,7.923527,481992711.42,95577.47,261430.43,3
3191854000190,2015-02-11,482611417.21,7.911536999999999,482560657.26,1307609.15,10304.7,3
3191854000190,2015-02-12,482068754.94,7.927759,482074567.25,0.0,1475543.63,3
3191854000190,2015-02-13,481634598.83,7.935607000000001,481651219.42,0.0,900572.36,3
3191854000190,2015-02-18,481255316.05,7.935221,481256977.8,0.0,370813.37,3
3191854000190,2015-02-19,482349105.84,7.941892,482355309.93,1209133.96,515386.05,3
3191854000190,2015-02-20,482656702.49,7.943587,482618187.49,316571.91,156641.13,3
3191854000190,2015-02-23,482833551.62,7.949739,482860038.59,78100.95,210018.91,3
3191854000190,2015-02-24,483737491.13,7.962905,483798066.24,239579.14,101242.57,3
3191854000190,2015-02-25,483491027.25,7.9679699999999976,483503637.47,250925.48,853085.82,3
3191854000190,2015-02-26,484154812.84,7.9747770000000004,484168890.63,739936.65,487738.41,3
3191854000190,2015-02-27,485652624.68,8.006488000000001,485687186.02,0.0,406959.65,3
3191854000190,2015-03-02,485318280.92,8.006359,485286594.06,0.0,392766.58,3
3191854000190,2015-03-03,486030538.39,8.012025999999999,486033550.07,406250.12,2785.98,3
3191854000190,2015-03-04,486124915.92,8.008547,486051575.03,454890.74,225819.2,3
3191854000190,2015-03-05,484360829.66,8.005533,484296518.94,0.0,1572131.59,3
3191854000190,2015-03-06,484020125.74,8.009451,483845595.32,34040.3,721984.2,3
3191854000190,2015-03-09,483014400.17,7.987095,482675446.5,180362.22,0.0,3
3191854000190,2015-03-10,483012296.38,7.999178,483018607.46,184030.12,571067.98,3
3191854000190,2015-03-11,483054460.69,8.005399,483055044.91,374393.58,713602.07,3
3191854000190,2015-03-12,482357423.16,8.006260000000001,482345579.28,0.0,761419.35,3
3191854000190,2015-03-13,483727182.31,8.018613,483706081.9,859297.78,243014.68,3
3191854000190,2015-03-16,485221116.05,8.027483,485211561.69,1364449.68,394034.12,3
3191854000190,2015-03-17,487411205.54,8.043156,487390107.53,1322714.43,91504.23,3
3191854000190,2015-03-18,487535178.84,8.051734,487536884.25,544277.88,917301.15,3
3191854000190,2015-03-19,487199047.62,8.045669,487212195.53,118727.48,76177.13,3
3191854000190,2015-03-20,488581556.44,8.054934,488569945.88,1319091.5,522390.96,3
3191854000190,2015-03-23,488868961.36,8.064173,488855727.55,0.0,274607.48,3
3191854000190,2015-03-24,489061457.29,8.067472,489051462.95,172880.94,177133.19,3
3191854000190,2015-03-25,488777835.0,8.072633,488773531.37,573976.66,1164768.89,3
3191854000190,2015-03-26,487952531.95,8.075005,487950284.88,17500.0,984363.92,3
3191854000190,2015-03-27,483501496.75,8.076727,483489603.05,0.0,4564737.53,3
3191854000190,2015-03-30,483605469.06,8.081325,483593128.38,0.0,171720.46,3
3191854000190,2015-03-31,483978124.58,8.088245,483965522.7,85082.09,126786.25,3
3191854000190,2015-04-01,485951396.56,8.103359,485943396.34,1155000.0,81482.61,3
3191854000190,2015-04-02,487390872.86,8.109316999999999,487388867.61,1088181.07,0.0,3
3191854000190,2015-04-06,487711347.77,8.113747,487699757.32,293147.87,248511.49,3
3191854000190,2015-04-07,489351880.67,8.118102,489352616.58,1627544.22,236454.57,3
3191854000190,2015-04-08,491445592.28,8.127935,491433005.78,1511879.82,24215.91,3
3191854000190,2015-04-09,491268307.29,8.119321000000001,491235726.1,747655.41,424113.52,3
3191854000190,2015-04-10,491575455.17,8.128091,491574421.23,52595.36,244503.38,3
3191854000190,2015-04-13,492247160.47,8.131464999999999,492229937.79,550000.0,98537.76,3
3191854000190,2015-04-14,492177136.39,8.143906,492194950.05,134971.44,923062.42,3
3191854000190,2015-04-15,492721017.33,8.154935,492723600.56,42917.41,180828.88,3
3191854000190,2015-04-16,492657090.8,8.157497,492652548.31,56929.06,282778.12,3
3191854000190,2015-04-17,492936868.59,8.157797,492897975.43,312343.34,85034.01,3
3191854000190,2015-04-20,492115265.53,8.138589,492053414.64,315995.7,0.0,3
3191854000190,2015-04-22,492193155.95,8.14035,492193501.99,69049.69,35431.17,3
3191854000190,2015-04-23,492532979.81,8.144196,492506721.58,95250.97,14573.74,3
3191854000190,2015-04-24,492045289.1,8.143108,492019450.28,111555.0,533031.3,3
3191854000190,2015-04-27,492365068.19,8.159181,492433791.02,0.0,556815.31,3
3191854000190,2015-04-28,489993130.55,8.159974,489977086.39,295698.59,2800263.4,3
3191854000190,2015-04-29,490486562.05,8.168142999999999,490513969.57,279997.59,233633.48,3
3191854000190,2015-04-30,491542623.77,8.154978999999999,491434624.02,1812197.74,101017.73,3
3191854000190,2015-05-04,491431075.5,8.158961,491388148.95,40140.0,326578.01,3
3191854000190,2015-05-05,492281356.13,8.168949000000001,492298496.7,337074.57,28272.14,3
3191854000190,2015-05-06,493491375.19,8.175297,493499793.64,917455.24,98718.03,3
3191854000190,2015-05-07,493249736.69,8.177196,493165065.05,48959.54,498320.79,3
3191854000190,2015-05-08,494855665.52,8.190954,494909640.88,948002.03,33168.45,3
3191854000190,2015-05-11,493747208.27,8.186725,493724864.12,0.0,929254.26,3
3191854000190,2015-05-12,493357265.4,8.186506,493350436.08,0.0,361220.58,3
3191854000190,2015-05-13,493600541.4,8.190088000000001,493616613.92,95000.0,44687.29,3
3191854000190,2015-05-14,494751865.44,8.214512,494800405.92,0.0,288242.5,3
3191854000190,2015-05-15,495270847.24,8.229766,495322766.41,75500.0,471962.86,3
3191854000190,2015-05-18,493632905.04,8.207338,493520696.96,112549.14,564750.43,3
3191854000190,2015-05-19,491285888.93,8.202378999999999,491315543.43,0.0,1906960.71,3
3191854000190,2015-05-20,502071083.42,8.22435,502183313.53,9993845.49,442119.66,3
3191854000190,2015-05-21,502278531.73,8.230816,502287683.58,0.0,290447.44,3
3191854000190,2015-05-22,504105056.92,8.245955,504206266.72,1011951.87,17230.14,3
3191854000190,2015-05-25,503324395.01,8.244225,503272289.03,342400.0,1170595.29,3
3191854000190,2015-05-26,504242241.44,8.255577,504235404.93,301674.39,31546.26,3
3191854000190,2015-05-27,504174451.44,8.252991999999999,504121103.28,274203.07,230617.69,3
3191854000190,2015-05-28,504649672.86,8.270674,504716916.03,196425.17,680689.72,3
3191854000190,2015-05-29,500439966.35,8.263441,500399943.0,0.0,3875580.03,3
3191854000190,2015-06-01,499890864.85,8.263865,499800692.07,0.0,624926.62,3
3191854000190,2015-06-02,499587726.44,8.253604,499499647.33,358717.43,39174.23,3
3191854000190,2015-06-03,499496480.25,8.248566,499442543.75,248182.45,391.45,3
3191854000190,2015-06-05,497679319.36,8.246713,497602795.33,112170.38,1839721.47,3
3191854000190,2015-06-08,497875081.71,8.264526,497953533.98,0.0,724089.41,3
3191854000190,2015-06-09,498303005.68,8.271358,498302647.91,145305.12,207832.28,3
3191854000190,2015-06-10,496803245.02,8.260197999999999,496609994.32,0.0,1020326.55,3
3191854000190,2015-06-11,494577535.15,8.254142,494480880.9,0.0,1765021.64,3
3191854000190,2015-06-12,495141971.68,8.266255000000001,495209256.47,41684.14,38962.05,3
3191854000190,2015-06-15,494335647.51,8.253317,494138331.67,0.0,295843.77,3
3191854000190,2015-06-16,494350066.8,8.26578,494409931.01,0.0,474578.94,3
3191854000190,2015-06-17,494372254.51,8.277849,494421178.94,0.0,710648.05,3
3191854000190,2015-06-18,494325444.75,8.285602,494342349.09,25405.53,567308.26,3
3191854000190,2015-06-19,494194742.77,8.291775,494118558.79,33979.26,626068.12,3
3191854000190,2015-06-22,494042819.92,8.313737,494189476.61,0.0,1237828.71,3
3191854000190,2015-06-23,493850726.5,8.324883999999999,493897253.0,0.0,954829.37,3
3191854000190,2015-06-24,493054984.81,8.322753,493001021.53,0.0,769803.86,3
3191854000190,2015-06-25,491655578.57,8.30729,491491617.59,0.0,593448.02,3
3191854000190,2015-06-26,491586740.51,8.315433,491652125.92,23150.0,344413.25,3
3191854000190,2015-06-29,491018128.36,8.308799,491002316.7,0.0,257572.24,3
3191854000190,2015-06-30,491177675.62,8.311225,491243953.95,538269.04,439994.45,3
3191854000190,2015-07-01,490455255.7,8.303453999999999,490363347.47,0.0,421293.09,3
3191854000190,2015-07-02,491384139.6,8.332292,491578193.23,0.0,488192.3,3
3191854000190,2015-07-03,490015856.32,8.351308,490064790.99,8000.0,2643284.54,3
3191854000190,2015-07-06,489245533.67,8.352027,489204460.11,0.0,902522.64,3
3191854000190,2015-07-07,488538677.83,8.361208999999999,488551923.3,0.0,1190355.39,3
3191854000190,2015-07-08,488676031.6,8.366093,488657489.08,31891.07,211701.19,3
3191854000190,2015-07-09,488714104.22,8.370908,488690853.68,0.0,247876.08,3
3191854000190,2015-07-10,488551703.1,8.377272999999999,488608820.93,0.0,453619.34,3
3191854000190,2015-07-13,487245060.91,8.378669,487242808.87,40548.81,1487983.29,3
3191854000190,2015-07-14,487649539.26,8.384247,487668637.67,107426.46,5973.81,3
3191854000190,2015-07-15,488131006.33,8.392693,488136337.97,334700.0,358260.18,3
3191854000190,2015-07-16,488900075.15,8.402139,488858156.67,398241.62,225821.77,3
3191854000190,2015-07-17,488921690.21,8.408339999999999,488943644.95,0.0,275301.91,3
3191854000190,2015-07-20,489459764.32,8.432013000000001,489548654.8,0.0,771571.35,3
3191854000190,2015-07-21,489998727.68,8.448748,490019840.8,0.0,500420.26,3
3191854000190,2015-07-22,488532931.75,8.438668,488518953.07,18744.42,935001.14,3
3191854000190,2015-07-23,485356513.49,8.385341,485185303.49,0.0,246521.34,3
3191854000190,2015-07-24,483998338.84,8.367525,483907041.95,0.0,247407.65,3
3191854000190,2015-07-27,483714740.13,8.367927,483689904.09,0.0,240386.13,3
3191854000190,2015-07-28,483448838.7,8.3675,483393344.28,59008.78,330886.77,3
3191854000190,2015-07-29,483445408.03,8.377938,483517087.63,0.0,479263.47,3
3191854000190,2015-07-30,485339389.57,8.43388,485565041.38,0.0,1180634.58,3
3191854000190,2015-07-31,486852684.22,8.453038000000001,486902281.18,286816.63,52563.25,3
3191854000190,2015-08-03,483418869.62,8.43192,483307458.73,0.0,2378407.41,3
3191854000190,2015-08-04,482090202.34,8.434909,482076724.54,0.0,1402060.05,3
3191854000190,2015-08-05,481057449.43,8.416766,480969912.66,80756.0,150648.8,3
3191854000190,2015-08-06,475070065.89,8.361196000000001,474805512.58,0.0,2988893.22,3
3191854000190,2015-08-07,472816890.98,8.33981,472740983.17,0.0,850087.03,3
3191854000190,2015-08-10,472476558.06,8.358296000000001,472563744.84,0.0,1225114.69,3
3191854000190,2015-08-11,473386210.61,8.370252,473485063.79,433494.51,188147.33,3
3191854000190,2015-08-12,473760220.64,8.391872,473870390.12,0.0,837665.16,3
3191854000190,2015-08-13,471504293.9,8.389187,471462848.27,0.0,2255925.84,3
3191854000190,2015-08-14,470428770.05,8.388325,470454141.55,0.0,960263.28,3
3191854000190,2015-08-17,470141618.23,8.38487,470095614.9,13446.15,178201.21,3
3191854000190,2015-08-18,470178256.62,8.403145,470190870.49,0.0,929327.65,3
3191854000190,2015-08-19,470461154.16,8.413075,470506679.28,0.0,239815.94,3
3191854000190,2015-08-20,470823361.17,8.425892999999999,470904590.93,112804.24,431747.56,3
3191854000190,2015-08-21,468575796.99,8.409573,468470414.91,0.0,1522087.18,3
3191854000190,2015-08-24,467123782.4,8.382869,466862575.9,0.0,120244.56,3
3191854000190,2015-08-25,467028004.52,8.38808,466966258.84,289669.87,476200.34,3
3191854000190,2015-08-26,468070791.36,8.413867999999999,468219958.17,51728.05,233652.35,3
3191854000190,2015-08-27,468359000.44,8.414639999999999,468437675.7,342147.62,167390.8,3
3191854000190,2015-08-28,467425628.23,8.416469000000001,467323225.14,0.0,1216269.82,3
3191854000190,2015-08-31,465430702.99,8.381960000000001,465171034.9,0.0,236082.99,3
3191854000190,2015-09-01,462909346.53,8.359782000000001,462727133.81,0.0,1213095.49,3
3191854000190,2015-09-02,460408349.98,8.319442,460106176.76,0.0,388074.34,3
3191854000190,2015-09-03,459847986.63,8.337292,459924093.42,0.0,1169276.37,3
3191854000190,2015-09-04,457432987.18,8.303197,457217609.5,0.0,825643.95,3
3191854000190,2015-09-08,457481080.28,8.336872999999999,457604189.18,0.0,1467797.63,3
3191854000190,2015-09-09,448850169.87,8.349565,448812624.16,0.0,9488218.58,3
3191854000190,2015-09-10,444129923.1,8.311985,443828090.98,0.0,2964502.38,3
3191854000190,2015-09-11,443728577.45,8.337847,443832488.87,0.0,1376533.62,3
3191854000190,2015-09-14,443304078.19,8.366288,443236780.07,0.0,2109653.56,3
3191854000190,2015-09-15,442297853.71,8.369269000000001,442368590.29,0.0,1026119.88,3
3191854000190,2015-09-16,439055015.8,8.374774,439030761.41,0.0,3628802.81,3
3191854000190,2015-09-17,435666236.27,8.36983,435600918.93,0.0,3170663.15,3
3191854000190,2015-09-18,432787306.64,8.322787,432593911.7,0.0,558692.98,3
3191854000190,2015-09-21,430977903.65,8.312219,430853366.56,0.0,1191251.67,3
3191854000190,2015-09-22,429900862.09,8.298886,429760447.22,0.0,401820.12,3
3191854000190,2015-09-23,424259014.83,8.252212,423912681.53,0.0,3430737.76,3
3191854000190,2015-09-24,418700724.49,8.340952,418074027.6,0.0,10397190.63,3
3191854000190,2015-09-25,416171200.58,8.326808999999999,415828834.42,0.0,1536302.75,3
3191854000190,2015-09-28,408783933.0,8.261132,409318581.14,0.0,3230438.59,3
3191854000190,2015-09-29,408790158.51,8.299603,408576278.93,0.0,2648444.74,3
3191854000190,2015-09-30,407681423.6,8.339239,407185554.48,0.0,3341941.79,3
3191854000190,2015-10-01,405116481.08,8.347669,405153567.42,0.0,2443604.25,3
3191854000190,2015-10-02,407065495.66,8.405773,406641600.83,0.0,1332040.4,3
3191854000190,2015-10-05,404392339.76,8.404564,404490591.52,0.0,2092522.15,3
3191854000190,2015-10-06,400880592.36,8.412583999999999,400887866.88,0.0,3988707.12,3
3191854000190,2015-10-07,398148035.65,8.394594999999999,398347792.54,0.0,1682838.09,3
3191854000190,2015-10-08,398577699.45,8.43088,398495618.33,0.0,1574002.31,3
3191854000190,2015-10-09,393912418.61,8.417927,394113491.59,0.0,3769887.71,3
3191854000190,2015-10-13,392557222.14,8.402358,392756562.22,0.0,628014.38,3
3191854000190,2015-10-14,392766421.19,8.415021000000001,392918696.99,0.0,429779.58,3
3191854000190,2015-10-15,394005928.42,8.442504,393933003.11,0.0,268944.92,3
3191854000190,2015-10-16,392871032.84,8.441099000000001,392881958.97,0.0,985485.86,3
3191854000190,2015-10-19,391881715.01,8.437215,391931904.15,3800.0,773078.18,3
3191854000190,2015-10-20,387444854.27,8.448072,387447631.85,0.0,4988609.88,3
3191854000190,2015-10-21,386747436.83,8.449539,386675674.24,0.0,839237.53,3
3191854000190,2015-10-22,387362826.7,8.488738,387431607.93,0.0,1037927.45,3
3191854000190,2015-10-23,386492907.23,8.490013000000001,386425808.6,0.0,1063991.15,3
3191854000190,2015-10-26,386981161.23,8.50479,387009183.07,74804.56,164010.23,3
3191854000190,2015-10-27,383952978.22,8.531673,384091259.24,22030.45,4163261.13,3
3191854000190,2015-10-28,382291979.28,8.522599000000001,382196562.32,0.0,1486190.38,3
3191854000190,2015-10-29,382207573.46,8.532055,382201514.41,0.0,419102.9,3
3191854000190,2015-10-30,381075524.45,8.534022,381024088.87,0.0,1265539.16,3
3191854000190,2015-11-03,380731275.86,8.553513,380857808.55,0.0,1036507.79,3
3191854000190,2015-11-04,380934637.19,8.569772,381022457.34,50000.0,609307.22,3
3191854000190,2015-11-05,379595820.32,8.566410000000001,379560911.39,0.0,1312067.34,3
3191854000190,2015-11-06,377978065.47,8.572513,377984250.63,0.0,1847072.76,3
3191854000190,2015-11-09,377897451.4,8.578747,377849779.73,0.0,409344.06,3
3191854000190,2015-11-10,374669851.37,8.586339,374631794.03,0.0,3552374.32,3
3191854000190,2015-11-11,373107346.86,8.607886,373161013.67,0.0,2410900.61,3
3191854000190,2015-11-12,372131978.99,8.609863,372122660.71,0.0,1124058.0,3
3191854000190,2015-11-13,372119373.57,8.608410000000001,372072483.47,310000.0,297377.83,3
3191854000190,2015-11-16,371579876.74,8.613156,371608567.85,0.0,669047.1,3
3191854000190,2015-11-17,370193066.6,8.619498,370214417.86,0.0,1667771.11,3
3191854000190,2015-11-18,370023545.77,8.636975999999999,370078681.5,0.0,886430.6,3
3191854000190,2015-11-19,370864972.57,8.668199000000001,371055759.29,82700.0,443470.85,3
3191854000190,2015-11-20,370782872.75,8.677104,370974416.99,0.0,462534.69,3
3191854000190,2015-11-23,370915044.2,8.68792,371010939.84,0.0,425896.31,3
3191854000190,2015-11-24,370758051.66,8.665733,370684182.62,752111.94,131390.4,3
3191854000190,2015-11-25,369492649.5,8.641116,369361655.33,0.0,269513.92,3
3191854000190,2015-11-26,367695115.92,8.600088000000001,367534100.08,63000.0,136826.91,3
3191854000190,2015-11-27,366786053.35,8.585364,366611012.43,46832.23,340673.75,3
3191854000190,2015-11-30,364202560.09,8.583955,364138971.29,0.0,2411874.2,3
3191854000190,2015-12-01,363201149.39,8.600715,363289559.86,0.0,1560385.45,3
3191854000190,2015-12-02,363755458.54,8.624289,363851515.36,0.0,433797.53,3
3191854000190,2015-12-03,363139883.55,8.620953,363062403.42,0.0,648368.89,3
3191854000190,2015-12-04,361764277.35,8.620997000000001,361764695.08,0.0,1299561.35,3
3191854000190,2015-12-07,360313292.55,8.628839,360290065.66,0.0,1803704.88,3
3191854000190,2015-12-08,359798417.58,8.633867,359798527.67,0.0,701477.99,3
3191854000190,2015-12-09,360209278.04,8.653425,360268652.1,0.0,344914.71,3
3191854000190,2015-12-10,357864001.28,8.62415,357627292.58,0.0,1422551.37,3
3191854000190,2015-12-11,357764251.78,8.631895,357763089.06,0.0,185374.1,3
3191854000190,2015-12-14,353795816.45,8.633324,353720685.51,0.0,4101630.79,3
3191854000190,2015-12-15,352955803.62,8.634808,352964305.24,0.0,817182.04,3
3191854000190,2015-12-16,352802612.67,8.638800999999999,352725847.79,0.0,401678.96,3
3191854000190,2015-12-17,353361009.63,8.665303,353481472.92,0.0,326462.56,3
3191854000190,2015-12-18,352952954.92,8.675071,352893773.57,0.0,986162.85,3
3191854000190,2015-12-21,352144311.62,8.674688,351977493.32,0.0,900700.16,3
3191854000190,2015-12-22,351472490.15,8.685436,351537245.87,0.0,876350.05,3
3191854000190,2015-12-23,351201907.15,8.706443,351262434.4,0.0,1125055.81,3
3191854000190,2015-12-24,350895540.65,8.712742,350953806.92,0.0,562761.34,3
3191854000190,2015-12-28,350868153.32,8.722975,350905923.32,178329.13,638403.32,3
3191854000190,2015-12-29,351259169.85,8.737250999999999,351216580.62,0.0,263634.48,3
3191854000190,2015-12-30,351040646.07,8.739345,351015131.55,50000.0,335622.85,3
3191854000190,2015-12-31,350528093.89,8.745669,350501615.18,0.0,767519.35,3
3191854000190,2016-01-04,350884829.2,8.761565,350925899.74,54580.05,267362.09,3
3191854000190,2016-01-05,352296644.06,8.8008,352428891.92,23179.22,91661.72,3
3191854000190,2016-01-06,353260891.7,8.822514,353319662.86,21231.69,0.0,3
3191854000190,2016-01-07,352732009.38,8.827236,352696552.05,0.0,812215.11,3
3191854000190,2016-01-08,352545867.26,8.83102,352557474.93,0.0,290268.68,3
3191854000190,2016-01-11,352477795.91,8.831189,352449268.89,93670.0,208622.96,3
3191854000190,2016-01-12,352714687.5,8.840484,352765497.68,75152.6,129883.59,3
3191854000190,2016-01-13,352915590.46,8.852917,352946459.72,0.0,315157.1,3
3191854000190,2016-01-14,352701864.59,8.855391000000003,352679024.86,0.0,366067.82,3
3191854000190,2016-01-15,365864679.83,8.859858000000003,365835902.08,13011590.75,32618.4,3
3191854000190,2016-01-18,366010888.47,8.872409,365999405.68,110000.0,464744.7,3
3191854000190,2016-01-19,366430488.1,8.887706,366510993.36,165342.49,284777.66,3
3191854000190,2016-01-20,366327804.18,8.891967999999997,366354195.42,0.0,332554.18,3
3191854000190,2016-01-21,368457307.99,8.952705,368608602.12,0.0,247992.61,3
3191854000190,2016-01-22,369381153.07,8.966515,369450169.08,292900.0,19930.45,3
3191854000190,2016-01-25,369983436.93,8.975577000000003,370050622.16,476667.53,249598.92,3
3191854000190,2016-01-26,370688158.39,8.993015,370796250.07,252380.27,225696.98,3
3191854000190,2016-01-27,370322379.0,8.971126,370350190.94,676111.75,219652.74,3
3191854000190,2016-01-28,371243421.94,8.990089,371396657.41,263627.08,0.0,3
3191854000190,2016-01-29,371658680.25,8.977682000000003,371636473.0,752370.93,0.0,3
3191854000190,2016-02-01,372631899.1,9.005068,372733653.88,23595.5,60074.33,3
3191854000190,2016-02-02,372422025.87,8.994194,372374444.89,127235.19,36352.55,3
3191854000190,2016-02-03,372001931.15,9.004505,371982025.13,0.0,819312.14,3
3191854000190,2016-02-04,370472981.32,8.975173,370423283.25,37775.76,384793.42,3
3191854000190,2016-02-05,371422577.59,9.000502000000003,371414139.4,0.0,54522.16,3
3191854000190,2016-02-10,371956000.36,9.015263000000001,372023559.85,37217.26,36923.29,3
3191854000190,2016-02-11,371753027.85,9.014491,371722906.93,55276.11,324071.7,3
3191854000190,2016-02-12,371965051.52,9.036873,372004893.08,0.0,640961.35,3
3191854000190,2016-02-15,373395120.17,9.054406,373421626.78,694983.83,0.0,3
3191854000190,2016-02-16,373975564.42,9.067517,374050069.09,285333.98,197615.26,3
3191854000190,2016-02-17,375211869.61,9.08458,375255982.61,766500.0,264463.45,3
3191854000190,2016-02-18,374261542.96,9.073139999999999,374228416.43,215435.92,770450.98,3
3191854000190,2016-02-19,375271171.44,9.079114,375319568.96,1207270.86,362520.4,3
3191854000190,2016-02-22,375913548.31,9.086624,375919616.35,289593.07,0.0,3
3191854000190,2016-02-23,375712534.3,9.088807000000001,375697947.77,0.0,311980.71,3
3191854000190,2016-02-24,376220602.8,9.102091999999999,376248248.3,252193.96,251046.61,3
3191854000190,2016-02-25,379724084.73,9.107389999999999,379698291.55,3231042.69,0.0,3
3191854000190,2016-02-26,379202545.9,9.102524,379189853.24,48319.56,353888.36,3
3191854000190,2016-02-29,379964980.01,9.117578,379991271.83,200288.63,25984.45,3
3191854000190,2016-03-01,382262045.34,9.143442,382340293.25,1271093.22,0.0,3
3191854000190,2016-03-02,382181815.99,9.152088,382168547.87,529000.0,1062284.73,3
3191854000190,2016-03-03,382716361.81,9.159047,382756518.13,375700.0,78320.37,3
3191854000190,2016-03-04,383496321.74,9.162338,383510258.11,616209.1,0.0,3
3191854000190,2016-03-07,382829546.16,9.141219,382716258.59,141097.66,51113.95,3
3191854000190,2016-03-08,383509843.72,9.158694,383624181.45,220786.59,44491.17,3
3191854000190,2016-03-09,384395833.81,9.173651,384553284.56,616500.0,313890.9,3
3191854000190,2016-03-10,384749304.84,9.186274,384824179.79,0.0,258252.43,3
3191854000190,2016-03-11,388030056.86,9.216786,388157058.17,2061050.83,6357.21,3
3191854000190,2016-03-14,388528982.53,9.212951,388490048.75,500291.9,5793.58,3
3191854000190,2016-03-15,387725379.93,9.18737,387544011.4,209301.13,76643.51,3
3191854000190,2016-03-16,388095814.5,9.201485,388131794.72,68000.0,75619.25,3
3191854000190,2016-03-17,390040634.69,9.249801,390219317.75,139485.07,90000.0,3
3191854000190,2016-03-18,391203766.5,9.262809,391261570.64,576204.69,82717.43,3
3191854000190,2016-03-21,392841877.78,9.270136,392816992.19,1354254.37,108325.71,3
3191854000190,2016-03-22,393946884.51,9.296501,394098235.41,191001.07,26960.45,3
3191854000190,2016-03-23,393684191.65,9.260846,393557251.91,970506.95,0.0,3
3191854000190,2016-03-24,392350772.53,9.23968,392198919.23,0.0,458843.26,3
3191854000190,2016-03-28,393422295.53,9.270296,393617836.89,193890.17,74537.23,3
3191854000190,2016-03-29,395327519.33,9.274334,395425620.61,1778689.02,142359.24,3
3191854000190,2016-03-30,394135273.59,9.255929,394009911.87,232000.0,862983.01,3
3191854000190,2016-03-31,393305577.59,9.230297,393073445.52,202019.73,47373.34,3
3191854000190,2016-04-01,394045873.05,9.252816000000001,394201768.14,336032.79,166684.83,3
3191854000190,2016-04-04,393371772.94,9.231921,393232383.12,90813.81,170000.0,3
3191854000190,2016-04-05,393521063.24,9.241352000000001,393541391.84,0.0,92703.39,3
3191854000190,2016-04-06,393400832.94,9.238331,393333667.47,24484.61,103560.21,3
3191854000190,2016-04-07,392831651.63,9.227721,392741953.61,39154.84,179134.47,3
3191854000190,2016-04-08,393152814.84,9.249727,393319128.06,0.0,359425.1,3
3191854000190,2016-04-11,393858936.32,9.268171,393969941.98,54716.27,188182.58,3
3191854000190,2016-04-12,393621423.51,9.271885000000001,393634500.72,31415.41,524730.8,3
3191854000190,2016-04-13,393392483.75,9.298592999999999,393585496.09,0.0,1182883.02,3
3191854000190,2016-04-14,393060770.67,9.298374,393130788.47,63836.07,509273.98,3
3191854000190,2016-04-15,392817229.61,9.313883,392929885.64,207822.86,1064438.75,3
3191854000190,2016-04-18,394481241.21,9.337804,394607395.65,843382.49,175040.82,3
3191854000190,2016-04-19,394949618.72,9.336715,394965613.44,598402.83,194164.85,3
3191854000190,2016-04-20,395218455.28,9.335003,395249427.45,404996.25,48760.5,3
3191854000190,2016-04-22,394409097.08,9.337277,394400925.68,0.0,944784.24,3
3191854000190,2016-04-25,393724890.26,9.346476,393772018.15,0.0,1017467.7,3
3191854000190,2016-04-26,392752720.59,9.344942999999999,392702922.65,0.0,1004509.38,3
3191854000190,2016-04-27,392706598.6,9.3595,392803401.85,0.0,511250.2,3
3191854000190,2016-04-28,392221565.3,9.345266,392148048.04,0.0,57975.35,3
3191854000190,2016-04-29,392123110.12,9.382485,392178599.45,42.8,1531283.02,3
3191854000190,2016-05-02,391936776.49,9.379773,391901723.86,7811.29,171327.95,3
3191854000190,2016-05-03,392650181.89,9.37984,392654310.77,1116017.86,366230.32,3
3191854000190,2016-05-04,391904029.43,9.386342,391908135.77,0.0,1018358.55,3
3191854000190,2016-05-05,392745148.31,9.402397,392744191.5,273613.69,107902.71,3
3191854000190,2016-05-06,391526718.91,9.405464,391531211.1,399597.23,1740688.21,3
3191854000190,2016-05-09,392116989.4,9.419546,392112586.09,22467.92,27299.25,3
3191854000190,2016-05-10,393328007.66,9.43846,393332268.36,586460.37,154121.51,3
3191854000190,2016-05-11,393761855.97,9.460572,393763242.28,0.0,490507.24,3
3191854000190,2016-05-12,395565527.33,9.481956,395574187.07,993364.65,72454.12,3
3191854000190,2016-05-13,395636287.24,9.487348,395629247.32,12589.74,182476.33,3
3191854000190,2016-05-16,395839685.25,9.489968,395837023.02,98519.79,0.0,3
3191854000190,2016-05-17,396421193.33,9.494658,396422134.84,776023.62,386536.86,3
3191854000190,2016-05-18,396125147.41,9.486308,396125463.52,75000.0,23041.08,3
3191854000190,2016-05-19,396481021.05,9.49639,396479137.47,0.0,67326.16,3
3191854000190,2016-05-20,397071827.27,9.49505,397068189.4,693138.82,48141.21,3
3191854000190,2016-05-23,395913916.71,9.467241,395910617.11,107536.89,102180.15,3
3191854000190,2016-05-24,395427422.1,9.464099,395430771.68,1864.38,350314.48,3
3191854000190,2016-05-25,396074802.18,9.45728,396065952.23,920093.28,0.0,3
3191854000190,2016-05-27,395864303.26,9.449565,395860477.26,195950.0,78324.81,3
3191854000190,2016-05-30,396500922.54,9.463896,396496418.43,35587.96,0.0,3
3191854000190,2016-05-31,390629561.98,9.463322,390625381.97,0.0,5846988.32,3
3191854000190,2016-06-01,391663697.61,9.480172,391661852.62,476886.78,135947.54,3
3191854000190,2016-06-02,392297255.04,9.502203,392294115.94,0.0,277920.81,3
3191854000190,2016-06-03,393227010.0,9.533412,393218486.91,0.0,364078.35,3
3191854000190,2016-06-06,393387263.8,9.543633,393377626.95,0.0,262438.94,3
3191854000190,2016-06-07,392637900.12,9.544295,392639878.03,0.0,765035.8,3
3191854000190,2016-06-08,393225596.34,9.559247000000001,393223135.01,66045.42,97894.25,3
3191854000190,2016-06-09,393266515.27,9.560924,393261375.12,4600.0,35343.9,3
3191854000190,2016-06-10,393346793.72,9.56297,393333923.22,72414.68,84022.95,3
3191854000190,2016-06-13,393814031.56,9.571655,393806518.54,115823.12,450.0,3
3191854000190,2016-06-14,394470670.36,9.581026,394471845.06,388614.42,108838.88,3
3191854000190,2016-06-15,395054033.86,9.579692,395051467.32,654704.89,20158.91,3
3191854000190,2016-06-16,394680904.83,9.573406,394677513.58,1550.0,116278.96,3
3191854000190,2016-06-17,392891659.06,9.572095,392886553.73,0.0,1736911.99,3
3191854000190,2016-06-20,392826555.87,9.576531,392812734.85,0.0,255894.46,3
3191854000190,2016-06-21,393174760.53,9.5814,393172506.07,307956.85,147903.59,3
3191854000190,2016-06-22,392797189.28,9.583136,392791679.16,272826.4,724890.02,3
3191854000190,2016-06-23,392968780.74,9.591492,392960721.26,848.16,174300.13,3
3191854000190,2016-06-24,391951904.02,9.594697,391945409.52,0.0,1146619.69,3
3191854000190,2016-06-27,392107233.84,9.618364,392104092.01,434115.13,1242234.62,3
3191854000190,2016-06-28,390757140.53,9.588444,390772634.45,39589.85,151322.88,3
3191854000190,2016-06-29,389619099.08,9.549947999999999,389591791.08,388043.44,0.0,3
3191854000190,2016-06-30,389451759.22,9.545434,389449338.07,284061.49,242365.09,3
3191854000190,2016-07-01,391245714.64,9.578114,391229856.56,470777.77,23588.32,3
3191854000190,2016-07-04,391054436.6,9.577083,391050058.02,102313.93,240000.0,3
3191854000190,2016-07-05,390726618.46,9.574374,390699968.43,0.0,239476.1,3
3191854000190,2016-07-06,390481893.58,9.587987,390464948.65,0.0,790523.32,3
3191854000190,2016-07-07,387710176.14,9.591913,387707008.58,0.0,2917824.04,3
3191854000190,2016-07-08,387932940.26,9.608467,387964109.26,0.0,412015.25,3
3191854000190,2016-07-11,387775422.03,9.610226,387785152.69,126732.76,376713.03,3
3191854000190,2016-07-12,388171466.55,9.615531,388165209.63,532101.84,366108.57,3
3191854000190,2016-07-13,388597052.51,9.626387,388611290.02,69499.9,61660.67,3
3191854000190,2016-07-14,388481042.69,9.63953,388489805.67,0.0,652059.14,3
3191854000190,2016-07-15,394796556.0,9.649448,394798027.85,5908509.55,0.0,3
3191854000190,2016-07-18,395022459.68,9.652901,395025243.98,359486.43,273546.52,3
3191854000190,2016-07-19,394620693.85,9.646328,394624130.85,112145.73,244272.27,3
3191854000190,2016-07-20,394140272.46,9.647013,394152839.77,25228.54,524542.46,3
3191854000190,2016-07-21,393027151.73,9.634966,393024223.0,0.0,636406.46,3
3191854000190,2016-07-22,392668871.77,9.636791,392654965.23,0.0,443702.17,3
3191854000190,2016-07-25,392681535.42,9.639598,392677286.91,0.0,92050.67,3
3191854000190,2016-07-26,392561868.24,9.640826,392574916.08,157103.91,309498.38,3
3191854000190,2016-07-27,392525904.91,9.648423,392532618.12,0.0,351648.18,3
3191854000190,2016-07-28,391841466.03,9.657026,391839567.47,0.0,1043051.69,3
3191854000190,2016-07-29,392185284.98,9.666527,392196721.17,103607.3,131962.32,3
3191854000190,2016-08-01,392477484.0,9.676459,392481729.2,0.0,117959.64,3
3191854000190,2016-08-02,393026084.58,9.681058,393011291.64,622131.3,279106.46,3
3191854000190,2016-08-03,393032234.43,9.696858,393030487.87,0.0,622219.04,3
3191854000190,2016-08-04,393530740.89,9.718556,393545442.04,0.0,364503.43,3
3191854000190,2016-08-05,394645596.49,9.737278,394664019.21,360444.19,0.0,3
3191854000190,2016-08-08,394780027.11,9.73827,394764908.69,60982.48,300.0,3
3191854000190,2016-08-09,394911035.56,9.751168,394929594.6,18889.66,377056.14,3
3191854000190,2016-08-10,395186396.23,9.770002999999999,395188986.19,0.0,503439.99,3
3191854000190,2016-08-11,394558842.53,9.782898,394558210.34,0.0,1152368.52,3
3191854000190,2016-08-12,395258065.57,9.793431,395261294.31,334255.55,55982.48,3
3191854000190,2016-08-15,395245083.17,9.789902,395247941.3,180688.55,51611.69,3
3191854000190,2016-08-16,395137456.1,9.787229,395146531.07,265914.05,259407.19,3
3191854000190,2016-08-17,395402545.81,9.78837,395399036.1,222964.07,16525.41,3
3191854000190,2016-08-18,395318626.83,9.785694,395312454.23,124922.74,103408.19,3
3191854000190,2016-08-19,397428621.38,9.79659,397436821.77,1684202.08,0.0,3
3191854000190,2016-08-22,396831991.15,9.796646,396823214.82,0.0,615878.81,3
3191854000190,2016-08-23,396774860.14,9.803131,396771904.38,8497.07,322489.1,3
3191854000190,2016-08-24,396286531.26,9.802958,396286079.54,0.0,478822.83,3
3191854000190,2016-08-25,396256829.42,9.805533,396256395.43,0.0,133778.88,3
3191854000190,2016-08-26,395517832.54,9.783756,395490223.46,170630.05,56760.57,3
3191854000190,2016-08-29,395544582.48,9.793656,395549189.5,360443.66,701666.79,3
3191854000190,2016-08-30,395189680.29,9.786321000000001,395179348.07,82214.83,155808.03,3
3191854000190,2016-08-31,391707474.95,9.79539,391722505.32,87.44,3823143.55,3
3191854000190,2016-09-01,391000428.63,9.819912,391012001.49,0.0,1691150.77,3
3191854000190,2016-09-02,391457377.4,9.832238,391460525.62,136365.36,178641.35,3
3191854000190,2016-09-05,391681674.2,9.833916,391671072.33,143738.86,0.0,3
3191854000190,2016-09-06,379754390.65,9.84404,379761142.99,0.0,12313154.05,3
3191854000190,2016-09-08,379385876.38,9.844451,379383176.4,0.0,393822.06,3
3191854000190,2016-09-09,378880490.73,9.827933,378849333.09,302462.96,199739.4,3
3191854000190,2016-09-12,378957811.65,9.836067,378971336.51,12426.8,203974.61,3
3191854000190,2016-09-13,378492563.06,9.823173,378454173.15,39688.42,60062.12,3
3191854000190,2016-09-14,378910319.33,9.830925,378914266.35,161434.43,0.0,3
3191854000190,2016-09-15,379201881.08,9.841999,379204912.81,0.0,136179.76,3
3191854000190,2016-09-16,379673712.86,9.849527,379668386.73,250000.0,76574.33,3
3191854000190,2016-09-19,379690800.97,9.860129,379684779.31,0.0,392281.28,3
3191854000190,2016-09-20,379886842.82,9.8664,379879097.18,293523.4,340683.43,3
3191854000190,2016-09-21,380261634.49,9.876646,380283060.77,82900.0,73430.99,3
3191854000190,2016-09-22,380672713.23,9.888793,380695545.94,0.0,55213.91,3
3191854000190,2016-09-23,381003214.8,9.892434,380995076.37,174831.37,15470.98,3
3191854000190,2016-09-26,381462129.46,9.893289,381450493.73,429763.34,7275.27,3
3191854000190,2016-09-27,381860491.78,9.905874,381882766.08,47809.01,100770.08,3
3191854000190,2016-09-28,382236154.09,9.918268,382238411.46,0.0,122157.49,3
3191854000190,2016-09-29,382222624.28,9.91961,382191395.49,150000.0,248735.07,3
3191854000190,2016-09-30,381518595.69,9.929412,381517314.65,136546.61,1188287.47,3
3191854000190,2016-10-03,383309605.08,9.948903999999999,383341007.44,1388769.11,314016.48,3
3191854000190,2016-10-04,383009811.43,9.94329,382984042.44,45763.54,186415.63,3
3191854000190,2016-10-05,383326350.46,9.958537,383349117.77,0.0,222190.83,3
3191854000190,2016-10-06,382732734.29,9.959543,382723579.1,0.0,664264.16,3
3191854000190,2016-10-07,380040614.85,9.956372,380047633.05,170329.0,2724420.41,3
3191854000190,2016-10-10,380182388.01,9.95403,380190426.04,307019.86,74829.69,3
3191854000190,2016-10-11,380362642.31,9.955712,380363644.36,175247.77,66272.81,3
3191854000190,2016-10-13,380494705.44,9.96142,380503254.25,297802.4,376269.9,3
3191854000190,2016-10-14,380839277.32,9.965803,380844330.56,201641.95,27986.12,3
3191854000190,2016-10-17,381639506.19,9.970628999999999,381644931.47,623397.15,7222.4,3
3191854000190,2016-10-18,381013505.65,9.975936,381023135.84,66169.36,891100.58,3
3191854000190,2016-10-19,380613837.75,9.985978,380618943.36,391477.79,1179216.67,3
3191854000190,2016-10-20,381305729.51,9.977195,381311162.92,1026986.58,0.0,3
3191854000190,2016-10-21,381260543.58,9.97132,381265324.36,270131.02,91437.22,3
3191854000190,2016-10-24,382209824.48,9.982589,382210114.35,513906.32,0.0,3
3191854000190,2016-10-25,381864431.89,9.971271,381866771.99,298285.01,208287.47,3
3191854000190,2016-10-26,381172549.33,9.965428,381180481.74,0.0,462522.64,3
3191854000190,2016-10-27,380499098.0,9.963455,380504082.58,0.0,600931.34,3
3191854000190,2016-10-28,380922564.41,9.965349,380916926.58,617967.72,277455.53,3
3191854000190,2016-10-31,382556970.42,10.00769,382552814.08,21861.03,4421.97,3
3191854000190,2016-11-01,384351215.0,10.014268,384356794.48,1661322.71,108792.19,3
3191854000190,2016-11-03,384610174.47,10.018487,384615975.9,274063.48,176811.15,3
3191854000190,2016-11-04,385021737.06,10.028345,385018696.08,215095.0,190829.6,3
3191854000190,2016-11-07,384915700.04,10.036471,384918860.25,0.0,411817.71,3
3191854000190,2016-11-08,384442832.28,10.039363,384449464.75,0.0,580309.52,3
3191854000190,2016-11-09,384377332.97,10.022842,384385170.71,568364.58,0.0,3
3191854000190,2016-11-10,382615222.67,9.986658,382617723.71,35158.26,414915.71,3
3191854000190,2016-11-11,382231508.96,9.977494,382233342.53,8115.87,41397.74,3
3191854000190,2016-11-14,380644124.43,9.937247,380646549.32,270000.0,314948.6,3
3191854000190,2016-11-16,381079885.99,9.959716,381087118.01,0.0,420107.04,3
3191854000190,2016-11-17,380823316.35,9.960335,380828047.82,161150.0,443904.89,3
3191854000190,2016-11-18,380687643.33,9.969797,380685761.13,0.0,504061.17,3
3191854000190,2016-11-21,380702758.89,10.004593,380700989.61,0.0,1313418.6,3
3191854000190,2016-11-22,381009806.22,10.024948,381015796.73,17468.66,477222.65,3
3191854000190,2016-11-23,380563289.47,10.027149,380569589.19,87678.67,617539.09,3
3191854000190,2016-11-24,380343196.4,10.026867,380345318.95,79300.0,292867.24,3
3191854000190,2016-11-25,378180981.5,10.018291,378172917.6,0.0,1847091.21,3
3191854000190,2016-11-28,378863675.05,10.036817999999998,378860160.63,80000.0,92118.73,3
3191854000190,2016-11-29,378874552.04,10.052414,378877119.08,0.0,571744.38,3
3191854000190,2016-11-30,375893879.09,10.060786,375887101.37,0.0,3305559.75,3
3191854000190,2016-12-01,374068879.22,10.015363,374067098.21,13051.11,135978.13,3
3191854000190,2016-12-02,374177166.06,10.025656,374172325.61,137219.41,416428.67,3
3191854000190,2016-12-05,375327076.8,10.070532,375322271.91,0.0,524892.46,3
3191854000190,2016-12-06,375444908.15,10.07929,375444516.35,112446.38,316606.99,3
3191854000190,2016-12-07,375408399.57,10.092224,375411013.03,16567.17,531850.39,3
3191854000190,2016-12-08,375027270.87,10.112133,375028034.43,0.0,1123554.5,3
3191854000190,2016-12-09,373825356.27,10.095808,373819013.19,124798.46,728375.46,3
3191854000190,2016-12-12,373763831.53,10.098063,373761604.01,13138.88,154044.29,3
3191854000190,2016-12-13,373558617.76,10.098509,373551879.01,104356.53,330589.41,3
3191854000190,2016-12-14,373417945.5,10.1105,373430467.2,0.0,564968.44,3
3191854000190,2016-12-15,373369565.97,10.117687,373367970.78,1001.0,328948.66,3
3191854000190,2016-12-16,373313410.57,10.130737,373318193.78,446052.81,977407.47,3
3191854000190,2016-12-19,373154644.19,10.140594,373164353.56,41180.82,558252.01,3
3191854000190,2016-12-20,373196476.82,10.147241000000001,373183585.32,0.0,225371.61,3
3191854000190,2016-12-21,373294373.81,10.156839999999999,373319313.54,106000.0,323292.79,3
3191854000190,2016-12-22,373217213.09,10.160919,373223656.58,0.0,245582.47,3
3191854000190,2016-12-23,372545887.66,10.162697999999999,372544204.03,80719.42,825516.94,3
3191854000190,2016-12-26,373006928.85,10.168557,373008573.87,375007.26,125416.65,3
3191854000190,2016-12-27,372826234.55,10.173061,372827492.27,0.0,346299.79,3
3191854000190,2016-12-28,373845687.44,10.186632000000001,373838414.35,724893.25,211328.06,3
3191854000190,2016-12-29,374965093.33,10.199753999999999,374959429.94,690000.0,50547.66,3
3191854000190,2016-12-30,374550646.51,10.203826,374538476.79,0.0,570646.45,3
3191854000190,2017-01-02,375588360.0,10.227315,375598297.94,197981.95,340.76,3
3191854000190,2017-01-03,375850431.35,10.238498,375850601.51,88855.23,247247.5,3
3191854000190,2017-01-04,376127986.51,10.243024,376104288.84,87539.93,0.0,3
3191854000190,2017-01-05,376476705.49,10.257127,376498571.47,85200.0,208752.61,3
3191854000190,2017-01-06,375897457.84,10.249812,375873661.12,0.0,356405.63,3
3191854000190,2017-01-09,374743634.24,10.25483,374731874.15,30687.64,1356491.06,3
3191854000190,2017-01-10,374694998.96,10.262115,374739730.43,80390.67,338742.77,3
3191854000190,2017-01-11,375460477.41,10.256582,375456587.35,944112.01,25207.57,3
3191854000190,2017-01-12,378131582.21,10.322187,378324281.0,524436.08,58305.58,3
3191854000190,2017-01-13,378538141.72,10.329103,378511898.59,144000.0,209864.62,3
3191854000190,2017-01-16,379198409.88,10.337739,379224490.63,407807.64,11683.42,3
3191854000190,2017-01-17,379602633.51,10.343354,379600553.62,498767.53,328682.42,3
3191854000190,2017-01-18,383430054.24,10.341349,383420896.2,3893925.98,0.0,3
3191854000190,2017-01-19,383707752.61,10.34401,383748757.15,287000.0,57799.58,3
3191854000190,2017-01-20,384027332.97,10.344677,384048963.69,280297.54,4835.8,3
3191854000190,2017-01-23,384216516.09,10.340735,384199364.87,435145.63,138396.62,3
3191854000190,2017-01-24,384114195.5,10.345243,384123463.11,0.0,243391.86,3
3191854000190,2017-01-25,384229722.65,10.349978,384237731.23,12400.0,73944.53,3
3191854000190,2017-01-26,383983885.07,10.344086,383954972.42,479719.71,543740.98,3
3191854000190,2017-01-27,383894756.33,10.351417,383926222.96,109700.0,410563.78,3
3191854000190,2017-01-30,384441633.06,10.343135,384424275.96,1015000.0,209773.89,3
3191854000190,2017-01-31,384320105.42,10.339227,384337091.48,241329.08,183264.55,3
3191854000190,2017-02-01,384899334.13,10.349625999999999,384914256.97,194827.85,4221.38,3
3191854000190,2017-02-02,385116935.77,10.357869,385144857.89,22077.61,98043.15,3
3191854000190,2017-02-03,385627009.16,10.366434,385688484.3,371385.63,146238.41,3
3191854000190,2017-02-06,388556407.94,10.377392,388564631.73,2468449.43,0.0,3
3191854000190,2017-02-07,388450638.42,10.38476,388487272.38,108780.55,462022.72,3
3191854000190,2017-02-08,389845422.22,10.411261,389888022.43,409364.48,0.0,3
3191854000190,2017-02-09,390096717.1,10.424488,390097031.51,0.0,286324.66,3
3191854000190,2017-02-10,391717399.6,10.436549000000001,391741631.71,1193262.89,0.0,3
3191854000190,2017-02-13,392125354.47,10.440078,392118187.09,245000.0,907.58,3
3191854000190,2017-02-14,388768719.33,10.444833000000001,388755087.89,0.0,3541691.93,3
3191854000190,2017-02-15,388838106.42,10.444934,388875013.41,120435.19,4268.87,3
3191854000190,2017-02-16,388708136.1,10.432946000000001,388627794.71,199106.16,0.0,3
3191854000190,2017-02-17,388659559.26,10.436946,388705121.29,159800.0,231473.64,3
3191854000190,2017-02-20,389388720.77,10.440118,389396389.45,577905.06,4772.28,3
3191854000190,2017-02-21,389890279.46,10.452214999999999,389937327.07,95056.51,5313.81,3
3191854000190,2017-02-22,390454719.45,10.461461,390455814.76,323472.81,149922.58,3
3191854000190,2017-02-23,392086017.07,10.489764,392208786.58,696611.63,0.0,3
3191854000190,2017-02-24,392606365.82,10.497585,392538918.1,102027.68,64320.75,3
3191854000190,2017-03-01,392696066.03,10.513534,392734823.88,0.0,400479.31,3
3191854000190,2017-03-02,392473682.95,10.510794,392418453.61,230957.91,444975.02,3
3191854000190,2017-03-03,393152791.68,10.529591,393235595.94,145759.98,30400.0,3
3191854000190,2017-03-06,393334427.04,10.53751,393363370.65,280000.0,447966.37,3
3191854000190,2017-03-07,392977478.06,10.543884,392952028.33,0.0,649282.61,3
3191854000190,2017-03-08,392935494.76,10.542877,392886525.34,8260.14,36234.01,3
3191854000190,2017-03-09,393433215.2,10.543886,393380402.55,501276.23,45000.0,3
3191854000190,2017-03-10,394060782.55,10.55751,394205820.56,317122.06,0.0,3
3191854000190,2017-03-13,395328309.07,10.566081,395344999.81,960710.69,141563.16,3
3191854000190,2017-03-14,395973190.19,10.558363,395888872.52,971632.41,138979.72,3
3191854000190,2017-03-15,397550834.3,10.579009,397638038.04,975037.79,0.0,3
3191854000190,2017-03-16,398442229.89,10.584338,398410779.52,642000.0,69562.08,3
3191854000190,2017-03-17,398797563.55,10.59722,398791410.83,45096.23,149363.23,3
3191854000190,2017-03-20,399881402.77,10.598014,399855625.88,1034335.48,0.0,3
3191854000190,2017-03-21,401413359.97,10.605061,401454053.91,1381590.43,49040.77,3
3191854000190,2017-03-22,402572283.2,10.606026,402526163.68,1078866.99,43287.24,3
3191854000190,2017-03-23,402877966.41,10.611793,402849836.06,142798.09,37998.3,3
3191854000190,2017-03-24,404927325.52,10.635336,404999126.64,1324302.66,68762.43,3
3191854000190,2017-03-27,405292571.38,10.648745,405303833.98,0.0,205914.36,3
3191854000190,2017-03-28,404628572.85,10.633403,404579936.62,14774.98,154737.66,3
3191854000190,2017-03-29,405042509.31,10.640138,405055319.34,502189.84,283060.54,3
3191854000190,2017-03-30,404707724.79,10.628373,404669482.66,129585.0,67544.42,3
3191854000190,2017-03-31,405657837.01,10.637111,405638710.94,636533.71,0.0,3
3191854000190,2017-04-03,405364558.88,10.64257,405370548.73,4636.29,480973.61,3
3191854000190,2017-04-04,410448056.47,10.647611,410476653.29,4995239.53,81144.32,3
3191854000190,2017-04-05,410818959.74,10.653949,410793821.89,125188.97,52356.96,3
3191854000190,2017-04-06,409924182.44,10.643222,409824071.3,0.0,556140.08,3
3191854000190,2017-04-07,410625861.79,10.655102000000001,410637305.69,574197.5,218410.11,3
3191854000190,2017-04-10,411606181.74,10.670519,411687166.31,507256.74,51552.36,3
3191854000190,2017-04-11,412933134.24,10.671687,412920210.61,1248424.24,60443.41,3
3191854000190,2017-04-12,413102641.79,10.6722,413076115.89,298015.51,161959.77,3
3191854000190,2017-04-13,413553047.68,10.66969,413516467.36,590150.0,52646.95,3
3191854000190,2017-04-17,413141460.37,10.675911,413158847.29,174024.71,772747.0,3
3191854000190,2017-04-18,413849307.09,10.691216,413889632.1,177969.8,39490.06,3
3191854000190,2017-04-19,413953466.66,10.69553,413930212.43,9341.62,135769.4,3
3191854000190,2017-04-20,414711304.47,10.695689,414706469.07,770103.14,0.0,3
3191854000190,2017-04-24,415057552.43,10.701678,415075342.6,149426.74,12766.12,3
3191854000190,2017-04-25,414870024.68,10.694991,414800879.68,119497.2,134598.1,3
3191854000190,2017-04-26,414794388.74,10.699715,414795197.07,32775.2,221676.23,3
3191854000190,2017-04-27,414843337.86,10.703025,414840681.67,0.0,82833.97,3
3191854000190,2017-04-28,414931218.31,10.710958,414950231.01,284377.59,482304.98,3
3191854000190,2017-05-02,416038108.83,10.719032,416059135.52,860861.83,64749.89,3
3191854000190,2017-05-03,416214529.1,10.722355,416219860.74,88803.85,57060.85,3
3191854000190,2017-05-04,417444664.65,10.718052,417424739.88,1380872.79,8960.0,3
3191854000190,2017-05-05,417572536.92,10.719546,417599274.56,306417.27,190067.85,3
3191854000190,2017-05-08,417946783.73,10.720318,417949896.77,334204.44,13656.88,3
3191854000190,2017-05-09,419436696.0,10.729632,419463866.21,1182907.3,32060.05,3
3191854000190,2017-05-10,421107580.18,10.745368,421137890.25,1368581.61,309740.22,3
3191854000190,2017-05-11,421627192.12,10.765785,421670481.99,9482.95,277084.58,3
3191854000190,2017-05-12,422981314.62,10.782723,422997910.86,749123.97,85116.73,3
3191854000190,2017-05-15,423689560.68,10.795552,423740443.99,239261.35,0.0,3
3191854000190,2017-05-16,424275672.49,10.812169,424303794.55,16100.06,104989.88,3
3191854000190,2017-05-17,425733676.72,10.813348,425728259.81,1789997.0,411799.44,3
3191854000190,2017-05-18,419119888.36,10.628668,418413263.83,50000.0,94029.11,3
3191854000190,2017-05-19,420639667.18,10.683411,420623101.28,163943.38,109145.24,3
3191854000190,2017-05-22,419868446.58,10.666304,419851164.6,266500.0,364906.53,3
3191854000190,2017-05-23,418523794.01,10.703219,418509598.31,0.0,2794628.73,3
3191854000190,2017-05-24,416832552.57,10.717705,416836182.98,0.0,2239836.52,3
3191854000190,2017-05-25,416758483.11,10.720973,416747212.03,0.0,216070.99,3
3191854000190,2017-05-26,416694447.68,10.733695,416671893.18,99199.27,669049.54,3
3191854000190,2017-05-29,417498351.31,10.750333,417477385.75,189000.0,29378.86,3
3191854000190,2017-05-30,416477981.84,10.743314,416474138.57,0.0,730672.02,3
3191854000190,2017-05-31,414620723.71,10.76155,414608423.47,0.0,2572649.88,3
3191854000190,2017-06-01,416271314.96,10.745608,416292742.74,2314550.17,16036.16,3
3191854000190,2017-06-02,416631697.19,10.745492,416645835.43,423500.0,65913.38,3
3191854000190,2017-06-05,416547590.5,10.741899,416552336.95,155360.95,109544.41,3
3191854000190,2017-06-06,416686586.24,10.754059,416645715.76,0.0,378165.04,3
3191854000190,2017-06-07,415926458.61,10.755512,415929742.65,0.0,772266.85,3
3191854000190,2017-06-08,415338803.59,10.758151,415332784.86,0.0,699011.38,3
3191854000190,2017-06-09,415876968.23,10.754365,415823838.83,836026.84,198809.28,3
3191854000190,2017-06-12,415617247.04,10.757378,415601444.32,0.0,338893.93,3
3191854000190,2017-06-13,415409323.97,10.756699000000001,415426589.75,0.0,148622.02,3
3191854000190,2017-06-14,413268442.09,10.761947,413240165.23,0.0,2389103.69,3
3191854000190,2017-06-16,413261944.9,10.770878999999999,413217878.27,0.0,365260.32,3
3191854000190,2017-06-19,413387053.01,10.781077,413354199.7,0.0,254918.31,3
3191854000190,2017-06-20,411611920.38,10.776995,411640001.95,0.0,1557690.95,3
3191854000190,2017-06-21,412376889.19,10.785387,412370673.98,430000.0,19870.28,3
3191854000190,2017-06-22,409295324.02,10.790272,409292085.65,0.0,3265362.42,3
3191854000190,2017-06-23,408676591.67,10.79615,408675244.68,0.0,839802.8,3
3191854000190,2017-06-26,406954523.42,10.800706,406938780.91,0.0,1908925.66,3
3191854000190,2017-06-27,406998647.91,10.803289,407009964.71,122142.09,148278.12,3
3191854000190,2017-06-28,407315385.47,10.816605000000001,407277934.0,184000.0,417706.15,3
3191854000190,2017-06-29,406615195.22,10.814179,406616111.26,0.0,570476.49,3
3191854000190,2017-06-30,407017470.42,10.826500999999999,406976592.6,406976592.6,407079421.85,3
3191854000190,2017-07-03,406459597.21,10.83569,406420593.15,0.0,901428.12,3
3191854000190,2017-07-04,407148801.38,10.840821,407148062.48,619798.03,84762.72,3
3191854000190,2017-07-05,406412867.43,10.844039,406401678.56,0.0,867266.46,2
3191854000190,2017-07-06,406013958.73,10.84508,405997090.64,1530.76,445122.17,3
3191854000190,2017-07-07,405334977.17,10.844608,405336386.47,0.0,643023.21,3
3191854000190,2017-07-10,405454507.48,10.850592,405441121.53,0.0,118944.2,3
3191854000190,2017-07-11,405615448.55,10.85966,405617513.41,0.0,162421.64,3
3191854000190,2017-07-12,406081649.86,10.877748,406039223.62,0.0,253902.18,3
3191854000190,2017-07-13,405487998.6,10.882292,405506404.21,0.0,702446.83,3
3191854000190,2017-07-14,403386228.4,10.895668,403328728.14,66513.88,2742598.97,3
3191854000190,2017-07-17,403647907.38,10.903414,403620611.6,44660.0,39532.49,3
3191854000190,2017-07-18,402957991.03,10.911787,402951756.48,0.0,978790.1,3
3191854000190,2017-07-19,403404686.03,10.932378,403387184.17,40000.0,364951.85,3
3191854000190,2017-07-20,404103278.89,10.954248,404126950.95,35080.93,102304.81,3
3191854000190,2017-07-21,404871225.28,10.976975,404823748.69,237626.89,379258.52,3
3191854000190,2017-07-24,404730093.8,10.976209,404725531.53,15123.49,85115.87,3
3191854000190,2017-07-25,404679265.29,10.980226,404699105.86,17040.07,191584.11,3
3191854000190,2017-07-26,404621184.9,10.981906,404621830.13,0.0,139170.09,3
3191854000190,2017-07-27,405931829.34,11.028745,405951050.15,0.0,396546.9,3
3191854000190,2017-07-28,408181319.53,11.046711,408177597.32,1571676.78,6423.03,3
3191854000190,2017-07-31,408357958.51,11.054576,408321363.91,0.0,146870.22,3
3191854000190,2017-08-01,408741088.32,11.068678,408757026.32,25733.76,110921.68,3
3191854000190,2017-08-02,409030779.4,11.071904,409010743.34,151912.63,17327.32,3
3191854000190,2017-08-03,408733594.68,11.080038,408709732.46,35156.1,636674.02,3
3191854000190,2017-08-04,408318693.48,11.077631,408301023.3,114115.3,434039.93,3
3191854000190,2017-08-07,408266917.96,11.083955,408268560.71,0.0,265526.88,3
3191854000190,2017-08-08,408135923.6,11.09262,408149011.6,0.0,438721.73,3
3191854000190,2017-08-09,406853608.87,11.093589999999999,406864879.91,0.0,1319823.73,3
3191854000190,2017-08-10,406767899.68,11.089941,406799392.64,493096.98,424764.18,3
3191854000190,2017-08-11,407228721.14,11.097719,407215720.77,273000.0,141990.21,3
3191854000190,2017-08-14,408571087.71,11.099208,408561436.08,1316591.78,25504.08,3
3191854000190,2017-08-15,408984446.62,11.103006,408975811.89,676942.57,402387.6,3
3191854000190,2017-08-16,409326096.37,11.11019,409317119.34,83846.91,7139.74,3
3191854000190,2017-08-17,408943651.63,11.103351,408980277.63,171623.17,256528.95,3
3191854000190,2017-08-18,409983732.24,11.118129,409927870.1,417658.58,14368.19,3
3191854000190,2017-08-21,410660984.07,11.12266,410715474.49,620530.43,2.05,3
3191854000190,2017-08-22,411387082.92,11.128132,411368647.37,502508.28,51404.86,3
3191854000190,2017-08-23,412529970.67,11.131798,412477004.26,1144900.0,172047.31,3
3191854000190,2017-08-24,412695265.26,11.137276,412650697.18,125999.56,155300.55,3
3191854000190,2017-08-25,413881052.39,11.14155,413886134.02,1147790.56,70700.89,3
3191854000190,2017-08-28,414537846.98,11.146204,414527678.31,563945.36,95277.17,3
3191854000190,2017-08-29,414327309.83,11.149745,414335903.99,0.0,323469.99,3
3191854000190,2017-08-30,415072943.38,11.159429,415045075.33,349293.71,0.86,3
3191854000190,2017-08-31,415703027.38,11.172267999999999,415623377.09,420893.76,320079.65,3
3191854000190,2017-09-01,418510528.81,11.173557,418505381.56,2834587.31,533.53,3
3191854000190,2017-09-04,419124544.74,11.177064,419095649.21,618954.94,160069.32,3
3191854000190,2017-09-05,420461225.73,11.176886,420361129.18,1278186.9,6010.74,3
3191854000190,2017-09-06,420678055.72,11.184451,420641448.95,64105.59,68316.51,3
3191854000190,2017-09-08,421265750.12,11.192024,421225104.58,300520.92,1698.48,3
3191854000190,2017-09-11,421401476.56,11.186971,421423871.93,388981.07,5.78,3
3191854000190,2017-09-12,421562239.03,11.186159,421589919.58,349748.8,153131.37,3
3191854000190,2017-09-13,423902271.05,11.19067,423901804.04,2141954.7,69.75,3
3191854000190,2017-09-14,424399019.96,11.198068,424352571.89,292471.18,121966.27,3
3191854000190,2017-09-15,424923043.65,11.199092,424947399.83,556198.47,140.43,3
3191854000190,2017-09-18,425326912.51,11.202441,425311532.97,237053.95,3.89,3
3191854000190,2017-09-19,427662721.74,11.207963,427635165.54,2180887.7,66934.58,3
3191854000190,2017-09-20,428411747.48,11.214927,428362758.35,497217.82,35320.16,3
3191854000190,2017-09-21,429784702.81,11.224295,429723551.76,1013001.6,10033.33,3
3191854000190,2017-09-22,430623638.44,11.233055,430627657.52,612485.55,43736.77,3
3191854000190,2017-09-25,432640414.3,11.241208,432672036.19,1752541.97,20740.74,3
3191854000190,2017-09-26,433017343.57,11.258074,432986022.87,91913.77,427087.62,3
3191854000190,2017-09-27,433503946.05,11.261047,433501433.93,647450.0,246388.15,3
3191854000190,2017-09-28,432643965.87,11.262619,432645432.24,191772.0,1108273.15,3
3191854000190,2017-09-29,432999908.18,11.26326,432969376.97,397260.09,97955.69,3
3191854000190,2017-10-02,431069795.87,11.267428,431053195.94,99729.96,2176126.65,3
3191854000190,2017-10-03,430689291.1,11.264627,430704788.63,456538.94,697782.81,3
3191854000190,2017-10-04,433176440.85,11.267998,433167837.02,2334166.11,9.49,3
3191854000190,2017-10-05,432762255.47,11.268413,432812572.47,3009.49,374224.61,3
3191854000190,2017-10-06,435860135.32,11.285069,435776253.42,2329067.2,5114.73,3
3191854000190,2017-10-09,436060184.02,11.285445,436102556.98,315199.43,3420.81,3
3191854000190,2017-10-10,436554013.62,11.294085,436540402.05,388271.25,284327.83,3
3191854000190,2017-10-11,437292521.23,11.298551,437296259.81,637382.92,54110.29,3
3191854000190,2017-10-13,438093156.78,11.305716,438104065.35,530469.89,0.0,3
3191854000190,2017-10-16,439255476.17,11.306099,439297244.07,1225060.86,46713.92,3
3191854000190,2017-10-17,439709721.07,11.314086999999999,439678170.1,614809.1,544262.14,3
3191854000190,2017-10-18,439942091.3,11.318480000000001,439923063.27,74189.57,0.0,3
3191854000190,2017-10-19,440693089.74,11.326074,440650097.44,469779.75,37902.07,3
3191854000190,2017-10-20,441029554.93,11.331319,441044795.05,411523.16,220915.51,3
3191854000190,2017-10-23,447713967.5,11.335397,447716685.01,6513259.63,99.9,3
3191854000190,2017-10-24,448892694.03,11.339099000000001,448910333.55,1056363.24,8913.58,3
3191854000190,2017-10-25,449836336.58,11.339756,449814695.53,878336.84,7.02,3
3191854000190,2017-10-26,449132269.25,11.328273,449199410.78,765546.05,925326.34,3
3191854000190,2017-10-27,449589034.37,11.334175,449601344.61,167901.11,0.0,3
3191854000190,2017-10-30,449449121.36,11.332619000000001,449479638.03,184686.12,244656.46,3
3191854000190,2017-10-31,450510659.53,11.339041,450540368.22,1003390.41,197355.75,3
3191854000190,2017-11-01,452726990.93,11.336464,452778366.54,2340750.64,381.47,3
3191854000190,2017-11-03,452887835.6,11.335704,452967997.04,245686.38,25703.64,3
3191854000190,2017-11-06,453655596.01,11.347886,453561299.27,297500.0,190973.28,3
3191854000190,2017-11-07,455017529.87,11.352869,455057341.57,1296894.72,18.31,3
3191854000190,2017-11-08,458374618.91,11.358045,458348748.69,3084640.63,694.04,3
3191854000190,2017-11-09,458704268.42,11.357734,458679160.32,599913.51,256980.06,3
3191854000190,2017-11-10,458798503.72,11.350894,458881900.26,496842.81,17859.12,3
3191854000190,2017-11-13,460616664.48,11.352226,460641510.34,1832671.2,126889.02,3
3191854000190,2017-11-14,460687591.49,11.353268,460738671.13,54850.76,0.0,3
3191854000190,2017-11-16,463355614.91,11.359437,463279757.12,2290750.04,0.04,3
3191854000190,2017-11-17,464711604.79,11.368359,464669838.59,1439929.02,413740.77,3
3191854000190,2017-11-20,464623407.39,11.372245,464578710.97,176829.3,426762.25,3
3191854000190,2017-11-21,466031273.59,11.378853,465995554.65,1293249.98,146379.79,3
3191854000190,2017-11-22,467453687.85,11.378858,467446855.74,1451129.7,1.83,3
3191854000190,2017-11-23,470337793.74,11.381429,470326703.59,2779845.23,5614.21,3
3191854000190,2017-11-24,471529108.17,11.384118,471552315.83,1203189.51,88709.69,3
3191854000190,2017-11-27,471481449.61,11.386857,471495343.02,98400.43,268819.99,3
3191854000190,2017-11-28,472300947.14,11.387888,472264161.68,887956.91,161853.29,3
3191854000190,2017-11-29,472408756.62,11.380847,472463430.67,660046.72,168771.39,3
3191854000190,2017-11-30,469740889.29,11.381056,469779063.67,561644.88,3254706.72,3
3191854000190,2017-12-01,470566085.92,11.387201,470524800.12,1092823.17,600733.88,3
3191854000190,2017-12-04,471267510.2,11.39367,471209920.31,437846.89,20000.0,3
3191854000190,2017-12-05,471731377.96,11.39968,471701243.29,660735.33,417986.33,3
3191854000190,2017-12-06,470250111.48,11.398875,470241965.42,0.0,1425969.97,3
3191854000190,2017-12-07,469490138.03,11.395774000000001,469529527.39,0.0,584516.09,3
3191854000190,2017-12-08,469887801.66,11.396278,469887188.75,359648.1,22734.62,3
3191854000190,2017-12-11,469691620.18,11.399138,469697881.92,149270.73,456490.7,3
3191854000190,2017-12-12,468962498.16,11.39707,469010484.06,114.46,602337.52,3
3191854000190,2017-12-13,467960333.23,11.403054,467934562.84,0.0,1322152.02,3
3191854000190,2017-12-14,466898074.84,11.402205,466944525.86,56788.48,1012002.93,3
3191854000190,2017-12-15,467685871.41,11.409358000000001,467637841.11,402505.0,2088.12,3
3191854000190,2017-12-18,467408019.34,11.41536,467411983.84,0.0,471886.51,3
3191854000190,2017-12-19,467531630.16,11.416229,467564294.43,224205.5,107471.38,3
3191854000190,2017-12-20,466567470.09,11.425208999999999,466494771.32,0.0,1437318.34,3
3191854000190,2017-12-21,467193277.18,11.428267,467139114.53,596000.0,76503.9,3
3191854000190,2017-12-22,466455922.24,11.429623,466446714.77,141155.55,888992.42,3
3191854000190,2017-12-26,468128174.99,11.440741000000001,468085039.68,1188315.08,3731.11,3
3191854000190,2017-12-27,468392024.12,11.444146,468360173.18,319701.66,183854.99,3
3191854000190,2017-12-28,469730517.33,11.453358999999999,469691900.8,954713.82,54.25,3
3191854000190,2017-12-29,469821387.08,11.456544000000001,469781429.4,0.0,41081.45,3
3191854000190,2018-01-02,471818356.74,11.467909,471724839.9,1724248.46,246836.23,3
3191854000190,2018-01-03,472978413.05,11.47872,472970928.18,801765.42,388.36,3
3191854000190,2018-01-04,473416165.95,11.485846,473398207.69,133637.67,0.0,3
3191854000190,2018-01-05,473395521.86,11.486314,473405375.25,104515.55,116612.48,3
3191854000190,2018-01-08,472787611.34,11.489675,472746680.22,20537.07,817775.45,3
3191854000190,2018-01-09,472911633.23,11.494851,472928842.29,137152.28,167970.1,3
3191854000190,2018-01-10,472937927.5,11.508114,472923430.28,496195.0,1047285.9,3
3191854000190,2018-01-11,473656317.68,11.509528,473614755.98,645517.65,12288.1,3
3191854000190,2018-01-12,473565227.91,11.511895,473547953.16,320519.53,484699.61,3
3191854000190,2018-01-15,470032285.07,11.518026,470023434.44,23839.07,3800573.07,3
3191854000190,2018-01-16,471095212.56,11.521483,471114366.52,1062168.64,112295.78,3
3191854000190,2018-01-17,471724770.74,11.523345,471732957.31,638634.42,96206.18,3
3191854000190,2018-01-18,471772378.99,11.525828,471786059.32,403630.59,452153.14,3
3191854000190,2018-01-19,472050223.34,11.529911,472035802.57,340878.5,258273.92,3
3191854000190,2018-01-22,472233543.09,11.531788,472222701.15,221863.08,111810.98,3
3191854000190,2018-01-23,471673586.48,11.529569,471718442.69,48401.57,461780.93,3
3191854000190,2018-01-24,472186374.9,11.53736,472107707.96,91854.99,21382.65,3
3191854000190,2018-01-25,471809609.46,11.540874,471731300.04,416000.0,936162.68,3
3191854000190,2018-01-26,472741575.39,11.548053,472680493.76,779308.3,123576.18,3
3191854000190,2018-01-29,472701621.44,11.5492,472722419.93,75885.36,80919.86,3
3191854000190,2018-01-30,472867479.13,11.552476,472871175.23,56384.28,41684.36,3
3191854000190,2018-01-31,473084194.35,11.555264,473086685.7,787872.85,686481.18,3
3191854000190,2018-02-01,474653910.53,11.559899,474643664.96,1647345.37,280159.84,3
3191854000190,2018-02-02,474798940.89,11.556181,474859572.75,434874.96,66282.33,3
3191854000190,2018-02-05,475700729.38,11.554234,475699429.35,1186311.28,266449.41,3
3191854000190,2018-02-06,479592656.26,11.556353999999999,479568040.01,3825257.29,43962.81,3
3191854000190,2018-02-07,479950389.86,11.558786,479921184.1,1062201.7,809968.96,3
3191854000190,2018-02-08,480223193.09,11.544557000000001,480190581.75,1513796.57,653620.47,3
3191854000190,2018-02-09,480397814.82,11.542116,480417589.7,375867.04,47295.38,3
3191854000190,2018-02-14,480965386.51,11.548102,480877566.09,210820.36,0.0,3
3191854000190,2018-02-15,481588999.68,11.554997,481557719.76,402564.16,9546.37,3
3191854000190,2018-02-16,481964912.71,11.565237,481889975.37,102357.21,196861.17,3
3191854000190,2018-02-19,482419695.68,11.569338,482412337.31,639528.52,288031.17,3
3191854000190,2018-02-20,482430562.77,11.571477,482385445.01,22762.21,138866.56,3
3191854000190,2018-02-21,484716268.37,11.579055,484681773.6,1988004.18,7561.81,3
3191854000190,2018-02-22,489245458.55,11.585265,489258669.28,4769431.77,452476.02,3
3191854000190,2018-02-23,490364312.04,11.592493,490330175.73,1560000.0,793764.69,3
3191854000190,2018-02-26,488408403.93,11.599409,488375889.94,13095.31,2259885.26,3
3191854000190,2018-02-27,488330127.54,11.601833000000001,488329952.57,28106.02,176102.35,3
3191854000190,2018-02-28,488752066.11,11.606567,488714915.74,421238.26,235524.97,3
3191854000190,2018-03-01,490522502.65,11.611389,490515472.42,1614957.91,17454.7,3
3191854000190,2018-03-02,490961379.18,11.618097,490889223.02,456300.0,365920.65,3
3191854000190,2018-03-05,490341538.22,11.624346,490287542.9,154446.56,1020144.41,3
3191854000190,2018-03-06,491912498.35,11.629768,491894387.57,1484871.6,106720.54,3
3191854000190,2018-03-07,492936365.46,11.633873,492919736.03,852017.79,284.31,3
3191854000190,2018-03-08,493102072.28,11.636588,493067452.02,97025.65,64351.09,3
3191854000190,2018-03-09,492823669.63,11.639546,492805472.11,6914.83,394224.75,3
3191854000190,2018-03-12,493311255.67,11.640498,493284010.94,510259.01,72063.12,3
3191854000190,2018-03-13,493891448.92,11.645913,493873665.38,450490.94,90305.2,3
3191854000190,2018-03-14,492548443.76,11.653056,492570470.2,574437.06,2180548.08,3
3191854000190,2018-03-15,492497716.39,11.656525,492506527.39,85026.08,295577.56,3
3191854000190,2018-03-16,497000429.8,11.665883,496969801.62,4319293.61,251437.0,3
3191854000190,2018-03-19,497929847.07,11.665983,497917094.38,943193.8,150.88,3
3191854000190,2018-03-20,498257348.82,11.662013,498288479.02,814239.41,273411.64,3
3191854000190,2018-03-21,497574144.03,11.662775,497540551.27,176713.38,957167.42,3
3191854000190,2018-03-22,498331984.69,11.693653,498204375.55,0.0,653484.36,3
3191854000190,2018-03-23,498480410.51,11.701117,498470299.07,381899.69,433980.0,3
3191854000190,2018-03-26,498797617.82,11.705969,498713140.71,1555807.05,1519639.29,3
3191854000190,2018-03-27,498656167.37,11.70671,498660108.59,324608.12,409198.15,3
3191854000190,2018-03-28,499281020.39,11.710757,499281967.12,494499.34,45052.34,3
3191854000190,2018-03-29,500792954.07,11.721885,500749210.7,1114751.73,121922.93,3
3191854000190,2018-04-02,500910563.11,11.720087,500931326.85,389473.73,130547.32,3
3191854000190,2018-04-03,501257519.83,11.721259,501270509.82,298978.85,9891.01,3
3191854000190,2018-04-04,501694688.16,11.723705,501704950.54,362802.46,32967.42,3
3191854000190,2018-04-05,502031888.44,11.732956,501953488.83,208968.48,356320.69,3
3191854000190,2018-04-06,503214978.2,11.736787,503238384.29,1121220.02,229.24,3
3191854000190,2018-04-09,503276418.46,11.740622,503280591.78,10778.53,132995.11,3
3191854000190,2018-04-10,503231285.73,11.743625,503232000.47,81871.62,259200.67,3
3191854000190,2018-04-11,505721489.88,11.747605,505693959.29,2291526.46,96.78,3
3191854000190,2018-04-12,506637121.99,11.750897,506578021.97,906886.23,164531.64,3
3191854000190,2018-04-13,505795704.2,11.743546,505777482.56,1539036.65,2022718.87,3
3191854000190,2018-04-16,506839570.65,11.745913,506807997.15,985890.67,57277.06,3
3191854000190,2018-04-17,507063927.94,11.749260000000001,507045160.46,267820.65,175093.48,3
3191854000190,2018-04-18,508257863.9,11.754205,508225746.48,988600.92,21440.32,3
3191854000190,2018-04-19,509140132.19,11.756629,509159477.14,1046135.1,217171.25,3
3191854000190,2018-04-20,509717610.27,11.759791,509695164.8,874235.13,475504.95,3
3191854000190,2018-04-23,510598222.02,11.760588,510613116.52,883612.35,214.73,3
3191854000190,2018-04-24,511029121.04,11.764528,511037055.15,287054.63,34164.51,3
3191854000190,2018-04-25,511254130.25,11.767374,511256209.25,571900.0,476386.45,3
3191854000190,2018-04-26,512748571.64,11.773342999999999,512730132.42,1214619.65,15.49,3
3191854000190,2018-04-27,513625819.54,11.78026,513596827.71,565545.34,99.38,3
3191854000190,2018-04-30,514004509.26,11.782566000000001,514012639.55,359686.17,44415.64,3
3191854000190,2018-05-02,514907383.04,11.785786,514924666.21,830352.27,58787.67,3
3191854000190,2018-05-03,516035956.76,11.788469,516033878.09,1000207.46,8225.17,3
3191854000190,2018-05-04,518257317.7,11.791228,518250619.11,2106483.51,10522.59,3
3191854000190,2018-05-07,518411164.77,11.790972,518444626.08,305395.82,100133.41,3
3191854000190,2018-05-08,522242775.4,11.785391,522267470.47,4174699.57,106463.3,3
3191854000190,2018-05-09,525701813.6,11.782378,525726281.04,3915903.4,323551.55,3
3191854000190,2018-05-10,525690788.73,11.786151,525637441.66,0.0,257194.32,3
3191854000190,2018-05-11,524397717.01,11.784168,524416218.96,86277.45,1219061.94,3
3191854000190,2018-05-14,524214729.14,11.777458,524232163.66,265760.38,151235.38,3
3191854000190,2018-05-15,525282892.27,11.778854,525284492.79,1034590.47,44394.37,3
3191854000190,2018-05-16,524745748.85,11.780888,524729518.23,263.43,645926.36,3
3191854000190,2018-05-17,523822617.66,11.76373,523919840.92,66987.84,112436.17,3
3191854000190,2018-05-18,522739183.15,11.751452,522793621.78,117.26,579532.59,3
3191854000190,2018-05-21,522648677.1,11.754773,522587827.32,188457.99,541997.54,3
3191854000190,2018-05-22,522609146.21,11.764928,522582748.15,47085.58,503610.45,3
3191854000190,2018-05-23,520628409.7,11.758003,520598861.87,1015.35,1677320.35,3
3191854000190,2018-05-24,519820369.66,11.754958,519849952.4,139017.28,753109.58,3
3191854000190,2018-05-25,520569049.45,11.7583,520587799.62,704994.92,114910.09,3
3191854000190,2018-05-28,520882607.64,11.767193,520874720.45,38099.27,144900.56,3
3191854000190,2018-05-29,520888861.62,11.768408,520926196.48,199655.03,201976.87,3
3191854000190,2018-05-30,516847224.35,11.776847,516831816.34,0.0,4467922.8,3
3191854000190,2018-06-01,515706190.96,11.786728,515674887.93,118.81,1590670.59,3
3191854000190,2018-06-04,514749596.78,11.793797,514708764.38,0.0,1275416.86,3
3191854000190,2018-06-05,514018147.33,11.780937,514117466.02,226411.28,256482.71,3
3191854000190,2018-06-06,513533740.13,11.772353,513560571.84,39781.55,222053.32,3
3191854000190,2018-06-07,510771639.69,11.725958,510971607.52,87496.14,652503.62,3
3191854000190,2018-06-08,509066328.14,11.741255,508924970.99,70909.27,2784151.25,3
3191854000190,2018-06-11,508478727.23,11.754728,508473776.05,2372.52,1037530.93,3
3191854000190,2018-06-12,503190849.66,11.763303,503216833.98,3861.37,5631725.63,3
3191854000190,2018-06-13,500239228.22,11.755575,500235514.81,19269.19,2669998.63,3
3191854000190,2018-06-14,493724103.44,11.728337,493745753.24,7750.85,5338470.3,3
3191854000190,2018-06-15,494550176.78,11.762054,494463497.45,374139.86,1075827.1,3
3191854000190,2018-06-18,487286662.47,11.779351,487304296.75,0.0,7886355.12,3
3191854000190,2018-06-19,487418650.56,11.797275,487352984.68,0.0,692803.81,3
3191854000190,2018-06-20,485483940.88,11.796797,485485826.42,0.0,1847428.77,3
3191854000190,2018-06-21,482737316.59,11.805669,482757110.28,0.0,3093823.27,3
3191854000190,2018-06-22,482188125.1,11.808843,482187323.66,1872.24,701460.48,3
3191854000190,2018-06-25,481416530.76,11.820578999999999,481346960.85,355.33,1319918.35,3
3191854000190,2018-06-26,480530839.82,11.828091,480495782.85,0.0,1157079.01,3
3191854000190,2018-06-27,479298822.49,11.817125,479274317.82,724947.56,1500935.37,3
3191854000190,2018-06-28,479713066.51,11.836389,479689577.03,80000.0,446042.92,3
3191854000190,2018-06-29,480190255.16,11.843580000000001,480129494.07,404712.99,256228.62,3
3191854000190,2018-07-02,480207381.88,11.848882,480153219.37,91209.74,282411.06,3
3191854000190,2018-07-03,478935496.81,11.854847,478946293.21,215362.28,1664006.25,3
3191854000190,2018-07-04,479334575.81,11.862189,479294056.43,61137.81,10007.61,3
3191854000190,2018-07-05,478099164.69,11.860992,478127940.81,0.0,1117751.58,3
3191854000190,2018-07-06,481246964.86,11.869269,481191451.69,2996428.02,266572.17,3
3191854000190,2018-07-09,481115241.12,11.87563,481074855.45,105805.02,480287.87,3
3191854000190,2018-07-10,481378486.68,11.887067,481329003.76,224.01,209364.23,3
3191854000190,2018-07-11,481225138.68,11.880892,481255918.5,290000.0,113061.34,3
3191854000190,2018-07-12,480634978.98,11.876341,480695682.84,11.47,375887.29,3
3191854000190,2018-07-13,473939089.43,11.887138,473910983.48,0.0,7221717.32,3
3191854000190,2018-07-16,474400897.92,11.895405,474359241.9,137339.68,18686.22,3
3191854000190,2018-07-17,473588739.07,11.904626,473601846.87,0.0,1125080.04,3
3191854000190,2018-07-18,473364389.76,11.906381,473362336.44,43157.49,352486.43,3
3191854000190,2018-07-19,473987906.74,11.911518,473970151.29,467413.67,63825.63,3
3191854000190,2018-07-20,474179905.23,11.919028,474114839.35,65902.62,220048.77,3
3191854000190,2018-07-23,473683839.77,11.918389,473645130.57,0.0,444309.24,3
3191854000190,2018-07-24,473730647.84,11.925227,473737979.6,0.0,178885.85,3
3191854000190,2018-07-25,474312645.59,11.934095,474268757.49,200301.13,21816.0,3
3191854000190,2018-07-26,474359310.95,11.937131,474371039.89,92669.78,111037.04,3
3191854000190,2018-07-27,473373229.47,11.942602,473360405.75,0.0,1228032.67,3
3191854000190,2018-07-30,473364330.83,11.945915,473355734.13,98000.0,234007.15,3
3191854000190,2018-07-31,473264308.52,11.948517,473277695.12,0.0,181160.1,3
3191854000190,2018-08-01,473402191.2,11.954344,473388572.22,11053.0,130955.43,3
3191854000190,2018-08-02,474675838.07,11.956723,474648504.15,1333027.36,167305.58,3
3191854000190,2018-08-03,474977765.94,11.964428999999999,474911597.85,2710.0,45527.64,3
3191854000190,2018-08-06,474817793.85,11.967614999999999,474806837.76,280000.0,511204.61,3
3191854000190,2018-08-07,474695223.71,11.961708,474693221.48,410613.68,289908.33,3
3191854000190,2018-08-08,475073802.56,11.971034,475118745.08,81838.83,26397.54,3
3191854000190,2018-08-09,474771668.91,11.967085,474765223.02,128257.8,325028.06,3
3191854000190,2018-08-10,474619873.6,11.946192,474635310.01,699183.88,235.33,3
3191854000190,2018-08-13,474594876.72,11.948774,474612835.9,190459.63,315537.47,3
3191854000190,2018-08-14,476058389.39,11.972896,476007702.97,517139.06,80413.55,3
3191854000190,2018-08-15,476159744.22,11.975276,476147961.67,266159.79,220508.53,3
3191854000190,2018-08-16,475484722.66,11.9772,475509956.13,0.0,714490.07,3
3191854000190,2018-08-17,475353163.92,11.986455,475378868.22,0.0,498547.74,3
3191854000190,2018-08-20,475282488.86,11.98216,475275143.54,169747.08,103106.72,3
3191854000190,2018-08-21,474528099.94,11.96772,474564269.55,90809.86,228944.85,3
3191854000190,2018-08-22,474961604.7,11.977316,474926302.03,60015.85,78469.62,3
3191854000190,2018-08-23,474209779.91,11.971381,474212252.68,241079.48,719827.08,3
3191854000190,2018-08-24,475053190.79,11.98076,475022380.21,463438.38,24834.61,3
3191854000190,2018-08-27,475723854.9,11.987381,475684578.0,399690.93,8.84,3
3191854000190,2018-08-28,476272981.25,11.98656,476277541.28,625611.62,68.07,3
3191854000190,2018-08-29,476489605.73,11.991298,476476259.98,220000.0,209526.77,3
3191854000190,2018-08-30,475473513.92,11.974444,475462061.72,157.34,344667.27,3
3191854000190,2018-08-31,475754084.1,11.982442,475725119.36,149344.87,203850.48,3
3191854000190,2018-09-03,474774191.55,11.977757,474788465.06,2451.58,753084.18,3
3191854000190,2018-09-04,474561249.44,11.973334,474604995.13,185446.85,193620.53,3
3191854000190,2018-09-05,474169481.11,11.975805,474171965.35,208169.04,739127.88,3
3191854000190,2018-09-06,475236145.96,11.984836,475182618.54,1124524.9,471438.39,3
3191854000190,2018-09-10,474382730.29,11.99845,474445673.21,0.0,1276739.72,3
3191854000190,2018-09-11,473271307.56,12.002758,473306074.88,0.0,1309929.27,3
3191854000190,2018-09-12,473221243.68,12.018653,473251282.32,88456.96,770050.87,3
3191854000190,2018-09-13,472774804.86,12.014199,472752977.12,0.0,322927.06,3
3191854000190,2018-09-14,472027801.11,12.024465,471995813.11,0.0,1161124.26,3
3191854000190,2018-09-17,470996570.66,12.038764,470985818.72,0.0,1571258.39,3
3191854000190,2018-09-18,470466956.63,12.044447,470432877.16,0.0,775279.31,3
3191854000190,2018-09-19,470918599.92,12.045997,470867778.49,467450.0,93114.89,3
3191854000190,2018-09-20,470598318.25,12.050128,470578693.05,61615.05,512142.84,3
3191854000190,2018-09-21,471202822.78,12.056053,471130524.59,380454.39,60021.39,3
3191854000190,2018-09-24,471165669.34,12.058529,471179181.21,271398.18,319481.63,3
3191854000190,2018-09-25,470580459.62,12.063542,470590415.3,0.0,784676.59,3
3191854000190,2018-09-26,470296662.86,12.069376,470223122.81,0.0,594850.33,3
3191854000190,2018-09-27,470380939.99,12.077224,470375726.4,28942.61,182116.52,3
3191854000190,2018-09-28,470510295.06,12.078226,470548603.57,155665.07,21786.36,3
3191854000190,2018-10-01,470626092.52,12.085592,470619334.21,0.0,216245.65,3
3191854000190,2018-10-02,470845868.53,12.092811,470722233.37,0.0,178211.88,3
3191854000190,2018-10-03,470971471.48,12.102895,470909851.05,0.0,204914.59,3
3191854000190,2018-10-04,474312358.62,12.111378,474264808.91,3124308.78,99431.49,3
3191854000190,2018-10-05,474110215.96,12.114837,474124329.05,0.0,275938.12,3
3191854000190,2018-10-08,474239969.12,12.142384,474075487.21,0.0,1126881.15,3
3191854000190,2018-10-09,470113570.7,12.15873,470078780.81,69553.97,4704485.9,3
3191854000190,2018-10-10,469466613.13,12.157771,469497791.67,5580.05,549468.86,3
3191854000190,2018-10-11,473510017.81,12.164852999999999,473576674.19,3828056.07,22661.69,3
3191854000190,2018-10-15,473741323.02,12.173961,473618823.39,189878.0,502296.26,3
3191854000190,2018-10-16,474055455.11,12.181321,473983304.0,190165.54,112050.9,3
3191854000190,2018-10-17,473481908.01,12.185886,473397749.08,0.0,763172.38,3
3191854000190,2018-10-18,472484581.78,12.187864,472580523.73,0.0,894048.73,3
3191854000190,2018-10-19,472767779.06,12.187861999999999,472776392.93,230375.64,34455.62,3
3191854000190,2018-10-22,473128497.4,12.195244,472954330.57,11000.0,119406.54,3
3191854000190,2018-10-23,473133152.54,12.200937,473125284.63,142604.2,192449.24,3
3191854000190,2018-10-24,473523464.01,12.202563,473563421.23,375271.7,168.48,3
3191854000190,2018-10-25,472914286.89,12.201388,472926931.59,0.0,590874.1,3
3191854000190,2018-10-26,472886880.42,12.207865,472849560.42,18.2,328448.79,3
3191854000190,2018-10-29,473215915.58,12.212495,473191940.8,844500.0,681458.41,3
3191854000190,2018-10-30,473861939.99,12.216484,473834859.7,488405.74,30.5,3
3191854000190,2018-10-31,474085709.39,12.219691000000001,474090530.9,420322.26,289071.1,3
3191854000190,2018-11-01,474853460.31,12.225039,474840141.88,542191.95,43.27,3
3191854000190,2018-11-05,474736551.95,12.229851,474724435.35,0.0,302617.17,3
3191854000190,2018-11-06,474649579.87,12.228774,474656400.39,1047599.84,1073839.65,3
3191854000190,2018-11-07,474576137.24,12.220382,474570061.34,246217.97,6817.56,3
3191854000190,2018-11-08,473696369.36,12.220771,473705498.84,55083.17,934755.43,3
3191854000190,2018-11-09,473049540.52,12.223617,473043978.15,0.0,771834.66,3
3191854000190,2018-11-12,472768103.01,12.223439,472751856.03,48968.2,334213.25,3
3191854000190,2018-11-13,472617081.41,12.226752,472615320.87,0.0,264671.3,3
3191854000190,2018-11-14,472495706.85,12.239392,472491239.06,0.0,612651.38,3
3191854000190,2018-11-16,472732187.05,12.25324,472702653.73,0.0,323173.18,3
3191854000190,2018-11-19,470392742.25,12.25192,470392262.99,0.0,2259463.92,3
3191854000190,2018-11-20,470115421.17,12.254109,470122379.72,0.0,353941.99,3
3191854000190,2018-11-21,470025230.82,12.260951,469996223.25,100000.0,488644.51,3
3191854000190,2018-11-22,469300182.96,12.259491,469291215.58,238232.59,887274.56,3
3191854000190,2018-11-23,469385374.76,12.259028,469369751.92,116252.5,20001.25,3
3191854000190,2018-11-26,469211810.54,12.251252,469236359.29,367788.13,203435.83,3
3191854000190,2018-11-27,468916275.8,12.248243,468908553.28,107942.32,320498.43,3
3191854000190,2018-11-28,468649996.35,12.248167,468616886.99,314.42,289082.27,3
3191854000190,2018-11-29,467438376.7,12.251627,467447778.44,319797.95,1621307.36,3
3191854000190,2018-11-30,463647569.66,12.253879,463632080.8,152131.33,4053745.49,3
3191854000190,2018-12-03,463291689.39,12.259530999999999,463270234.27,36943.04,612630.42,3
3191854000190,2018-12-04,462704795.64,12.259027,462711035.92,5067.34,545218.43,3
3191854000190,2018-12-05,462314409.71,12.265342,462283810.32,0.0,665576.66,3
3191854000190,2018-12-06,465464823.54,12.271842999999999,465474652.75,3175747.54,229916.48,3
3191854000190,2018-12-07,466584331.4,12.273846,466585881.84,1254823.52,219590.51,3
3191854000190,2018-12-10,466580830.82,12.279063,466587279.26,331040.56,527952.38,3
3191854000190,2018-12-11,467212300.61,12.283377999999999,467202532.83,499433.64,48135.43,3
3191854000190,2018-12-12,466482523.34,12.290548,466465097.25,68308.13,1078483.48,3
3191854000190,2018-12-13,466397694.58,12.30354,466377077.68,125968.0,707054.97,3
3191854000190,2018-12-14,466430706.48,12.309097999999999,466400908.71,137761.1,324614.64,3
3191854000190,2018-12-17,466702353.69,12.311025,466665692.05,640037.41,448257.26,3
3191854000190,2018-12-18,467396905.26,12.312007000000001,467387788.81,1349734.39,664878.48,3
3191854000190,2018-12-19,465364621.46,12.322018,465357175.99,381726.53,2792375.03,3
3191854000190,2018-12-20,466025190.74,12.330233999999999,466012655.14,1436836.67,1091628.95,3
3191854000190,2018-12-21,468425505.79,12.331985000000001,468415244.15,2949780.0,613370.24,3
3191854000190,2018-12-24,468775456.11,12.335604,468763157.34,373142.93,162702.82,3
3191854000190,2018-12-26,468167909.47,12.338163,468176689.61,0.0,683732.71,3
3191854000190,2018-12-27,470807770.06,12.344828999999999,470802528.32,2400542.67,27643.58,3
3191854000190,2018-12-28,471086381.17,12.351996,471069532.89,610684.38,617003.1,3
3191854000190,2018-12-31,471040074.09,12.354611,471021191.7,0.0,148086.17,3
3191854000190,2019-01-02,471619140.89,12.370188,471576771.27,145765.03,184049.19,3
3191854000190,2019-01-03,472554634.91,12.380432,472544497.37,3299968.54,2722743.49,3
3191854000190,2019-01-04,473556450.27,12.382181,473571219.25,959938.51,0.0,3
3191854000190,2019-01-07,473800024.37,12.380042,473779547.53,668097.46,377963.41,3
3191854000190,2019-01-08,474106635.92,12.383838,474108414.54,377633.46,194036.89,3
3191854000190,2019-01-09,474528198.44,12.390733,474523434.33,276720.33,125675.48,3
3191854000190,2019-01-10,473658152.07,12.390994,473663728.47,1200494.37,2070184.51,3
3191854000190,2019-01-11,473336242.09,12.393221,473327164.92,229204.52,650902.81,3
3191854000190,2019-01-14,473797187.01,12.399788,473784663.2,206736.79,51.83,3
3191854000190,2019-01-15,473735585.36,12.399944,473730462.89,366408.2,426575.04,3
3191854000190,2019-01-16,473109092.27,12.402701,473112728.39,888981.22,1612017.16,3
3191854000190,2019-01-17,473611532.24,12.40843,473614536.85,539314.11,256048.95,3
3191854000190,2019-01-18,475291381.72,12.412416,475299284.86,1928766.35,396152.6,3
3191854000190,2019-01-21,475486481.3,12.416601,475476341.23,125572.2,108759.62,3
3191854000190,2019-01-22,477767288.08,12.426137,477748233.39,2123387.99,216668.81,3
3191854000190,2019-01-23,477965977.9,12.433049,477974546.05,651723.47,691169.3,3
3191854000190,2019-01-24,478876557.85,12.435873,478858217.0,1187459.2,412345.14,3
3191854000190,2019-01-25,479046025.8,12.439081,479025561.02,274341.42,230541.86,3
3191854000190,2019-01-28,479646906.01,12.442653,479630623.81,617395.96,149879.34,3
3191854000190,2019-01-29,479911041.8,12.449632,479902290.98,591305.68,588677.93,3
3191854000190,2019-01-30,480098033.26,12.4494,480083701.25,497255.48,306873.8,3
3191854000190,2019-01-31,482397230.05,12.461461,482416915.24,2272408.08,404326.27,3
3191854000190,2019-02-01,482247044.89,12.468026,482259528.03,676521.74,1088065.34,3
3191854000190,2019-02-04,482454272.23,12.470052,482450988.41,476557.56,363455.43,3
3191854000190,2019-02-05,488915128.63,12.472128999999999,488897829.28,6597218.63,230704.6,3
3191854000190,2019-02-06,491156698.8,12.475195,491132543.76,2394130.36,279613.63,3
3191854000190,2019-02-07,491124123.97,12.471521000000001,491116831.27,921009.26,792091.86,3
3191854000190,2019-02-08,491782548.45,12.464983,491783399.65,1281299.73,357248.51,3
3191854000190,2019-02-11,492578925.05,12.467925,492564251.06,1199383.17,534611.78,3
3191854000190,2019-02-12,492274883.16,12.475236,492276492.29,1787739.63,2364344.26,3
3191854000190,2019-02-13,493247903.34,12.484948,493230271.03,1114287.92,543733.81,3
3191854000190,2019-02-14,492376347.89,12.491923,492374495.52,72018.95,1203339.64,3
3191854000190,2019-02-15,494158220.31,12.500881,494154419.3,1519142.01,92324.84,3
3191854000190,2019-02-18,494329792.34,12.49982,494303583.25,338918.0,147824.6,3
3191854000190,2019-02-19,494941685.57,12.505175,494958619.29,778714.45,335437.89,3
3191854000190,2019-02-20,496249615.53,12.505246000000001,496223382.14,1319814.0,57836.08,3
3191854000190,2019-02-21,495626562.2,12.512273,495625116.21,311631.28,1188763.18,3
3191854000190,2019-02-22,495890904.79,12.519981,495870636.67,529599.31,589382.34,3
3191854000190,2019-02-25,496158291.02,12.522138,496150629.74,726869.63,532291.59,3
3191854000190,2019-02-26,497257402.4,12.524014999999999,497249591.07,1425960.71,401402.72,3
3191854000190,2019-02-27,497880398.06,12.531071,497863148.18,520024.29,186597.94,3
3191854000190,2019-02-28,500080916.66,12.532977,500072747.71,2525953.23,392071.4,3
3191854000190,2019-03-01,501161749.4,12.53605,501138555.24,1072736.21,129537.27,3
3191854000190,2019-03-06,501491166.82,12.538502,501482153.18,377472.97,131896.03,3
3191854000190,2019-03-07,501034882.89,12.54165,501030633.87,356941.8,934396.47,3
3191854000190,2019-03-08,501522139.98,12.551909,501514651.72,338349.48,264161.14,3
3191854000190,2019-03-11,502356553.52,12.575004,502346947.18,488514.0,578965.62,3
3191854000190,2019-03-12,503330921.63,12.590526,503327027.43,1238666.16,878691.78,3
3191854000190,2019-03-13,507822430.66,12.619637,507814167.47,3462984.47,139601.28,3
3191854000190,2019-03-14,507606877.64,12.61906,507597418.98,469961.0,663487.43,3
3191854000190,2019-03-15,510454042.73,12.626114,510438447.46,2976520.35,419226.79,3
3191854000190,2019-03-18,510784249.6,12.644632,510770474.08,483301.15,899921.17,3
3191854000190,2019-03-19,512115037.69,12.65871,512107025.3,1111940.44,344041.18,3
3191854000190,2019-03-20,513393734.43,12.665986,513383831.09,1171887.9,189439.6,3
3191854000190,2019-03-21,510168904.68,12.661759,510162004.38,390512.88,3441015.32,3
3191854000190,2019-03-22,508417955.47,12.619108,508399563.95,366474.7,410442.45,3
3191854000190,2019-03-25,509008164.11,12.626526,508996944.8,2156284.96,1857738.35,3
3191854000190,2019-03-26,508294850.84,12.615189,508284304.21,1152916.2,1408569.09,3
3191854000190,2019-03-27,509500594.69,12.580247,509485691.85,2805211.4,195938.13,3
3191854000190,2019-03-28,512219931.63,12.617168,512199024.74,1311621.73,93534.81,3
3191854000190,2019-03-29,512151135.28,12.621952,512121597.33,266500.0,538153.77,3
3191854000190,2019-04-01,513405241.88,12.641100999999999,513405435.02,845083.06,338212.19,3
3191854000190,2019-04-02,514591452.41,12.653207,514582935.11,1464600.81,778741.53,3
3191854000190,2019-04-03,515377248.12,12.650601,515369663.09,1400834.19,508152.18,3
3191854000190,2019-04-04,516905644.52,12.659188,516887668.85,1665325.21,497137.77,3
3191854000190,2019-04-05,517263131.33,12.669387,517245326.56,1861166.48,1919929.62,3
3191854000190,2019-04-08,518202139.13,12.664672,518180391.97,1717472.38,589908.1,3
3191854000190,2019-04-09,516645903.45,12.655013,516637525.42,0.0,1147693.42,3
3191854000190,2019-04-10,517860276.38,12.675728999999999,517852486.02,1088895.24,719650.69,3
3191854000190,2019-04-11,517781193.7,12.666063000000001,517768010.06,659589.49,349169.94,3
3191854000190,2019-04-12,521760305.83,12.660495,521747947.3,4357026.76,149453.67,3
3191854000190,2019-04-15,522194474.22,12.671133,522192979.81,424656.61,418024.81,3
3191854000190,2019-04-16,522022328.28,12.676544999999999,522028704.1,169146.51,556490.85,3
3191854000190,2019-04-17,522561098.28,12.677379,522556810.89,1675116.43,1181318.24,3
3191854000190,2019-04-18,525701412.75,12.697847,525704901.3,3004698.0,700301.08,3
3191854000190,2019-04-22,526030554.56,12.711167,526030369.47,1060675.99,1286693.24,3
3191854000190,2019-04-23,527953035.58,12.738843,527948302.22,896253.88,123633.78,3
3191854000190,2019-04-24,528105000.07,12.736939999999999,528101992.23,777032.0,544470.14,3
3191854000190,2019-04-25,529741820.84,12.743678,529725317.86,2091149.55,747192.66,3
3191854000190,2019-04-26,529508898.1,12.744178999999999,529495968.94,1388073.68,1638263.13,3
3191854000190,2019-04-29,530082696.11,12.745794,530070995.5,1193402.47,685458.62,3
3191854000190,2019-04-30,530445074.98,12.756596,530445689.55,2520050.72,2594614.15,3
3191854000190,2019-05-02,531026605.39,12.756146,531011747.91,764225.66,179441.4,3
3191854000190,2019-05-03,533434749.49,12.785064,533431553.37,1623253.45,407263.86,3
3191854000190,2019-05-06,535255419.96,12.789809,535253597.4,2095525.03,471437.0,3
3191854000190,2019-05-07,536004710.2,12.789559,536000817.04,758001.32,311.64,3
3191854000190,2019-05-08,537638682.92,12.801012,537640951.06,1160455.04,317.49,3
3191854000190,2019-05-09,539957809.85,12.807587,539951328.52,2034355.17,109.1,3
3191854000190,2019-05-10,544656996.36,12.816751,544650363.64,4329985.24,17310.74,3
3191854000190,2019-05-13,545936806.66,12.810304,545924088.03,1547723.78,11.1,3
3191854000190,2019-05-14,547598359.21,12.832955,547600028.82,747485.02,36869.05,3
3191854000190,2019-05-15,549683695.75,12.832354,549673641.81,2099289.96,0.0,3
3191854000190,2019-05-16,552284804.15,12.816024,552275900.65,3301800.1,83.01,3
3191854000190,2019-05-17,553582746.38,12.794948,553564339.53,2196656.73,0.0,3
3191854000190,2019-05-20,557560111.72,12.807503,557557092.36,3537559.8,87988.02,3
3191854000190,2019-05-21,559753620.66,12.829847,559745469.89,1270396.74,54716.29,3
3191854000190,2019-05-22,562305009.5,12.838613,562293807.91,2166084.73,173.27,3
3191854000190,2019-05-23,566383198.63,12.841695,566379451.54,3951831.94,1176.26,3
3191854000190,2019-05-24,575332026.56,12.846683,575315418.36,8716605.61,633.57,3
3191854000190,2019-05-27,581725125.66,12.852989,581705191.22,6107811.99,458.45,3
3191854000190,2019-05-28,585963097.73,12.888334,585950587.12,2645768.3,13.43,3
3191854000190,2019-05-29,587332865.47,12.905947,587325459.19,689317.32,115216.49,3
3191854000190,2019-05-30,589543216.38,12.915192,589524382.96,1821349.77,43165.73,3
3191854000190,2019-05-31,587742365.6,12.929085,587727937.18,998313.0,3428884.83,3
3191854000190,2019-06-03,593120744.99,12.93132,593086443.63,5257126.56,240.87,3
3191854000190,2019-06-04,597046857.73,12.936954,597036479.15,3726048.08,34394.96,3
3191854000190,2019-06-05,598436647.45,12.927586999999999,598427259.97,1928358.73,105302.46,3
3191854000190,2019-06-06,601206948.47,12.954603,601180126.38,1505716.32,3417.31,3
3191854000190,2019-06-07,603308296.1,12.982818,603307355.08,912045.84,94189.29,3
3191854000190,2019-06-10,606599636.7,13.006327,606579613.49,2183320.12,3514.31,3
3191854000190,2019-06-11,609744641.38,13.016926,609734772.43,2968187.29,307366.61,3
3191854000190,2019-06-12,610994762.15,13.000638,610982502.7,2011827.96,1136.58,3
3191854000190,2019-06-13,615537277.14,13.015603,615529343.17,3844019.0,460.02,3
3191854000190,2019-06-14,617889448.67,13.028678,617879593.11,1733245.84,1335.98,3
3191854000190,2019-06-17,620366365.48,13.025436000000001,620352895.11,2665646.34,38590.4,3
3191854000190,2019-06-18,622426473.11,13.037795,622417082.1,1504304.88,28716.93,3
3191854000190,2019-06-19,624758833.28,13.050079,624749786.91,1754534.82,8299.92,3
3191854000190,2019-06-21,629793804.35,13.124073999999998,629781278.78,1489845.87,713.38,3
3191854000190,2019-06-24,630540888.73,13.127281,630517180.11,765223.64,183223.24,3
3191854000190,2019-06-25,630187386.98,13.096352,630154928.73,1203217.48,79902.51,3
3191854000190,2019-06-26,631958410.23,13.096544,631938204.82,1774370.76,347.1,3
3191854000190,2019-06-27,633221663.72,13.111502999999999,633211484.81,693528.02,142064.84,3
3191854000190,2019-06-28,634992999.54,13.138160999999998,634984135.09,680119.09,194881.89,3
3191854000190,2019-07-01,648948801.21,13.148428,648936685.61,13456982.78,669.13,3
3191854000190,2019-07-02,651508259.32,13.138062,651488994.07,3064074.88,164.25,3
3191854000190,2019-07-03,655753460.67,13.157038,655741411.15,3311445.61,0.0,3
3191854000190,2019-07-04,659701952.19,13.178669,659684801.36,2953629.72,88288.57,3
3191854000190,2019-07-05,663598703.45,13.186169,663575594.17,3515722.12,394.99,3
3191854000190,2019-07-08,665637849.27,13.205951999999998,665621551.54,1122300.68,71892.61,3
3191854000190,2019-07-09,669366777.61,13.207176,669360105.33,3678796.21,1894.41,3
3191854000190,2019-07-10,675667731.3,13.247887,675667335.63,4262884.58,18965.41,3
3191854000190,2019-07-11,679479476.34,13.261993,679475728.12,3090201.29,1232.67,3
3191854000190,2019-07-12,682686764.06,13.263898,682671652.49,3098428.71,132.82,3
3191854000190,2019-07-15,685603214.53,13.261566,685591111.41,3043148.35,3673.83,3
3191854000190,2019-07-16,688343858.99,13.256884,688335480.37,2986512.79,83.74,3
3191854000190,2019-07-17,691367961.51,13.26444,691360947.58,2633182.37,12.23,3
3191854000190,2019-07-18,694825415.91,13.275294,694819894.02,4795072.89,1901883.12,3
3191854000190,2019-07-19,696249003.52,13.27483,696235666.01,1472616.31,32570.21,3
3191854000190,2019-07-22,697623336.97,13.283597,697609105.22,914893.17,1247.5,3
3191854000190,2019-07-23,705226133.18,13.28954,705224132.18,7302946.72,3.93,3
3191854000190,2019-07-24,708481630.95,13.285775,708473900.63,3449527.6,4.91,3
3191854000190,2019-07-25,710072896.82,13.275254,710054962.33,2142128.57,30.69,3
3191854000190,2019-07-26,713059921.12,13.274865,713045598.64,3011444.95,0.0,3
3191854000190,2019-07-29,713043048.04,13.276205,713023967.29,1304436.07,1398000.0,3
3191854000190,2019-07-30,716935095.8,13.274202,716926926.07,4077504.44,66999.68,3
3191854000190,2019-07-31,717467444.07,13.259941,717453796.14,1323289.42,26179.84,3
3191854000190,2019-08-01,719844941.35,13.279376000000001,719830914.95,1864363.98,538830.2,3
3191854000190,2019-08-02,726893930.33,13.284884,726878265.18,6748822.68,13.91,3
3191854000190,2019-08-05,727974280.66,13.245975,727946097.5,3196683.22,0.0,3
3191854000190,2019-08-06,732803743.88,13.279991,732800703.35,2985589.39,333.05,3
3191854000190,2019-08-07,738324474.24,13.295615,738318781.49,4656017.2,72.22,3
3191854000190,2019-08-08,740622788.55,13.306042000000001,740613573.81,1715905.81,134.89,3
3191854000190,2019-08-09,744098100.77,13.304001000000001,744082541.45,3607324.08,24802.68,3
3191854000190,2019-08-12,744036721.07,13.292704999999998,744015139.38,929436.33,365034.53,3
3191854000190,2019-08-13,746707717.57,13.2956,746699573.22,2522396.71,0.0,3
3191854000190,2019-08-14,746813974.68,13.279304999999999,746802781.93,1018375.53,0.0,3
3191854000190,2019-08-15,749156830.46,13.283263,749144954.65,2730404.08,610816.42,3
3191854000190,2019-08-16,752076409.29,13.305766,752066530.8,1652822.04,410.31,3
3191854000190,2019-08-19,752277630.85,13.296794,752251356.12,691969.01,0.0,3
3191854000190,2019-08-20,753194658.07,13.2976,753184365.33,1120166.78,232748.64,3
3191854000190,2019-08-21,757506753.36,13.313885999999998,757499869.48,3393428.13,409.24,3
3191854000190,2019-08-22,759235889.29,13.306698999999998,759216132.52,2125207.77,0.0,3
3191854000190,2019-08-23,760384961.11,13.291375,760360838.74,2019034.21,22.28,3
3191854000190,2019-08-26,759854979.53,13.268421,759822247.05,774557.95,0.0,3
3191854000190,2019-08-27,760012815.28,13.252201999999999,759997227.54,1103714.05,0.0,3
3191854000190,2019-08-28,759209238.78,13.233051000000001,759188395.68,414481.77,125002.69,3
3191854000190,2019-08-29,759723792.55,13.238464000000002,759708880.77,610895.11,400952.83,3
3191854000190,2019-08-30,762072902.68,13.266925,762074086.25,1000744.92,268836.74,3
3191854000190,2019-09-02,760204666.36,13.252532,760171479.08,719919.72,1795768.69,3
3191854000190,2019-09-03,760057133.77,13.27219,760064703.15,0.0,1234378.4,3
3191854000190,2019-09-04,762173720.98,13.300658,762180210.19,729833.4,244611.33,3
3191854000190,2019-09-05,761823968.16,13.305276,761813243.82,874033.29,1505585.84,3
3191854000190,2019-09-06,761474317.47,13.31271,761459233.05,441471.39,1221138.65,3
3191854000190,2019-09-09,765395748.64,13.324546,765375607.94,3243887.12,4539.8,3
3191854000190,2019-09-10,765486481.34,13.318386,765473065.75,513871.57,62563.02,3
3191854000190,2019-09-11,769447902.24,13.330813,769423274.91,3236397.01,417.65,3
3191854000190,2019-09-12,771387534.12,13.344786,771377675.7,1148460.55,523.49,3
3191854000190,2019-09-13,764073184.26,13.331056,764037046.76,787417.04,7334448.47,3
3191854000190,2019-09-16,765294867.11,13.367332,765293142.54,225993.44,1048945.79,3
3191854000190,2019-09-17,767112455.83,13.392701,767114906.64,682087.06,312699.77,3
3191854000190,2019-09-18,768408239.36,13.402798,768386061.8,694957.16,2166.51,3
3191854000190,2019-09-19,771925675.04,13.45963,771946509.67,308431.67,6178.03,3
3191854000190,2019-09-20,774386534.85,13.489291,774377739.28,827912.93,97826.93,3
3191854000190,2019-09-23,774085266.71,13.477605,774051268.78,488406.69,144044.92,3
3191854000190,2019-09-24,772961790.01,13.465542999999998,772937793.76,146804.83,567521.47,3
3191854000190,2019-09-25,774894294.59,13.476515,774880139.61,1312626.75,55.23,3
3191854000190,2019-09-26,777998488.38,13.486671,777977975.93,2513889.66,0.0,3
3191854000190,2019-09-27,779737939.36,13.493371,779717919.0,1354503.74,1072.61,3
3191854000190,2019-09-30,780488239.79,13.496027,780460966.13,937940.44,348385.1,3
3191854000190,2019-10-01,779186394.76,13.496532,779163561.27,146766.57,1473367.15,3
3191854000190,2019-10-02,780994201.86,13.496448000000001,780973533.31,1814846.7,42.91,3
3191854000190,2019-10-03,787801481.01,13.507929999999998,787794281.9,6316232.95,159868.44,3
3191854000190,2019-10-04,786084507.14,13.505366,786059326.11,1887806.67,3473215.42,3
3191854000190,2019-10-07,784919155.5,13.494126999999999,784887261.12,2478329.61,2996267.43,3
3191854000190,2019-10-08,785486926.37,13.498288,785486985.54,391575.05,33883.56,3
3191854000190,2019-10-09,789079941.41,13.514606,789090873.88,2832862.43,178512.09,3
3191854000190,2019-10-10,792770648.53,13.540716,792780796.49,2265509.54,100136.97,3
3191854000190,2019-10-11,796485003.4,13.568832999999998,796496748.52,2072098.91,2313.17,3
3191854000190,2019-10-14,800865872.18,13.601176,800856814.73,2461656.19,116.55,3
3191854000190,2019-10-15,801527549.07,13.593422,801512101.17,1313211.4,201405.07,3
3191854000190,2019-10-16,805651771.44,13.637875,805679341.64,1548312.54,2137.91,3
3191854000190,2019-10-17,807470477.55,13.664624,807473732.14,688849.88,474707.04,3
3191854000190,2019-10-18,809071778.95,13.665104999999999,809058393.19,1599714.57,43484.78,3
3191854000190,2019-10-21,809598575.6,13.665026000000001,809593554.75,554062.84,14193.9,3
3191854000190,2019-10-22,809063367.11,13.644303,809026640.36,2162564.66,1501721.2,3
3191854000190,2019-10-23,811148182.86,13.664625,811179470.08,947813.52,0.0,3
3191854000190,2019-10-24,811330057.68,13.663561999999999,811327445.33,771178.82,560096.51,3
3191854000190,2019-10-25,817480435.81,13.686828,817497660.73,4914587.65,125877.28,3
3191854000190,2019-10-28,820003452.86,13.704713,819999108.19,1434743.87,1565.04,3
3191854000190,2019-10-29,825638690.86,13.726792999999999,825638309.98,4356333.24,38241.75,3
3191854000190,2019-10-30,829976776.26,13.745413000000001,829977451.16,3219181.11,7.47,3
3191854000190,2019-10-31,831031973.08,13.719085999999999,830975015.44,2692147.36,104901.56,3
3191854000190,2019-11-01,836105610.32,13.729328,836100047.38,4505311.49,640.05,3
3191854000190,2019-11-04,837622305.09,13.720301,837601375.36,2051109.46,0.0,3
3191854000190,2019-11-05,838045522.13,13.714579999999998,838035109.01,782975.83,0.0,3
3191854000190,2019-11-06,837894125.77,13.711891,837885136.17,449689.25,435332.72,3
3191854000190,2019-11-07,838599433.88,13.704577,838579396.66,1164206.61,23060.92,3
3191854000190,2019-11-08,835231046.87,13.698706,835204049.77,607631.73,3623733.5,3
3191854000190,2019-11-11,836745493.29,13.718526,836752268.65,394704.07,54910.88,3
3191854000190,2019-11-12,836530108.55,13.706851,836498485.92,787188.79,328827.36,3
3191854000190,2019-11-13,838425550.66,13.700193,838395367.84,2303168.74,0.0,3
3191854000190,2019-11-14,838785229.63,13.707144,838765329.92,571793.99,627200.6,3
3191854000190,2019-11-18,839264116.04,13.706105,839237843.36,536109.5,0.0,3
3191854000190,2019-11-19,840468000.25,13.70039,840474337.45,1603728.68,17266.74,3
3191854000190,2019-11-20,839716149.5,13.703824,839709141.63,329965.11,1305826.1,3
3191854000190,2019-11-21,836105994.63,13.673385,836061485.06,368417.36,2150935.2,3
3191854000190,2019-11-22,833104702.34,13.694537,833113195.44,3840.93,4245452.46,3
3191854000190,2019-11-25,832359853.55,13.688351999999998,832343382.92,631044.33,1024584.42,3
3191854000190,2019-11-26,831213352.39,13.672195,831187176.32,541494.01,715268.35,3
3191854000190,2019-11-27,827013783.93,13.660894,827014213.01,2932.34,3488847.39,3
3191854000190,2019-11-28,821434721.38,13.672748,821460331.38,8757.2,6280296.19,3
3191854000190,2019-11-29,809510591.77,13.666735999999998,809488576.41,0.0,11610512.77,3
3191854000190,2019-12-02,798577186.69,13.652973999999999,798536063.01,13102.04,10150528.16,3
3191854000190,2019-12-03,792867398.13,13.678498999999999,792870683.74,4236.12,7162516.8,3
3191854000190,2019-12-04,789384681.53,13.710967000000002,789399539.14,349424.03,5702575.91,3
3191854000190,2019-12-05,780087767.56,13.722503,780066346.83,0.0,9997330.86,3
3191854000190,2019-12-06,770257988.88,13.749372,770278158.9,2402777.28,13718351.12,3
3191854000190,2019-12-09,760111571.56,13.74944,760099252.15,0.0,10182727.04,3
3191854000190,2019-12-10,755588729.31,13.755201000000001,755581524.97,0.0,4836233.65,3
3191854000190,2019-12-11,749976387.74,13.75654,749960028.08,24036.84,5719055.0,3
3191854000190,2019-12-12,750309594.28,13.768932999999999,750308353.54,0.0,327312.17,3
3191854000190,2019-12-13,747822334.57,13.787173999999998,747823090.33,0.0,3479274.45,3
3191854000190,2019-12-16,746548563.01,13.784946,746516144.63,160543.39,1346626.94,3
3191854000190,2019-12-17,737265828.85,13.747012,737232964.93,4376.39,7233255.73,3
3191854000190,2019-12-18,735671282.43,13.752393,735687594.58,2412.55,1836375.77,3
3191854000190,2019-12-19,728069605.26,13.719476,728013493.13,9225.83,5922420.07,3
3191854000190,2019-12-20,724783805.34,13.7472,724788921.05,20248.07,4715968.99,3
3191854000190,2019-12-23,725205190.46,13.766145999999999,725201566.04,402386.83,988642.45,3
3191854000190,2019-12-24,721077931.87,13.773748000000001,721077229.54,0.0,4524806.24,3
3191854000190,2019-12-26,709807760.48,13.792074,709826287.7,0.0,12210308.21,3
3191854000190,2019-12-27,701935435.41,13.800996,701915051.47,964467.93,9334914.2,3
3191854000190,2019-12-30,703073167.55,13.825407,703077735.65,601644.0,680482.16,3
3191854000190,2019-12-31,701079065.21,13.833001999999999,701085865.29,0.0,2378125.97,3
03191854000190,2020-01-02,694309887.98,13.82821,694310799.33,402345.46,6934511.96,3
03191854000190,2020-01-03,694924682.78,13.831372,694912987.17,443470.01,73.19,3
03191854000190,2020-01-06,694996100.22,13.824789,694975876.98,393636.43,0.0,3
03191854000190,2020-01-07,694230661.37,13.834656,694240270.24,102856.24,1334502.59,3
03191854000190,2020-01-08,695215692.84,13.846548,695237173.57,1020244.38,620081.41,3
03191854000190,2020-01-09,695711857.68,13.849664,695707008.01,340543.29,27144.81,3
03191854000190,2020-01-10,695522941.3,13.853705,695516436.06,0.0,393558.17,3
03191854000190,2020-01-13,694331052.43,13.838718,694326021.71,0.0,438037.08,3
03191854000190,2020-01-14,696004029.27,13.857549,696033608.2,1079422.18,316595.01,3
03191854000190,2020-01-15,698551903.8,13.883276,698587516.78,1269235.55,7537.49,3
03191854000190,2020-01-16,696556058.53,13.869064,696540899.9,0.0,1331516.9,3
03191854000190,2020-01-17,696691612.56,13.88579,696707644.09,15368.84,688645.79,3
03191854000190,2020-01-20,694823194.36,13.878009,694806271.49,0.0,1510960.6,3
03191854000190,2020-01-21,693707105.74,13.872935,693730171.47,515.11,822581.48,3
03191854000190,2020-01-22,694467394.22,13.90071,694486757.39,327922.06,960257.6,3
