CNPJ_FUNDO,DT_COMPTC,VL_TOTAL,VL_QUOTA,VL_PATRIM_LIQ,CAPTC_DIA,RESG_DIA,NR_COTST
4291412000189,2005-01-03,52840897.14,2309.61598969,53703934.42,0.0,0.0,1
4291412000189,2005-01-04,51753280.06,2264.12831386,52646240.34,0.0,0.0,1
4291412000189,2005-01-05,50711078.99,2219.28537365,51603537.86,0.0,0.0,1
4291412000189,2005-01-06,50141954.9,2194.78801451,51033917.38,0.0,0.0,1
4291412000189,2005-01-07,50659072.3,2217.20980244,51555276.01,0.0,0.0,1
4291412000189,2005-01-10,50269634.12,2200.78099709,51173268.14,0.0,0.0,1
4291412000189,2005-01-11,50054525.99,2192.8410197,50988645.23,0.0,0.0,1
4291412000189,2005-01-12,49776433.69,2180.86411342,50710154.35,0.0,0.0,1
4291412000189,2005-01-13,50662185.2,2218.9486533000004,51595708.33,0.0,0.0,1
4291412000189,2005-01-14,51099897.59,2233.82903693,51941711.8,0.0,0.0,1
4291412000189,2005-01-17,51070405.71,2235.30671216,51976071.18,0.0,0.0,1
4291412000189,2005-01-18,50428013.83,2206.91424352,51315880.36,0.0,0.0,1
4291412000189,2005-01-19,50687196.2,2218.044621,51574687.48,0.0,0.0,1
4291412000189,2005-01-20,49700085.97,2175.57668791,50587209.43,0.0,0.0,1
4291412000189,2005-01-21,50029285.76,2189.71851863,50916039.83,0.0,0.0,1
4291412000189,2005-01-24,50526549.07,2211.08620064,51412888.05,0.0,0.0,1
4291412000189,2005-01-25,50527014.71,2211.08836817,51412938.45,0.0,0.0,1
4291412000189,2005-01-26,50977735.45,2230.45426729,51863240.57,0.0,0.0,1
4291412000189,2005-01-27,50413621.98,2206.17592155,51298712.66,0.0,0.0,1
4291412000189,2005-01-28,49915388.9,2184.93353886,50804777.94,0.0,0.0,1
4291412000189,2005-01-31,50772222.24,2220.44569003,51630517.91,0.0,0.0,1
4291412000189,2005-02-01,50804148.94,2221.86208235,51663452.32,0.0,0.0,1
4291412000189,2005-02-02,51218709.45,2239.77640773,52080001.98,0.0,0.0,1
4291412000189,2005-02-03,51769604.52,2263.44299349,52630305.05,0.0,0.0,1
4291412000189,2005-02-04,53844638.32,2309.57994382,53703096.27,0.0,0.0,1
4291412000189,2005-02-09,55463879.29,2379.20032488,56321931.78,1000000.0,0.0,1
4291412000189,2005-02-10,56330562.35,2363.3795208,55947411.72,0.0,0.0,1
4291412000189,2005-02-11,56747941.58,2381.08531518,56366554.46,0.0,0.0,1
4291412000189,2005-02-14,56988267.18,2392.94918776,56647403.54,0.0,0.0,1
4291412000189,2005-02-15,56449656.2,2398.04950969,56768141.58,0.0,0.0,1
4291412000189,2005-02-16,56373884.71,2394.82589887,56691830.23,0.0,0.0,1
4291412000189,2005-02-17,57024643.68,2421.45786958,57322279.05,0.0,0.0,1
4291412000189,2005-02-18,56815669.77,2413.36974036,57130811.75,0.0,0.0,1
4291412000189,2005-02-21,56923309.52,2417.89801054,57238007.82,0.0,0.0,1
4291412000189,2005-02-22,48892975.61,2457.756372,58181560.11,0.0,0.0,1
4291412000189,2005-02-23,49113405.76,2467.04929294,48901548.0,0.0,9500000.0,1
4291412000189,2005-02-24,50767445.33,2550.64992964,50558669.55,0.0,0.0,1
4291412000189,2005-02-25,60519529.17,2588.00070901,51299032.11,0.0,0.0,1
4291412000189,2005-02-28,50300341.22,2550.59460844,50557572.98,0.0,0.0,1
4291412000189,2005-03-01,49702799.62,2520.53147539,49961665.25,0.0,0.0,1
4291412000189,2005-03-02,49862438.71,2531.08963689,50170947.83,0.0,0.0,1
4291412000189,2005-03-03,51209910.91,2599.04854512,51518020.96,0.0,0.0,1
4291412000189,2005-03-04,52052431.95,2641.92970736,52368006.09,0.0,0.0,1
4291412000189,2005-03-07,52555341.18,2668.47490771,52894181.79,0.0,0.0,1
4291412000189,2005-03-08,52026157.3,2642.49950305,52379300.51,0.0,0.0,1
4291412000189,2005-03-09,51843237.69,2633.25092085,52195976.25,0.0,0.0,1
4291412000189,2005-03-10,50703228.61,2575.91107501,51059392.87,0.0,0.0,1
4291412000189,2005-03-11,50710976.67,2576.28113935,51066728.24,0.0,0.0,1
4291412000189,2005-03-14,50040477.77,2538.03611824,50308640.13,0.0,0.0,1
4291412000189,2005-03-15,49698770.44,2520.77682602,49966528.56,0.0,0.0,1
4291412000189,2005-03-16,49317569.74,2501.52666333,49584954.2,0.0,0.0,1
4291412000189,2005-03-17,49810138.35,2526.35598228,50077117.91,0.0,0.0,1
4291412000189,2005-03-18,49722557.4,2520.91803868,49969327.66,0.0,0.0,1
4291412000189,2005-03-21,49157513.75,2492.39180195,49403884.1,0.0,0.0,1
4291412000189,2005-03-22,48798479.81,2474.84969544,49056166.62,0.0,0.0,1
4291412000189,2005-03-23,47263463.42,2397.38973044,47520764.71,0.0,0.0,1
4291412000189,2005-03-24,47819610.36,2425.42731467,48076522.26,0.0,0.0,1
4291412000189,2005-03-28,47246099.72,2396.47466676,47502626.43,0.0,0.0,1
4291412000189,2005-03-29,46428248.77,2354.35024767,46667641.37,0.0,0.0,1
4291412000189,2005-03-30,39243832.21,2356.15143379,46703344.26,0.0,0.0,1
4291412000189,2005-03-31,39397647.62,2389.90054418,39672314.98,0.0,7700000.0,1
4291412000189,2005-04-01,39745866.68,2418.44439519,40146142.5,0.0,0.0,1
4291412000189,2005-04-04,46279172.27,2378.77060511,39487558.15,0.0,0.0,1
4291412000189,2005-04-05,38935460.32,2366.17810936,39278522.9,0.0,0.0,1
4291412000189,2005-04-06,38535840.98,2341.78054083,38873523.61,0.0,0.0,1
4291412000189,2005-04-07,38589688.54,2344.99942913,38926957.11,0.0,0.0,1
4291412000189,2005-04-08,38701268.68,2351.925217,39041925.09,0.0,0.0,1
4291412000189,2005-04-11,38372296.03,2332.49265032,38719344.76,0.0,0.0,1
4291412000189,2005-04-12,38352524.26,2330.32865509,38683422.47,0.0,0.0,1
4291412000189,2005-04-13,38408173.68,2333.66167663,38738750.58,0.0,0.0,1
4291412000189,2005-04-14,37204085.62,2261.10133182,37534249.89,0.0,0.0,1
4291412000189,2005-04-15,36338965.06,2219.81162047,36848841.27,0.0,0.0,1
4291412000189,2005-04-18,36182768.98,2211.32832825,36708018.74,0.0,0.0,1
4291412000189,2005-04-19,37040378.94,2262.85354958,37563336.68,0.0,0.0,1
4291412000189,2005-04-20,36937131.58,2254.28594103,37421114.5,0.0,0.0,1
4291412000189,2005-04-22,36723636.78,2242.05079739,37218011.29,0.0,0.0,1
4291412000189,2005-04-25,37021477.36,2250.92779417,37365369.31,0.0,0.0,1
4291412000189,2005-04-26,37475904.14,2278.92702603,37830156.16,0.0,0.0,1
4291412000189,2005-04-27,37031043.22,2253.15157861,37402284.1,0.0,0.0,1
4291412000189,2005-04-28,36265114.53,2207.14661984,36638602.44,0.0,0.0,1
4291412000189,2005-04-29,36208932.66,2198.24946883,36490909.86,0.0,0.0,1
4291412000189,2005-05-02,36135174.74,2203.88653391,36584485.06,0.0,0.0,1
4291412000189,2005-05-03,36193918.64,2212.06313731,36720216.56,0.0,0.0,1
4291412000189,2005-05-04,36847107.64,2251.29983967,37371545.26,0.0,0.0,1
4291412000189,2005-05-05,37132295.05,2268.45675439,37656349.8,0.0,0.0,1
4291412000189,2005-05-06,38180587.64,2280.02397938,37848365.57,0.0,0.0,1
4291412000189,2005-05-09,38334555.16,2279.42370296,37838400.99,0.0,0.0,1
4291412000189,2005-05-10,37814437.37,2248.46933965,37324559.0,0.0,0.0,1
4291412000189,2005-05-11,36382245.06,2209.2082186000002,36672824.95,0.0,0.0,1
4291412000189,2005-05-12,35823103.99,2185.4715915999996,36278797.28,0.0,0.0,1
4291412000189,2005-05-13,35207471.96,2147.39206614,35646677.7,0.0,0.0,1
4291412000189,2005-05-16,35441720.27,2160.83239756,35869787.01,0.0,0.0,1
4291412000189,2005-05-17,35790386.15,2178.7890967,36167867.96,0.0,0.0,1
4291412000189,2005-05-18,36600008.26,2227.54522229,36977218.95,0.0,0.0,1
4291412000189,2005-05-19,36488141.8,2220.90148044,36866932.93,0.0,0.0,1
4291412000189,2005-05-20,36395655.91,2215.11875439,36770939.76,0.0,0.0,1
4291412000189,2005-05-23,36058161.29,2192.9609173,36403119.98,0.0,0.0,1
4291412000189,2005-05-24,36039203.58,2190.82602149,36367680.74,0.0,0.0,1
4291412000189,2005-05-25,36279869.44,2204.59761404,36596288.98,0.0,0.0,1
4291412000189,2005-05-27,36816718.92,2236.91936648,37132829.61,0.0,0.0,1
4291412000189,2005-05-30,37321101.95,2267.3426944000007,37637856.42,0.0,0.0,1
4291412000189,2005-05-31,37178247.48,2259.30465678,37504425.11,0.0,0.0,1
4291412000189,2005-06-01,49714364.61,2293.74185863,38076082.17,0.0,0.0,1
4291412000189,2005-06-02,61689572.09,2343.06507325,50849419.45,11954572.62,0.0,1
4291412000189,2005-06-03,62830076.36,2341.6355762,50818396.37,0.0,0.0,1
4291412000189,2005-06-06,61942274.98,2300.70881573,49930199.95,0.0,0.0,1
4291412000189,2005-06-07,50513284.32,2285.41385739,49598267.32,0.0,0.0,1
4291412000189,2005-06-08,49024677.26,2272.46816908,49317318.77,0.0,0.0,1
4291412000189,2005-06-09,48297954.77,2238.96311165,48590188.85,0.0,0.0,1
4291412000189,2005-06-10,48938932.42,2269.01592302,49242397.8,0.0,0.0,1
4291412000189,2005-06-13,49131676.21,2277.87771517,49434717.25,0.0,0.0,1
4291412000189,2005-06-14,49156791.03,2272.67080068,49321716.3,0.0,0.0,1
4291412000189,2005-06-15,49413633.6,2284.48808545,49578176.13,0.0,0.0,1
4291412000189,2005-06-16,50458803.91,2333.11977001,50633585.54,0.0,0.0,1
4291412000189,2005-06-17,50999264.73,2358.00512115,51173649.78,0.0,0.0,1
4291412000189,2005-06-20,50894636.63,2353.16577256,51068625.78,0.0,0.0,1
4291412000189,2005-06-21,50576183.61,2338.47205435,50749741.32,0.0,0.0,1
4291412000189,2005-06-22,50066165.0,2314.98045164,50239924.34,0.0,0.0,1
4291412000189,2005-06-23,49767858.3,2300.67482085,49929462.19,0.0,0.0,1
4291412000189,2005-06-24,48985450.94,2264.9443759,49154036.7,0.0,0.0,1
4291412000189,2005-06-27,49517547.11,2289.44307864,49685709.86,0.0,0.0,1
4291412000189,2005-06-28,50051989.58,2313.56827918,50209277.24,0.0,0.0,1
4291412000189,2005-06-29,50004967.86,2311.38192062,50161828.68,0.0,0.0,1
4291412000189,2005-06-30,49872305.3,2305.06866958,50024817.91,0.0,0.0,1
4291412000189,2005-07-01,49882036.94,2315.2950904,50246752.66,0.0,0.0,1
4291412000189,2005-07-04,49575692.45,2301.29363901,49942891.84,0.0,0.0,2
4291412000189,2005-07-05,49534118.37,2299.35984685,49900924.5,0.0,0.0,2
4291412000189,2005-07-06,49119528.35,2280.22852054,49485734.65,0.0,0.0,2
4291412000189,2005-07-07,48920271.77,2271.27357977,49291393.68,0.0,0.0,2
4291412000189,2005-07-08,49253292.13,2286.42478701,49620206.61,0.0,0.0,2
4291412000189,2005-07-11,49744608.66,2310.21854765,50136581.05,0.0,0.0,2
4291412000189,2005-07-12,50237729.72,2332.92245173,50629303.32,0.0,0.0,2
4291412000189,2005-07-13,51012996.54,2368.62232728,51404065.39,0.0,0.0,2
4291412000189,2005-07-14,50904391.14,2363.59931531,51295055.51,0.0,0.0,2
4291412000189,2005-07-15,50111459.69,2327.04368549,50501721.78,0.0,0.0,2
4291412000189,2005-07-18,49919536.38,2319.04422808,50328116.8,0.0,0.0,2
4291412000189,2005-07-19,49839218.28,2315.32504511,50247402.74,0.0,0.0,2
4291412000189,2005-07-20,50476918.62,2343.48541517,50858541.75,0.0,0.0,2
4291412000189,2005-07-21,50997184.72,2367.6127662,51382155.8,0.0,0.0,2
4291412000189,2005-07-22,50842740.36,2360.64658325,51230975.04,0.0,0.0,2
4291412000189,2005-07-25,49767080.01,2311.06479823,50154946.46,0.0,0.0,2
4291412000189,2005-07-26,49936552.32,2318.85555827,50324022.27,0.0,0.0,2
4291412000189,2005-07-27,50710985.88,2354.52175597,51098053.46,0.0,0.0,2
4291412000189,2005-07-28,51857933.57,2407.35244032,52244589.96,0.0,0.0,2
4291412000189,2005-07-29,51960218.73,2410.61483512,52315390.76,0.0,0.0,2
4291412000189,2005-08-01,52067803.36,2415.78514393,52427597.29,0.0,0.0,2
4291412000189,2005-08-02,53151308.1,2466.36045933,53525187.56,0.0,0.0,2
4291412000189,2005-08-03,53716016.2,2492.35692027,54089365.21,0.0,0.0,2
4291412000189,2005-08-04,52949537.62,2457.01455353,53322361.83,0.0,0.0,2
4291412000189,2005-08-05,52751420.52,2448.27599004,53132716.7,0.0,0.0,2
4291412000189,2005-08-08,53418864.19,2479.01128761,53799737.03,0.0,0.0,2
4291412000189,2005-08-09,54177781.32,2513.96012275,54558199.95,0.0,0.0,2
4291412000189,2005-08-10,55176249.91,2547.10134895,55277433.97,0.0,0.0,2
4291412000189,2005-08-11,55015814.99,2539.71081111,55117043.82,0.0,0.0,2
4291412000189,2005-08-12,54028861.68,2494.21267065,54129638.88,0.0,0.0,2
4291412000189,2005-08-15,55067244.27,2557.35183702,55499891.03,0.0,0.0,2
4291412000189,2005-08-16,54593196.04,2555.57436341,55461316.13,0.0,0.0,2
4291412000189,2005-08-17,54595064.27,2554.528782300001,55438624.83,0.0,0.0,2
4291412000189,2005-08-18,54078531.33,2539.01456079,55101933.73,0.0,0.0,2
4291412000189,2005-08-19,53546766.52,2504.65484345,54356255.9,0.0,0.0,2
4291412000189,2005-08-22,54727392.5,2557.14251114,55495348.22,0.0,0.0,2
4291412000189,2005-08-23,54420347.97,2534.05487497,54994298.16,0.0,0.0,2
4291412000189,2005-08-24,54540701.81,2530.09903742,54908448.2,0.0,0.0,2
4291412000189,2005-08-25,55205341.21,2560.70353841,55572629.97,0.0,0.0,2
4291412000189,2005-08-26,55166477.8,2558.89168978,55533309.06,0.0,0.0,2
4291412000189,2005-08-29,55300488.28,2565.04556495,55666861.04,0.0,0.0,2
4291412000189,2005-08-30,55758047.43,2586.10791871,56123958.23,0.0,0.0,2
4291412000189,2005-08-31,56563685.81,2622.53737868,56914553.81,0.0,0.0,2
4291412000189,2005-09-01,56809472.53,2637.62733285,57242037.42,0.0,0.0,2
4291412000189,2005-09-02,56979740.43,2648.06522034,57468561.44,0.0,0.0,2
4291412000189,2005-09-05,57492818.82,2671.66511721,57980728.63,0.0,0.0,2
4291412000189,2005-09-06,58862723.92,2688.61458867,58348567.66,0.0,0.0,2
4291412000189,2005-09-08,59376555.34,2709.79679491,58808265.9,0.0,0.0,2
4291412000189,2005-09-09,60091379.25,2742.71328013,59522622.57,0.0,0.0,2
4291412000189,2005-09-12,59348104.88,2754.57820593,59780116.31,0.0,0.0,2
4291412000189,2005-09-13,58771910.01,2728.00421501,59203405.05,0.0,0.0,2
4291412000189,2005-09-14,58823639.33,2730.36401812,59254617.72,0.0,0.0,2
4291412000189,2005-09-15,59563463.83,2764.4299416999997,59993919.61,0.0,0.0,2
4291412000189,2005-09-16,60001055.62,2784.59334398,60431507.67,0.0,0.0,2
4291412000189,2005-09-19,60648219.4,2814.6975079999997,61084831.08,0.0,0.0,2
4291412000189,2005-09-20,60886728.72,2838.82215744,61608386.5,0.0,0.0,2
4291412000189,2005-09-21,61946360.01,2884.21474126,62593500.64,0.0,0.0,2
4291412000189,2005-09-22,62020192.77,2889.06894279,62698846.98,0.0,0.0,2
4291412000189,2005-09-23,62848044.67,2912.93134381,63216711.06,0.0,0.0,2
4291412000189,2005-09-26,62596790.46,2904.95592878,63043627.85,0.0,0.0,2
4291412000189,2005-09-27,62191341.9,2886.31724939,62639129.47,0.0,0.0,2
4291412000189,2005-09-28,63101538.89,2928.23396777,63548810.05,0.0,0.0,2
4291412000189,2005-09-29,62649747.34,2907.39244155,63096505.28,0.0,0.0,2
4291412000189,2005-09-30,63016798.39,2922.69084932,63428512.77,0.0,0.0,2
4291412000189,2005-10-03,63842594.79,2960.12511784,64240914.8,0.0,0.0,2
4291412000189,2005-10-04,63518122.47,2945.22131576,63917471.08,0.0,0.0,2
4291412000189,2005-10-05,61398534.86,2847.53152467,61797398.01,0.0,0.0,2
4291412000189,2005-10-06,59214009.63,2746.84062232,59612194.54,0.0,0.0,2
4291412000189,2005-10-07,59691102.07,2771.17584222,60140319.78,0.0,0.0,2
4291412000189,2005-10-10,60295463.36,2798.82444601,60740352.39,0.0,0.0,2
4291412000189,2005-10-11,60905269.09,2827.34540385,61359316.91,0.0,0.0,2
4291412000189,2005-10-13,58807334.29,2728.59501421,59216226.63,0.0,0.0,2
4291412000189,2005-10-14,58524206.55,2714.95573616,58920225.73,0.0,0.0,2
4291412000189,2005-10-17,59555904.47,2771.71759823,60152077.02,0.0,0.0,2
4291412000189,2005-10-18,59236182.61,2751.64217456,59716398.28,0.0,0.0,2
4291412000189,2005-10-19,57649802.77,2678.5220577,58129538.6,0.0,0.0,2
4291412000189,2005-10-20,57366460.26,2663.83839474,57810872.36,0.0,0.0,2
4291412000189,2005-10-21,57018411.44,2662.04674785,57771989.87,0.0,0.0,2
4291412000189,2005-10-24,58610545.93,2734.12641397,59336269.59,0.0,0.0,2
4291412000189,2005-10-25,59205618.55,2761.52373603,59930848.86,0.0,0.0,2
4291412000189,2005-10-26,59422449.81,2762.8664691,59959988.98,0.0,0.0,2
4291412000189,2005-10-27,58640219.28,2726.79998055,59177270.64,0.0,0.0,2
4291412000189,2005-10-28,58849070.06,2736.40096956,59385632.21,0.0,0.0,2
4291412000189,2005-10-31,60390503.34,2798.99174968,60743983.23,0.0,0.0,2
4291412000189,2005-11-01,61752534.25,2863.01601172,62133443.81,0.0,0.0,2
4291412000189,2005-11-03,62822560.5,2912.43196491,63205873.49,0.0,0.0,2
4291412000189,2005-11-04,61862739.62,2868.6593445,62255915.95,0.0,0.0,2
4291412000189,2005-11-07,61900286.75,2870.36649518,62292964.7,0.0,0.0,2
4291412000189,2005-11-08,61972897.39,2873.67950619,62364863.97,0.0,0.0,2
4291412000189,2005-11-09,61866907.13,2869.47932165,62273711.17,0.0,0.0,2
4291412000189,2005-11-10,61135884.73,2835.77219998,61542196.04,0.0,0.0,2
4291412000189,2005-11-11,61036201.81,2829.99744654,61416871.79,0.0,0.0,2
4291412000189,2005-11-14,60724762.49,2819.8020304,61195609.91,0.0,0.0,2
4291412000189,2005-11-16,61353648.52,2848.75285738,61823903.49,0.0,0.0,2
4291412000189,2005-11-17,62712969.11,2911.36504455,63182719.09,0.0,0.0,2
4291412000189,2005-11-18,62827465.99,2912.41329408,63205468.3,0.0,0.0,2
4291412000189,2005-11-21,62966383.08,2919.7722903999997,63365173.93,0.0,0.0,2
4291412000189,2005-11-22,62991030.5,2920.88464986,63389314.46,0.0,0.0,2
4291412000189,2005-11-23,65064492.78,3003.53388583,65182975.98,0.0,0.0,2
4291412000189,2005-11-24,64483470.05,3007.46707025,65268334.32,0.0,0.0,2
4291412000189,2005-11-25,65196650.17,3011.92293855,65365036.0,0.0,0.0,2
4291412000189,2005-11-28,64593039.93,3001.12263666,65130646.82,0.0,0.0,2
4291412000189,2005-11-29,64524092.37,2974.32090187,64548993.05,0.0,0.0,2
4291412000189,2005-11-30,64012979.57,2978.19697096,64633111.86,0.0,0.0,2
4291412000189,2005-12-01,65598264.83,3051.30100566,66219622.53,0.0,0.0,2
4291412000189,2005-12-02,67004836.92,3090.79390848,67076701.23,0.0,0.0,2
4291412000189,2005-12-05,66899388.88,3085.9013303,66970522.04,0.0,0.0,2
4291412000189,2005-12-06,67598939.78,3118.49635718,67677902.39,0.0,0.0,2
4291412000189,2005-12-07,66830021.53,3102.15824337,67323331.1,0.0,0.0,2
4291412000189,2005-12-08,66119558.62,3071.05017182,66648220.79,0.0,0.0,2
4291412000189,2005-12-09,65968797.63,3062.43370395,66461225.4,0.0,0.0,2
4291412000189,2005-12-12,66703677.79,3096.26905732,67195523.43,0.0,0.0,2
4291412000189,2005-12-13,66558060.94,3092.25325117,67108372.02,0.0,0.0,2
4291412000189,2005-12-14,67354528.19,3128.92811264,67904293.33,0.0,0.0,2
4291412000189,2005-12-15,66871012.67,3106.93904304,67427084.47,0.0,0.0,2
4291412000189,2005-12-16,67428386.43,3133.14088703,67995719.36,0.0,0.0,2
4291412000189,2005-12-19,67211116.33,3123.08136055,67777406.57,0.0,0.0,2
4291412000189,2005-12-20,66554226.12,3092.41351234,67111850.03,0.0,0.0,2
4291412000189,2005-12-21,67600439.8,3139.86000469,68141538.28,0.0,0.0,2
4291412000189,2005-12-22,67935109.88,3156.52174176,68503132.88,0.0,0.0,2
4291412000189,2005-12-23,67799535.19,3150.2514107,68367053.56,0.0,0.0,2
4291412000189,2005-12-26,67282660.52,3127.15642021,67865843.89,0.0,0.0,2
4291412000189,2005-12-27,67586159.45,3145.51840586,68264337.44,0.0,0.0,2
4291412000189,2005-12-28,67530931.2,3129.47901517,67916249.07,0.0,0.0,2
4291412000189,2005-12-29,67943969.0,3147.01604002,68296839.24,0.0,0.0,2
4291412000189,2005-12-30,67944270.21,3147.00474623,68296594.14,0.0,0.0,2
4291412000189,2006-01-02,67321975.39,3132.34814126,67978515.12,0.0,0.0,2
4291412000189,2006-01-03,69224677.8,3233.99595118,70184485.48,0.0,0.0,2
4291412000189,2006-01-04,70827433.51,3307.8222846999997,71786671.54,0.0,0.0,2
4291412000189,2006-01-05,71039350.55,3308.52272129,71801872.49,0.0,0.0,2
4291412000189,2006-01-06,71897041.59,3359.01613592,72897685.34,0.0,0.0,2
4291412000189,2006-01-09,72385793.91,3362.87297261,72981386.77,0.0,0.0,2
4291412000189,2006-01-10,71797729.51,3335.81677775,72394210.68,0.0,0.0,2
4291412000189,2006-01-11,73646222.38,3405.92470346,73915699.5,0.0,0.0,2
4291412000189,2006-01-12,74445628.2,3453.09096796,74939306.22,0.0,0.0,2
4291412000189,2006-01-13,73950720.23,3437.28761628,74596340.39,0.0,0.0,2
4291412000189,2006-01-16,75083779.88,3489.46160551,75728625.23,0.0,0.0,2
4291412000189,2006-01-17,74388986.06,3467.60151228,75254215.43,0.0,0.0,2
4291412000189,2006-01-18,73641476.82,3424.40028807,74316658.38,0.0,0.0,2
4291412000189,2006-01-19,75772794.3,3530.11412616,76610870.08,0.0,0.0,2
4291412000189,2006-01-20,75757491.6,3514.48540197,76271694.03,0.0,0.0,2
4291412000189,2006-01-23,75318929.89,3493.85539201,75823979.6,0.0,0.0,2
4291412000189,2006-01-24,77217119.21,3574.81939032,77581067.94,0.0,0.0,2
4291412000189,2006-01-25,77217369.76,3574.80259626,77580703.47,0.0,0.0,2
4291412000189,2006-01-26,77652322.33,3619.93862787,78560249.89,0.0,0.0,2
4291412000189,2006-01-27,79075159.62,3678.36655934,79828258.38,0.0,0.0,2
4291412000189,2006-01-30,78523049.55,3651.54222449,79246114.13,0.0,0.0,2
4291412000189,2006-01-31,79182329.82,3683.32623335,79935893.69,0.0,0.0,2
4291412000189,2006-02-01,79879805.24,3704.31285099,80391347.25,0.0,0.0,2
4291412000189,2006-02-02,78511743.49,3642.28204629,79045148.87,0.0,0.0,2
4291412000189,2006-02-03,76564963.86,3564.2243621,77351133.64,0.0,0.0,2
4291412000189,2006-02-06,77394779.53,3602.41676988,78179988.88,0.0,0.0,2
4291412000189,2006-02-07,75907648.02,3538.96833253,76803024.9,0.0,0.0,2
4291412000189,2006-02-08,74606798.2,3480.29691994,75529732.36,0.0,0.0,2
4291412000189,2006-02-09,75865943.28,3524.68143453,76492969.29,0.0,0.0,2
4291412000189,2006-02-10,76339072.73,3541.64156297,76861039.6,0.0,0.0,2
4291412000189,2006-02-13,75587885.67,3498.2966105,75920363.35,0.0,0.0,2
4291412000189,2006-02-14,74621044.51,3463.51801881,75165595.07,0.0,0.0,2
4291412000189,2006-02-15,84599660.21,3513.95659227,76260217.75,0.0,0.0,2
4291412000189,2006-02-16,95954851.8,3587.93924456,87501796.26,9636000.0,0.0,2
4291412000189,2006-02-17,98137867.22,3650.95189035,89038533.45,0.0,0.0,2
4291412000189,2006-02-20,98027910.83,3644.41979929,88879230.39,0.0,0.0,2
4291412000189,2006-02-21,89728745.63,3672.69935965,89568905.48,0.0,0.0,2
4291412000189,2006-02-22,87711541.55,3645.65954571,88909465.03,0.0,0.0,2
4291412000189,2006-02-23,87112100.04,3624.31076793,88388816.19,0.0,0.0,2
4291412000189,2006-02-24,88109531.46,3665.1787816,89385495.44,0.0,0.0,2
4291412000189,2006-03-01,89337218.89,3691.76530129,90033881.07,0.0,0.0,2
4291412000189,2006-03-02,89941081.93,3716.08440852,90626969.58,0.0,0.0,2
4291412000189,2006-03-03,87972005.12,3708.955468,90453110.7,0.0,0.0,2
4291412000189,2006-03-06,87092676.27,3684.56379144,88158252.38,0.0,1700000.0,2
4291412000189,2006-03-07,83791276.73,3548.29287802,84897783.5,0.0,0.0,2
4291412000189,2006-03-08,84268697.51,3484.42737584,83369713.59,0.0,0.0,2
4291412000189,2006-03-09,82901437.24,3489.19970905,83483898.22,0.0,0.0,2
4291412000189,2006-03-10,82316661.98,3467.92861178,82974957.99,0.0,0.0,2
4291412000189,2006-03-13,83026936.97,3501.20717938,83771193.45,0.0,0.0,2
4291412000189,2006-03-14,83357495.01,3521.79726501,84263839.55,0.0,0.0,2
4291412000189,2006-03-15,85375290.56,3607.16733531,86306435.8,0.0,0.0,2
4291412000189,2006-03-16,86420603.91,3625.71769066,86750278.55,0.0,0.0,2
4291412000189,2006-03-17,86213696.88,3610.28223564,86380964.07,0.0,0.0,2
4291412000189,2006-03-20,86850363.02,3633.8583336999995,86945054.62,0.0,0.0,2
4291412000189,2006-03-21,85656983.44,3595.78659282,86034135.9,0.0,0.0,2
4291412000189,2006-03-22,85581971.85,3584.3457114,85760397.09,0.0,0.0,2
4291412000189,2006-03-23,85441969.82,3571.14042859,85444442.55,0.0,0.0,2
4291412000189,2006-03-24,85353000.93,3581.45213612,85691164.32,0.0,0.0,2
4291412000189,2006-03-27,85166953.85,3573.26142931,85495190.41,0.0,0.0,2
4291412000189,2006-03-28,84326610.42,3545.34755328,84827312.56,0.0,0.0,2
4291412000189,2006-03-29,84456288.39,3550.92912634,84960859.37,0.0,0.0,2
4291412000189,2006-03-30,85803674.29,3595.35994373,86023927.73,0.0,0.0,2
4291412000189,2006-03-31,85157336.9,3572.14836082,85468558.71,0.0,0.0,2
4291412000189,2006-04-03,87051849.27,3648.72558142,87300773.96,0.0,0.0,2
4291412000189,2006-04-04,86848051.95,3665.15950169,87693978.08,0.0,0.0,2
4291412000189,2006-04-05,86986614.04,3664.59191785,87680397.86,0.0,0.0,2
4291412000189,2006-04-06,87825149.81,3697.26771933,88462211.32,0.0,0.0,2
4291412000189,2006-04-07,87283771.67,3674.61153011,87920130.85,0.0,0.0,2
4291412000189,2006-04-10,86392940.91,3639.84578529,87088312.63,0.0,0.0,2
4291412000189,2006-04-11,85679008.23,3612.33847707,86430162.48,0.0,0.0,2
4291412000189,2006-04-12,85173635.12,3587.70991723,85840890.34,0.0,0.0,2
4291412000189,2006-04-13,84901376.5,3585.68068516,85792338.17,0.0,0.0,2
4291412000189,2006-04-17,85780661.5,3621.93562498,86659787.43,0.0,0.0,2
4291412000189,2006-04-18,87766502.23,3699.03272784,88504441.57,0.0,0.0,2
4291412000189,2006-04-19,88998194.42,3758.68003931,89931585.47,0.0,0.0,2
4291412000189,2006-04-20,89378339.56,3774.3403034,90306278.81,0.0,0.0,2
4291412000189,2006-04-24,89258056.37,3769.68219939,90194827.27,0.0,0.0,2
4291412000189,2006-04-25,89244800.02,3761.86343974,90007752.7,0.0,0.0,2
4291412000189,2006-04-26,90235022.77,3803.95649561,91014886.91,0.0,0.0,2
4291412000189,2006-04-27,89178765.77,3758.36729782,89924102.7,0.0,0.0,2
4291412000189,2006-04-28,89694511.96,3769.54442381,90191530.8,0.0,0.0,2
4291412000189,2006-05-02,90902121.02,3822.72459747,91463939.54,0.0,0.0,2
4291412000189,2006-05-03,90845982.15,3825.91915755,91540373.78,0.0,0.0,2
4291412000189,2006-05-04,91984646.17,3859.63953741,92347180.21,0.0,0.0,2
4291412000189,2006-05-05,92746128.83,3901.56318776,93350261.16,0.0,0.0,2
4291412000189,2006-05-08,93690439.62,3939.06690976,94247589.25,0.0,0.0,2
4291412000189,2006-05-09,94386780.86,3971.63286817,95026774.56,0.0,0.0,2
4291412000189,2006-05-10,94010550.2,3943.83792599,94361742.37,0.0,0.0,2
4291412000189,2006-05-11,93874965.54,3927.66338967,93974744.36,0.0,0.0,2
4291412000189,2006-05-12,91187863.0,3826.95915967,91565257.26,0.0,0.0,2
4291412000189,2006-05-15,89297219.68,3747.2300709,89657629.24,0.0,0.0,2
4291412000189,2006-05-16,88907067.19,3742.03564785,89533345.53,0.0,0.0,2
4291412000189,2006-05-17,86886466.66,3657.4425831,87509340.2,0.0,0.0,2
4291412000189,2006-05-18,85567621.49,3611.88149613,86419228.58,0.0,0.0,2
4291412000189,2006-05-19,84701265.23,3560.7373075000005,85195533.58,0.0,0.0,2
4291412000189,2006-05-22,81938449.07,3445.2389994000005,82432077.83,0.0,0.0,2
4291412000189,2006-05-23,84538983.97,3533.80005566,84551022.81,0.0,0.0,2
4291412000189,2006-05-24,81199989.93,3409.99430291,81588800.03,0.0,0.0,2
4291412000189,2006-05-25,83651212.75,3511.38521489,84014716.94,0.0,0.0,2
4291412000189,2006-05-26,86317886.94,3623.1219677,86688172.31,0.0,0.0,2
4291412000189,2006-05-29,86876485.46,3646.35544065,87244065.08,0.0,0.0,2
4291412000189,2006-05-30,84401984.58,3543.38533035,84780363.68,0.0,0.0,2
4291412000189,2006-05-31,83841508.02,3519.11573468,84199680.25,0.0,0.0,2
4291412000189,2006-06-01,84523525.71,3548.73286435,84908310.78,0.0,0.0,2
4291412000189,2006-06-02,85913980.12,3607.51986997,86314870.68,0.0,0.0,2
4291412000189,2006-06-05,84340343.34,3541.72193499,84740564.66,0.0,0.0,2
4291412000189,2006-06-06,81575926.21,3426.15636095,81975499.48,0.0,0.0,2
4291412000189,2006-06-07,80847872.63,3395.69171298,81246590.91,0.0,0.0,2
4291412000189,2006-06-08,77657988.68,3253.13585691,77835746.14,0.0,0.0,2
4291412000189,2006-06-09,79403434.91,3325.36635614,79563960.1,0.0,0.0,2
4291412000189,2006-06-12,76889211.36,3220.2550121,77049026.74,0.0,0.0,2
4291412000189,2006-06-13,73450188.62,3085.70898559,73829828.15,0.0,0.0,2
4291412000189,2006-06-14,72255109.0,3059.24826061,73196718.94,0.0,0.0,2
4291412000189,2006-06-16,76088700.82,3194.48226725,76432378.4,0.0,0.0,2
4291412000189,2006-06-19,76179871.0,3197.34470429,76500866.14,0.0,0.0,2
4291412000189,2006-06-20,76640150.77,3193.01416349,76397252.0,0.0,0.0,2
4291412000189,2006-06-21,77495770.2,3253.53325143,77845254.35,0.0,0.0,2
4291412000189,2006-06-22,78048098.82,3276.88899866,78404072.7,0.0,0.0,2
4291412000189,2006-06-23,78092840.58,3278.8724166,78451528.7,0.0,0.0,2
4291412000189,2006-06-26,78647698.46,3300.7026736,78973847.6,0.0,0.0,2
4291412000189,2006-06-27,78413602.19,3290.92761169,78739965.81,0.0,0.0,2
4291412000189,2006-06-28,78061916.92,3274.61038931,78349553.84,0.0,0.0,2
4291412000189,2006-06-29,84669255.45,3378.3275986000012,80831130.61,0.0,0.0,2
4291412000189,2006-06-30,91099370.66,3476.18296986,87297453.38,4125000.0,0.0,2
4291412000189,2006-07-03,92478317.06,3532.6936442,88716607.09,0.0,0.0,2
4291412000189,2006-07-04,93130974.95,3559.27242775,89384080.62,0.0,0.0,2
4291412000189,2006-07-05,87363740.88,3486.5828233,87558625.11,0.0,0.0,2
4291412000189,2006-07-06,87885008.4,3507.31250274,88079209.97,0.0,0.0,2
4291412000189,2006-07-07,87008825.58,3472.39587182,87202347.91,0.0,0.0,2
4291412000189,2006-07-10,86643822.33,3457.60440922,86830889.61,0.0,0.0,2
4291412000189,2006-07-11,86325863.07,3441.11042859,86416675.94,0.0,0.0,2
4291412000189,2006-07-12,87297863.91,3480.06583019,87394963.73,0.0,0.0,2
4291412000189,2006-07-13,85273400.73,3399.42726349,85369885.77,0.0,0.0,2
4291412000189,2006-07-14,84792372.57,3370.28535892,84638044.53,0.0,0.0,2
4291412000189,2006-07-17,83888474.33,3334.2627097,83733407.01,0.0,0.0,2
4291412000189,2006-07-18,83267879.11,3309.52137539,83112077.38,0.0,0.0,2
4291412000189,2006-07-19,85901043.79,3430.10274106,86140239.66,0.0,0.0,2
4291412000189,2006-07-20,86143346.59,3438.43585702,86349509.37,0.0,0.0,2
4291412000189,2006-07-21,84410816.27,3369.41681425,84616232.75,0.0,0.0,2
4291412000189,2006-07-24,85927002.85,3429.76025696,86131638.85,0.0,0.0,2
4291412000189,2006-07-25,87157994.99,3478.74780115,87361864.04,0.0,0.0,2
4291412000189,2006-07-26,87989879.15,3511.84261297,88192974.72,0.0,0.0,2
4291412000189,2006-07-27,88202580.15,3520.28149239,88404900.47,0.0,0.0,2
4291412000189,2006-07-28,88985692.08,3551.43388751,89187231.2,0.0,0.0,2
4291412000189,2006-07-31,88797547.95,3542.35431653,88959215.75,0.0,0.0,2
4291412000189,2006-08-01,87823515.97,3505.61160139,88036495.2,0.0,0.0,2
4291412000189,2006-08-02,89278156.64,3564.15032968,89506579.47,0.0,0.0,2
4291412000189,2006-08-03,89687357.88,3580.4133803000004,89914993.79,0.0,0.0,2
4291412000189,2006-08-04,90952718.34,3625.66516515,91051402.78,0.0,0.0,2
4291412000189,2006-08-07,89982183.86,3602.60784652,90472363.87,0.0,0.0,2
4291412000189,2006-08-08,90577756.64,3608.39156304,90617610.46,0.0,0.0,2
4291412000189,2006-08-09,90310314.18,3602.53352571,90470497.45,0.0,0.0,2
4291412000189,2006-08-10,89398304.81,3549.03678515,89127032.72,0.0,0.0,2
4291412000189,2006-08-11,88620761.52,3544.95698794,89024576.69,0.0,0.0,2
4291412000189,2006-08-14,87874640.97,3516.79027592,88317225.48,0.0,0.0,2
4291412000189,2006-08-15,88447754.36,3541.87806836,88947255.72,0.0,0.0,2
4291412000189,2006-08-16,89579555.6,3577.9171031,89852304.73,0.0,0.0,2
4291412000189,2006-08-17,90058282.56,3597.30516295,90339197.47,0.0,0.0,2
4291412000189,2006-08-18,89359948.39,3570.29827518,89660972.95,0.0,0.0,2
4291412000189,2006-08-21,88874271.42,3550.13921806,89154718.14,0.0,0.0,2
4291412000189,2006-08-22,88093995.93,3519.03773399,88373665.94,0.0,0.0,2
4291412000189,2006-08-23,86210410.66,3444.00310654,86489319.82,0.0,0.0,2
4291412000189,2006-08-24,85191031.53,3402.55270237,85448374.98,0.0,0.0,2
4291412000189,2006-08-25,86090507.66,3438.34346869,86347189.22,0.0,0.0,2
4291412000189,2006-08-28,86695714.75,3461.42625538,86926867.71,0.0,0.0,2
4291412000189,2006-08-29,87160267.28,3478.98997393,87367945.73,0.0,0.0,2
4291412000189,2006-08-30,87181948.94,3479.82277858,87388859.97,0.0,0.0,2
4291412000189,2006-08-31,87440830.53,3489.53506477,87632764.81,0.0,0.0,2
4291412000189,2006-09-01,88841130.74,3547.02124025,89076416.3,0.0,0.0,2
4291412000189,2006-09-04,90150806.69,3599.63384303,90397677.66,0.0,0.0,2
4291412000189,2006-09-05,89639331.42,3579.23557375,89885415.51,0.0,0.0,2
4291412000189,2006-09-06,88406485.64,3530.11271888,88651792.26,0.0,0.0,2
4291412000189,2006-09-08,87476139.95,3493.02721701,87720463.3,0.0,0.0,2
4291412000189,2006-09-11,85760408.35,3414.91576291,85758848.77,0.0,0.0,2
4291412000189,2006-09-12,85886749.8,3418.32897443,85844564.82,0.0,0.0,2
4291412000189,2006-09-13,87529402.69,3474.1883408,87247362.22,0.0,0.0,2
4291412000189,2006-09-14,87221815.69,3471.83959623,87188378.15,0.0,0.0,2
4291412000189,2006-09-15,86325491.14,3442.15401553,86442883.56,0.0,0.0,2
4291412000189,2006-09-18,86920038.95,3475.34801653,87276485.18,0.0,0.0,2
4291412000189,2006-09-19,85681999.24,3426.0233739,86037794.43,0.0,0.0,2
4291412000189,2006-09-20,85177827.41,3399.41930666,85369685.95,0.0,0.0,2
4291412000189,2006-09-21,83831168.06,3345.81200552,84023444.71,0.0,0.0,2
4291412000189,2006-09-22,83077620.35,3315.90347035,83272351.06,0.0,0.0,2
4291412000189,2006-09-25,82667113.23,3299.53423257,82861270.06,0.0,0.0,2
4291412000189,2006-09-26,84906393.46,3389.21382053,85113395.37,0.0,0.0,2
4291412000189,2006-09-27,88613974.38,3425.65327426,86028500.11,0.0,0.0,2
4291412000189,2006-09-28,90526860.07,3469.04559731,89118212.06,2000000.0,0.0,2
4291412000189,2006-09-29,90719862.05,3475.51003929,89284280.65,0.0,0.0,2
4291412000189,2006-10-02,91230023.99,3526.97096922,90606288.66,0.0,0.0,2
4291412000189,2006-10-03,88976399.48,3471.94952661,89192812.69,0.0,0.0,2
4291412000189,2006-10-04,89759297.55,3502.39305024,89974893.04,0.0,0.0,2
4291412000189,2006-10-05,91818529.4,3582.51896218,92033291.47,0.0,0.0,2
4291412000189,2006-10-06,91110906.17,3554.93328334,91324627.86,0.0,0.0,2
4291412000189,2006-10-09,92789683.34,3626.51374623,93163497.57,0.0,0.0,2
4291412000189,2006-10-10,93392958.47,3649.6827529,93758698.87,0.0,0.0,2
4291412000189,2006-10-11,93070669.61,3635.38964991,93391515.52,0.0,0.0,2
4291412000189,2006-10-13,94718528.11,3699.5317046679997,95039295.89,0.0,0.0,2
4291412000189,2006-10-16,94699388.87,3698.754162366,95019321.18,0.0,0.0,2
4291412000189,2006-10-17,94009352.07,3673.325839543,94366079.07,0.0,0.0,2
4291412000189,2006-10-18,94536600.12,3694.3397016020003,94905915.68,0.0,0.0,2
4291412000189,2006-10-19,94314465.3,3685.664233925,94683046.84,0.0,0.0,2
4291412000189,2006-10-20,93844061.21,3673.774138601,94377595.67,0.0,0.0,2
4291412000189,2006-10-23,94029305.69,3681.078583692,94565243.56,0.0,0.0,2
4291412000189,2006-10-24,95493776.9,3738.0561195279997,96028970.68,0.0,0.0,2
4291412000189,2006-10-25,96177183.24,3763.840059357,96691348.43,0.0,0.0,2
4291412000189,2006-10-26,92615046.0,3768.1810824709996,96802867.35,0.0,0.0,2
4291412000189,2006-10-27,92346440.0,3757.6961033659995,96533512.98,0.0,0.0,2
4291412000189,2006-10-30,90895557.7,3700.400388748,91295110.82,0.0,3766500.0,2
4291412000189,2006-10-31,94877172.75,3714.5273613259997,91643647.03,0.0,0.0,2
4291412000189,2006-11-01,96162767.68,3784.6933449979997,93374760.04,0.0,0.0,2
4291412000189,2006-11-03,93062953.16,3812.2872967079998,94055549.31,0.0,0.0,2
4291412000189,2006-11-06,94768201.8,3872.7725388709996,95547822.12,0.0,0.0,2
4291412000189,2006-11-07,95686739.25,3886.7430040970003,95892497.03,0.0,0.0,2
4291412000189,2006-11-08,80866627.12,3865.97081278,95380012.08,0.0,0.0,2
4291412000189,2006-11-09,82053802.97,3913.919820488,81762974.67,0.0,14800000.0,2
4291412000189,2006-11-10,80388545.17,3852.199330287,80473614.87,0.0,0.0,2
4291412000189,2006-11-13,93927855.65,3824.2691765890004,79890145.47,0.0,0.0,2
4291412000189,2006-11-14,80639832.43,3888.416099174001,81230194.18,0.0,0.0,2
4291412000189,2006-11-16,81278066.05,3921.9544127140002,82130819.74,200000.0,0.0,2
4291412000189,2006-11-17,79905918.19,3856.400972848,80758045.56,0.0,0.0,2
4291412000189,2006-11-20,79905955.29,3856.372850429,80757456.64,0.0,0.0,2
4291412000189,2006-11-21,80846986.56,3901.654247884,81705707.92,0.0,0.0,2
4291412000189,2006-11-22,81893828.37,3943.670143508,82585575.35,0.0,0.0,2
4291412000189,2006-11-23,82734913.72,3983.8032237370003,83426014.18,0.0,0.0,2
4291412000189,2006-11-24,82150745.4,3956.9604475590004,82863891.58,0.0,0.0,2
4291412000189,2006-11-27,81234753.18,3913.17053495,81946873.93,0.0,0.0,2
4291412000189,2006-11-28,80322141.35,3880.664777197,81266161.14,0.0,0.0,2
4291412000189,2006-11-29,82416153.31,3968.3109044159996,83101584.89,0.0,0.0,2
4291412000189,2006-11-30,82642130.75,3977.530593255,83294657.15,0.0,0.0,2
4291412000189,2006-12-01,82214175.46,3956.590816715,82856151.03,0.0,0.0,2
4291412000189,2006-12-04,83021755.58,3996.460325902,83691070.34,0.0,0.0,2
4291412000189,2006-12-05,84954607.39,4088.7272137679997,85623258.82,0.0,0.0,2
4291412000189,2006-12-06,85257442.88,4103.156570373,85925428.29,0.0,0.0,2
4291412000189,2006-12-07,85164944.99,4100.060563280999,85860593.88,0.0,0.0,2
4291412000189,2006-12-08,84759102.42,4088.426358983,85616958.53,0.0,0.0,2
4291412000189,2006-12-11,85220193.56,4108.867002205,86045012.15,0.0,0.0,2
4291412000189,2006-12-12,84756021.31,4086.669984169,85580177.76,0.0,0.0,2
4291412000189,2006-12-13,85013368.42,4082.927331898,85501801.76,0.0,0.0,2
4291412000189,2006-12-14,86077108.63,4140.205137543999,86701273.41,0.0,0.0,2
4291412000189,2006-12-15,86429895.93,4156.610293269,87044818.68,0.0,0.0,2
4291412000189,2006-12-18,86438720.58,4157.333131907,87059955.86,0.0,0.0,2
4291412000189,2006-12-19,85321416.83,4104.298713947,85949346.26,0.0,0.0,2
4291412000189,2006-12-20,86331635.49,4154.927423447,87009577.2,0.0,0.0,2
4291412000189,2006-12-21,85953623.01,4136.84429922,86630893.09,0.0,0.0,2
4291412000189,2006-12-22,85818439.85,4133.173130575,86554014.05,0.0,0.0,2
4291412000189,2006-12-26,86185205.75,4150.654958768,86920106.24,0.0,0.0,2
4291412000189,2006-12-27,87340616.99,4207.783067874,88116443.05,0.0,0.0,2
4291412000189,2006-12-28,88260087.41,4250.60026002,89013090.67,0.0,0.0,2
4291412000189,2006-12-29,88260430.97,4250.583715678,89012744.21,0.0,0.0,2
4291412000189,2007-01-02,89429879.54,4318.219768955,90429131.02,0.0,0.0,2
4291412000189,2007-01-03,88815290.74,4289.757893594,89833102.38,0.0,0.0,2
4291412000189,2007-01-04,87569916.37,4208.754411155,88136784.24,0.0,0.0,2
4291412000189,2007-01-05,85741478.6,4121.405478968001,86307584.14,0.0,0.0,2
4291412000189,2007-01-08,85550461.44,4111.656727914,86103432.63,0.0,0.0,2
4291412000189,2007-01-09,84504071.84,4061.652328302,85056275.55,0.0,0.0,2
4291412000189,2007-01-10,83769849.42,4026.553931468,84321269.53,0.0,0.0,2
4291412000189,2007-01-11,85539352.03,4111.015153575,86089997.23,0.0,0.0,2
4291412000189,2007-01-12,85959950.38,4131.062871792,86509822.49,0.0,0.0,2
4291412000189,2007-01-15,86685122.7,4165.649453669001,87234110.44,0.0,0.0,2
4291412000189,2007-01-16,85756835.69,4121.284289732,86305046.28,0.0,0.0,2
4291412000189,2007-01-17,85561552.15,4111.921976503,86108987.28,0.0,0.0,2
4291412000189,2007-01-18,86176013.29,4141.226801008,86722668.37,0.0,0.0,2
4291412000189,2007-01-19,86241267.0,4144.305551291,86787141.4,0.0,0.0,2
4291412000189,2007-01-22,87527283.28,4205.678339789,88072367.31,0.0,0.0,2
4291412000189,2007-01-23,88543199.31,4254.152779386,89087485.04,0.0,0.0,2
4291412000189,2007-01-24,89767805.25,4304.018502309,90131738.05,0.0,0.0,2
4291412000189,2007-01-25,89768377.0,4304.00728715,90131503.19,0.0,0.0,2
4291412000189,2007-01-26,89325045.85,4282.7801373190005,89686979.1,0.0,0.0,2
4291412000189,2007-01-29,88837809.54,4259.47519374,89198943.31,0.0,0.0,2
4291412000189,2007-01-30,88467273.89,4250.103408796,89002685.96,0.0,0.0,2
4291412000189,2007-01-31,89056794.32,4276.357095441,89552472.26,0.0,0.0,2
4291412000189,2007-02-01,92298449.93,4335.518659594,90791392.26,0.0,0.0,2
4291412000189,2007-02-02,94510015.76,4321.804513435,92504199.85,2000000.0,0.0,2
4291412000189,2007-02-05,94929258.35,4341.357472724,92922712.73,0.0,0.0,2
4291412000189,2007-02-06,95145665.85,4351.429279400001,93138290.37,0.0,0.0,2
4291412000189,2007-02-07,92012644.42,4322.36618469,92516221.9,0.0,0.0,2
4291412000189,2007-02-08,91187940.15,4283.79766955,91690698.76,0.0,0.0,2
4291412000189,2007-02-09,91519032.39,4300.694307215,92052355.55,0.0,0.0,2
4291412000189,2007-02-12,90532228.14,4255.976496674,91095212.47,0.0,0.0,2
4291412000189,2007-02-13,91311275.26,4292.335497767001,91873443.02,0.0,0.0,2
4291412000189,2007-02-14,93333291.7,4385.763953669,93873192.09,0.0,0.0,2
4291412000189,2007-02-15,93660135.62,4401.020415309,94199742.44,0.0,0.0,2
4291412000189,2007-02-16,93102005.88,4374.624230397,93634756.69,0.0,0.0,2
4291412000189,2007-02-21,93108529.35,4374.914982129,93640979.96,0.0,0.0,2
4291412000189,2007-02-22,94455839.17,4439.382474372,95020846.58,0.0,0.0,2
4291412000189,2007-02-23,93885572.79,4412.700323266,94449739.99,0.0,0.0,2
4291412000189,2007-02-26,93931266.81,4414.915448395,94497152.68,0.0,0.0,2
4291412000189,2007-02-27,89427894.34,4204.479802482,89992973.7,0.0,0.0,2
4291412000189,2007-02-28,88938110.99,4183.627927523,89546658.74,0.0,0.0,2
4291412000189,2007-03-01,87652508.14,4128.068185224,88357454.21,0.0,0.0,2
4291412000189,2007-03-02,87147882.27,4104.620592072,87855580.32,0.0,0.0,2
4291412000189,2007-03-05,84806480.89,3995.7593538459996,85525506.92,0.0,0.0,2
4291412000189,2007-03-06,87183485.05,4106.220423431,87889823.22,0.0,0.0,2
4291412000189,2007-03-07,88057092.2,4147.378539702,88770774.36,0.0,0.0,2
4291412000189,2007-03-08,89083514.13,4188.645503035999,89654055.27,0.0,0.0,2
4291412000189,2007-03-09,89633272.97,4214.292707912,90203009.8,0.0,0.0,2
4291412000189,2007-03-12,90064677.84,4233.15330584,90606703.33,0.0,0.0,2
4291412000189,2007-03-13,88462150.93,4158.984465463,89019188.39,0.0,0.0,2
4291412000189,2007-03-14,87212117.95,4100.116128353,87759166.47,0.0,0.0,2
4291412000189,2007-03-15,88382984.19,4154.781993863,88929238.4,0.0,0.0,2
4291412000189,2007-03-16,87768207.67,4126.088606436,88315083.17,0.0,0.0,2
4291412000189,2007-03-19,88713209.1,4169.492091618,89244094.34,0.0,0.0,2
4291412000189,2007-03-20,90723060.51,4220.547504751,90336887.9,0.0,0.0,2
4291412000189,2007-03-21,91847485.45,4295.459700065,91940313.66,0.0,0.0,2
4291412000189,2007-03-22,93089847.4,4353.979119866,93192867.33,0.0,0.0,2
4291412000189,2007-03-23,92199876.36,4350.969309370999,93128445.14,0.0,0.0,2
4291412000189,2007-03-26,92538096.11,4349.653718833,93100286.15,0.0,0.0,2
4291412000189,2007-03-27,92403443.13,4342.7546542929995,92952618.1,0.0,0.0,2
4291412000189,2007-03-28,90974413.39,4277.290656175,91551422.2,0.0,0.0,2
4291412000189,2007-03-29,91985109.27,4324.600040259,92259043.93,0.0,304991.56,2
4291412000189,2007-03-30,93213654.58,4373.92023361,93311218.43,0.0,0.0,2
4291412000189,2007-04-02,92867820.1,4358.158125131,92974956.8,0.0,0.0,2
4291412000189,2007-04-03,93998066.46,4433.451857988,94581238.94,0.0,0.0,2
4291412000189,2007-04-04,94488098.07,4456.043905369001,95063207.37,0.0,0.0,2
4291412000189,2007-04-05,94901789.52,4475.395823919001,95476052.37,0.0,0.0,2
4291412000189,2007-04-09,95751686.17,4514.754216595,96315706.36,0.0,0.0,2
4291412000189,2007-04-10,95882209.17,4520.797520597,96444631.45,0.0,0.0,2
4291412000189,2007-04-11,95478780.75,4508.405525448,96180266.28,0.0,0.0,2
4291412000189,2007-04-12,95294887.12,4500.282324143,96006969.61,0.0,0.0,2
4291412000189,2007-04-13,99015113.77,4551.730187452,97104534.85,0.0,0.0,2
4291412000189,2007-04-16,101231392.58,4647.36476051,101777358.22,2632599.04,0.0,2
4291412000189,2007-04-17,105100642.35,4670.794856733001,102290477.68,0.0,0.0,2
4291412000189,2007-04-18,111345415.22,4668.302419175999,104268693.26,2032800.0,0.0,2
4291412000189,2007-04-19,112482802.83,4628.069353865999,107426779.22,4989600.0,932889.92,2
4291412000189,2007-04-20,116207294.37,4693.260716517,108940001.6,0.0,0.0,2
4291412000189,2007-04-23,115812111.41,4695.8800759470005,109000802.19,0.0,0.0,2
4291412000189,2007-04-24,111848409.49,4654.011854422,108028956.73,0.0,0.0,2
4291412000189,2007-04-25,109573166.14,4711.653535634,109366935.85,0.0,0.0,2
4291412000189,2007-04-26,108337289.28,4698.152062145,109053539.55,0.0,0.0,2
4291412000189,2007-04-27,94897675.6,4639.020686842,107680981.64,0.0,0.0,2
4291412000189,2007-04-30,95704949.24,4663.402082276001,96246922.77,0.0,12000000.0,2
4291412000189,2007-05-02,95924109.58,4681.543081243001,96621330.83,0.0,0.0,2
4291412000189,2007-05-03,109153019.48,4746.441908375,97960763.35,0.0,0.0,2
4291412000189,2007-05-04,98412371.64,4805.287130163,99175256.85,0.0,0.0,2
4291412000189,2007-05-07,97948453.27,4781.432404977,98682924.46,0.0,0.0,2
4291412000189,2007-05-08,97081933.02,4741.351830014,97855710.35,0.0,0.0,2
4291412000189,2007-05-09,96955277.4,4844.785070840001,99990446.1,0.0,0.0,2
4291412000189,2007-05-10,95634102.11,4822.732162556,96335301.01,0.0,3200000.0,2
4291412000189,2007-05-11,96070710.7,4838.021520907,96640709.83,0.0,0.0,2
4291412000189,2007-05-14,97530355.8,4799.787025797,95876966.07,0.0,0.0,2
4291412000189,2007-05-15,95482172.42,4812.369982548,96128313.83,0.0,0.0,2
4291412000189,2007-05-16,96149579.01,4845.98881525,96799858.56,0.0,0.0,2
4291412000189,2007-05-17,97460147.46,4903.956329801,97957774.4,0.0,0.0,2
4291412000189,2007-05-18,98120038.66,4934.200953633,98561918.45,0.0,0.0,2
4291412000189,2007-05-21,99121252.79,4984.265132476,99561963.15,0.0,0.0,2
4291412000189,2007-05-22,98381011.83,4947.161330361,98820805.27,0.0,0.0,2
4291412000189,2007-05-23,98417689.14,4949.046347171,98858458.96,0.0,0.0,2
4291412000189,2007-05-24,96288439.1,4841.197215658,96704145.14,0.0,0.0,2
4291412000189,2007-05-25,96491874.44,4851.363668996001,96907222.63,0.0,0.0,2
4291412000189,2007-05-28,98070630.04,4920.092261107,98280093.73,0.0,0.0,2
4291412000189,2007-05-29,97718671.75,4901.419243193,97907095.45,0.0,0.0,2
4291412000189,2007-05-30,97285907.3,4879.79970358,97475239.65,0.0,0.0,2
4291412000189,2007-05-31,98590219.41,4947.083397435,98819248.54,0.0,0.0,2
4291412000189,2007-06-01,99833893.62,5009.850567546,100073038.72,0.0,0.0,2
4291412000189,2007-06-04,99607555.94,5026.564803380999,100406909.83,0.0,0.0,2
4291412000189,2007-06-05,99633792.14,5027.83689032,100432320.09,0.0,0.0,2
4291412000189,2007-06-06,98258845.19,4958.575628643,99048808.78,0.0,0.0,2
4291412000189,2007-06-08,97627002.41,4901.823697119,97915174.52,0.0,0.0,2
4291412000189,2007-06-11,99276570.05,4984.499292199001,99566640.55,0.0,0.0,2
4291412000189,2007-06-12,98298850.59,4935.740207634001,98592665.44,0.0,0.0,2
4291412000189,2007-06-13,99302095.02,4985.921285115,99595045.22,0.0,0.0,2
4291412000189,2007-06-14,101224327.65,5082.048221388,101515205.21,0.0,0.0,2
4291412000189,2007-06-15,103069006.26,5160.98891532,103092065.64,0.0,0.0,2
4291412000189,2007-06-18,103227903.14,5168.8982074,103250055.76,0.0,0.0,2
4291412000189,2007-06-19,103026382.75,5158.76438593,103047630.1,0.0,0.0,2
4291412000189,2007-06-20,102574939.19,5136.11909767,102595284.71,0.0,0.0,2
4291412000189,2007-06-21,102580937.59,5136.37424536,102600381.35,0.0,0.0,2
4291412000189,2007-06-22,102304177.33,5119.76347605,102268577.01,0.0,0.0,2
4291412000189,2007-06-25,101967510.91,5102.76109169,101928950.06,0.0,0.0,2
4291412000189,2007-06-26,101825379.49,5095.60088795,101785923.17,0.0,0.0,2
4291412000189,2007-06-27,100851735.53,5049.52460579,100865537.72,0.0,0.0,2
4291412000189,2007-06-28,101921633.37,5103.14421522,101936603.05,0.0,0.0,2
4291412000189,2007-06-29,102264819.69,5118.77690187,102248869.94,0.0,0.0,2
4291412000189,2007-07-02,103339711.39,5173.29429663,103337868.76,0.0,0.0,2
4291412000189,2007-07-03,104530394.24,5233.61711537,103860832.41,0.0,682000.0,2
4291412000189,2007-07-04,105222954.27,5268.08327109,104544811.29,0.0,0.0,2
4291412000189,2007-07-05,104979806.4,5255.77442081,104300542.86,0.0,0.0,2
4291412000189,2007-07-06,105388976.38,5310.75849408,105391698.65,0.0,0.0,2
4291412000189,2007-07-09,105389316.73,5310.72932241,105391119.74,0.0,0.0,2
4291412000189,2007-07-10,104849040.58,5284.13415533,104863340.17,0.0,0.0,2
4291412000189,2007-07-11,105405744.9,5312.14053283,105419125.13,0.0,0.0,2
4291412000189,2007-07-12,107796028.94,5432.53974645,107808440.64,0.0,0.0,2
4291412000189,2007-07-13,108747582.04,5480.44581797,108759133.89,0.0,0.0,2
4291412000189,2007-07-16,108367031.72,5461.221417899998,108377626.77,0.0,0.0,2
4291412000189,2007-07-17,108741971.11,5480.06651428,108751606.63,0.0,0.0,2
4291412000189,2007-07-18,108216566.38,5453.54286164,108225246.26,0.0,0.0,2
4291412000189,2007-07-19,110210755.36,5553.98247681,110218464.68,0.0,0.0,2
4291412000189,2007-07-20,109277216.57,5506.89225647,109283961.95,0.0,0.0,2
4291412000189,2007-07-23,110094568.96,5548.03031907,110100344.45,0.0,0.0,2
4291412000189,2007-07-24,108167407.97,5450.86997563,108172202.99,0.0,0.0,2
4291412000189,2007-07-25,105669508.77,5324.95070126,105673342.19,0.0,0.0,2
4291412000189,2007-07-26,102424257.28,5161.37310321,102427154.11,0.0,0.0,2
4291412000189,2007-07-27,102491369.89,5164.70776689,102493330.32,0.0,0.0,2
4291412000189,2007-07-30,102777410.11,5179.07423106,102778431.98,0.0,0.0,2
4291412000189,2007-07-31,104581106.85,5269.91573845,104581176.5,0.0,0.0,2
4291412000189,2007-08-01,102165825.05,5133.83222869,101880607.03,0.0,0.0,2
4291412000189,2007-08-02,103539485.2,5203.88812115,103270862.21,0.0,0.0,2
4291412000189,2007-08-03,102017776.71,5127.161323100001,101748223.29,0.0,0.0,2
4291412000189,2007-08-06,99089306.02,4993.87674154,99102988.69,0.0,0.0,2
4291412000189,2007-08-07,101220054.92,5101.23832627,101233782.9,0.0,0.0,2
4291412000189,2007-08-08,104444883.5,5263.69171195,104457661.05,0.0,0.0,2
4291412000189,2007-08-09,102089636.72,5144.96221289,102101480.93,0.0,0.0,2
4291412000189,2007-08-10,99583746.51,5003.27097471,99289626.41,0.0,0.0,2
4291412000189,2007-08-13,100932227.08,5071.17035754,100637085.78,0.0,0.0,2
4291412000189,2007-08-14,98976706.72,4972.59325769,98680828.87,0.0,0.0,2
4291412000189,2007-08-15,96764546.66,4807.8575137,95411657.45,0.0,0.0,2
4291412000189,2007-08-16,90486313.21,4487.10344616,89046311.32,0.0,0.0,2
4291412000189,2007-08-17,93495196.71,4638.68133263,92054365.81,0.0,0.0,2
4291412000189,2007-08-20,94020785.97,4733.74088745,93940817.24,0.0,0.0,2
4291412000189,2007-08-21,94575042.97,4765.97645073,94580530.15,0.0,0.0,2
4291412000189,2007-08-22,99329665.51,4921.37601312,97664425.58,0.0,0.0,2
4291412000189,2007-08-23,100131383.76,4961.73083234,98465264.66,0.0,0.0,2
4291412000189,2007-08-24,101397086.06,5025.21564363,99725117.11,0.0,0.0,2
4291412000189,2007-08-27,100797727.0,5079.11352077,100794717.4,0.0,0.0,2
4291412000189,2007-08-28,98921630.9,4984.52648784,98917643.14,0.0,0.0,2
4291412000189,2007-08-29,99676191.97,5022.75453954,99676276.64,0.0,0.0,2
4291412000189,2007-08-30,100817845.53,5080.23801179,100817032.86,0.0,0.0,2
4291412000189,2007-08-31,103521230.53,5216.41714188,103519499.91,0.0,0.0,2
4291412000189,2007-09-03,104318277.55,5256.534165,104315619.94,0.0,0.0,2
4291412000189,2007-09-04,105105407.92,5297.01299768,105118920.06,0.0,0.0,2
4291412000189,2007-09-05,103739562.93,5228.14063597,103752151.98,0.0,0.0,2
4291412000189,2007-09-06,104503523.45,5266.5797626,104514974.25,0.0,0.0,2
4291412000189,2007-09-10,101176525.05,5098.93289559,101188031.76,0.0,0.0,2
4291412000189,2007-09-11,102573431.82,5169.2779282,102584024.91,0.0,0.0,2
4291412000189,2007-09-12,103486316.26,5215.23586863,103496057.61,0.0,0.0,2
4291412000189,2007-09-13,104648042.86,5273.72921026,104656854.63,0.0,0.0,2
4291412000189,2007-09-14,104774605.17,5280.054829899998,104782386.19,0.0,0.0,2
4291412000189,2007-09-17,103404547.47,5210.97533985,103411507.66,0.0,0.0,2
4291412000189,2007-09-18,106541498.94,5368.99684177,106547435.33,0.0,0.0,2
4291412000189,2007-09-19,109663847.08,5526.28930001,109668895.17,0.0,0.0,2
4291412000189,2007-09-20,108936432.01,5489.58179944,108940436.92,0.0,0.0,2
4291412000189,2007-09-21,110045044.63,5545.40060174,110048157.86,0.0,0.0,2
4291412000189,2007-09-24,111642783.68,5625.85139893,110867292.97,0.0,777406.36,2
4291412000189,2007-09-25,112393161.62,5637.79702581,111102702.55,0.0,0.0,2
4291412000189,2007-09-26,114368440.75,5737.98014288,113076987.01,0.0,0.0,2
4291412000189,2007-09-27,115513765.59,5832.0187651,114930183.39,0.0,0.0,2
4291412000189,2007-09-28,115010499.79,5835.9932488999975,115008507.58,0.0,0.0,2
4291412000189,2007-10-01,117471506.26,5960.8677488,117469379.15,0.0,0.0,2
4291412000189,2007-10-02,135810765.15,5984.1904052,117928993.1,0.0,0.0,2
4291412000189,2007-10-03,134007800.56,5892.6437249,98124904.77,0.0,18000000.0,2
4291412000189,2007-10-04,132963608.96,5829.883975100001,97079823.01,0.0,0.0,2
4291412000189,2007-10-05,117862283.74,5997.5817155,99872342.9,0.0,0.0,2
4291412000189,2007-10-08,100244093.12,6020.3986937,100252293.55,0.0,0.0,2
4291412000189,2007-10-09,102197252.67,6137.6340092,102204507.99,0.0,0.0,2
4291412000189,2007-10-10,101907015.66,6120.492494,101919065.73,0.0,0.0,2
4291412000189,2007-10-11,102046992.08,6128.837736500002,102058031.56,0.0,0.0,2
4291412000189,2007-10-15,101889886.61,6119.3832173,101900593.94,0.0,0.0,2
4291412000189,2007-10-16,100381439.44,6028.7438773,100391258.4,0.0,0.0,2
4291412000189,2007-10-17,100712746.39,6048.5856215,100721665.15,0.0,0.0,2
4291412000189,2007-10-18,101180801.39,6076.6855111999985,101189587.38,0.0,0.0,2
4291412000189,2007-10-19,99864846.85,5997.6054938,99872738.86,0.0,0.0,2
4291412000189,2007-10-22,97576498.85,5860.1323124,97583521.41,0.0,0.0,2
4291412000189,2007-10-23,100381227.71,6028.5094763000025,100387355.13,0.0,0.0,2
4291412000189,2007-10-24,100070669.68,6009.8059301,100075901.77,0.0,0.0,2
4291412000189,2007-10-25,100652057.24,6044.6656678,100656389.68,0.0,0.0,2
4291412000189,2007-10-26,104787722.01,6193.078534800001,103127775.89,0.0,0.0,2
4291412000189,2007-10-29,107645247.43,6364.6231319,104778066.23,0.0,1206287.76,2
4291412000189,2007-10-30,107418713.63,6311.809401,103908616.4,0.0,0.0,2
4291412000189,2007-10-31,106424721.41,6350.922971,104552526.36,0.0,0.0,2
4291412000189,2007-11-01,103670434.56,6258.3256056,103028135.57,0.0,0.0,2
4291412000189,2007-11-05,101023595.03,6137.5183341,101039337.17,0.0,0.0,2
4291412000189,2007-11-06,102594444.38,6232.8821413999985,102609270.71,0.0,0.0,2
4291412000189,2007-11-07,102408796.87,6221.5368953,102422498.78,0.0,0.0,2
4291412000189,2007-11-08,103643739.57,6296.5540782,103657474.55,0.0,0.0,2
4291412000189,2007-11-09,103469018.05,6285.8847581,103481830.1,0.0,0.0,2
4291412000189,2007-11-12,100807923.9,6124.184813600001,100819833.13,0.0,0.0,2
4291412000189,2007-11-13,100473592.17,6103.8196361,100484569.93,0.0,0.0,2
4291412000189,2007-11-14,103868946.52,6310.010230200001,103878997.42,0.0,0.0,2
4291412000189,2007-11-16,103230405.34,6271.1729748000025,103239636.31,0.0,0.0,2
4291412000189,2007-11-19,101004631.21,6135.8691228,101012186.91,0.0,0.0,2
4291412000189,2007-11-20,101005045.69,6135.8394026,101011697.64,0.0,0.0,2
4291412000189,2007-11-21,97733689.71,5937.0698811,97739440.09,0.0,0.0,2
4291412000189,2007-11-22,97704442.54,5935.2386083,97709292.63,0.0,0.0,2
4291412000189,2007-11-23,98465858.74,5981.434902,98469802.44,0.0,0.0,2
4291412000189,2007-11-26,98309102.31,5971.8579185,98312140.66,0.0,0.0,2
4291412000189,2007-11-27,96113488.85,5838.4339167,96115638.43,0.0,0.0,2
4291412000189,2007-11-28,99455633.65,6041.393162100001,99456869.61,0.0,0.0,2
4291412000189,2007-11-29,100934870.21,6131.191486100001,100935180.98,0.0,0.0,2
4291412000189,2007-11-30,102629460.07,6234.0703950000025,102628832.42,0.0,0.0,2
4291412000189,2007-12-03,102178836.85,6206.6409872,102177273.82,0.0,0.0,2
4291412000189,2007-12-04,102469265.63,6225.1465427,102481922.86,0.0,0.0,2
4291412000189,2007-12-05,104968592.32,6376.9071678,104980293.07,0.0,0.0,2
4291412000189,2007-12-06,106037799.69,6441.7835804,106048325.68,0.0,0.0,2
4291412000189,2007-12-07,107187059.81,6511.5898758,107197516.84,0.0,0.0,2
4291412000189,2007-12-10,106497340.01,6469.6347796,106506828.05,0.0,0.0,2
4291412000189,2007-12-11,106826695.8,6489.582115300002,106835212.5,0.0,0.0,2
4291412000189,2007-12-12,106582061.61,6474.6669198,106589670.02,0.0,0.0,2
4291412000189,2007-12-13,102909711.21,6251.5309365,102916277.84,0.0,0.0,2
4291412000189,2007-12-14,114787960.31,6244.0842647,102793686.47,0.0,0.0,2
4291412000189,2007-12-17,111606192.16,6050.7816471,111611428.18,12000000.0,0.0,2
4291412000189,2007-12-18,111295563.72,6033.8833478,111299725.75,0.0,0.0,2
4291412000189,2007-12-19,123744820.04,6110.3168849,112709602.48,0.0,0.0,2
4291412000189,2007-12-20,125017994.56,6179.2849216,112738910.69,0.0,1242870.86,2
4291412000189,2007-12-21,127059632.02,6291.133504300001,114779539.71,0.0,0.0,2
4291412000189,2007-12-24,127065141.26,6291.380186399999,114784040.34,0.0,0.0,2
4291412000189,2007-12-26,117723330.22,6372.1478449,116257618.14,0.0,0.0,2
4291412000189,2007-12-27,115977516.86,6356.4985974,115972103.07,0.0,0.0,2
4291412000189,2007-12-28,116031050.79,6358.7475118,116013133.73,0.0,0.0,2
4291412000189,2007-12-31,116031401.15,6358.7108074,116012464.07,0.0,0.0,2
4291412000189,2008-01-02,114434147.9,6271.109161500001,114414202.55,0.0,0.0,2
4291412000189,2008-01-03,113671884.47,6230.17945,113667454.22,0.0,0.0,2
4291412000189,2008-01-04,110775489.72,6071.372634,110770079.17,0.0,0.0,2
4291412000189,2008-01-07,109269162.4,5988.7453877,109262573.84,0.0,0.0,2
4291412000189,2008-01-08,111468611.75,6109.2961428,111461980.38,0.0,0.0,2
4291412000189,2008-01-09,110935754.0,6080.0361279,110928141.6,0.0,0.0,2
4291412000189,2008-01-10,112713897.45,6177.7584159,112711050.71,0.0,0.0,2
4291412000189,2008-01-11,112040038.62,6140.7668345,112036152.19,0.0,0.0,2
4291412000189,2008-01-14,111131733.15,6090.9254791,111126814.02,0.0,0.0,2
4291412000189,2008-01-15,108115879.67,5925.5776382,108110100.25,0.0,0.0,2
4291412000189,2008-01-16,104608532.22,5733.2867278,104601819.56,0.0,0.0,2
4291412000189,2008-01-17,102734125.87,5630.499089,102726494.89,0.0,0.0,2
4291412000189,2008-01-18,101763532.59,5577.250511,101754993.13,0.0,0.0,2
4291412000189,2008-01-21,96145469.0,5269.2736196999995,96136062.01,0.0,0.0,2
4291412000189,2008-01-22,98684806.59,5408.4076607,98674514.13,0.0,0.0,2
4291412000189,2008-01-23,96492727.24,5288.2108565,96481565.3,0.0,0.0,2
4291412000189,2008-01-24,102392109.7,5611.507553,102380000.93,0.0,0.0,2
4291412000189,2008-01-25,102392585.71,5611.4816808,102379528.9,0.0,0.0,2
4291412000189,2008-01-28,103417323.96,5667.5957944,103403311.36,0.0,0.0,2
4291412000189,2008-01-29,106219717.85,5821.143081800001,106204728.14,0.0,0.0,2
4291412000189,2008-01-30,105749836.93,5795.3352304,105733872.88,0.0,0.0,2
4291412000189,2008-01-31,104713502.53,5738.480187300002,104696572.42,0.0,0.0,2
4291412000189,2008-02-01,107531845.95,5892.9010221,107513926.77,0.0,0.0,2
4291412000189,2008-02-06,105182905.4,5765.0678442,105181654.96,0.0,0.0,2
4291412000189,2008-02-07,105095885.58,5760.2450126999975,105093664.08,0.0,0.0,2
4291412000189,2008-02-08,105865795.06,5802.3791664,105862387.04,0.0,0.0,2
4291412000189,2008-02-11,107625818.4,5898.8464319,107622398.7,0.0,0.0,2
4291412000189,2008-02-12,110741534.67,6069.5650736,110737100.86,0.0,0.0,2
4291412000189,2008-02-13,111138793.6,6091.2832821,111133342.01,0.0,0.0,2
4291412000189,2008-02-14,114022640.28,6112.1397821,111513861.59,0.0,0.0,2
4291412000189,2008-02-15,111504315.32,5974.0741293,108994901.84,0.0,0.0,2
4291412000189,2008-02-18,114454768.25,6135.7413875,111944464.66,0.0,0.0,2
4291412000189,2008-02-19,113864397.31,6190.237129300002,112938720.49,0.0,0.0,2
4291412000189,2008-02-20,113773346.87,6179.8967823,112750064.46,0.0,0.0,2
4291412000189,2008-02-21,115508015.46,6274.9196173,114483722.99,0.0,0.0,2
4291412000189,2008-02-22,113815045.69,6232.3428571999975,113706924.83,0.0,0.0,2
4291412000189,2008-02-25,115048851.51,6299.912913300002,114939716.97,0.0,0.0,2
4291412000189,2008-02-26,115733694.44,6337.3936962,115623540.8,0.0,0.0,2
4291412000189,2008-02-27,117047059.92,6409.3236168,116935877.15,0.0,0.0,2
4291412000189,2008-02-28,117651843.68,6442.4154838999975,117539626.74,0.0,0.0,2
4291412000189,2008-02-29,130088576.24,6272.8629406,114446199.64,0.0,0.0,2
4291412000189,2008-03-03,129508718.5,6241.025520100001,97865336.95,0.0,16000000.0,2
4291412000189,2008-03-04,128052863.29,6149.1544068,96424708.73,0.0,0.0,2
4291412000189,2008-03-05,113994425.12,6242.887769200002,97894538.82,0.0,0.0,2
4291412000189,2008-03-06,97306897.06,6198.9737983999985,97205925.14,0.0,0.0,2
4291412000189,2008-03-07,94848311.17,6042.190404,94747409.36,0.0,0.0,2
4291412000189,2008-03-10,93041544.04,5926.916274600001,92939799.14,0.0,0.0,2
4291412000189,2008-03-11,94177195.16,5999.284235600001,94074599.0,0.0,0.0,2
4291412000189,2008-03-12,95843495.14,6105.4916876,95740034.92,0.0,0.0,2
4291412000189,2008-03-13,93928563.72,5983.3027349,93823993.56,0.0,0.0,2
4291412000189,2008-03-14,94433063.59,6015.4376408,94327900.07,0.0,0.0,2
4291412000189,2008-03-17,91455253.98,5831.6165358,91445406.75,0.0,0.0,2
4291412000189,2008-03-18,93214391.3,5943.7455232,93203698.09,0.0,0.0,2
4291412000189,2008-03-19,90893906.66,5795.711937300001,90882387.8,0.0,0.0,2
4291412000189,2008-03-20,88241062.41,5626.4844661000025,88228736.82,0.0,0.0,2
4291412000189,2008-03-24,90684593.52,5782.2596787,90671443.33,0.0,0.0,2
4291412000189,2008-03-25,92119549.44,5873.715752300001,92105563.32,0.0,0.0,2
4291412000189,2008-03-26,93053616.91,5933.2257303999995,93038737.53,0.0,0.0,2
4291412000189,2008-03-27,93009605.13,5930.3663206,92993899.21,0.0,0.0,2
4291412000189,2008-03-28,91791711.56,5852.6440213999995,91775138.13,0.0,0.0,2
4291412000189,2008-03-31,91978991.64,5864.531785,91961549.8,0.0,0.0,2
4291412000189,2008-04-01,94048579.73,5996.4573283,94030270.35,0.0,0.0,2
4291412000189,2008-04-02,95880127.23,6113.201734,95860935.93,0.0,0.0,2
4291412000189,2008-04-03,96815161.31,6173.673384100001,96809190.09,0.0,0.0,2
4291412000189,2008-04-04,97295841.04,6204.2567444,97288766.86,0.0,0.0,2
4291412000189,2008-04-07,98193518.87,6261.501886300001,98186426.24,0.0,0.0,2
4291412000189,2008-04-08,97728954.72,6231.8187133,97720965.28,0.0,0.0,2
4291412000189,2008-04-09,97006493.65,6185.6894057,96997612.97,0.0,0.0,2
4291412000189,2008-04-10,96361239.62,6144.8513517,96357232.65,0.0,0.0,2
4291412000189,2008-04-11,95736793.6,6104.9668674,95731805.23,0.0,0.0,2
4291412000189,2008-04-14,95540254.88,6092.3835308,95534486.3,0.0,0.0,2
4291412000189,2008-04-15,96434813.63,6149.4042153,96428625.97,0.0,0.0,2
4291412000189,2008-04-16,98220467.47,6263.2228531,98213412.67,0.0,0.0,2
4291412000189,2008-04-17,99164120.05,6323.345278,99156190.64,0.0,0.0,2
4291412000189,2008-04-18,100086200.14,6382.0916618,100077390.95,0.0,0.0,2
4291412000189,2008-04-22,101037694.65,6442.713279,101027996.74,0.0,0.0,2
4291412000189,2008-04-23,100438896.41,6404.470579600003,100428314.1,0.0,0.0,2
4291412000189,2008-04-24,99372408.43,6336.4030955,99360949.89,0.0,0.0,2
4291412000189,2008-04-25,99336180.3,6333.776244600002,99319758.32,0.0,0.0,2
4291412000189,2008-04-28,100984430.69,6438.8370258999985,100967213.33,0.0,0.0,2
4291412000189,2008-04-29,98967346.1,6310.1546365,98949348.58,0.0,0.0,2
4291412000189,2008-04-30,101024252.11,6438.1962537,100957165.4,0.0,0.0,2
4291412000189,2008-05-02,119549558.56,6693.3087688999985,104957577.22,0.0,0.0,2
4291412000189,2008-05-05,121878022.18,6777.3608499,106275595.42,0.0,0.0,2
4291412000189,2008-05-06,122355689.88,6807.7688377,106752422.18,0.0,0.0,2
4291412000189,2008-05-07,106359418.3,6713.4781335,105273852.43,0.0,0.0,2
4291412000189,2008-05-08,106298769.51,6774.832560600003,106235949.39,0.0,0.0,2
4291412000189,2008-05-09,106394751.66,6781.057447600001,106333561.66,0.0,0.0,2
4291412000189,2008-05-12,107460929.11,6848.9953103,107398893.28,0.0,0.0,2
4291412000189,2008-05-13,107817446.98,6872.0162254,107759883.57,0.0,0.0,2
4291412000189,2008-05-14,107015448.08,6820.8113443,106956941.34,0.0,0.0,2
4291412000189,2008-05-15,109209077.12,6960.65405,109149810.68,0.0,0.0,2
4291412000189,2008-05-16,111296779.42,7094.1426515,111243041.5,0.0,0.0,2
4291412000189,2008-05-19,112555969.09,7177.0585113000025,112543242.65,0.0,0.0,2
4291412000189,2008-05-20,113001587.21,7205.419564,112987971.48,0.0,0.0,2
4291412000189,2008-05-21,112695083.0,7185.816742199999,112680580.21,0.0,0.0,2
4291412000189,2008-05-23,109834417.83,7003.3324633,109819049.62,0.0,0.0,2
4291412000189,2008-05-26,110451637.56,7042.638083499999,110435399.89,0.0,0.0,2
4291412000189,2008-05-27,109190106.42,6961.8846001,109169106.9,0.0,0.0,2
4291412000189,2008-05-28,112050949.14,7144.268796500001,112029068.1,0.0,0.0,2
4291412000189,2008-05-29,109278870.96,6966.7396924999985,109245239.46,0.0,0.0,2
4291412000189,2008-05-30,220362158.17,7042.089989899999,110426805.25,0.0,0.0,2
4291412000189,2008-06-02,109763860.35,6997.5526814,109728417.03,0.0,0.0,2
4291412000189,2008-06-03,107261495.76,6838.963722,107241588.24,0.0,10.0,1
4291412000189,2008-06-04,104757959.1,6679.254126100002,104737186.78,0.0,0.0,1
4291412000189,2008-06-05,106602210.15,6796.788447200001,106580239.0,0.0,0.0,1
4291412000189,2008-06-06,106959391.89,6819.5772995000025,106937590.32,0.0,0.0,1
4291412000189,2008-06-09,105420890.98,6722.3499594,105412971.27,0.0,0.0,1
4291412000189,2008-06-10,102980733.98,6566.683038600001,102971962.88,0.0,0.0,1
4291412000189,2008-06-11,102058852.69,6507.776530100001,102048251.66,0.0,0.0,1
4291412000189,2008-06-12,102475728.19,6534.3638284,102465166.3,0.0,0.0,1
4291412000189,2008-06-13,102537410.86,6538.2522829,102526141.04,0.0,0.0,1
4291412000189,2008-06-16,102459232.78,6532.517464399999,102436213.52,0.0,0.0,1
4291412000189,2008-06-17,104061858.87,6634.6672046,104038020.58,0.0,0.0,1
4291412000189,2008-06-18,102392528.71,6528.1600778,102367885.47,0.0,0.0,1
4291412000189,2008-06-19,101289384.64,6458.4854584,101275319.82,0.0,0.0,1
4291412000189,2008-06-20,99266339.58,6329.422799800002,99251492.08,0.0,0.0,1
4291412000189,2008-06-23,98731269.27,6295.2509020000025,98715643.56,0.0,0.0,1
4291412000189,2008-06-24,98307105.86,6268.1441289,98290583.05,0.0,0.0,1
4291412000189,2008-06-25,99926225.6,6345.522501100001,99503951.02,0.0,0.0,1
4291412000189,2008-06-26,100618810.37,6257.8387908999985,98128985.35,0.0,0.0,1
4291412000189,2008-06-27,100801012.57,6269.4086922,98310412.63,0.0,0.0,1
4291412000189,2008-06-30,101657726.3,6349.8258635,99571431.92,0.0,0.0,1
4291412000189,2008-07-01,97793452.22,6234.7802187,97767404.56,0.0,0.0,1
4291412000189,2008-07-02,96019056.0,6122.5904342,96008159.86,0.0,0.0,1
4291412000189,2008-07-03,92866015.07,5921.4693904,92854386.71,0.0,0.0,1
4291412000189,2008-07-04,91685640.07,5846.148947600002,91673289.07,0.0,0.0,1
4291412000189,2008-07-07,92172636.18,5877.2221966000025,92160547.77,0.0,0.0,1
4291412000189,2008-07-08,90095988.08,5744.7496883999975,90083250.28,0.0,0.0,1
4291412000189,2008-07-09,90096150.74,5744.708403399999,90082602.89,0.0,0.0,1
4291412000189,2008-07-10,90739000.61,5786.025675800001,90730497.82,0.0,0.0,1
4291412000189,2008-07-11,91539901.69,5837.0505063,91530616.68,0.0,0.0,1
4291412000189,2008-07-14,92217015.03,5880.1950336,92207164.74,0.0,0.0,1
4291412000189,2008-07-15,90684684.39,5782.4303199,90674119.15,0.0,0.0,1
4291412000189,2008-07-16,92027721.09,5868.03165,92016431.08,0.0,0.0,1
4291412000189,2008-07-17,90739765.12,5785.8510674,90727759.79,0.0,0.0,1
4291412000189,2008-07-18,90380703.36,5762.90771,90367985.68,0.0,0.0,1
4291412000189,2008-07-21,92796348.76,5813.9210915,91167925.01,0.0,0.0,1
4291412000189,2008-07-22,91153252.44,5709.2564904,89526682.49,0.0,0.0,1
4291412000189,2008-07-23,90890445.96,5692.4520248,89263172.16,0.0,0.0,1
4291412000189,2008-07-24,86799480.25,5534.5113423,86786508.98,0.0,0.0,1
4291412000189,2008-07-25,84556525.69,5391.4258213,84542789.15,0.0,0.0,1
4291412000189,2008-07-28,85651865.38,5461.228063600001,85637356.05,0.0,0.0,1
4291412000189,2008-07-29,85482227.43,5450.3607604,85466946.19,0.0,0.0,1
4291412000189,2008-07-30,102808023.63,5643.262969100001,102791840.01,14300000.0,0.0,1
4291412000189,2008-07-31,117220805.33,5661.650523699999,103126768.68,0.0,0.0,1
4291412000189,2008-08-01,113826967.18,5475.2837519,99732104.37,0.0,0.0,1
4291412000189,2008-08-04,109662123.53,5247.4628218,95582354.0,0.0,0.0,1
4291412000189,2008-08-05,96826401.38,5315.575303399999,96823020.5,0.0,0.0,1
4291412000189,2008-08-06,98783110.92,5422.9459381000015,98778772.9,0.0,0.0,1
4291412000189,2008-08-07,98392126.88,5401.4942015,98388030.26,0.0,0.0,1
4291412000189,2008-08-08,97403638.27,5347.1819217,97398733.96,0.0,0.0,1
4291412000189,2008-08-11,94335063.65,5178.6743855,94329375.01,0.0,0.0,1
4291412000189,2008-08-12,93864724.78,5152.807248300001,93858206.0,0.0,0.0,1
4291412000189,2008-08-13,94598676.26,5193.0552484,94591321.93,0.0,0.0,1
4291412000189,2008-08-14,95593044.49,5247.607919,95584996.94,0.0,0.0,1
4291412000189,2008-08-15,93919742.74,5155.7269563,93911388.38,0.0,0.0,1
4291412000189,2008-08-18,92061493.15,5053.6694133,92052413.76,0.0,0.0,1
4291412000189,2008-08-19,92827796.61,5095.699207,92817985.0,0.0,0.0,1
4291412000189,2008-08-20,96385802.44,5290.9917333,96375231.62,0.0,0.0,1
4291412000189,2008-08-21,99683121.32,5364.1660253,97708098.82,0.0,0.0,1
4291412000189,2008-08-22,99521205.22,5355.234623800001,97545413.65,0.0,0.0,1
4291412000189,2008-08-25,96897770.31,5211.1671449,94921229.5,0.0,0.0,1
4291412000189,2008-08-26,94793345.56,5203.399318,94779738.8,0.0,0.0,1
4291412000189,2008-08-27,96932462.48,5320.775451100001,96917741.01,0.0,0.0,1
4291412000189,2008-08-28,98344206.35,5398.256798699998,98329061.08,0.0,0.0,1
4291412000189,2008-08-29,97119396.73,5330.9728127,97103485.6,0.0,0.0,1
4291412000189,2008-09-01,104177929.35,5263.3147783,95871096.84,0.0,0.0,1
4291412000189,2008-09-02,102866404.32,5192.0639525,94573265.51,0.0,0.0,1
4291412000189,2008-09-03,101595393.61,5122.2492974,93301593.98,0.0,0.0,1
4291412000189,2008-09-04,89775392.81,4928.4423418000015,89771406.98,0.0,0.0,1
4291412000189,2008-09-05,90668026.51,4977.4656827,90664365.44,0.0,0.0,1
4291412000189,2008-09-08,88586927.74,4863.1751459,88582567.26,0.0,0.0,1
4291412000189,2008-09-09,84547371.66,4641.3671649,84542342.55,0.0,0.0,1
4291412000189,2008-09-10,86579370.21,4752.8834588,86573607.99,0.0,0.0,1
4291412000189,2008-09-11,89837417.6,4931.7083546,89830897.29,0.0,0.0,1
4291412000189,2008-09-12,91773986.51,5037.9915933,91766842.81,0.0,0.0,1
4291412000189,2008-09-15,84677812.95,4648.3754917,84669998.98,0.0,0.0,1
4291412000189,2008-09-16,86332752.51,4739.1941273,86324257.29,0.0,0.0,1
4291412000189,2008-09-17,81084649.74,4451.0384997,81075512.49,0.0,0.0,1
4291412000189,2008-09-18,85760087.97,4707.682589,85750275.71,0.0,0.0,1
4291412000189,2008-09-19,93352633.34,5124.472351300001,93342086.83,0.0,0.0,1
4291412000189,2008-09-22,91176633.85,5004.9706737,91165367.9,0.0,0.0,1
4291412000189,2008-09-23,87787603.49,4818.8736454,87775616.96,0.0,0.0,1
4291412000189,2008-09-24,88582858.43,4862.4932225,88570146.05,0.0,0.0,1
4291412000189,2008-09-25,91984031.55,5049.1760619,91970567.52,0.0,0.0,1
4291412000189,2008-09-26,89991703.66,4939.7569557,89977502.28,0.0,0.0,1
4291412000189,2008-09-29,82090614.28,4505.9506577,82075735.55,0.0,0.0,1
4291412000189,2008-09-30,88209536.34,4841.839314,88193935.82,0.0,0.0,1
4291412000189,2008-10-01,88288047.03,4845.7936284,88265963.52,0.0,0.0,1
4291412000189,2008-10-02,82148269.49,4509.493011899999,82140259.41,0.0,0.0,1
4291412000189,2008-10-03,79444170.33,4361.0022328999985,79435505.0,0.0,0.0,1
4291412000189,2008-10-06,75501853.2,4144.5163828,75492222.72,0.0,0.0,1
4291412000189,2008-10-07,72204627.27,3963.522471,72195424.87,0.0,0.0,1
4291412000189,2008-10-08,69634591.06,3822.3959123,69624809.48,0.0,0.0,1
4291412000189,2008-10-09,66717055.4,3662.1929035,66706717.21,0.0,0.0,1
4291412000189,2008-10-10,64240255.03,3526.5035026,64235139.46,0.0,0.0,1
4291412000189,2008-10-13,73449873.49,4032.0719718,73444051.66,0.0,0.0,1
4291412000189,2008-10-14,74712455.55,4101.3591919,74706115.98,0.0,0.0,1
4291412000189,2008-10-15,66259978.43,3637.3138511,66253546.13,0.0,0.0,1
4291412000189,2008-10-16,64593827.68,3545.81417,64586882.6,0.0,0.0,1
4291412000189,2008-10-17,64613676.31,3546.8756637,64606217.67,0.0,0.0,1
4291412000189,2008-10-20,70027268.41,3844.0510679,70019257.39,0.0,0.0,1
4291412000189,2008-10-21,69347002.02,3806.6743415,69338441.61,0.0,0.0,1
4291412000189,2008-10-22,62886264.05,3451.952916,62877203.1,0.0,0.0,1
4291412000189,2008-10-23,60531855.66,3322.6696737,60522313.31,0.0,0.0,1
4291412000189,2008-10-24,56317384.21,3091.2709043,56307392.72,0.0,0.0,1
4291412000189,2008-10-27,52708640.96,2893.1281036,52698228.45,0.0,0.0,1
4291412000189,2008-10-28,58967804.92,3236.7299906,58956924.95,0.0,0.0,1
4291412000189,2008-10-29,61827431.14,3393.6962993,61816060.84,0.0,0.0,1
4291412000189,2008-10-30,66400265.67,3644.715667,66388369.95,0.0,0.0,1
4291412000189,2008-10-31,66386992.04,3643.9580531,66374570.04,0.0,0.0,1
4291412000189,2008-11-03,68097074.0,3737.8117101999997,68084111.16,0.0,0.0,1
4291412000189,2008-11-04,71903926.03,3947.4248752,71902207.72,0.0,0.0,1
4291412000189,2008-11-05,67734763.28,3718.5085915,67732505.52,0.0,0.0,1
4291412000189,2008-11-06,64974994.53,3566.9503529,64971877.44,0.0,0.0,1
4291412000189,2008-11-07,65606821.08,3601.6610133,65604130.92,0.0,0.0,1
4291412000189,2008-11-10,66354742.06,3642.6928384999997,66351524.2,0.0,0.0,1
4291412000189,2008-11-11,66872152.46,3671.0694304,66868402.84,0.0,0.0,1
4291412000189,2008-11-12,61611199.13,3382.216533300001,61606957.3,0.0,0.0,1
4291412000189,2008-11-13,64572868.14,3544.7782251999997,64568012.9,0.0,0.0,1
4291412000189,2008-11-14,64118750.32,3519.8246544,64113484.47,0.0,0.0,1
4291412000189,2008-11-17,63902299.74,3507.9135991,63896525.01,0.0,0.0,1
4291412000189,2008-11-18,60865072.23,3341.1433985999997,60858811.57,0.0,0.0,1
4291412000189,2008-11-19,59409041.69,3261.18141,59402306.71,0.0,0.0,1
4291412000189,2008-11-20,59409703.16,3261.1917026,59402494.19,0.0,0.0,1
4291412000189,2008-11-21,55596062.14,3051.7987021,55588407.92,0.0,0.0,1
4291412000189,2008-11-24,60928712.24,3344.5341171,60920573.39,0.0,0.0,1
4291412000189,2008-11-25,62041662.92,3405.6078827,62033029.92,0.0,0.0,1
4291412000189,2008-11-26,64764728.78,3555.0756901999994,64755580.87,0.0,0.0,1
4291412000189,2008-11-27,64249108.84,3526.7401141000005,64239449.33,0.0,0.0,1
4291412000189,2008-11-28,64912132.48,3563.1102533,64901930.16,0.0,0.0,1
4291412000189,2008-12-01,61499699.44,3375.7396569,61488981.22,0.0,0.0,1
4291412000189,2008-12-02,62220154.24,3395.9266284999994,61856686.21,0.0,0.0,1
4291412000189,2008-12-03,63014023.49,3439.4812074,62650031.36,0.0,0.0,1
4291412000189,2008-12-04,62447313.84,3408.3215968000004,62082460.13,0.0,0.0,1
4291412000189,2008-12-05,62967290.72,3417.781254100001,62254767.46,0.0,0.0,1
4291412000189,2008-12-08,68166503.44,3703.1955929,67453579.78,0.0,0.0,1
4291412000189,2008-12-09,67809115.66,3683.5443566,67095633.19,0.0,0.0,1
4291412000189,2008-12-10,69201864.42,3798.9336405,69197445.01,0.0,0.0,1
4291412000189,2008-12-11,68324017.33,3750.708708,68319029.53,0.0,0.0,1
4291412000189,2008-12-12,69737640.8,3828.290222199999,69732174.13,0.0,0.0,1
4291412000189,2008-12-15,68245846.13,3746.376991800001,68240127.47,0.0,0.0,1
4291412000189,2008-12-16,71147958.95,3905.6717826,71141676.58,0.0,0.0,1
4291412000189,2008-12-17,71456242.93,3922.5654369,71449393.91,0.0,0.0,1
4291412000189,2008-12-18,70411005.11,3865.1486396,70403548.93,0.0,0.0,1
4291412000189,2008-12-19,69569483.29,3818.921623,69561525.42,0.0,0.0,1
4291412000189,2008-12-22,66654772.75,3658.8751992,66646285.34,0.0,0.0,1
4291412000189,2008-12-23,64865992.52,3560.6430255000005,64856989.69,0.0,0.0,1
4291412000189,2008-12-24,64866897.17,3560.6644145000005,64857379.29,0.0,0.0,1
4291412000189,2008-12-26,65692510.29,3605.961885,65682471.15,0.0,0.0,1
4291412000189,2008-12-29,66172614.52,3632.2907392,66162050.32,0.0,0.0,1
4291412000189,2008-12-30,71044965.41,3679.1943901,67016398.7,0.0,0.0,1
4291412000189,2008-12-31,71045874.31,3679.2150939,67016775.82,0.0,0.0,1
4291412000189,2009-01-02,75803859.95,3939.7188853000002,71761843.38,0.0,0.0,1
4291412000189,2009-01-05,78470949.45,4021.6816612,73254792.51,0.0,0.0,1
4291412000189,2009-01-06,75839345.97,4086.095884400001,74428095.36,0.0,0.0,1
4291412000189,2009-01-07,72969115.04,3940.5750291,71777438.01,0.0,0.0,1
4291412000189,2009-01-08,73679828.85,4044.0801028000014,73662779.35,0.0,0.0,1
4291412000189,2009-01-09,73165162.55,4016.5703931999997,73161690.94,0.0,0.0,1
4291412000189,2009-01-12,69656899.19,3823.9366535999998,69652874.03,0.0,0.0,1
4291412000189,2009-01-13,69769042.5,3830.0601706,69764413.68,0.0,0.0,1
4291412000189,2009-01-14,67162129.22,3686.9087994,67156916.4,0.0,0.0,1
4291412000189,2009-01-15,68815506.71,3777.6545966,68809847.96,0.0,0.0,1
4291412000189,2009-01-16,68955668.03,3785.3193935000004,68949461.97,0.0,0.0,1
4291412000189,2009-01-19,68269423.29,3747.6148515,68262675.04,0.0,0.0,1
4291412000189,2009-01-20,65764823.2,3610.0838060999995,65757551.8,0.0,0.0,1
4291412000189,2009-01-21,67865907.83,3725.4036064999996,67858097.98,0.0,0.0,1
4291412000189,2009-01-22,69242599.98,3675.254381,66944631.57,0.0,0.0,1
4291412000189,2009-01-23,69749456.39,3703.0468904,67450871.17,0.0,0.0,1
4291412000189,2009-01-26,70316863.38,3734.1633821,68017656.99,0.0,0.0,1
4291412000189,2009-01-27,70182014.89,3745.1691723999998,68218127.08,0.0,0.0,1
4291412000189,2009-01-28,74677829.24,3900.9402666,71055492.18,0.0,0.0,1
4291412000189,2009-01-29,73553727.97,3839.1923240999995,69930755.54,0.0,0.0,1
4291412000189,2009-01-30,71186797.48,3816.4695047,69516860.17,0.0,0.0,1
4291412000189,2009-02-02,68542563.32,3756.2432098,68419840.29,0.0,0.0,1
4291412000189,2009-02-03,70358178.55,3856.4917404,70245863.81,0.0,0.0,1
4291412000189,2009-02-04,71221155.35,3903.833559,71108193.4,0.0,0.0,1
4291412000189,2009-02-05,72754789.67,3994.0119326,72750789.36,0.0,0.0,1
4291412000189,2009-02-06,75762507.71,4159.148528,75758746.74,0.0,0.0,1
4291412000189,2009-02-09,75863599.32,4115.7014354,74967359.45,0.0,0.0,1
4291412000189,2009-02-10,74551602.85,4043.636304,73654695.57,0.0,0.0,1
4291412000189,2009-02-11,74057579.12,4016.478023,73160008.42,0.0,0.0,1
4291412000189,2009-02-12,72510454.31,3980.4591921,72503926.66,0.0,0.0,1
4291412000189,2009-02-13,74482567.55,4088.6965728,74475466.81,0.0,0.0,1
4291412000189,2009-02-16,74862168.8,4109.5163493,74854698.32,0.0,0.0,1
4291412000189,2009-02-17,71385635.56,3918.6202184,71377531.89,0.0,0.0,1
4291412000189,2009-02-18,71181260.05,3907.3653845,69172525.5,0.0,2000000.0,1
4291412000189,2009-02-19,71447026.93,3922.3438003,53702690.13,0.0,15735000.0,1
4291412000189,2009-02-20,69474834.76,3778.2721423,51730135.96,0.0,0.0,1
4291412000189,2009-02-25,67796801.82,3744.561427000001,51268586.39,0.0,0.0,1
4291412000189,2009-02-26,69035590.22,3744.0684796,51261837.21,0.0,0.0,1
4291412000189,2009-02-27,85555499.95,3744.1702392,51263230.45,0.0,0.0,1
4291412000189,2009-03-02,83029171.54,3559.618739,48736447.35,0.0,0.0,1
4291412000189,2009-03-03,48876439.31,3569.6172479,48873341.73,0.0,0.0,1
4291412000189,2009-03-04,51398964.78,3753.8144204000014,51395273.56,0.0,0.0,1
4291412000189,2009-03-05,50291723.92,3672.900836,50287446.87,0.0,0.0,1
4291412000189,2009-03-06,50039364.93,3654.4998913000004,50035510.71,0.0,0.0,1
4291412000189,2009-03-09,49549545.46,3618.6907549000002,49545230.65,0.0,0.0,1
4291412000189,2009-03-10,52129227.63,3807.0708501000004,52124432.88,0.0,0.0,1
4291412000189,2009-03-11,52179699.73,3810.7221099,52174424.03,0.0,0.0,1
4291412000189,2009-03-12,52764694.69,3853.1106045999995,52754785.24,0.0,0.0,1
4291412000189,2009-03-13,52611907.81,3841.3918098000004,52594337.6,0.0,0.0,1
4291412000189,2009-03-16,52103092.62,3804.4894979,52089090.35,0.0,0.0,1
4291412000189,2009-03-17,53246350.84,3888.4866804,53239136.06,0.0,0.0,1
4291412000189,2009-03-18,54016811.17,3944.7235016000004,54009101.35,0.0,0.0,1
4291412000189,2009-03-19,54451178.63,3976.4124799,54442970.35,0.0,0.0,1
4291412000189,2009-03-20,53985741.1,3942.3816377999997,53977037.77,0.0,0.0,1
4291412000189,2009-03-23,57117038.04,4170.9931313,57107067.37,0.0,0.0,1
4291412000189,2009-03-24,55885607.49,4081.0130791,55875107.32,0.0,0.0,1
4291412000189,2009-03-25,56219996.8,4105.397336300001,56208963.88,0.0,0.0,1
4291412000189,2009-03-26,57147159.88,4173.1308506,57136335.91,0.0,0.0,1
4291412000189,2009-03-27,56269268.08,4108.9723217,56257910.72,0.0,0.0,1
4291412000189,2009-03-30,54610024.58,3987.7462505000003,54598146.44,0.0,0.0,1
4291412000189,2009-03-31,54897736.09,4008.7219959,54885335.43,0.0,0.0,1
4291412000189,2009-04-01,56106237.33,4096.6739518,56089527.84,0.0,0.0,1
4291412000189,2009-04-02,58223439.24,4251.9504305,58215492.58,0.0,0.0,1
4291412000189,2009-04-03,59040954.06,4311.6567737,59032960.76,0.0,0.0,1
4291412000189,2009-04-06,58783146.87,4292.7915394,58774667.79,0.0,0.0,1
4291412000189,2009-04-07,58226405.55,4252.1946327,58218836.07,0.0,0.0,1
4291412000189,2009-04-08,58407750.45,4265.4363170000015,58400134.32,0.0,0.0,1
4291412000189,2009-04-09,60327321.21,4405.9152248,60323498.42,0.0,0.0,1
4291412000189,2009-04-13,60699857.95,4433.1211712,60695988.08,0.0,0.0,1
4291412000189,2009-04-14,59940775.99,4377.6700101000015,59936779.64,0.0,0.0,1
4291412000189,2009-04-15,59617783.74,4354.1057958,59614150.68,0.0,0.0,1
4291412000189,2009-04-16,60718025.92,4419.5617813,60510339.97,0.0,0.0,1
4291412000189,2009-04-17,60383896.4,4395.155663000001,60176184.1,0.0,0.0,1
4291412000189,2009-04-20,58738510.74,4275.008820800002,58531196.06,0.0,0.0,1
4291412000189,2009-04-22,58769398.48,4292.1646393,58766084.6,0.0,0.0,1
4291412000189,2009-04-23,60856276.83,4385.7530182,60047447.98,0.0,0.0,1
4291412000189,2009-04-24,61732030.08,4449.7144764,60923174.98,0.0,0.0,1
4291412000189,2009-04-27,60736033.29,4354.9035737,59625073.44,0.0,0.0,1
4291412000189,2009-04-28,60081574.03,4365.9325862,59776076.94,0.0,0.0,1
4291412000189,2009-04-29,81108536.7,4500.5036322,77618553.63,16000000.0,0.0,1
4291412000189,2009-04-30,110271771.03,4500.4239307,77617179.05,0.0,0.0,1
4291412000189,2009-05-04,120019625.03,4833.2902665,83358004.0,0.0,0.0,1
4291412000189,2009-05-05,117254828.28,4857.5964315,83777203.61,0.0,0.0,1
4291412000189,2009-05-06,102003497.18,4921.784211,97884226.94,13000000.0,0.0,1
4291412000189,2009-05-07,95029403.22,4777.7058944,95018803.75,0.0,0.0,1
4291412000189,2009-05-08,97368701.98,4895.3765520000015,97359032.59,0.0,0.0,1
4291412000189,2009-05-11,96525455.99,4852.975342600002,96515759.21,0.0,0.0,1
4291412000189,2009-05-12,102054913.92,4790.832346,88779862.07,0.0,6500000.0,1
4291412000189,2009-05-13,99434389.72,4649.416412600001,86159255.43,0.0,0.0,1
4291412000189,2009-05-14,100504089.93,4707.490189,87235432.07,0.0,0.0,1
4291412000189,2009-05-15,86497825.59,4667.5099203,86494549.8,0.0,0.0,1
4291412000189,2009-05-18,91020951.56,4886.3923596,90550703.59,0.0,0.0,1
4291412000189,2009-05-19,90895693.48,4879.2534336,90418410.74,0.0,0.0,1
4291412000189,2009-05-20,91028155.2,4886.3997056,90550839.72,0.0,0.0,1
4291412000189,2009-05-21,88831642.72,4793.064994899999,88821235.73,0.0,0.0,1
4291412000189,2009-05-22,89690179.37,4839.7703529,89686741.96,0.0,0.0,1
4291412000189,2009-05-25,90175161.42,4864.549418199998,90145927.72,0.0,0.0,1
4291412000189,2009-05-26,91913101.08,4958.3321829999995,91883834.69,0.0,0.0,1
4291412000189,2009-05-27,91790419.26,4951.4789423,91756835.93,0.0,0.0,1
4291412000189,2009-05-28,93741667.76,5058.1608187,93733778.89,0.0,0.0,1
4291412000189,2009-05-29,93738259.34,5058.202350899999,93734548.53,0.0,0.0,1
4291412000189,2009-06-01,96005252.24,5178.468864,95963231.08,0.0,0.0,1
4291412000189,2009-06-02,94858778.55,5116.597894899999,94816687.91,0.0,0.0,1
4291412000189,2009-06-03,91658087.05,4944.3277575,91624315.91,0.0,0.0,1
4291412000189,2009-06-04,93764409.12,5057.9536945,93729940.63,0.0,0.0,1
4291412000189,2009-06-05,93520304.9,5044.8464576000015,93487047.83,0.0,0.0,1
4291412000189,2009-06-08,93903733.21,5065.533698800001,93870407.19,0.0,0.0,1
4291412000189,2009-06-09,93118403.66,5023.1323065,93084658.6,0.0,0.0,1
4291412000189,2009-06-10,93582518.76,5049.785760600002,93578579.03,0.0,0.0,1
4291412000189,2009-06-12,93980582.31,5071.2751453,93976803.07,0.0,0.0,1
4291412000189,2009-06-15,91696065.9,4942.3603601,91587857.68,0.0,0.0,1
4291412000189,2009-06-16,101287923.76,4869.8844651,90244792.53,0.0,0.0,1
4291412000189,2009-06-17,100658742.48,4835.9346495,89615661.78,0.0,0.0,1
4291412000189,2009-06-18,100385316.42,4826.7868755,89446142.57,0.0,0.0,1
4291412000189,2009-06-19,90292731.95,4872.2876308,90289326.07,0.0,0.0,1
4291412000189,2009-06-22,87329768.92,4712.3953711,87326330.97,0.0,0.0,1
4291412000189,2009-06-23,87388279.62,4715.5510899,87384810.22,0.0,0.0,1
4291412000189,2009-06-24,86935534.87,4691.117904100001,86932034.02,0.0,0.0,1
4291412000189,2009-06-25,89754352.4,4843.228209800001,89750820.19,0.0,0.0,1
4291412000189,2009-06-26,92074967.53,4850.7812062,89890786.26,0.0,0.0,1
4291412000189,2009-06-29,95092125.54,4906.2695275,90919051.32,0.0,0.0,1
4291412000189,2009-06-30,94064170.31,4850.796188,89891063.89,0.0,0.0,1
4291412000189,2009-07-01,91710086.7,4841.1182075000015,89711719.32,0.0,0.0,1
4291412000189,2009-07-02,88830555.07,4793.0579413999985,88821105.02,0.0,0.0,1
4291412000189,2009-07-03,88639827.26,4770.9438782,88411304.94,0.0,0.0,1
4291412000189,2009-07-06,87974560.72,4735.0305721999985,87745788.36,0.0,0.0,1
4291412000189,2009-07-07,85970985.14,4638.7784516,85962121.27,0.0,0.0,1
4291412000189,2009-07-08,85573008.26,4617.3007833,85564114.35,0.0,0.0,1
4291412000189,2009-07-09,85574227.46,4617.3649594,85565303.61,0.0,0.0,1
4291412000189,2009-07-10,85693625.46,4624.117251,85690431.66,0.0,0.0,1
4291412000189,2009-07-13,85975856.23,4639.3402712,85972532.46,0.0,0.0,1
4291412000189,2009-07-14,85274032.23,4601.471537899999,85270779.47,0.0,0.0,1
4291412000189,2009-07-15,93945309.6,4800.348680100001,88956211.14,0.0,0.0,1
4291412000189,2009-07-16,94771948.38,4844.9549795,89782819.3,0.0,0.0,1
4291412000189,2009-07-17,95111730.35,4864.0604795,90136867.1,0.0,0.0,1
4291412000189,2009-07-20,92077397.6,4967.190052399998,92047981.62,0.0,0.0,1
4291412000189,2009-07-21,92049832.58,4967.1061215,92046426.28,0.0,0.0,1
4291412000189,2009-07-22,91610186.48,4938.9707044,91525043.3,0.0,0.0,1
4291412000189,2009-07-23,93803356.31,5043.1384477,93455396.36,0.0,0.0,1
4291412000189,2009-07-24,94154612.83,5062.0902355,93806595.69,0.0,0.0,1
4291412000189,2009-07-27,93802647.71,5061.6810682,93799013.33,0.0,0.0,1
4291412000189,2009-07-28,93431894.08,5041.6709813,93428202.45,0.0,0.0,1
4291412000189,2009-07-29,92079553.24,4968.6914567,92075804.44,0.0,0.0,1
4291412000189,2009-07-30,93286069.19,5033.7956696,93282263.49,0.0,0.0,1
4291412000189,2009-07-31,93827736.34,5063.022599399998,93823873.51,0.0,0.0,1
4291412000189,2009-08-03,95935806.52,5176.77735,95931885.3,0.0,0.0,1
4291412000189,2009-08-04,95622685.85,5159.869333,95618559.49,0.0,0.0,1
4291412000189,2009-08-05,96361781.09,5199.7421008,96357449.64,0.0,0.0,1
4291412000189,2009-08-06,95433908.8,5149.6602045,95429372.11,0.0,0.0,1
4291412000189,2009-08-07,109344323.09,5194.017902000001,96251373.38,0.0,0.0,1
4291412000189,2009-08-10,105818996.66,5234.4862768,97001300.84,0.0,0.0,1
4291412000189,2009-08-11,103724048.2,5121.433276899998,94906293.33,0.0,0.0,1
4291412000189,2009-08-12,99892731.76,5179.0938111999985,95974812.1,0.0,0.0,1
4291412000189,2009-08-13,100401846.06,5207.2194663,96496014.18,0.0,0.0,1
4291412000189,2009-08-14,99762213.55,5172.652602100001,95855448.78,0.0,0.0,1
4291412000189,2009-08-17,93648519.59,5051.4117985,93608711.46,0.0,0.0,1
4291412000189,2009-08-18,95313402.39,5095.7895233,93831083.89,0.0,600000.0,1
4291412000189,2009-08-19,96107106.84,5139.1797876,94630048.51,0.0,0.0,1
4291412000189,2009-08-20,97151454.81,5196.790867700001,95690867.46,0.0,0.0,1
4291412000189,2009-08-21,96992803.72,5267.242219100001,96988120.15,0.0,0.0,1
4291412000189,2009-08-24,97169534.64,5267.729959800001,96997101.14,0.0,0.0,1
4291412000189,2009-08-25,96885749.01,5248.7009744,96646711.8,0.0,0.0,1
4291412000189,2009-08-26,130158583.79,5275.6413301,113142776.74,16000000.0,0.0,1
4291412000189,2009-08-27,130432440.75,5264.3612795,112900861.84,0.0,0.0,1
4291412000189,2009-08-28,130445771.16,5268.2366232,112983973.47,0.0,0.0,1
4291412000189,2009-08-31,111306616.33,5157.151505,110601613.12,0.0,0.0,1
4291412000189,2009-09-01,109271100.31,5095.034709000001,109269440.15,0.0,0.0,1
4291412000189,2009-09-02,108786903.66,5072.4554511000015,108785199.51,0.0,0.0,1
4291412000189,2009-09-03,109435668.39,5095.6700114,109283065.01,0.0,0.0,1
4291412000189,2009-09-04,111554664.71,5185.8559049,111217215.15,0.0,0.0,1
4291412000189,2009-09-08,115398711.82,5291.7729263,113488739.15,0.0,0.0,1
4291412000189,2009-09-09,115679017.88,5311.864785,113919634.38,0.0,0.0,1
4291412000189,2009-09-10,116631964.96,5364.901990500001,115057084.09,0.0,0.0,1
4291412000189,2009-09-11,114866342.89,5353.0757775,114803456.05,0.0,0.0,1
4291412000189,2009-09-14,115691508.74,5391.5481462,115628544.48,0.0,0.0,1
4291412000189,2009-09-15,116778085.58,5441.4807573,116699412.25,0.0,0.0,1
4291412000189,2009-09-16,118805718.7,5538.8937207,118788556.01,0.0,0.0,1
4291412000189,2009-09-17,118575410.21,5528.8870707,118573950.79,0.0,0.0,1
4291412000189,2009-09-18,119488852.08,5571.476379,119487332.18,0.0,0.0,1
4291412000189,2009-09-21,119822247.06,5587.0191495,119820666.48,0.0,0.0,1
4291412000189,2009-09-22,120355979.11,5635.061591,120850997.18,0.0,0.0,1
4291412000189,2009-09-23,118616260.61,5553.934715500001,119111129.1,0.0,0.0,1
4291412000189,2009-09-24,117609485.22,5505.8622973,118080155.51,0.0,0.0,1
4291412000189,2009-09-25,118097796.84,5528.625108,118568332.67,0.0,0.0,1
4291412000189,2009-09-28,120156436.59,5624.6094507,120626837.86,0.0,0.0,1
4291412000189,2009-09-29,115469053.88,5634.987746399999,116349413.48,0.0,4500000.0,1
4291412000189,2009-09-30,116204761.66,5669.2164904,117056157.57,0.0,0.0,1
4291412000189,2009-10-01,114359710.96,5598.599554300001,115598081.8,0.0,0.0,1
4291412000189,2009-10-02,116233362.01,5667.525105,117021234.39,0.0,0.0,1
4291412000189,2009-10-05,116253299.25,5760.2815629,118936439.88,0.0,0.0,1
4291412000189,2009-10-06,116782862.73,5774.2216281,119224269.86,0.0,0.0,1
4291412000189,2009-10-07,116560822.38,5763.4588615,119002043.72,0.0,0.0,1
4291412000189,2009-10-08,120826792.07,5878.3211409999985,121373683.1,0.0,0.0,1
4291412000189,2009-10-09,122099856.93,5916.961968899999,122171526.48,0.0,0.0,1
4291412000189,2009-10-13,122534850.92,5952.5478558,122906292.42,0.0,0.0,1
4291412000189,2009-10-14,125274682.89,6085.2237581,125645741.75,0.0,0.0,1
4291412000189,2009-10-15,125949857.11,6125.4219965,126475742.04,0.0,0.0,1
4291412000189,2009-10-16,124887143.66,6079.0484468,125518235.91,0.0,0.0,1
4291412000189,2009-10-19,128254227.01,6173.6115688,127470744.82,0.0,0.0,1
4291412000189,2009-10-20,123964600.11,6008.794962200002,124067664.57,0.0,0.0,1
4291412000189,2009-10-21,124189109.52,6011.0704983999985,124114649.11,0.0,0.0,1
4291412000189,2009-10-22,123539967.05,6086.0356251,125662504.92,0.0,0.0,1
4291412000189,2009-10-23,122975321.1,6007.8265289,124047668.67,0.0,0.0,1
4291412000189,2009-10-26,122977548.44,6007.9276928,124049757.47,0.0,0.0,1
4291412000189,2009-10-27,120302922.57,5840.063056800002,120583742.49,0.0,0.0,1
4291412000189,2009-10-28,114101292.01,5568.0549034,114967405.68,0.0,0.0,1
4291412000189,2009-10-29,120941812.66,5889.1931014,121598163.84,0.0,0.0,1
4291412000189,2009-10-30,117469914.89,5704.7916429,117790701.87,0.0,0.0,1
4291412000189,2009-11-03,119395459.41,5816.3695579,120094526.75,0.0,0.0,1
4291412000189,2009-11-04,121499653.28,5925.1028344,122339616.45,0.0,0.0,1
4291412000189,2009-11-05,123625185.39,5996.0972468,123805486.23,0.0,0.0,1
4291412000189,2009-11-06,123435573.84,5956.2564496,122982866.27,0.0,0.0,1
4291412000189,2009-11-09,126122138.91,6107.2697424,126100940.14,0.0,0.0,1
4291412000189,2009-11-10,125742965.36,6120.8525311,126381393.19,0.0,0.0,1
4291412000189,2009-11-11,125828929.39,6136.760821,126709862.44,0.0,0.0,1
4291412000189,2009-11-12,122397904.13,5962.1618608,123104799.3,0.0,0.0,1
4291412000189,2009-11-13,123960767.48,6039.7448697,124706708.3,0.0,0.0,1
4291412000189,2009-11-16,125961782.31,6140.736427800001,126791949.49,0.0,0.0,1
4291412000189,2009-11-17,127774375.1,6216.4151302,128354538.98,0.0,0.0,1
4291412000189,2009-11-18,126322984.58,6146.8490328,126918160.59,0.0,0.0,1
4291412000189,2009-11-19,125803320.69,6122.5888503,125417244.16,0.0,1000000.0,1
4291412000189,2009-11-20,125804537.19,6122.6414274,125418321.17,0.0,0.0,1
4291412000189,2009-11-23,126760620.12,6169.3084443000025,126374264.61,0.0,0.0,1
4291412000189,2009-11-24,127691098.08,6212.3454521,127255849.68,0.0,0.0,1
4291412000189,2009-11-25,127958976.87,6269.2741456,128421996.88,0.0,0.0,1
4291412000189,2009-11-26,124646391.5,6125.8967602,125485004.54,0.0,0.0,1
4291412000189,2009-11-27,125901885.18,6187.178742100001,126740326.02,0.0,0.0,1
4291412000189,2009-11-30,126606577.08,6203.7180745,127079123.47,0.0,0.0,1
4291412000189,2009-12-01,129732859.65,6337.1935805,129813282.26,0.0,0.0,1
4291412000189,2009-12-02,130096410.29,6354.5023545,130167841.22,0.0,0.0,1
4291412000189,2009-12-03,129203968.22,6321.6717167,129495326.99,0.0,0.0,1
4291412000189,2009-12-04,127953964.48,6260.619288,128244707.76,0.0,0.0,1
4291412000189,2009-12-07,129110188.98,6338.285857399997,129835656.84,0.0,0.0,1
4291412000189,2009-12-08,127554396.41,6262.3271246,128279691.68,0.0,0.0,1
4291412000189,2009-12-09,127836186.03,6277.504976,128590600.08,0.0,0.0,1
4291412000189,2009-12-10,129057218.34,6338.4150648,129838303.57,0.0,0.0,1
4291412000189,2009-12-11,129737126.72,6371.5933637,130517939.41,0.0,0.0,1
4291412000189,2009-12-14,129542338.85,6362.117404600002,130323830.56,0.0,0.0,1
4291412000189,2009-12-15,129837211.36,6360.3625863000025,130287884.25,0.0,0.0,1
4291412000189,2009-12-16,128697957.77,6304.739954899997,129148490.88,0.0,0.0,1
4291412000189,2009-12-17,125926384.5,6167.8356052,126344094.46,0.0,0.0,1
4291412000189,2009-12-18,125108550.89,6147.9084365,125935899.39,0.0,0.0,1
4291412000189,2009-12-21,123534187.91,6064.993126100001,124237433.27,0.0,0.0,1
4291412000189,2009-12-22,125777998.75,6175.8777555,126508832.67,0.0,0.0,1
4291412000189,2009-12-23,127394603.42,6209.3961497,127195435.14,0.0,0.0,1
4291412000189,2009-12-24,127396292.58,6209.471846500001,127196985.74,0.0,0.0,1
4291412000189,2009-12-28,128013548.01,6245.3921067,127932788.87,0.0,0.0,1
4291412000189,2009-12-29,129050616.43,6290.3082838,128852867.5,0.0,0.0,1
4291412000189,2009-12-30,129102574.68,6316.494845699999,129389282.16,0.0,0.0,1
4291412000189,2009-12-31,129104127.76,6316.5162518,129389720.65,0.0,0.0,1
4291412000189,2010-01-04,132247242.31,6452.0561118999985,132166166.39,0.0,0.0,1
4291412000189,2010-01-05,132575217.42,6468.305263699999,132499019.68,0.0,0.0,1
4291412000189,2010-01-06,134048469.01,6507.3385138,133298590.38,0.0,0.0,1
4291412000189,2010-01-07,132863243.27,6486.2314154,132866225.22,0.0,0.0,1
4291412000189,2010-01-08,132554933.37,6471.103053399999,132556330.58,0.0,0.0,1
4291412000189,2010-01-11,132012724.85,6481.186727800001,132762888.08,0.0,0.0,1
4291412000189,2010-01-12,131778673.02,6454.0657535,132207332.59,0.0,0.0,1
4291412000189,2010-01-13,132363688.55,6482.5667267,132791156.46,0.0,0.0,1
4291412000189,2010-01-14,131236045.23,6422.4488565,131559681.05,0.0,0.0,1
4291412000189,2010-01-15,129045669.7,6354.3255166,130164218.81,0.0,0.0,1
4291412000189,2010-01-18,129157221.63,6413.2921982,131372112.87,0.0,0.0,1
4291412000189,2010-01-19,129869649.92,6449.2209434,132108089.81,0.0,0.0,1
4291412000189,2010-01-20,128155452.81,6294.703149,128942893.45,0.0,0.0,1
4291412000189,2010-01-21,122853520.72,6119.2450983,125348749.58,0.0,0.0,1
4291412000189,2010-01-22,122738729.2,6116.5898037,125294357.6,0.0,0.0,1
4291412000189,2010-01-25,122740676.49,6116.6317914,125295217.69,0.0,0.0,1
4291412000189,2010-01-26,121632840.94,6059.9053323,124133213.13,0.0,0.0,1
4291412000189,2010-01-27,123386953.23,6008.0472501999975,123070934.1,0.0,0.0,1
4291412000189,2010-01-28,128263246.61,6071.2879057,124366377.73,0.0,0.0,1
4291412000189,2010-01-29,129362309.11,6034.59017,123614648.52,0.0,0.0,1
4291412000189,2010-02-01,131352711.15,6132.7249343,125624875.24,0.0,0.0,1
4291412000189,2010-02-02,128836773.25,6182.8854711,126652381.16,0.0,0.0,1
4291412000189,2010-02-03,126233050.85,6180.6768864,126607139.74,0.0,0.0,1
4291412000189,2010-02-04,120757197.3,5897.096833,120798187.08,0.0,0.0,1
4291412000189,2010-02-05,118645188.18,5793.1335592,118668567.14,0.0,0.0,1
4291412000189,2010-02-08,119232007.67,5821.7286169,119254318.27,0.0,0.0,1
4291412000189,2010-02-09,121772903.16,5964.0885148,122170468.04,0.0,0.0,1
4291412000189,2010-02-10,122649847.04,6006.8313291999975,123046026.75,0.0,0.0,1
4291412000189,2010-02-11,124898497.18,6108.5674085,125130024.06,0.0,0.0,1
4291412000189,2010-02-12,124641833.68,6093.9751138,124831110.41,0.0,0.0,1
4291412000189,2010-02-17,123876302.61,6213.025678800002,124069783.69,0.0,3200000.0,1
4291412000189,2010-02-18,124215075.18,6259.7760893,125003356.74,0.0,0.0,1
4291412000189,2010-02-19,123431772.44,6222.5706895,124260390.89,0.0,0.0,1
4291412000189,2010-02-22,122302786.44,6179.674579500002,123403785.53,0.0,0.0,1
4291412000189,2010-02-23,120449033.91,6075.8232716,121329947.44,0.0,0.0,1
4291412000189,2010-02-24,120058900.74,6056.2336501,120938756.38,0.0,0.0,1
4291412000189,2010-02-25,120713454.16,6078.9895591,121393175.99,0.0,0.0,1
4291412000189,2010-02-26,121355622.45,6125.6990143,122325931.19,0.0,0.0,1
4291412000189,2010-03-01,122494746.76,6175.9432696999975,123329273.88,0.0,0.0,1
4291412000189,2010-03-02,123647920.58,6233.8356584,124485344.45,0.0,0.0,1
4291412000189,2010-03-03,123972043.44,6229.9212415,124407176.28,0.0,0.0,1
4291412000189,2010-03-04,124000029.36,6231.2660192,124434030.55,0.0,0.0,1
4291412000189,2010-03-05,125861219.08,6320.9951166,126225857.96,0.0,0.0,1
4291412000189,2010-03-08,124652040.6,6302.7690546,125861896.23,0.0,0.0,1
4291412000189,2010-03-09,126501889.63,6388.853953,127580951.53,0.0,0.0,1
4291412000189,2010-03-10,126722307.51,6422.5442469,128253723.17,0.0,0.0,1
4291412000189,2010-03-11,127511451.64,6418.033694,128163650.58,0.0,0.0,1
4291412000189,2010-03-12,126599945.8,6371.0820751,127226059.54,0.0,0.0,1
4291412000189,2010-03-15,126514608.77,6344.4869641999985,126694973.75,0.0,0.0,1
4291412000189,2010-03-16,128113640.67,6416.3780858,128130589.24,0.0,0.0,1
4291412000189,2010-03-17,127652732.77,6393.243103,127668599.79,0.0,0.0,1
4291412000189,2010-03-18,127835903.25,6371.5103008999995,127234610.91,0.0,0.0,1
4291412000189,2010-03-19,126234534.49,6292.827169100001,125663363.72,0.0,0.0,1
4291412000189,2010-03-22,126607339.33,6320.5439426,126216848.33,0.0,0.0,1
4291412000189,2010-03-23,126251945.64,6340.0928786,126607226.93,0.0,0.0,1
4291412000189,2010-03-24,125593471.45,6305.0297436,125907040.61,0.0,0.0,1
4291412000189,2010-03-25,124992283.93,6266.6683704,125140990.78,0.0,0.0,1
4291412000189,2010-03-26,125458117.7,6290.2819313,125612537.1,0.0,0.0,1
4291412000189,2010-03-29,127315643.35,6385.4436304,127512849.77,0.0,0.0,1
4291412000189,2010-03-30,127577965.31,6394.0772658,127685257.44,0.0,0.0,1
4291412000189,2010-03-31,128410707.01,6436.1737816,128525895.46,0.0,0.0,1
4291412000189,2010-04-01,129111451.04,6501.4759967,129829935.09,0.0,0.0,1
4291412000189,2010-04-05,129094395.79,6520.1264887,130202372.39,0.0,0.0,1
4291412000189,2010-04-06,128801943.66,6505.4129837,129908553.97,0.0,0.0,1
4291412000189,2010-04-07,129087522.11,6488.620177100002,129573213.35,0.0,0.0,1
4291412000189,2010-04-08,131271202.75,6584.7036735,131491933.67,0.0,0.0,1
4291412000189,2010-04-09,130709947.35,6556.539834800001,130929521.48,0.0,0.0,1
4291412000189,2010-04-12,129083869.68,6475.0376139,129301979.05,0.0,0.0,1
4291412000189,2010-04-13,129173347.66,6479.461314,129390317.25,0.0,0.0,1
4291412000189,2010-04-14,129827520.79,6512.1596863,130043280.91,0.0,0.0,1
4291412000189,2010-04-15,128786823.13,6468.2112235,129165660.8,0.0,0.0,1
4291412000189,2010-04-16,126626155.12,6358.2753468,126970318.12,0.0,0.0,1
4291412000189,2010-04-19,126176715.78,6334.663269600002,126498801.43,0.0,0.0,1
4291412000189,2010-04-20,126546140.74,6364.7754709,127100121.06,0.0,0.0,1
4291412000189,2010-04-22,126331675.98,6353.9810774,126884564.56,0.0,0.0,1
4291412000189,2010-04-23,121925558.03,6367.0239066,122945023.75,0.0,4200000.0,1
4291412000189,2010-04-26,120951581.76,6305.646882,121759851.72,0.0,0.0,1
4291412000189,2010-04-27,116968154.71,6099.3000299999985,117775365.66,0.0,0.0,1
4291412000189,2010-04-28,117502903.97,6116.2776253,118103197.13,0.0,0.0,1
4291412000189,2010-04-29,119324411.86,6236.1277515,120417461.45,0.0,0.0,1
4291412000189,2010-04-30,119322440.1,6197.8849872,119679006.95,0.0,0.0,1
4291412000189,2010-05-03,118137825.01,6123.5993515,118244577.12,0.0,0.0,1
4291412000189,2010-05-04,114531715.66,5928.8637611,114484300.49,0.0,0.0,1
4291412000189,2010-05-05,114778091.78,5941.5596994,114729454.65,0.0,0.0,1
4291412000189,2010-05-06,112909565.49,5844.729882600002,112859704.51,0.0,0.0,1
4291412000189,2010-05-07,111807462.12,5802.4573922,112043437.4,0.0,0.0,1
4291412000189,2010-05-10,115561663.94,6014.2857306999995,116133769.06,0.0,0.0,1
4291412000189,2010-05-11,113869397.82,5920.747945100001,114327586.9,0.0,0.0,1
4291412000189,2010-05-12,114969371.01,5977.7510741999995,115428297.53,0.0,0.0,1
4291412000189,2010-05-13,113753273.35,5929.4459078,114495541.54,0.0,0.0,1
4291412000189,2010-05-14,111808473.95,5828.6775769,112549740.06,0.0,0.0,1
4291412000189,2010-05-17,111153706.43,5788.0903886999995,111766015.55,0.0,0.0,1
4291412000189,2010-05-18,108658017.36,5641.9533905,108944160.86,0.0,0.0,1
4291412000189,2010-05-19,106186400.52,5513.9046943,106471585.0,0.0,0.0,1
4291412000189,2010-05-20,103300328.66,5370.6329931,103705058.2,0.0,0.0,1
4291412000189,2010-05-21,106631788.22,5543.1136282,107035599.37,0.0,0.0,1
4291412000189,2010-05-24,105785412.05,5507.1595056999995,106341337.75,0.0,0.0,1
4291412000189,2010-05-25,102438960.24,5437.571829199999,104997623.88,0.0,0.0,1
4291412000189,2010-05-26,104017917.98,5519.2941346,106575653.22,0.0,0.0,1
4291412000189,2010-05-27,107193241.28,5680.5083847,109688644.41,0.0,0.0,1
4291412000189,2010-05-28,108359576.72,5669.116185,109468664.99,0.0,0.0,1
4291412000189,2010-05-31,115762839.45,5797.795755300002,111953422.81,0.0,0.0,1
4291412000189,2010-06-01,113425340.88,5677.5411734,109631348.59,0.0,0.0,1
4291412000189,2010-06-02,115950411.85,5776.718107,111546420.74,0.0,0.0,1
4291412000189,2010-06-04,109147140.95,5671.182398800002,109508562.86,0.0,0.0,1
4291412000189,2010-06-07,107959488.62,5607.298453,108274986.05,0.0,0.0,1
4291412000189,2010-06-08,109011165.62,5665.9365002,109407266.38,0.0,0.0,1
4291412000189,2010-06-09,108610672.45,5645.6904639,109016322.45,0.0,0.0,1
4291412000189,2010-06-10,110979668.87,5770.7296876,111430786.44,0.0,0.0,1
4291412000189,2010-06-11,111825825.33,5810.091573,112190850.78,0.0,0.0,1
4291412000189,2010-06-14,111084444.17,5775.0545639,111514298.3,0.0,0.0,1
4291412000189,2010-06-15,112554665.33,5852.6628834,113012888.0,0.0,0.0,1
4291412000189,2010-06-16,113117142.85,5883.5750948999985,113609792.07,0.0,0.0,1
4291412000189,2010-06-17,112633128.5,5854.046606800001,113039607.22,0.0,0.0,1
4291412000189,2010-06-18,112627270.62,5851.4855291999975,112990153.7,0.0,0.0,1
4291412000189,2010-06-21,113462391.4,5893.9066592,113809290.99,0.0,0.0,1
4291412000189,2010-06-22,112536078.55,5864.7737744,113246745.1,0.0,0.0,1
4291412000189,2010-06-23,110176610.12,5885.2477516,108842090.55,0.0,4800000.0,1
4291412000189,2010-06-24,107843177.87,5758.1010206,106490632.02,0.0,0.0,1
4291412000189,2010-06-25,108994724.39,5836.5322639,107941143.68,0.0,0.0,1
4291412000189,2010-06-28,104717468.38,5773.3808067,106773217.21,0.0,0.0,1
4291412000189,2010-06-29,101197049.44,5581.241381600003,103219780.28,0.0,0.0,1
4291412000189,2010-06-30,98763425.06,5486.222596199998,101462497.72,0.0,0.0,1
4291412000189,2010-07-01,102620783.95,5535.9784087,102382684.41,0.0,0.0,1
4291412000189,2010-07-02,102939827.39,5553.8445552,102713101.89,0.0,0.0,1
4291412000189,2010-07-05,102628513.87,5499.1604923,101701771.87,0.0,0.0,1
4291412000189,2010-07-06,103233881.19,5606.200666100001,103681378.64,0.0,0.0,1
4291412000189,2010-07-07,105412839.22,5730.9133393,105987821.57,0.0,0.0,1
4291412000189,2010-07-08,107792677.79,5759.7143953999985,106520469.86,0.0,0.0,1
4291412000189,2010-07-09,107794301.5,5759.7516138,106521158.18,0.0,0.0,1
4291412000189,2010-07-12,106450048.77,5715.3474294,105699944.79,0.0,0.0,1
4291412000189,2010-07-13,107402427.25,5759.0035983000025,106507324.34,0.0,0.0,1
4291412000189,2010-07-14,105960811.39,5739.245458300001,106141916.23,0.0,0.0,1
4291412000189,2010-07-15,105832815.28,5730.6313276,105982606.03,0.0,0.0,1
4291412000189,2010-07-16,103781681.1,5627.4223635,104073853.86,0.0,0.0,1
4291412000189,2010-07-19,105507451.02,5713.8505321,105672261.09,0.0,0.0,1
4291412000189,2010-07-20,107452727.72,5843.2826173,108065985.08,0.0,0.0,1
4291412000189,2010-07-21,106543465.74,5835.856872300003,107928652.95,0.0,0.0,1
4291412000189,2010-07-22,108088966.1,5945.441704,109955320.76,0.0,0.0,1
4291412000189,2010-07-23,109326219.3,5988.0989258,110744225.73,0.0,0.0,1
4291412000189,2010-07-26,110451282.3,5990.336743399997,110785612.05,0.0,0.0,1
4291412000189,2010-07-27,111164555.89,5992.2623368999975,110821224.08,0.0,0.0,1
4291412000189,2010-07-28,111390187.42,6039.6922023000025,111698394.58,0.0,0.0,1
4291412000189,2010-07-29,133813227.64,6041.513332500002,124732074.61,13000000.0,0.0,1
4291412000189,2010-07-30,137689856.86,6088.1787075,125695520.14,0.0,0.0,1
4291412000189,2010-08-02,142679789.75,6185.4152618,127703049.79,0.0,0.0,1
4291412000189,2010-08-03,132236652.53,6142.3472463,126813874.74,0.0,0.0,1
4291412000189,2010-08-04,130681369.23,6149.7648061,126967016.44,0.0,0.0,1
4291412000189,2010-08-05,128280550.03,6166.695505,127316564.82,0.0,0.0,1
4291412000189,2010-08-06,127592138.71,6146.6478018,126902663.29,0.0,0.0,1
4291412000189,2010-08-09,125735549.87,6133.5293546,126631822.02,0.0,0.0,1
4291412000189,2010-08-10,124759285.59,6074.2400526,125407745.0,0.0,0.0,1
4291412000189,2010-08-11,116612348.17,5929.2542505,122414392.36,0.0,0.0,1
4291412000189,2010-08-12,117020839.64,5945.0040064999985,122739559.19,0.0,0.0,1
4291412000189,2010-08-13,113789922.69,5979.3545999,119648755.83,0.0,3800000.0,1
4291412000189,2010-08-16,120522039.9,6013.5845052,120333706.94,0.0,0.0,1
4291412000189,2010-08-17,121951256.61,6085.7461089,121777683.2,0.0,0.0,1
4291412000189,2010-08-18,123013636.91,6073.7583177,121537803.75,0.0,0.0,1
4291412000189,2010-08-19,120759040.69,5998.0019477,120021895.09,0.0,0.0,1
4291412000189,2010-08-20,120499454.52,5979.7765225,119657198.63,0.0,0.0,1
4291412000189,2010-08-23,118013756.51,5915.3140509,118367284.41,0.0,0.0,1
4291412000189,2010-08-24,116198620.65,5826.381916800001,116587724.59,0.0,0.0,1
4291412000189,2010-08-25,115571126.19,5797.904690300001,116017886.38,0.0,0.0,1
4291412000189,2010-08-26,116006693.55,5708.2768099,114224404.46,0.0,0.0,1
4291412000189,2010-08-27,119206534.34,5867.7023928,117414560.24,0.0,0.0,1
4291412000189,2010-08-30,116777673.78,5743.4126265,114927483.14,0.0,0.0,1
4291412000189,2010-08-31,116878868.48,5838.386853100003,116827947.12,0.0,0.0,1
4291412000189,2010-09-01,121467230.89,6019.8301437,120458684.12,0.0,0.0,1
4291412000189,2010-09-02,120582486.63,5998.2368236,120026595.03,0.0,0.0,1
4291412000189,2010-09-03,120811178.71,6008.4328861,120230621.43,0.0,0.0,1
4291412000189,2010-09-06,119911257.13,6012.3744012,120309492.38,0.0,0.0,1
4291412000189,2010-09-08,118422142.26,5977.4362687,119610369.42,0.0,0.0,1
4291412000189,2010-09-09,118391989.55,5977.184613,119605333.71,0.0,0.0,1
4291412000189,2010-09-10,118107559.73,5975.1493719,119564607.9,0.0,0.0,1
4291412000189,2010-09-13,121715049.34,6103.7736831,122138420.6,0.0,0.0,1
4291412000189,2010-09-14,120931154.02,6063.854066800001,121339616.59,0.0,0.0,1
4291412000189,2010-09-15,121827019.47,6097.0185928,122003249.13,0.0,0.0,1
4291412000189,2010-09-16,119982562.88,6056.944166800001,121201347.33,0.0,0.0,1
4291412000189,2010-09-17,118217784.41,6010.8185655,120278359.62,0.0,0.0,1
4291412000189,2010-09-20,120118632.09,6098.1931382,122026752.15,0.0,0.0,1
4291412000189,2010-09-21,120064882.42,6046.6529983,120995417.83,0.0,0.0,1
4291412000189,2010-09-22,121791365.23,6088.108875,121824962.89,0.0,0.0,1
4291412000189,2010-09-23,122559477.76,6136.2377109,122788035.95,0.0,0.0,1
4291412000189,2010-09-24,126756391.6,6097.5879502,122014642.15,0.0,0.0,1
4291412000189,2010-09-27,127686009.89,6166.0885336,123385360.25,0.0,0.0,1
4291412000189,2010-09-28,128731762.72,6207.3058114,124210130.87,0.0,0.0,1
4291412000189,2010-09-29,124917846.57,6261.6765852,125298107.06,0.0,0.0,1
4291412000189,2010-09-30,125351718.6,6269.0137893,125444926.81,0.0,0.0,1
4291412000189,2010-10-01,126353521.34,6330.9050897,126683391.09,0.0,0.0,1
4291412000189,2010-10-04,126220398.14,6340.9148398,126883689.32,0.0,0.0,1
4291412000189,2010-10-05,127459458.08,6397.0566978,128007105.46,0.0,0.0,1
4291412000189,2010-10-06,125513863.6,6313.9085048,126343284.11,0.0,0.0,1
4291412000189,2010-10-07,120794594.14,6253.7812558,125140119.05,0.0,0.0,1
4291412000189,2010-10-08,122410885.99,6335.6437703,126778213.57,0.0,0.0,1
4291412000189,2010-10-11,122761355.93,6339.0173031999975,126845719.02,0.0,0.0,1
4291412000189,2010-10-13,130309282.54,6390.2072012,127870044.89,0.0,0.0,1
4291412000189,2010-10-14,130566216.72,6401.873604,128103493.26,0.0,0.0,1
4291412000189,2010-10-15,130510546.63,6410.5008945,128276128.04,0.0,0.0,1
4291412000189,2010-10-18,127946441.9,6414.8796806,128363748.92,0.0,0.0,1
4291412000189,2010-10-19,124710883.5,6253.1297293000025,125127081.8,0.0,0.0,1
4291412000189,2010-10-20,125748592.77,6299.911068500001,126063191.03,0.0,0.0,1
4291412000189,2010-10-21,121858581.52,6220.7193833,124478540.64,0.0,0.0,1
4291412000189,2010-10-22,121746069.87,6215.0427974,124364950.38,0.0,0.0,1
4291412000189,2010-10-25,122441466.32,6242.7845157,124920070.84,0.0,0.0,1
4291412000189,2010-10-26,126074700.87,6352.1866606,127109241.98,0.0,0.0,1
4291412000189,2010-10-27,127103571.44,6316.4930336000025,126395001.34,0.0,0.0,1
4291412000189,2010-10-28,126436893.04,6292.0878718999975,125906646.42,0.0,0.0,1
4291412000189,2010-10-29,127938747.2,6311.856558899999,126302224.03,0.0,0.0,1
4291412000189,2010-11-01,128467447.87,6411.4252109,128294623.9,0.0,0.0,1
4291412000189,2010-11-03,129546204.2,6452.182951100001,129110199.03,0.0,0.0,1
4291412000189,2010-11-04,131840283.16,6566.7539477,131402800.51,0.0,0.0,1
4291412000189,2010-11-05,131026272.3,6541.262905899999,130892716.79,0.0,0.0,1
4291412000189,2010-11-08,131015624.73,6561.4831216,131297329.63,0.0,0.0,1
4291412000189,2010-11-09,129437023.02,6464.1136901,129348936.85,0.0,0.0,1
4291412000189,2010-11-10,129700846.38,6477.2249938999985,129611298.14,0.0,0.0,1
4291412000189,2010-11-11,128560616.05,6420.1869655,128469949.35,0.0,0.0,1
4291412000189,2010-11-12,126416394.12,6332.2441882,126710186.87,0.0,0.0,1
4291412000189,2010-11-16,124345069.95,6228.6765878,124637766.79,0.0,0.0,1
4291412000189,2010-11-17,124466835.34,6253.024864800002,125124983.43,0.0,0.0,1
4291412000189,2010-11-18,128467471.88,6346.0923969999985,126987293.86,0.0,0.0,1
4291412000189,2010-11-19,128657102.73,6355.5141783,127175826.65,0.0,0.0,1
4291412000189,2010-11-22,126731219.19,6241.885008,124902071.41,0.0,0.0,1
4291412000189,2010-11-23,121897676.14,6108.444808,122231891.27,0.0,0.0,1
4291412000189,2010-11-24,122480383.28,6246.4459142,122993336.59,0.0,2000000.0,1
4291412000189,2010-11-25,121712229.59,6206.0133077,122197213.28,0.0,0.0,1
4291412000189,2010-11-26,120078431.22,6121.399042100001,120531147.33,0.0,0.0,1
4291412000189,2010-11-29,119861776.38,6101.2910963999975,120135219.25,0.0,0.0,1
4291412000189,2010-11-30,118553538.39,6064.29479,119406757.14,0.0,0.0,1
4291412000189,2010-12-01,122519820.52,6213.492063000002,122344470.95,0.0,0.0,1
4291412000189,2010-12-02,123061938.11,6241.135756600002,122888778.89,0.0,0.0,1
4291412000189,2010-12-03,125082987.52,6248.60206,123035791.38,0.0,0.0,1
4291412000189,2010-12-06,121733230.13,6231.9235232,122707388.81,0.0,0.0,1
4291412000189,2010-12-07,121088142.66,6201.6341819,122110987.72,0.0,0.0,1
4291412000189,2010-12-08,119456449.28,6116.2823234,120430398.47,0.0,0.0,1
4291412000189,2010-12-09,120168562.66,6112.6774068,120359417.19,0.0,0.0,1
4291412000189,2010-12-10,120609036.33,6153.8460756,121170033.66,0.0,0.0,1
4291412000189,2010-12-13,122183686.83,6232.8725337,122726074.95,0.0,0.0,1
4291412000189,2010-12-14,121454435.74,6199.5805901,122070552.23,0.0,0.0,1
4291412000189,2010-12-15,120171302.5,6121.446748800001,120532086.68,0.0,0.0,1
4291412000189,2010-12-16,119210159.09,6080.5848616,119727510.78,0.0,0.0,1
4291412000189,2010-12-17,120594229.22,6147.2680278000025,121040511.04,0.0,0.0,1
4291412000189,2010-12-20,119321164.62,6079.8368143,119712781.63,0.0,0.0,1
4291412000189,2010-12-21,121054458.34,6156.6593235,121225426.88,0.0,0.0,1
4291412000189,2010-12-22,121265453.04,6189.065374,121863506.25,0.0,0.0,1
4291412000189,2010-12-23,121245522.49,6189.269396,121867523.47,0.0,0.0,1
4291412000189,2010-12-24,121246922.35,6189.2868281,121867866.71,0.0,0.0,1
4291412000189,2010-12-27,120127218.26,6130.781124600001,120715881.76,0.0,0.0,1
4291412000189,2010-12-28,120579223.31,6155.2034383,121196760.31,0.0,0.0,1
4291412000189,2010-12-29,122094488.15,6232.9513762,122727627.37,0.0,0.0,1
4291412000189,2010-12-30,123041272.33,6271.6725001,123490051.36,0.0,0.0,1
4291412000189,2010-12-31,123042784.78,6271.6950118,123490494.62,0.0,0.0,1
4291412000189,2011-01-03,123923328.25,6323.4094278,124508758.23,0.0,0.0,1
4291412000189,2011-01-04,124672424.18,6361.3432425,125255680.0,0.0,0.0,1
4291412000189,2011-01-05,127637924.92,6436.3901399,126733363.22,0.0,0.0,1
4291412000189,2011-01-06,126653676.32,6383.1103915,125684278.01,0.0,0.0,1
4291412000189,2011-01-07,125424430.34,6319.713072899999,124435976.52,0.0,0.0,1
4291412000189,2011-01-10,124274574.97,6336.9206525,124774796.01,0.0,0.0,1
4291412000189,2011-01-11,124182640.56,6377.4290778,125572412.2,0.0,0.0,1
4291412000189,2011-01-12,126426886.65,6496.1768811,127910571.97,0.0,0.0,1
4291412000189,2011-01-13,124780952.0,6404.3599929,126102685.44,0.0,0.0,1
4291412000189,2011-01-14,125434237.42,6431.1208726999985,126629610.66,0.0,0.0,1
4291412000189,2011-01-17,124284507.82,6402.4565602,126065206.6,0.0,0.0,1
4291412000189,2011-01-18,124824235.65,6430.0900116,126609312.87,0.0,0.0,1
4291412000189,2011-01-19,123064475.66,6344.0739178,124915644.74,0.0,0.0,1
4291412000189,2011-01-20,123005966.06,6292.6384984999995,123902874.61,0.0,0.0,1
4291412000189,2011-01-21,122304788.63,6257.3321493,123207687.98,0.0,0.0,1
4291412000189,2011-01-24,122714202.38,6293.6295924999995,123922389.38,0.0,0.0,1
4291412000189,2011-01-25,122715704.19,6293.649790899999,123922787.09,0.0,0.0,1
4291412000189,2011-01-26,121787947.29,6239.9084418,122864612.9,0.0,0.0,1
4291412000189,2011-01-27,121064773.48,6198.9364568,122057869.16,0.0,0.0,1
4291412000189,2011-01-28,120706429.93,6085.7078555,119828383.2,0.0,0.0,1
4291412000189,2011-01-31,120801156.47,6083.6685933,119788229.86,0.0,0.0,1
4291412000189,2011-02-01,122546677.45,6188.0445484,121843406.06,0.0,0.0,1
4291412000189,2011-02-02,119751123.63,6120.623244899999,120515871.78,0.0,0.0,1
4291412000189,2011-02-03,119935397.13,6129.9700035,120699910.68,0.0,0.0,1
4291412000189,2011-02-04,117753951.94,6004.9916367,118239070.3,0.0,0.0,1
4291412000189,2011-02-07,117793022.7,6014.0303756,118417044.25,0.0,0.0,1
4291412000189,2011-02-08,118311458.35,6036.7404898999985,118864209.37,0.0,0.0,1
4291412000189,2011-02-09,115285071.66,5882.9498669,115836051.9,0.0,0.0,1
4291412000189,2011-02-10,115386365.74,5906.024538000002,116290395.19,0.0,0.0,1
4291412000189,2011-02-11,117818464.61,6020.2448818,118539408.69,0.0,0.0,1
4291412000189,2011-02-14,118880831.22,6085.3078861,119820507.75,0.0,0.0,1
4291412000189,2011-02-15,119571208.87,6097.4694016,120059969.58,0.0,0.0,1
4291412000189,2011-02-16,121413740.94,6196.472802699999,122009359.49,0.0,0.0,1
4291412000189,2011-02-17,121672822.76,6199.1741114,122062548.61,0.0,0.0,1
4291412000189,2011-02-18,122186396.72,6219.873077100001,122470113.95,0.0,0.0,1
4291412000189,2011-02-21,120956406.93,6152.0246265,121134169.09,0.0,0.0,1
4291412000189,2011-02-22,119440130.16,6082.0839908,119757028.83,0.0,0.0,1
4291412000189,2011-02-23,120566439.57,6139.237918600003,120882397.14,0.0,0.0,1
4291412000189,2011-02-24,119529096.18,6112.8022658,120361875.68,0.0,0.0,1
4291412000189,2011-02-25,119654777.15,6125.6325783,120614506.21,0.0,0.0,1
4291412000189,2011-02-28,119840651.31,6174.022416,121567308.44,0.0,0.0,1
4291412000189,2011-03-01,118513157.68,6089.4500445,119902067.39,0.0,0.0,1
4291412000189,2011-03-02,122406244.99,6175.6125781,121598618.94,0.0,0.0,1
4291412000189,2011-03-03,124349416.56,6233.3002581,122734496.9,0.0,0.0,1
4291412000189,2011-03-04,124224594.78,6225.457258899999,122580067.22,0.0,0.0,1
4291412000189,2011-03-09,120237376.2,6130.1027015,120702523.52,0.0,0.0,1
4291412000189,2011-03-10,117716009.21,6007.075768600002,118280107.13,0.0,0.0,1
4291412000189,2011-03-11,117528767.12,6063.3607875,119388366.51,0.0,0.0,1
4291412000189,2011-03-14,118145275.03,6088.3981601999985,119881355.65,0.0,0.0,1
4291412000189,2011-03-15,117930226.82,6076.973207600001,119656396.84,0.0,0.0,1
4291412000189,2011-03-16,117430496.22,5983.059608600001,117807225.8,0.0,0.0,1
4291412000189,2011-03-17,118323610.66,6018.295459,118501024.3,0.0,0.0,1
4291412000189,2011-03-18,109528609.16,6068.6567656000025,109492644.97,0.0,10000000.0,1
4291412000189,2011-03-21,109714773.5,6076.7614132,109638871.61,0.0,0.0,1
4291412000189,2011-03-22,111001711.28,6148.9274964,110940915.15,0.0,0.0,1
4291412000189,2011-03-23,106520873.34,6171.1481697,103341827.62,0.0,8000000.0,1
4291412000189,2011-03-24,106074881.79,6145.5779588999985,102913629.78,0.0,0.0,1
4291412000189,2011-03-25,106351653.36,6162.1513448,103191167.11,0.0,0.0,1
4291412000189,2011-03-28,102253733.88,6117.2559687,102439350.74,0.0,0.0,1
4291412000189,2011-03-29,102646901.71,6141.647910000002,102847817.32,0.0,0.0,1
4291412000189,2011-03-30,103601604.14,6199.6517361999995,103819147.33,0.0,0.0,1
4291412000189,2011-03-31,104979066.75,6273.259523100001,105051780.71,0.0,0.0,1
4291412000189,2011-04-01,105795847.39,6329.7546032,105997845.31,0.0,0.0,1
4291412000189,2011-04-04,106008168.97,6341.346047300001,106191955.22,0.0,0.0,1
4291412000189,2011-04-05,106051227.99,6344.0110946999985,106236584.01,0.0,0.0,1
4291412000189,2011-04-06,98419647.8,6285.7804365,97261455.47,0.0,8000000.0,1
4291412000189,2011-04-07,98204461.38,6273.2739124,97067938.89,0.0,0.0,1
4291412000189,2011-04-08,97330976.0,6218.1169265,96214481.03,0.0,0.0,1
4291412000189,2011-04-11,95338063.71,6177.0170782,95578532.78,0.0,0.0,1
4291412000189,2011-04-12,93981172.12,6068.951669,93906409.63,0.0,0.0,1
4291412000189,2011-04-13,93572574.82,6028.0512565,93273547.3,0.0,0.0,1
4291412000189,2011-04-14,93113531.71,6008.4507427,92970263.64,0.0,0.0,1
4291412000189,2011-04-15,93778603.28,6045.0921032,93537224.59,0.0,0.0,1
4291412000189,2011-04-18,92161409.07,5957.3042672,92178861.41,0.0,0.0,1
4291412000189,2011-04-19,93184231.19,6023.133962,93197460.77,0.0,0.0,1
4291412000189,2011-04-20,93971800.19,6110.3326516000025,94546707.94,0.0,0.0,1
4291412000189,2011-04-25,93960395.66,6112.5655702,94581258.45,0.0,0.0,1
4291412000189,2011-04-26,92256822.75,6137.026956000002,92759755.65,0.0,2200000.0,1
4291412000189,2011-04-27,91253815.49,6063.0928384,91642258.41,0.0,0.0,1
4291412000189,2011-04-28,90345860.52,6000.3632088999975,90694114.44,0.0,0.0,1
4291412000189,2011-04-29,91082106.96,6050.6954132,91454874.17,0.0,0.0,1
4291412000189,2011-05-02,90328353.74,6007.159503800001,90796838.88,0.0,0.0,1
4291412000189,2011-05-03,88529211.77,5892.0225437,89056570.12,0.0,0.0,1
4291412000189,2011-05-04,87707903.53,5849.956171,88420746.54,0.0,0.0,1
4291412000189,2011-05-05,87847976.55,5838.3438077,88245228.33,0.0,0.0,1
4291412000189,2011-05-06,85720277.82,5912.7448176000025,86869782.56,0.0,2500000.0,1
4291412000189,2011-05-09,86160991.18,5941.6276525,87294127.88,0.0,0.0,1
4291412000189,2011-05-10,86351110.07,5973.5026984,87762434.63,0.0,0.0,1
4291412000189,2011-05-11,85881997.05,5872.0197229,86271451.29,0.0,0.0,1
4291412000189,2011-05-12,85352354.44,5878.1970293,86362208.0,0.0,0.0,1
4291412000189,2011-05-13,76995934.27,5793.7960938999995,77122193.22,0.0,8000000.0,1
4291412000189,2011-05-16,76573773.53,5776.056823200001,76886062.81,0.0,0.0,1
4291412000189,2011-05-17,77837557.54,5831.6791953,77626461.55,0.0,0.0,1
4291412000189,2011-05-18,76066391.01,5759.566306399999,76666554.77,0.0,0.0,1
4291412000189,2011-05-19,75688301.2,5730.798127,76283616.7,0.0,0.0,1
4291412000189,2011-05-20,75989398.32,5755.051206,76606453.51,0.0,0.0,1
4291412000189,2011-05-23,75624534.08,5725.979661,76219477.29,0.0,0.0,1
4291412000189,2011-05-24,72439382.69,5799.8438019,72802695.28,0.0,4400000.0,1
4291412000189,2011-05-25,72510539.74,5803.1881555,72844675.37,0.0,0.0,1
4291412000189,2011-05-26,73693038.9,5887.0318962,73897126.18,0.0,0.0,1
4291412000189,2011-05-27,73472804.36,5900.3323632,74064080.65,0.0,0.0,1
4291412000189,2011-05-30,73111200.34,5869.335383600002,73674990.23,0.0,0.0,1
4291412000189,2011-05-31,73298546.44,5902.6060728,74092621.45,0.0,0.0,1
4291412000189,2011-06-01,72487660.16,5822.5662347,73087919.23,0.0,0.0,1
4291412000189,2011-06-02,73111920.29,5873.3995868,73726006.25,0.0,0.0,1
4291412000189,2011-06-03,73346809.2,5872.2101554,73711075.88,0.0,0.0,1
4291412000189,2011-06-06,72277117.06,5772.347057600001,72457541.66,0.0,0.0,1
4291412000189,2011-06-07,72457593.65,5793.4380692,72722287.15,0.0,0.0,1
4291412000189,2011-06-08,72377730.59,5787.061859,72642249.6,0.0,0.0,1
4291412000189,2011-06-09,72531125.15,5813.9538094,72979811.53,0.0,0.0,1
4291412000189,2011-06-10,71975811.11,5756.334998699999,72256549.86,0.0,0.0,1
4291412000189,2011-06-13,71275026.76,5700.280548,71552924.86,0.0,0.0,1
4291412000189,2011-06-14,71907623.1,5741.829501,72074469.21,0.0,0.0,1
4291412000189,2011-06-15,71444079.31,5712.0620444,71700812.41,0.0,0.0,1
4291412000189,2011-06-16,70857800.19,5665.2987986,71113815.51,0.0,0.0,1
4291412000189,2011-06-17,71114793.97,5658.6707531,71030616.79,0.0,0.0,1
4291412000189,2011-06-20,71562666.08,5674.101192,71224307.79,0.0,0.0,1
4291412000189,2011-06-21,71800519.5,5693.4703606,71467439.8,0.0,0.0,1
4291412000189,2011-06-22,70883373.36,5688.343170699999,71403080.61,0.0,0.0,1
4291412000189,2011-06-24,67254030.38,5667.6252154,67643017.97,0.0,3500000.0,1
4291412000189,2011-06-27,67434307.87,5676.772452,67752190.09,0.0,0.0,1
4291412000189,2011-06-28,69028054.61,5783.1747369,69022099.69,0.0,0.0,1
4291412000189,2011-06-29,69191506.38,5797.5256648999975,69193377.79,0.0,0.0,1
4291412000189,2011-06-30,69580812.49,5817.4097438,69430693.96,0.0,0.0,1
4291412000189,2011-07-01,70483281.13,5895.9161345,70367666.5,0.0,0.0,1
4291412000189,2011-07-04,70878217.46,5939.4614226,70887378.83,0.0,0.0,1
4291412000189,2011-07-05,69866667.3,5877.9418637,70153143.86,0.0,0.0,1
4291412000189,2011-07-06,69357065.47,5829.995566,69580905.55,0.0,0.0,1
4291412000189,2011-07-07,68942004.35,5795.4097994999975,69168124.97,0.0,0.0,1
4291412000189,2011-07-08,64391047.1,5730.682460100003,64895605.2,0.0,3500000.0,1
4291412000189,2011-07-11,63262435.1,5617.302683,63611665.76,0.0,0.0,1
4291412000189,2011-07-12,62692661.37,5564.724823600001,63016261.63,0.0,0.0,1
4291412000189,2011-07-13,63803224.59,5641.9465195,63890738.4,0.0,0.0,1
4291412000189,2011-07-14,62686662.88,5548.154897199999,62828619.86,0.0,0.0,1
4291412000189,2011-07-15,62376152.67,5526.5829932,62584334.51,0.0,0.0,1
4291412000189,2011-07-18,61851629.34,5476.0325093,62011888.86,0.0,0.0,1
4291412000189,2011-07-19,61849463.08,5498.8931041999995,62270767.65,0.0,0.0,1
4291412000189,2011-07-20,61816336.91,5500.3724613,62287520.24,0.0,0.0,1
4291412000189,2011-07-21,62246290.42,5586.8747243,63267092.35,0.0,0.0,1
4291412000189,2011-07-22,62193625.72,5594.8935878,63357899.86,0.0,0.0,1
4291412000189,2011-07-25,61960121.25,5570.8139174,63085215.97,0.0,0.0,1
4291412000189,2011-07-26,61983047.32,5524.6342066000025,62562265.99,0.0,0.0,1
4291412000189,2011-07-27,61541550.28,5446.9713976,61682793.95,0.0,0.0,1
4291412000189,2011-07-28,61941718.77,5472.9300132,61976755.46,0.0,0.0,1
4291412000189,2011-07-29,62128639.65,5474.7357773,61997204.36,0.0,0.0,1
4291412000189,2011-08-01,61858472.7,5464.7136732,61883711.68,0.0,0.0,1
4291412000189,2011-08-02,60273334.78,5328.4162346,60340247.21,0.0,0.0,1
4291412000189,2011-08-03,58547030.08,5213.360632800001,59037330.33,0.0,0.0,1
4291412000189,2011-08-04,55405800.35,4954.805988300001,56109396.31,0.0,0.0,1
4291412000189,2011-08-05,55583417.05,4954.736236100001,56108606.42,0.0,0.0,1
4291412000189,2011-08-08,51367928.49,4568.5305211,51735121.45,0.0,0.0,1
4291412000189,2011-08-09,54174074.47,4779.5243048,54124465.02,0.0,0.0,1
4291412000189,2011-08-10,53930795.65,4791.7825384,54263280.16,0.0,0.0,1
4291412000189,2011-08-11,55966103.17,4952.2954474,56080966.35,0.0,0.0,1
4291412000189,2011-08-12,55804091.94,4977.2705671,56363790.52,0.0,0.0,1
4291412000189,2011-08-15,57259880.99,5092.9697072,57673994.98,0.0,0.0,1
4291412000189,2011-08-16,56692630.63,5059.718858,57297454.49,0.0,0.0,1
4291412000189,2011-08-17,57714884.51,5130.490234800001,58098886.32,0.0,0.0,1
4291412000189,2011-08-18,55951988.35,4964.1831244,56215585.22,0.0,0.0,1
4291412000189,2011-08-19,55028164.33,4885.3827924,55323231.6,0.0,0.0,1
4291412000189,2011-08-22,54744519.06,4865.411202800001,55097068.59,0.0,0.0,1
4291412000189,2011-08-23,55769761.67,4971.3450349,56296688.39,0.0,0.0,1
4291412000189,2011-08-24,55665786.38,4972.3680469,56308273.22,0.0,0.0,1
4291412000189,2011-08-25,55067577.86,4914.9344323999985,55657881.37,0.0,0.0,1
4291412000189,2011-08-26,55804504.98,4957.6077153000015,56141123.73,0.0,0.0,1
4291412000189,2011-08-29,57628071.04,5086.0683096,57595841.92,0.0,0.0,1
4291412000189,2011-08-30,58144402.87,5137.926479,58183096.11,0.0,0.0,1
4291412000189,2011-08-31,54674646.43,5245.5322922,53901649.83,0.0,5500000.0,1
4291412000189,2011-09-01,55868788.08,5395.117455899999,55438745.91,0.0,0.0,1
4291412000189,2011-09-02,54737426.48,5264.8646643,54100303.98,0.0,0.0,1
4291412000189,2011-09-05,52613134.22,5126.8804905,52682416.49,0.0,0.0,1
4291412000189,2011-09-06,54103940.05,5250.5530101,53953241.35,0.0,0.0,1
4291412000189,2011-09-08,54759511.84,5333.8485897,54809163.86,0.0,0.0,1
4291412000189,2011-09-09,53214398.7,5190.9918967,53341207.7,0.0,0.0,1
4291412000189,2011-09-12,52980420.01,5185.4021279,53283768.77,0.0,0.0,1
4291412000189,2011-09-13,52754043.08,5176.0949057,53188130.31,0.0,0.0,1
4291412000189,2011-09-14,53297694.94,5230.9441513,53751746.1,0.0,0.0,1
4291412000189,2011-09-15,53636229.02,5252.1337432,53969484.53,0.0,0.0,1
4291412000189,2011-09-16,54638881.22,5308.870488600001,54552495.75,0.0,0.0,1
4291412000189,2011-09-19,54808989.54,5314.6024751,54611396.07,0.0,0.0,1
4291412000189,2011-09-20,54095771.78,5282.017206,54276558.79,0.0,0.0,1
4291412000189,2011-09-21,53634880.44,5250.1844512,53949454.14,0.0,0.0,1
4291412000189,2011-09-22,51243576.63,5016.9638241,51552943.0,0.0,0.0,1
4291412000189,2011-09-23,51364098.3,4985.982102100002,51234583.33,0.0,0.0,1
4291412000189,2011-09-26,51698036.14,5034.5284555,51733432.33,0.0,0.0,1
4291412000189,2011-09-27,52002585.68,5076.5459053,52165192.11,0.0,0.0,1
4291412000189,2011-09-28,51399409.55,5030.6476404,51693554.14,0.0,0.0,1
4291412000189,2011-09-29,50829473.36,5048.7457621,51879525.47,0.0,0.0,1
4291412000189,2011-09-30,50532868.9,4994.6873571000015,51324036.14,0.0,0.0,1
4291412000189,2011-10-03,49258654.79,4874.6163341,50090219.27,0.0,0.0,1
4291412000189,2011-10-04,49605679.45,4852.852516,49866580.25,0.0,0.0,1
4291412000189,2011-10-05,49787180.43,4877.5771139,50120643.43,0.0,0.0,1
4291412000189,2011-10-06,50817636.48,4978.674236600001,51159489.71,0.0,0.0,1
4291412000189,2011-10-07,50072707.4,4888.6811834,50234745.8,0.0,0.0,1
4291412000189,2011-10-10,49085635.59,5037.7558315,49156595.97,0.0,2610000.0,1
4291412000189,2011-10-11,49466982.77,5076.698428100001,49536583.72,0.0,0.0,1
4291412000189,2011-10-13,50150202.07,5146.588126199998,50218542.07,0.0,0.0,1
4291412000189,2011-10-14,50365161.88,5182.1755822,50565791.57,0.0,0.0,1
4291412000189,2011-10-17,49459397.93,5106.6517201000015,49828857.09,0.0,0.0,1
4291412000189,2011-10-18,50165800.25,5170.614682500001,50452984.5,0.0,0.0,1
4291412000189,2011-10-19,50233991.64,5167.301865300001,50420659.23,0.0,0.0,1
4291412000189,2011-10-20,49560338.42,5098.083885,49745255.26,0.0,0.0,1
4291412000189,2011-10-21,50415450.84,5194.2773443000015,50683876.18,0.0,0.0,1
4291412000189,2011-10-24,51455634.63,5310.2520557,51815515.39,0.0,0.0,1
4291412000189,2011-10-25,51057170.39,5269.4321867,51417209.9,0.0,0.0,1
4291412000189,2011-10-26,51752946.35,5337.7969062,52084288.06,0.0,0.0,1
4291412000189,2011-10-27,53140567.77,5480.707601300001,53478758.84,0.0,0.0,1
4291412000189,2011-10-28,53731720.15,5498.8853372,53656130.6,0.0,0.0,1
4291412000189,2011-10-31,53160938.12,5431.7309333,53000862.26,0.0,0.0,1
4291412000189,2011-11-01,52415493.0,5356.5613158,52267384.37,0.0,0.0,1
4291412000189,2011-11-03,52919651.05,5441.6218735,53097374.47,0.0,0.0,1
4291412000189,2011-11-04,53302497.35,5474.6294529,53419450.47,0.0,0.0,1
4291412000189,2011-11-07,53834413.22,5524.6892806999995,53907916.13,0.0,0.0,1
4291412000189,2011-11-08,53574848.73,5496.6319352,53634142.72,0.0,0.0,1
4291412000189,2011-11-09,52524554.36,5388.8520855,52582466.0,0.0,0.0,1
4291412000189,2011-11-10,52230241.26,5359.7163889,52298170.43,0.0,0.0,1
4291412000189,2011-11-11,53158841.77,5449.3563388,53172844.58,0.0,0.0,1
4291412000189,2011-11-14,52949312.07,5433.529964,53018416.55,0.0,0.0,1
4291412000189,2011-11-16,53524415.82,5468.5306683,53359940.74,0.0,0.0,1
4291412000189,2011-11-17,52039251.12,5329.224988100002,52000646.39,0.0,0.0,1
4291412000189,2011-11-18,51806605.5,5302.532677,51740192.49,0.0,0.0,1
4291412000189,2011-11-21,51169471.15,5260.5549295,51330588.84,0.0,0.0,1
4291412000189,2011-11-22,50919876.55,5231.9860442,51051824.01,0.0,0.0,1
4291412000189,2011-11-23,50223685.06,5163.3716322,50382309.44,0.0,0.0,1
4291412000189,2011-11-24,50487303.0,5194.3544163000015,50684628.22,0.0,0.0,1
4291412000189,2011-11-25,50107646.59,5156.716592100001,50317371.97,0.0,0.0,1
4291412000189,2011-11-28,50966685.2,5242.5442094,51154846.76,0.0,0.0,1
4291412000189,2011-11-29,50448978.87,5194.3117143,50684211.55,0.0,0.0,1
4291412000189,2011-11-30,52203713.23,5361.3457935000015,52314069.57,0.0,0.0,1
4291412000189,2011-12-01,53319453.73,5475.3161078,53426150.6,0.0,0.0,1
4291412000189,2011-12-02,53172129.92,5465.9666317,53334921.8,0.0,0.0,1
4291412000189,2011-12-05,53977497.75,5547.3548005,54129078.06,0.0,0.0,1
4291412000189,2011-12-06,54377103.24,5588.176949700001,54527405.8,0.0,0.0,1
4291412000189,2011-12-07,53805406.91,5520.1176588,53863307.9,0.0,0.0,1
4291412000189,2011-12-08,52970336.29,5434.4254871,53027154.74,0.0,0.0,1
4291412000189,2011-12-09,53567200.8,5495.6019154,53624092.16,0.0,0.0,1
4291412000189,2011-12-12,52914265.3,5432.2694202,53006116.62,0.0,0.0,1
4291412000189,2011-12-13,52877167.28,5447.495952,53154691.6,0.0,0.0,1
4291412000189,2011-12-14,52219872.73,5377.120053199998,52467989.08,0.0,0.0,1
4291412000189,2011-12-15,52066575.91,5348.2633186,52186415.52,0.0,0.0,1
4291412000189,2011-12-16,52132069.32,5340.8236429,52113821.86,0.0,0.0,1
4291412000189,2011-12-19,51589047.9,5301.7984593,51733028.26,0.0,0.0,1
4291412000189,2011-12-20,52840970.22,5444.3169079,53123671.64,0.0,0.0,1
4291412000189,2011-12-21,52702703.4,5431.4845438,52998458.08,0.0,0.0,1
4291412000189,2011-12-22,53333441.15,5484.4867538,53515634.44,0.0,0.0,1
4291412000189,2011-12-23,53652458.24,5517.0135016999975,53833018.66,0.0,0.0,1
4291412000189,2011-12-26,53523894.35,5508.342284,53748408.06,0.0,0.0,1
4291412000189,2011-12-27,53709758.86,5533.2202133,53991157.88,0.0,0.0,1
4291412000189,2011-12-28,52602499.26,5415.970346,52847076.16,0.0,0.0,1
4291412000189,2011-12-29,53327190.78,5453.312491,53211447.28,0.0,0.0,1
4291412000189,2011-12-30,53327749.85,5453.3379757,53211695.95,0.0,0.0,1
4291412000189,2012-01-02,53572255.76,5501.8230268,53684795.51,0.0,0.0,1
4291412000189,2012-01-03,54552101.51,5609.2355509,54732888.0,0.0,0.0,1
4291412000189,2012-01-04,54291889.2,5609.746281100001,54737871.52,0.0,0.0,1
4291412000189,2012-01-05,53965615.51,5553.8140043,54192104.63,0.0,0.0,1
4291412000189,2012-01-06,54046398.75,5562.238200100001,54274304.88,0.0,0.0,1
4291412000189,2012-01-09,54272796.78,5591.9606226999995,54564325.51,0.0,0.0,1
4291412000189,2012-01-10,54676727.06,5633.6320359,54970940.06,0.0,0.0,1
4291412000189,2012-01-11,54741598.57,5640.284024000001,55035847.75,0.0,0.0,1
4291412000189,2012-01-12,54735675.22,5639.8093046,55031215.61,0.0,0.0,1
4291412000189,2012-01-13,54286572.83,5593.5529159,54579862.53,0.0,0.0,1
4291412000189,2012-01-16,54930610.34,5659.5520084,55223857.76,0.0,0.0,1
4291412000189,2012-01-17,55470843.62,5709.7112977,55713293.93,0.0,0.0,1
4291412000189,2012-01-18,56427854.58,5795.1496456,56546970.37,0.0,0.0,1
4291412000189,2012-01-19,56542106.92,5801.9265349,56613096.8,0.0,0.0,1
4291412000189,2012-01-20,56640926.86,5821.5419149,56804496.57,0.0,0.0,1
4291412000189,2012-01-23,56402242.23,5814.6743049,56737484.92,0.0,0.0,1
4291412000189,2012-01-24,56357468.94,5819.5044033,56784615.27,0.0,0.0,1
4291412000189,2012-01-25,56357718.38,5819.5075044,56784645.53,0.0,0.0,1
4291412000189,2012-01-26,56163464.83,5860.7862539,57187428.61,0.0,0.0,1
4291412000189,2012-01-27,56237852.68,5856.151661800001,57142205.94,0.0,0.0,1
4291412000189,2012-01-30,56671728.58,5842.2975953999985,57007022.98,0.0,0.0,1
4291412000189,2012-01-31,58031163.84,5866.1886373000025,57240143.11,0.0,0.0,1
4291412000189,2012-02-01,58878394.17,5962.4402787,58179331.75,0.0,0.0,1
4291412000189,2012-02-02,58383180.72,5962.619560800003,58181081.12,0.0,0.0,1
4291412000189,2012-02-03,58253454.19,5999.2229533,58538243.76,0.0,0.0,1
4291412000189,2012-02-06,58242140.01,5997.8967388,58525303.04,0.0,0.0,1
4291412000189,2012-02-07,58822619.02,6053.5530687,59068377.34,0.0,0.0,1
4291412000189,2012-02-08,57024449.02,6068.079834800003,59210124.26,0.0,0.0,1
4291412000189,2012-02-09,56830978.41,6049.2986076000025,57026863.86,0.0,2000000.0,1
4291412000189,2012-02-10,56215825.18,5948.578872300001,56077376.82,0.0,0.0,1
4291412000189,2012-02-13,59086949.2,6062.9491991,57155548.27,0.0,0.0,1
4291412000189,2012-02-14,56942049.42,6025.576394100001,56803234.06,0.0,0.0,1
4291412000189,2012-02-15,56773156.19,6045.3177168,56989335.92,0.0,0.0,1
4291412000189,2012-02-16,57526655.4,6102.6006804,57529343.61,0.0,0.0,1
4291412000189,2012-02-17,57602391.89,6128.579886899999,57774250.13,0.0,0.0,1
4291412000189,2012-02-22,57655202.05,6138.7837797,57870442.44,0.0,0.0,1
4291412000189,2012-02-23,57251574.08,6109.3373315,57592850.16,0.0,0.0,1
4291412000189,2012-02-24,49459635.68,6134.113859,49826419.04,0.0,8000000.0,1
4291412000189,2012-02-27,49241582.84,6101.9152188,49564874.67,0.0,0.0,1
4291412000189,2012-02-28,49679014.11,6181.0560232,50207722.68,0.0,0.0,1
4291412000189,2012-02-29,49892995.41,6194.2396922,50314811.5,0.0,0.0,1
4291412000189,2012-03-01,50440908.96,6276.8957911000025,50986213.68,0.0,0.0,1
4291412000189,2012-03-02,51335753.29,6354.2812475,51614803.28,0.0,0.0,1
4291412000189,2012-03-05,50777068.79,6285.2635367,51054183.53,0.0,0.0,1
4291412000189,2012-03-06,49662160.24,6142.638857600001,49895666.23,0.0,0.0,1
4291412000189,2012-03-07,50484671.61,6224.075417300001,50557162.29,0.0,0.0,1
4291412000189,2012-03-08,51344039.13,6315.59531,51300563.64,0.0,0.0,1
4291412000189,2012-03-09,51835260.17,6360.325612,51663900.67,0.0,0.0,1
4291412000189,2012-03-12,51556621.16,6346.6305406,51552657.82,0.0,0.0,1
4291412000189,2012-03-13,52733207.17,6476.982142399997,52611482.89,0.0,0.0,1
4291412000189,2012-03-14,52708473.78,6477.4002524,52614879.13,0.0,0.0,1
4291412000189,2012-03-15,52337149.03,6431.633538100001,52243123.48,0.0,0.0,1
4291412000189,2012-03-16,52348874.93,6425.813703399999,52195849.9,0.0,0.0,1
4291412000189,2012-03-19,52208644.3,6440.1742884999985,52312498.62,0.0,0.0,1
4291412000189,2012-03-20,51787886.11,6394.8708666,51944506.22,0.0,0.0,1
4291412000189,2012-03-21,51553582.63,6381.4965352,51835868.68,0.0,0.0,1
4291412000189,2012-03-22,51070900.11,6308.2810421,51241151.02,0.0,0.0,1
4291412000189,2012-03-23,51082674.81,6307.8393468,51237563.2,0.0,0.0,1
4291412000189,2012-03-26,51895258.55,6421.0581727,52157221.49,0.0,0.0,1
4291412000189,2012-03-27,51850125.32,6411.2242537,52077342.15,0.0,0.0,1
4291412000189,2012-03-28,51071448.6,6313.6643447,51284878.72,0.0,0.0,1
4291412000189,2012-03-29,50964990.55,6287.8946168,51075555.37,0.0,0.0,1
4291412000189,2012-03-30,59676729.02,6303.196024399997,55599846.18,4400000.0,0.0,1
4291412000189,2012-04-02,60666903.45,6403.1390628,56481433.48,0.0,0.0,1
4291412000189,2012-04-03,60127713.33,6342.9682697,55950673.08,0.0,0.0,1
4291412000189,2012-04-04,55134148.6,6255.8187502,55181936.1,0.0,0.0,1
4291412000189,2012-04-05,54949349.56,6247.589053700001,55109342.79,0.0,0.0,1
4291412000189,2012-04-09,54627826.87,6198.4365702,54675773.77,0.0,0.0,1
4291412000189,2012-04-10,54246125.49,6152.8878299,54273993.0,0.0,0.0,1
4291412000189,2012-04-11,54243230.12,6155.0297808999985,54292886.93,0.0,0.0,1
4291412000189,2012-04-12,55123930.07,6283.751195800001,55428325.34,0.0,0.0,1
4291412000189,2012-04-13,54420760.29,6200.3186655,54692375.54,0.0,0.0,1
4291412000189,2012-04-16,54170641.38,6183.5040115,54544055.2,0.0,0.0,1
4291412000189,2012-04-17,54715184.16,6218.4837739,54852608.1,0.0,0.0,1
4291412000189,2012-04-18,55248288.63,6281.4598179,55408113.33,0.0,0.0,1
4291412000189,2012-04-19,55104831.95,6283.5216409999975,55426300.46,0.0,0.0,1
4291412000189,2012-04-20,48531829.17,6292.9072131,49009089.63,0.0,6500000.0,1
4291412000189,2012-04-23,48184428.23,6245.7155163000025,48641561.24,0.0,0.0,1
4291412000189,2012-04-24,48584712.65,6277.2188007,48886908.46,0.0,0.0,1
4291412000189,2012-04-25,46072174.65,6252.7444274,46496302.33,0.0,2200000.0,1
4291412000189,2012-04-26,46318927.86,6293.8311797,46801829.3,0.0,0.0,1
4291412000189,2012-04-27,46361910.49,6299.9867915,46847603.31,0.0,0.0,1
4291412000189,2012-04-30,46705538.44,6328.3027407,47058164.76,0.0,0.0,1
4291412000189,2012-05-02,47117523.48,6358.4997994,47282714.41,0.0,0.0,1
4291412000189,2012-05-03,46751568.73,6309.5303047,46918570.24,0.0,0.0,1
4291412000189,2012-05-04,45994383.81,6226.3998469,46300400.26,0.0,0.0,1
4291412000189,2012-05-07,62136530.4,6279.0633762,54692013.8,8000000.0,0.0,1
4291412000189,2012-05-08,61652414.01,6211.0119919,54099271.37,0.0,0.0,1
4291412000189,2012-05-09,61316502.45,6170.1652932,53743487.7,0.0,0.0,1
4291412000189,2012-05-10,53553705.06,6190.3741537,53919511.29,0.0,0.0,1
4291412000189,2012-05-11,53101806.23,6150.9856663,53576428.96,0.0,0.0,1
4291412000189,2012-05-14,51774787.6,6001.1714631,52271514.52,0.0,0.0,1
4291412000189,2012-05-15,51068263.22,5923.2946725,51593190.66,0.0,0.0,1
4291412000189,2012-05-16,50808903.33,5881.842069300003,51232129.43,0.0,0.0,1
4291412000189,2012-05-17,49420881.47,5720.301721600003,49825077.71,0.0,0.0,1
4291412000189,2012-05-18,50027936.75,5758.457745000002,50157425.01,0.0,0.0,1
4291412000189,2012-05-21,51458724.87,5932.4649568,51673065.84,0.0,0.0,1
4291412000189,2012-05-22,50941985.23,5876.1869643,51182872.23,0.0,0.0,1
4291412000189,2012-05-23,50128105.97,5810.8507374,50613779.42,0.0,0.0,1
4291412000189,2012-05-24,49658946.49,5748.9232724,50074377.67,0.0,0.0,1
4291412000189,2012-05-25,49775293.95,5742.694911899999,50020127.29,0.0,0.0,1
4291412000189,2012-05-28,50337270.31,5811.4310317,50618833.91,0.0,0.0,1
4291412000189,2012-05-29,50258169.59,5800.8885016999975,50527006.17,0.0,0.0,1
4291412000189,2012-05-30,49718329.16,5755.870384000003,50134888.53,0.0,0.0,1
4291412000189,2012-05-31,50742521.16,5848.5032499,50941741.03,0.0,0.0,1
4291412000189,2012-06-01,50160635.93,5780.952349600001,50353357.93,0.0,0.0,1
4291412000189,2012-06-04,50050417.38,5764.354873800001,50208790.29,0.0,0.0,1
4291412000189,2012-06-05,49409589.64,5703.0213032,49674561.49,0.0,0.0,1
4291412000189,2012-06-06,50768526.92,5864.7602107,51083342.71,0.0,0.0,1
4291412000189,2012-06-08,50760463.03,5862.5685963,51064253.27,0.0,0.0,1
4291412000189,2012-06-11,50533751.93,5834.7393977,50821854.87,0.0,0.0,1
4291412000189,2012-06-12,51612429.28,5952.3981939,51846688.69,0.0,0.0,1
4291412000189,2012-06-13,51771194.78,5971.2355733,52010766.38,0.0,0.0,1
4291412000189,2012-06-14,51729612.0,5957.6397077,51892343.42,0.0,0.0,1
4291412000189,2012-06-15,51447615.09,6004.5108948,51550601.72,0.0,750000.0,1
4291412000189,2012-06-18,52340980.18,6041.1349272,51865030.48,0.0,0.0,1
4291412000189,2012-06-19,52466921.94,6143.8848157,52747170.37,0.0,0.0,1
4291412000189,2012-06-20,52241954.19,6122.9163824,52567149.82,0.0,0.0,1
4291412000189,2012-06-21,50794841.14,5973.0689927,51280663.17,0.0,0.0,1
4291412000189,2012-06-22,50937166.54,5962.157229,51186982.27,0.0,0.0,1
4291412000189,2012-06-25,50004611.73,5860.3493516,50312929.84,0.0,0.0,1
4291412000189,2012-06-26,50541890.56,5910.0779557,50739865.44,0.0,0.0,1
4291412000189,2012-06-27,50472194.24,5911.9063888,50755563.11,0.0,0.0,1
4291412000189,2012-06-28,50478987.93,5910.0819322,50739899.58,0.0,0.0,1
4291412000189,2012-06-29,51469482.74,6031.3795734,51781277.72,0.0,0.0,1
4291412000189,2012-07-02,51707920.83,6053.737070800003,51973223.82,0.0,0.0,1
4291412000189,2012-07-03,52448787.89,6140.154044,52715140.53,0.0,0.0,1
4291412000189,2012-07-04,52639147.66,6162.282791600002,52905122.74,0.0,0.0,1
4291412000189,2012-07-05,53029968.23,6205.0440241999995,53272241.28,0.0,0.0,1
4291412000189,2012-07-06,52384330.13,6130.1147948,52628950.44,0.0,0.0,1
4291412000189,2012-07-09,52384444.11,6130.0916029,52628751.33,0.0,0.0,1
4291412000189,2012-07-10,51258139.51,5999.061087100001,51503813.42,0.0,0.0,1
4291412000189,2012-07-11,51059418.52,5980.9889899,51348658.82,0.0,0.0,1
4291412000189,2012-07-12,51012941.19,5975.5187742,51301695.31,0.0,0.0,1
4291412000189,2012-07-13,51668709.2,6052.1227812,51959364.64,0.0,0.0,1
4291412000189,2012-07-16,51253319.44,6000.7383108,51518212.91,0.0,0.0,1
4291412000189,2012-07-17,51406298.7,6023.40779,51712837.47,0.0,0.0,1
4291412000189,2012-07-18,51757396.18,6063.0900736,52053522.27,0.0,0.0,1
4291412000189,2012-07-19,52133804.96,6105.402970699999,52416791.71,0.0,0.0,1
4291412000189,2012-07-20,51506941.2,6027.8019866,51750563.02,0.0,0.0,1
4291412000189,2012-07-23,50743355.02,5938.5474463,50984284.91,0.0,0.0,1
4291412000189,2012-07-24,50420122.99,5900.247947600001,50655471.75,0.0,0.0,1
4291412000189,2012-07-25,50503807.44,5907.4981008,50717716.58,0.0,0.0,1
4291412000189,2012-07-26,51523137.86,6020.7332991,51689876.13,0.0,0.0,1
4291412000189,2012-07-27,53174809.67,6223.5488662,53431111.13,0.0,0.0,1
4291412000189,2012-07-30,53560843.63,6271.0985048,53839339.63,0.0,0.0,1
4291412000189,2012-07-31,52677972.56,6171.3192757,52982703.78,0.0,0.0,1
4291412000189,2012-08-01,53102557.52,6183.418584,53086580.12,0.0,0.0,1
4291412000189,2012-08-02,52599085.56,6120.2408607,52544179.63,0.0,0.0,1
4291412000189,2012-08-03,53621782.01,6236.818702600001,53545036.82,0.0,0.0,1
4291412000189,2012-08-06,54151042.32,6306.076951300001,54139640.52,0.0,0.0,1
4291412000189,2012-08-07,53933640.81,6272.6684617,53852818.2,0.0,0.0,1
4291412000189,2012-08-08,54580127.74,6345.538293600001,54478428.47,0.0,0.0,1
4291412000189,2012-08-09,54300252.0,6337.9464755,54413250.34,0.0,0.0,1
4291412000189,2012-08-10,54600555.83,6389.9555522,54859764.51,0.0,0.0,1
4291412000189,2012-08-13,54139891.69,6363.458198300003,54632276.45,0.0,0.0,1
4291412000189,2012-08-14,53426889.86,6296.4210616,54056741.69,0.0,0.0,1
4291412000189,2012-08-15,53517078.98,6289.2221424,53994936.72,0.0,0.0,1
4291412000189,2012-08-16,54391742.17,6363.5538209,54633097.4,0.0,0.0,1
4291412000189,2012-08-17,54066042.15,6305.446499000002,54134227.89,0.0,0.0,1
4291412000189,2012-08-20,53873829.33,6304.0732887,54122438.45,0.0,0.0,1
4291412000189,2012-08-21,53590977.44,6264.0360874,53778706.57,0.0,0.0,1
4291412000189,2012-08-22,53824917.86,6288.805749800003,53991361.86,0.0,0.0,1
4291412000189,2012-08-23,53139092.01,6211.2813162,53325790.38,0.0,0.0,1
4291412000189,2012-08-24,53024284.47,6212.9001833,53339688.86,0.0,0.0,1
4291412000189,2012-08-27,52932199.05,6198.397133899999,53215175.65,0.0,0.0,1
4291412000189,2012-08-28,52946775.1,6202.460044899999,53250057.01,0.0,0.0,1
4291412000189,2012-08-29,52323637.35,6117.3299357,52519188.43,0.0,0.0,1
4291412000189,2012-08-30,51832822.11,6090.94219,52292641.39,0.0,0.0,1
4291412000189,2012-08-31,52105142.19,6063.8321828,52059893.51,0.0,0.0,1
4291412000189,2012-09-03,51971013.44,6106.4681807,52425936.87,0.0,0.0,1
4291412000189,2012-09-04,52072461.67,6023.2962833,51711880.15,0.0,0.0,1
4291412000189,2012-09-05,52159128.75,6094.2582673,52321110.95,0.0,0.0,1
4291412000189,2012-09-06,53679446.19,6221.443062899999,53413032.15,0.0,0.0,1
4291412000189,2012-09-10,53125537.56,6224.5672206,53439854.02,0.0,0.0,1
4291412000189,2012-09-11,53392847.09,6245.147049600001,53616538.28,0.0,0.0,1
4291412000189,2012-09-12,52887049.42,6188.653546600001,53131523.91,0.0,0.0,1
4291412000189,2012-09-13,54018005.29,6318.5678713,54246878.97,0.0,0.0,1
4291412000189,2012-09-14,54285288.67,6349.9386611,54516207.0,0.0,0.0,1
4291412000189,2012-09-17,54417982.76,6365.3496624,54648515.26,0.0,0.0,1
4291412000189,2012-09-18,54561837.16,6379.7164198,54771858.36,0.0,0.0,1
4291412000189,2012-09-19,54242337.49,6351.5671306999975,54530187.92,0.0,0.0,1
4291412000189,2012-09-20,54248175.59,6335.029885,54388210.5,0.0,0.0,1
4291412000189,2012-09-21,53799338.42,6294.693397,54041909.15,0.0,0.0,1
4291412000189,2012-09-24,54053280.99,6332.501489,54366503.43,0.0,0.0,1
4291412000189,2012-09-25,52769329.89,6200.8302601999985,53236064.8,0.0,0.0,1
4291412000189,2012-09-26,52968897.82,6210.5639235,53319631.34,0.0,0.0,1
4291412000189,2012-09-27,52908979.84,6201.834058300001,53244682.72,0.0,0.0,1
4291412000189,2012-09-28,52398263.1,6141.838800500002,52729604.69,0.0,0.0,1
4291412000189,2012-10-01,52850077.76,6178.895879600002,53047751.29,0.0,0.0,1
4291412000189,2012-10-02,52860005.56,6180.4839418,53061385.3,0.0,0.0,1
4291412000189,2012-10-03,52381102.51,6120.456605899999,52546031.87,0.0,0.0,1
4291412000189,2012-10-04,52559472.64,6141.9932211999985,52730930.44,0.0,0.0,1
4291412000189,2012-10-05,52776359.44,6167.219654500002,52947507.25,0.0,0.0,1
4291412000189,2012-10-08,53130825.77,6227.7949681,53467565.24,0.0,0.0,1
4291412000189,2012-10-09,52772564.58,6185.4531075,53104047.14,0.0,0.0,1
4291412000189,2012-10-10,52435755.74,6146.1874762,52766939.43,0.0,0.0,1
4291412000189,2012-10-11,53094736.89,6222.9091319,53425618.81,0.0,0.0,1
4291412000189,2012-10-15,53036374.88,6235.9959067,53537972.86,0.0,0.0,1
4291412000189,2012-10-16,53517442.1,6291.9930328,54018725.68,0.0,0.0,1
4291412000189,2012-10-17,53691597.37,6319.2209052,54252485.47,0.0,0.0,1
4291412000189,2012-10-18,53547577.67,6296.4774812,54057226.07,0.0,0.0,1
4291412000189,2012-10-19,53006231.94,6232.6794508,53509500.05,0.0,0.0,1
4291412000189,2012-10-22,52810992.11,6221.2435874,53411319.59,0.0,0.0,1
4291412000189,2012-10-23,51911631.49,6108.590341100001,52444156.28,0.0,0.0,1
4291412000189,2012-10-24,51814774.58,6093.9914046,52318819.85,0.0,0.0,1
4291412000189,2012-10-25,52280955.82,6180.305323899999,53059851.81,0.0,0.0,1
4291412000189,2012-10-26,52174184.49,6160.868864,52892983.73,0.0,0.0,1
4291412000189,2012-10-29,52260301.65,6170.8642033,52978796.84,0.0,0.0,1
4291412000189,2012-10-30,52865733.9,6209.972426100001,53314553.15,0.0,0.0,1
4291412000189,2012-10-31,52720810.98,6164.1830497,52921437.05,0.0,0.0,1
4291412000189,2012-11-01,54116950.9,6288.9871515,53992919.25,0.0,0.0,1
4291412000189,2012-11-05,53972921.65,6268.5768691,53817690.6,0.0,0.0,1
4291412000189,2012-11-06,54173249.84,6332.7078752,54368275.33,0.0,0.0,1
4291412000189,2012-11-07,53568002.92,6263.0595789,53770322.94,0.0,0.0,1
4291412000189,2012-11-08,52735011.2,6165.9979796000025,52937018.79,0.0,0.0,1
4291412000189,2012-11-09,52520256.7,6155.2112178000025,52844411.07,0.0,0.0,1
4291412000189,2012-11-12,52196238.29,6117.434183500001,52520083.43,0.0,0.0,1
4291412000189,2012-11-13,52791603.79,6161.7268724,52900350.0,0.0,0.0,1
4291412000189,2012-11-14,51992855.78,6075.669497,52161520.55,0.0,0.0,1
4291412000189,2012-11-16,51668979.51,6036.4146563,51824505.48,0.0,0.0,1
4291412000189,2012-11-19,52595298.48,6103.258438399997,52398380.23,0.0,0.0,1
4291412000189,2012-11-20,52207681.7,6103.242507600001,52398243.46,0.0,0.0,1
4291412000189,2012-11-21,52186628.11,6104.4502563999995,52408612.36,0.0,0.0,1
4291412000189,2012-11-22,52438987.13,6120.0897118,52542881.97,0.0,0.0,1
4291412000189,2012-11-23,53362692.42,6218.1245815,53384541.95,0.0,0.0,1
4291412000189,2012-11-26,52877586.5,6168.6476357,52959804.26,0.0,0.0,1
4291412000189,2012-11-27,52339974.85,6117.8267123999985,52523490.45,0.0,0.0,1
4291412000189,2012-11-28,52477728.71,6142.911492,52738851.27,0.0,0.0,1
4291412000189,2012-11-29,53410472.95,6236.7441828,53544434.8,0.0,0.0,1
4291412000189,2012-11-30,53463088.07,6236.2265445,53539990.71,0.0,0.0,1
4291412000189,2012-12-03,53849485.59,6271.2696581,53840847.0,0.0,0.0,1
4291412000189,2012-12-04,53242113.95,6213.868478,53348039.59,0.0,0.0,1
4291412000189,2012-12-05,53311701.95,6224.4539107,53438918.9,0.0,0.0,1
4291412000189,2012-12-06,53332469.65,6235.8318183,53536601.86,0.0,0.0,1
4291412000189,2012-12-07,53806288.71,6293.7892154,54034184.57,0.0,0.0,1
4291412000189,2012-12-10,54259885.57,6348.1587992,54500964.76,0.0,0.0,1
4291412000189,2012-12-11,54789065.97,6410.6154331,55037174.85,0.0,0.0,1
4291412000189,2012-12-12,54878352.87,6413.222918199999,55059560.94,0.0,0.0,1
4291412000189,2012-12-13,54620410.64,6405.4546495,54992867.88,0.0,0.0,1
4291412000189,2012-12-14,55109894.34,6459.5325306999985,55457143.71,0.0,0.0,1
4291412000189,2012-12-17,55375870.15,6476.447994,55602368.35,0.0,0.0,1
4291412000189,2012-12-18,56076012.58,6538.1108694,56131763.77,0.0,0.0,1
4291412000189,2012-12-19,56639119.7,6590.2746224,56579606.2,0.0,0.0,1
4291412000189,2012-12-20,56767405.05,6599.087359,56655266.35,0.0,0.0,1
4291412000189,2012-12-21,56861878.29,6607.9200774,56731098.05,0.0,0.0,1
4291412000189,2012-12-24,56862010.2,6607.8930662,56730866.15,0.0,0.0,1
4291412000189,2012-12-26,56169997.13,6585.272356,56536660.15,0.0,0.0,1
4291412000189,2012-12-27,55871085.3,6555.1094608,56277702.09,0.0,0.0,1
4291412000189,2012-12-28,56328157.47,6606.9983468,56723184.7,0.0,0.0,1
4291412000189,2012-12-31,56328244.39,6606.9660965,56722907.82,0.0,0.0,1
4291412000189,2013-01-02,56718931.1,6733.0917931999975,57805737.09,0.0,0.0,1
4291412000189,2013-01-03,57142264.19,6772.4975581,58144048.13,0.0,0.0,1
4291412000189,2013-01-04,56609558.72,6707.9251088,57589673.09,0.0,0.0,1
4291412000189,2013-01-07,56866912.28,6643.4925004,57036498.63,0.0,0.0,1
4291412000189,2013-01-08,56216101.72,6590.3135528,56579940.43,0.0,0.0,1
4291412000189,2013-01-09,56750010.85,6654.2464673999975,57128824.86,0.0,0.0,1
4291412000189,2013-01-10,56767777.29,6661.164515899999,57188218.51,0.0,0.0,1
4291412000189,2013-01-11,56402824.51,6632.3472656,56940813.24,0.0,0.0,1
4291412000189,2013-01-14,56743192.46,6671.8922485,57280319.51,0.0,0.0,1
4291412000189,2013-01-15,56580222.88,6636.8767156,56979700.01,0.0,0.0,1
4291412000189,2013-01-16,56735623.82,6654.6090026,57131937.34,0.0,0.0,1
4291412000189,2013-01-17,57249151.37,6714.1892887999975,57643453.07,0.0,0.0,1
4291412000189,2013-01-18,57419849.87,6702.4725423,57542861.07,0.0,0.0,1
4291412000189,2013-01-21,57672883.34,6705.7782624,57571241.73,0.0,0.0,1
4291412000189,2013-01-22,57472567.82,6707.2715594,57584062.16,0.0,0.0,1
4291412000189,2013-01-23,57248453.69,6709.3663634999975,57602046.72,0.0,0.0,1
4291412000189,2013-01-24,56637287.9,6659.551326,57174368.76,0.0,0.0,1
4291412000189,2013-01-25,56637077.71,6659.5258965,57174150.44,0.0,0.0,1
4291412000189,2013-01-28,56040521.4,6554.5655544,56273032.48,0.0,0.0,1
4291412000189,2013-01-29,56149691.56,6594.7712756,56618211.4,0.0,0.0,1
4291412000189,2013-01-30,55497678.84,6537.0959798999975,56123050.62,0.0,0.0,1
4291412000189,2013-01-31,55866440.68,6608.7019692,56737810.84,0.0,0.0,1
4291412000189,2013-02-01,56554989.96,6665.5745608000025,57226080.15,0.0,0.0,1
4291412000189,2013-02-04,56091239.16,6614.0838872,56784016.32,0.0,0.0,1
4291412000189,2013-02-05,55854066.35,6589.6859022,56574551.85,0.0,0.0,1
4291412000189,2013-02-06,55873217.33,6548.8172876,56223681.78,0.0,0.0,1
4291412000189,2013-02-07,55585723.33,6497.5906811,55783885.05,0.0,0.0,1
4291412000189,2013-02-08,56016287.4,6496.0837711999975,55770947.75,0.0,0.0,1
4291412000189,2013-02-13,55348982.63,6499.1146383999985,55796968.71,0.0,0.0,1
4291412000189,2013-02-14,55512525.43,6478.1624197,55617087.24,0.0,0.0,1
4291412000189,2013-02-15,55505426.02,6504.5410546,55843556.22,0.0,0.0,1
4291412000189,2013-02-18,55565452.61,6466.4785631,55516777.61,0.0,0.0,1
4291412000189,2013-02-19,55069715.92,6448.7501852,55364573.84,0.0,0.0,1
4291412000189,2013-02-20,54054463.81,6343.899114399997,54464394.01,0.0,0.0,1
4291412000189,2013-02-21,53992503.4,6336.4834721,54400728.36,0.0,0.0,1
4291412000189,2013-02-22,54053366.61,6378.659865899999,54762826.13,0.0,0.0,1
4291412000189,2013-02-25,54310015.43,6389.711372,54857706.83,0.0,0.0,1
4291412000189,2013-02-26,54597220.46,6413.9513453,55065814.72,0.0,0.0,1
4291412000189,2013-02-27,55252432.6,6450.8847827,55382900.04,0.0,0.0,1
4291412000189,2013-02-28,55475184.07,6498.6397278,55792891.45,0.0,0.0,1
4291412000189,2013-03-01,54813560.63,6446.7404308999985,55347319.46,0.0,0.0,1
4291412000189,2013-03-04,54425610.46,6407.5868289,55011173.32,0.0,0.0,1
4291412000189,2013-03-05,54431713.71,6396.487272199999,54915880.09,0.0,0.0,1
4291412000189,2013-03-06,55847398.25,6555.798912100001,56283621.25,0.0,0.0,1
4291412000189,2013-03-07,56368192.57,6588.296316,56562621.81,0.0,0.0,1
4291412000189,2013-03-08,56417116.67,6577.3920263,56469005.01,0.0,0.0,1
4291412000189,2013-03-11,56450797.09,6585.4325795,56538035.72,0.0,0.0,1
4291412000189,2013-03-12,56302939.27,6548.0176819,56216816.91,0.0,0.0,1
4291412000189,2013-03-13,55355580.54,6475.1836857,55591513.86,0.0,0.0,1
4291412000189,2013-03-14,55679238.95,6481.8945842,55649129.06,0.0,0.0,1
4291412000189,2013-03-15,55129392.66,6451.3220093,55386653.77,0.0,0.0,1
4291412000189,2013-03-18,55182512.45,6458.9826617,55452422.91,0.0,0.0,1
4291412000189,2013-03-19,54538435.32,6399.1437688999995,54938686.96,0.0,0.0,1
4291412000189,2013-03-20,54215553.35,6346.1275828,54483526.12,0.0,0.0,1
4291412000189,2013-03-21,53978775.82,6307.922146,54155520.28,0.0,0.0,1
4291412000189,2013-03-22,53712952.62,6267.3181099,53806921.7,0.0,0.0,1
4291412000189,2013-03-25,53304585.73,6235.114531,53530443.72,0.0,0.0,1
4291412000189,2013-03-26,53725411.13,6308.1536109,54157507.48,0.0,0.0,1
4291412000189,2013-03-27,54297946.54,6362.197343,54621490.13,0.0,0.0,1
4291412000189,2013-03-28,54798706.88,6402.1249978999995,54964281.76,0.0,0.0,1
4291412000189,2013-04-01,54553126.19,6363.143895100001,54629616.58,0.0,0.0,1
4291412000189,2013-04-02,53684706.68,6283.2643349,53943825.12,0.0,0.0,1
4291412000189,2013-04-03,53565880.41,6356.1520263,54569589.16,0.0,0.0,1
4291412000189,2013-04-04,52992278.29,6263.9016531000025,53777590.33,0.0,0.0,1
4291412000189,2013-04-05,53525305.09,6304.749573,54128282.73,0.0,0.0,1
4291412000189,2013-04-08,54356629.95,6309.2203005,54166665.35,0.0,0.0,1
4291412000189,2013-04-09,54865899.3,6400.25209,54948202.25,0.0,0.0,1
4291412000189,2013-04-10,55081300.52,6443.13796,55316391.1,0.0,0.0,1
4291412000189,2013-04-11,54305623.95,6362.733838,54626096.11,0.0,0.0,1
4291412000189,2013-04-12,53989807.95,6319.3524372,54253652.97,0.0,0.0,1
4291412000189,2013-04-15,52399295.41,6137.1052368,52689002.72,0.0,0.0,1
4291412000189,2013-04-16,83865816.27,6243.7854767,68904886.55,15300000.0,0.0,1
4291412000189,2013-04-17,82299484.07,6156.359589399999,67940075.88,0.0,0.0,1
4291412000189,2013-04-18,82525410.29,6173.715271,68131608.93,0.0,0.0,1
4291412000189,2013-04-19,67809266.03,6237.6807298999975,68837516.06,0.0,0.0,1
4291412000189,2013-04-22,68465309.98,6271.6626016,69212531.67,0.0,0.0,1
4291412000189,2013-04-23,69142999.65,6350.8132609,70086018.95,0.0,0.0,1
4291412000189,2013-04-24,69267939.58,6342.668774,69996138.39,0.0,0.0,1
4291412000189,2013-04-25,69401045.53,6350.8073818,70085954.07,0.0,0.0,1
4291412000189,2013-04-26,68261961.82,6248.385477399999,68955651.03,0.0,0.0,1
4291412000189,2013-04-29,68747253.57,6288.1717268,69394722.33,0.0,0.0,1
4291412000189,2013-04-30,70327410.04,6429.2623795,70951764.2,0.0,0.0,1
4291412000189,2013-05-02,69759724.99,6396.3117746000025,70588129.4,0.0,0.0,1
4291412000189,2013-05-03,71228694.08,6422.8711983,70881232.69,0.0,0.0,1
4291412000189,2013-05-06,71342569.65,6414.3477325,70787169.81,0.0,0.0,1
4291412000189,2013-05-07,72318466.86,6497.4570079999985,71704343.41,0.0,0.0,1
4291412000189,2013-05-08,71101953.61,6495.005394,71677288.0,0.0,0.0,1
4291412000189,2013-05-09,71037725.08,6496.0290060000025,71688584.33,0.0,0.0,1
4291412000189,2013-05-10,70709505.75,6463.2477688,71326818.63,0.0,0.0,1
4291412000189,2013-05-13,69924602.52,6392.8606768,70550043.93,0.0,0.0,1
4291412000189,2013-05-14,70079807.89,6412.9543877999995,70771793.2,0.0,0.0,1
4291412000189,2013-05-15,70242835.51,6422.6797641,70879120.07,0.0,0.0,1
4291412000189,2013-05-16,70211408.24,6395.938878499999,70584014.21,0.0,0.0,1
4291412000189,2013-05-17,70838014.92,6452.1859412,71204743.01,0.0,0.0,1
4291412000189,2013-05-20,71619792.99,6523.0222404,71986475.05,0.0,0.0,1
4291412000189,2013-05-21,71603935.67,6572.5463719,72533011.23,0.0,0.0,1
4291412000189,2013-05-22,71746081.79,6589.633164800001,72721576.89,0.0,0.0,1
4291412000189,2013-05-23,71314402.56,6557.7853138,72370111.81,0.0,0.0,1
4291412000189,2013-05-24,71867095.38,6558.0413768,72372937.66,0.0,0.0,1
4291412000189,2013-05-27,71971312.22,6561.1788071,72407561.57,0.0,0.0,1
4291412000189,2013-05-28,71913695.4,6550.2231732,72286657.88,0.0,0.0,1
4291412000189,2013-05-29,70451412.28,6440.9660002,71080922.49,0.0,0.0,1
4291412000189,2013-05-31,69707456.3,6371.7448094,70317014.39,0.0,0.0,1
4291412000189,2013-06-03,69904333.32,6388.9518415,70506906.98,0.0,0.0,1
4291412000189,2013-06-04,69798432.86,6383.7019368,70448970.32,0.0,0.0,1
4291412000189,2013-06-05,68533548.3,6265.7433075,69147207.79,0.0,0.0,1
4291412000189,2013-06-06,68117321.4,6265.8071255,69147912.07,0.0,0.0,1
4291412000189,2013-06-07,67315411.05,6185.166907,68257986.38,0.0,0.0,1
4291412000189,2013-06-10,95976992.45,6160.3429380000025,83084035.14,15100000.0,0.0,1
4291412000189,2013-06-11,95282112.9,6008.629485,81037888.36,0.0,0.0,1
4291412000189,2013-06-12,94408358.78,5946.0657732,80194096.76,0.0,0.0,1
4291412000189,2013-06-13,82256425.6,6031.9906389,81352958.31,0.0,0.0,1
4291412000189,2013-06-14,80155193.32,5944.349401,80170948.19,0.0,0.0,1
4291412000189,2013-06-17,80184376.05,5964.731655600001,80445841.97,0.0,0.0,1
4291412000189,2013-06-18,80065095.64,6000.2470593,80924835.28,0.0,0.0,1
4291412000189,2013-06-19,77615398.06,5841.5478075,78784471.61,0.0,0.0,1
4291412000189,2013-06-20,77320598.36,5798.9072573,78209382.04,0.0,0.0,1
4291412000189,2013-06-21,76373465.16,5710.1568696,77012412.91,0.0,0.0,1
4291412000189,2013-06-24,74989537.71,5594.21805,75448755.65,0.0,0.0,1
4291412000189,2013-06-25,75977280.66,5666.4120329,76422429.92,0.0,0.0,1
4291412000189,2013-06-26,76041949.79,5698.2950729999975,76852433.84,0.0,0.0,1
4291412000189,2013-06-27,77646246.01,5785.4936538,78028473.88,0.0,0.0,1
4291412000189,2013-06-28,77783558.55,5830.2690166,78632355.49,0.0,0.0,1
4291412000189,2013-07-01,78346775.86,5860.8214818999995,79044414.06,0.0,0.0,1
4291412000189,2013-07-02,75212625.55,5643.2307213999975,76109785.49,0.0,0.0,1
4291412000189,2013-07-03,74902628.48,5616.1418786,75744440.51,0.0,0.0,1
4291412000189,2013-07-04,76061002.58,5678.2803583,76582497.04,0.0,0.0,1
4291412000189,2013-07-05,75291596.21,5626.9150707,75889737.66,0.0,0.0,1
4291412000189,2013-07-08,75608527.56,5621.0863607,75811126.33,0.0,0.0,1
4291412000189,2013-07-09,75609262.75,5621.1175812,75811547.4,0.0,0.0,1
4291412000189,2013-07-10,75846251.23,5661.4349468,76355304.37,0.0,0.0,1
4291412000189,2013-07-11,78573884.19,5809.6150141,78353796.67,0.0,0.0,1
4291412000189,2013-07-12,78304777.9,5731.1413523,77295428.89,0.0,0.0,1
4291412000189,2013-07-15,79363769.19,5810.838958,78370303.9,0.0,0.0,1
4291412000189,2013-07-16,78407827.75,5825.553973100001,78568764.09,0.0,0.0,1
4291412000189,2013-07-17,78019002.89,5855.223095,78968909.08,0.0,0.0,1
4291412000189,2013-07-18,78409780.58,5876.338086399999,79253685.22,0.0,0.0,1
4291412000189,2013-07-19,78268585.02,5827.3086365,78592429.09,0.0,0.0,1
4291412000189,2013-07-22,79178237.3,5917.2715956,79805752.07,0.0,0.0,1
4291412000189,2013-07-23,79665111.78,5953.1786833999995,80290027.99,0.0,0.0,1
4291412000189,2013-07-24,72146341.01,5917.5646465,72859704.43,0.0,6950000.0,1
4291412000189,2013-07-25,73014485.45,5969.989653600002,73505184.58,0.0,0.0,1
4291412000189,2013-07-26,73295927.62,5989.6302619,73747008.54,0.0,0.0,1
4291412000189,2013-07-29,73010001.17,5962.1133568999985,73408208.09,0.0,0.0,1
4291412000189,2013-07-30,72558329.36,5918.8798944,72875898.35,0.0,0.0,1
4291412000189,2013-07-31,72201023.78,5911.3749681,72783494.34,0.0,0.0,1
4291412000189,2013-08-01,72620531.6,5978.403395,73608778.33,0.0,0.0,1
4291412000189,2013-08-02,72100950.11,5930.7622971,73022199.81,0.0,0.0,1
4291412000189,2013-08-05,71751060.24,5913.486418399999,72809491.46,0.0,0.0,1
4291412000189,2013-08-06,71486380.04,5811.53738,71554249.27,0.0,0.0,1
4291412000189,2013-08-07,71352131.73,5822.5830164,71690248.09,0.0,0.0,1
4291412000189,2013-08-08,72670129.94,5948.4564151,73240057.71,0.0,0.0,1
4291412000189,2013-08-09,73232134.02,6006.735564399999,73957616.68,0.0,0.0,1
4291412000189,2013-08-12,74189091.65,6038.7703557999985,74352043.37,0.0,0.0,1
4291412000189,2013-08-13,74655245.61,6068.716779300001,74720757.14,0.0,0.0,1
4291412000189,2013-08-14,73544867.43,6055.9429405,74563479.92,0.0,0.0,1
4291412000189,2013-08-15,73019419.1,6026.8394892,74205145.2,0.0,0.0,1
4291412000189,2013-08-16,73626418.41,6055.6491615,74559862.78,0.0,0.0,1
4291412000189,2013-08-19,73934251.73,6024.1883736,74172503.48,0.0,0.0,1
4291412000189,2013-08-20,72892512.53,5944.5836603,73192374.62,0.0,0.0,1
4291412000189,2013-08-21,72932104.51,5918.2436537,72868064.67,0.0,0.0,1
4291412000189,2013-08-22,73903749.22,5994.4360367,73806179.39,0.0,0.0,1
4291412000189,2013-08-23,74321299.87,6067.032798899999,74700023.22,0.0,0.0,1
4291412000189,2013-08-26,73972172.16,6010.475854,74003668.8,0.0,0.0,1
4291412000189,2013-08-27,72595853.55,5908.3311663999975,72746017.69,0.0,0.0,1
4291412000189,2013-08-28,72960464.54,5889.0394733,72508489.73,0.0,0.0,1
4291412000189,2013-08-29,72579355.82,5914.4965726,72821928.93,0.0,0.0,1
4291412000189,2013-08-30,73243037.73,5960.6612695,73390329.34,0.0,0.0,1
4291412000189,2013-09-02,74064577.62,6049.6542592,74486050.86,0.0,0.0,1
4291412000189,2013-09-03,73672683.0,6012.0095377,74022552.2,0.0,0.0,1
4291412000189,2013-09-04,74476746.81,6056.6946255,74572735.0,0.0,0.0,1
4291412000189,2013-09-05,74765897.01,6113.8016999,75275862.86,0.0,0.0,1
4291412000189,2013-09-06,74384002.33,6166.5171252,75924918.77,0.0,0.0,1
4291412000189,2013-09-09,74939625.22,6287.2279889,77411164.95,0.0,0.0,1
4291412000189,2013-09-10,75652100.62,6313.8306752,77738709.13,0.0,0.0,1
4291412000189,2013-09-11,76007286.47,6280.3897304,77326969.25,0.0,0.0,1
4291412000189,2013-09-12,75710811.21,6240.1287849,76831258.47,0.0,0.0,1
4291412000189,2013-09-13,75523108.86,6275.414899,77265716.9,0.0,0.0,1
4291412000189,2013-09-16,76021238.98,6295.0868407,77507926.65,0.0,0.0,1
4291412000189,2013-09-17,77099991.41,6310.5661562,77698514.91,0.0,0.0,1
4291412000189,2013-09-18,77804185.5,6399.4465647,78792850.28,0.0,0.0,1
4291412000189,2013-09-19,79308627.16,6364.466011300001,78362154.05,0.0,0.0,1
4291412000189,2013-09-20,78117465.72,6268.9920266,77186635.62,0.0,0.0,1
4291412000189,2013-09-23,78155398.28,6318.2747794,77793426.93,0.0,0.0,1
4291412000189,2013-09-24,76596354.19,6302.406533199999,77598049.98,0.0,0.0,1
4291412000189,2013-09-25,76607376.12,6306.5931938999975,77649598.02,0.0,0.0,1
4291412000189,2013-09-26,76996836.74,6294.2283071,77497356.0,0.0,0.0,1
4291412000189,2013-09-27,77689634.52,6313.990122,77740672.31,0.0,0.0,1
4291412000189,2013-09-30,76804786.84,6224.6488571,76640662.67,0.0,0.0,1
4291412000189,2013-10-01,77596681.05,6288.6406868999975,77428558.72,0.0,0.0,1
4291412000189,2013-10-02,77419857.26,6277.6899333,77293728.14,0.0,0.0,1
4291412000189,2013-10-03,76618037.15,6233.6501892,76751491.1,0.0,0.0,1
4291412000189,2013-10-04,77316580.07,6269.8180874,77196806.45,0.0,0.0,1
4291412000189,2013-10-07,76911435.12,6252.2483086,76980479.47,0.0,0.0,1
4291412000189,2013-10-08,77015091.94,6226.5558353,76664142.24,0.0,0.0,1
4291412000189,2013-10-09,76986572.09,6242.2100121,76856883.47,0.0,0.0,1
4291412000189,2013-10-10,76962436.22,6274.9990435,77260596.7,0.0,0.0,1
4291412000189,2013-10-11,76828320.59,6311.1040305,77705137.46,0.0,0.0,1
4291412000189,2013-10-14,77265049.73,6388.6492875,78659909.37,0.0,0.0,1
4291412000189,2013-10-15,77542510.76,6388.093190899999,78653062.46,0.0,0.0,1
4291412000189,2013-10-16,78248618.42,6406.7353478,78882593.04,0.0,0.0,1
4291412000189,2013-10-17,79057835.38,6424.233591699999,79098039.25,0.0,0.0,1
4291412000189,2013-10-18,79508523.08,6448.4461326,79396154.89,0.0,0.0,1
4291412000189,2013-10-21,79724643.57,6478.4229651999985,79765243.07,0.0,0.0,1
4291412000189,2013-10-22,80387548.7,6518.3464416,80256798.78,0.0,0.0,1
4291412000189,2013-10-23,66048366.63,6451.2361132,66430506.38,0.0,13000000.0,1
4291412000189,2013-10-24,65371198.71,6427.7103766,66188254.11,0.0,0.0,1
4291412000189,2013-10-25,64016930.1,6411.2373587,66018626.01,0.0,0.0,1
4291412000189,2013-10-28,64636665.78,6465.9501548,66582021.72,0.0,0.0,1
4291412000189,2013-10-29,76602998.88,6465.3038251,73575366.25,7000000.0,0.0,1
4291412000189,2013-10-30,80510968.85,6470.0422484,73629289.66,0.0,0.0,1
4291412000189,2013-10-31,80856550.34,6505.1229555,74028509.24,0.0,0.0,1
4291412000189,2013-11-01,76180844.67,6490.1457581,73858068.25,0.0,0.0,1
4291412000189,2013-11-04,73671285.22,6539.7416868,74422471.52,0.0,0.0,1
4291412000189,2013-11-05,73412514.39,6463.2431815,73551916.06,0.0,0.0,1
4291412000189,2013-11-06,72655694.95,6429.0409798,73162693.9,0.0,0.0,1
4291412000189,2013-11-07,72078292.6,6366.9262773,72455826.58,0.0,0.0,1
4291412000189,2013-11-08,71034660.06,6309.0477666,71797167.26,0.0,0.0,1
4291412000189,2013-11-11,71881411.6,6351.136699000002,72276140.67,0.0,0.0,1
4291412000189,2013-11-12,71633509.08,6273.2053612,71389279.53,0.0,0.0,1
4291412000189,2013-11-13,71541030.92,6306.3527031,71766497.35,0.0,0.0,1
4291412000189,2013-11-14,72629027.63,6413.8183165,72989459.5,0.0,0.0,1
4291412000189,2013-11-18,72691318.74,6477.1601227,73710291.3,0.0,0.0,1
4291412000189,2013-11-19,71828831.55,6368.6586397,72475540.92,0.0,0.0,1
4291412000189,2013-11-20,71829153.22,6368.7395841000025,72476462.07,0.0,0.0,1
4291412000189,2013-11-21,71728118.24,6342.2184528000025,72174650.74,0.0,0.0,1
4291412000189,2013-11-22,71990226.83,6366.897683300002,72455501.18,0.0,0.0,1
4291412000189,2013-11-25,71895114.47,6313.8927818,71852303.69,0.0,0.0,1
4291412000189,2013-11-26,70759802.66,6275.3505625,71413691.99,0.0,0.0,1
4291412000189,2013-11-27,72457462.73,6317.3628651,71891793.35,0.0,0.0,1
4291412000189,2013-11-28,72532463.06,6344.3845468,72199300.96,0.0,0.0,1
4291412000189,2013-11-29,75535735.74,6413.679765,72987882.78,0.0,0.0,1
4291412000189,2013-12-02,73545931.42,6320.8099195,71931020.94,0.0,0.0,1
4291412000189,2013-12-03,71880826.29,6213.1287742,70705606.03,0.0,0.0,1
4291412000189,2013-12-04,69743561.0,6179.864972300001,70327062.89,0.0,0.0,1
4291412000189,2013-12-05,70437599.04,6203.6264549,70597469.33,0.0,0.0,1
4291412000189,2013-12-06,70869598.2,6230.1630387,70899456.51,0.0,0.0,1
4291412000189,2013-12-09,71087443.22,6248.0961898999985,71103536.35,0.0,0.0,1
4291412000189,2013-12-10,70388363.33,6208.6321191000025,70654433.95,0.0,0.0,1
4291412000189,2013-12-11,69299222.29,6097.3033734,69387509.23,0.0,0.0,1
4291412000189,2013-12-12,69144263.09,6111.5693022,69549855.96,0.0,0.0,1
4291412000189,2013-12-13,69351173.91,6095.581475,69367913.97,0.0,0.0,1
4291412000189,2013-12-16,69578249.83,6095.073820000001,69362136.84,0.0,0.0,1
4291412000189,2013-12-17,69707948.9,6091.0199062,69316003.17,0.0,0.0,1
4291412000189,2013-12-18,69571134.37,6104.5994907,69470539.28,0.0,0.0,1
4291412000189,2013-12-19,70592446.29,6203.8449858999975,70599956.22,0.0,0.0,1
4291412000189,2013-12-20,70207398.48,6165.0376751,70158327.77,0.0,0.0,1
4291412000189,2013-12-23,70142617.08,6183.2329986999985,70365391.14,0.0,0.0,1
4291412000189,2013-12-24,70143210.72,6183.2580804,70365676.57,0.0,0.0,1
4291412000189,2013-12-26,69949120.05,6176.448394100001,70288182.12,0.0,0.0,1
4291412000189,2013-12-27,70336530.08,6201.5754028,70574128.29,0.0,0.0,1
4291412000189,2013-12-30,70652476.53,6243.701930899999,71053529.54,0.0,0.0,1
4291412000189,2013-12-31,70653118.25,6243.731095100001,71053861.43,0.0,0.0,1
4291412000189,2014-01-02,69463504.67,6143.390856,69911986.27,0.0,0.0,1
4291412000189,2014-01-03,69331880.76,6131.934076600001,69781607.75,0.0,0.0,1
4291412000189,2014-01-06,68935121.76,6107.9883229,69509104.3,0.0,0.0,1
4291412000189,2014-01-07,67853985.59,6052.7205772,68880155.57,0.0,0.0,1
4291412000189,2014-01-08,67325687.28,6076.0665523,69145833.52,0.0,0.0,1
4291412000189,2014-01-09,66376926.25,5939.8279353,67595433.66,0.0,0.0,1
4291412000189,2014-01-10,77187463.56,5988.1744703999975,73164230.46,5018611.67,0.0,1
4291412000189,2014-01-13,77046183.59,5949.3672427,72690079.12,0.0,0.0,1
4291412000189,2014-01-14,77046893.07,5992.900543100001,73221974.18,0.0,0.0,1
4291412000189,2014-01-15,73485357.38,6027.1814735,73640822.68,0.0,0.0,1
4291412000189,2014-01-16,73521591.8,5999.7010692,73305063.82,0.0,0.0,1
4291412000189,2014-01-17,73711587.83,5938.1381087,72552880.22,0.0,0.0,1
4291412000189,2014-01-20,72574454.51,5884.654643600001,71899412.86,0.0,0.0,1
4291412000189,2014-01-21,72333247.37,5864.7766786,71656541.51,0.0,0.0,1
4291412000189,2014-01-22,72085002.4,5933.0523219,72490741.47,0.0,0.0,1
4291412000189,2014-01-23,70557716.0,5823.9272258,71157438.02,0.0,0.0,1
4291412000189,2014-01-24,70020268.0,5780.5014501999985,70626856.71,0.0,0.0,1
4291412000189,2014-01-27,70390107.84,5786.3409315,70698204.19,0.0,0.0,1
4291412000189,2014-01-28,70727375.71,5803.9493353,70913345.77,0.0,0.0,1
4291412000189,2014-01-29,70176511.74,5787.0003659999975,70706261.24,0.0,0.0,1
4291412000189,2014-01-30,70242397.38,5731.769554300001,70031444.59,0.0,0.0,1
4291412000189,2014-01-31,70998053.1,5795.2086596,70806551.15,0.0,0.0,1
4291412000189,2014-02-03,69684256.47,5650.013611399999,69032540.72,0.0,0.0,1
4291412000189,2014-02-04,69893566.06,5728.8605535,69995902.07,0.0,0.0,1
4291412000189,2014-02-05,69685969.97,5711.832902699999,69787856.2,0.0,0.0,1
4291412000189,2014-02-06,70953324.66,5835.051414000001,71293354.68,0.0,0.0,1
4291412000189,2014-02-07,71217766.29,5854.6174899,71532415.33,0.0,0.0,1
4291412000189,2014-02-10,70704664.05,5812.6066922,71019122.39,0.0,0.0,1
4291412000189,2014-02-11,71646745.54,5888.5634293,71947170.87,0.0,0.0,1
4291412000189,2014-02-12,71161227.86,5860.9523805,71609815.78,0.0,0.0,1
4291412000189,2014-02-13,70747864.86,5821.7326957,71130624.99,0.0,0.0,1
4291412000189,2014-02-14,71496107.57,5872.0312836,71745179.14,0.0,0.0,1
4291412000189,2014-02-17,70781244.9,5806.5224507,70944784.4,0.0,0.0,1
4291412000189,2014-02-18,69392379.44,5699.0767374,69631999.85,0.0,0.0,1
4291412000189,2014-02-19,69782399.82,5751.4957866,70272462.05,0.0,0.0,1
4291412000189,2014-02-20,69993109.57,5773.3894375,70539961.29,0.0,0.0,1
4291412000189,2014-02-21,69914557.42,5792.781096100001,70776890.89,0.0,0.0,1
4291412000189,2014-02-24,70136351.78,5792.301321800002,70771028.95,0.0,0.0,1
4291412000189,2014-02-25,69336059.3,5716.3993714,69843649.86,0.0,0.0,1
4291412000189,2014-02-26,69694916.75,5717.6890527,69859407.34,0.0,0.0,1
4291412000189,2014-02-27,70739693.16,5818.5285651,71091476.54,0.0,0.0,1
4291412000189,2014-02-28,71273543.55,5778.0385147,70596764.27,0.0,0.0,1
4291412000189,2014-03-05,70567310.02,5711.2020486,69780148.35,0.0,0.0,1
4291412000189,2014-03-06,71755225.48,5777.404412200001,70589016.73,0.0,0.0,1
4291412000189,2014-03-07,69348198.81,5667.2372531,69242981.23,0.0,0.0,1
4291412000189,2014-03-10,68406153.74,5596.8014213,68382387.83,0.0,0.0,1
4291412000189,2014-03-11,68151541.96,5622.2109742,68692844.78,0.0,0.0,1
4291412000189,2014-03-12,68727646.65,5637.4677657,68879254.08,0.0,0.0,1
4291412000189,2014-03-13,68251870.74,5603.321783199999,68462054.39,0.0,0.0,1
4291412000189,2014-03-14,67675058.3,5539.6247905,67683796.93,0.0,0.0,1
4291412000189,2014-03-17,67902192.02,5563.6595189,67977456.11,0.0,0.0,1
4291412000189,2014-03-18,68998548.28,5666.6827782,69236206.59,0.0,0.0,1
4291412000189,2014-03-19,69500178.46,5709.3639605,69757690.37,0.0,0.0,1
4291412000189,2014-03-20,70000971.34,5781.784745,70642536.16,0.0,0.0,1
4291412000189,2014-03-21,70321882.83,5806.5908531999985,70945620.15,0.0,0.0,1
4291412000189,2014-03-24,71145519.8,5871.3178865,71736462.77,0.0,0.0,1
4291412000189,2014-03-25,71424237.1,5892.184354,71991411.76,0.0,0.0,1
4291412000189,2014-03-26,71434038.23,5876.2504255,71796729.12,0.0,0.0,1
4291412000189,2014-03-27,72343838.45,6027.201551,73641067.99,0.0,0.0,1
4291412000189,2014-03-28,72847676.54,6040.2014895,73799902.79,0.0,0.0,1
4291412000189,2014-03-31,74049897.74,6112.461282,74682781.56,0.0,0.0,1
4291412000189,2014-04-01,74306883.87,6085.7396876,74356293.93,0.0,0.0,1
4291412000189,2014-04-02,75747569.44,6236.216917,76194842.68,0.0,0.0,1
4291412000189,2014-04-03,75523851.23,6211.0373643,75887195.9,0.0,0.0,1
4291412000189,2014-04-04,76028999.23,6185.6687219999985,75577238.8,0.0,0.0,1
4291412000189,2014-04-07,76792756.38,6275.9012052,76679710.05,0.0,0.0,1
4291412000189,2014-04-08,76023335.88,6233.1604785,76157498.75,0.0,0.0,1
4291412000189,2014-04-09,74995230.24,6183.62793,75552304.16,0.0,0.0,1
4291412000189,2014-04-10,75426808.1,6172.9687266,75422068.74,0.0,0.0,1
4291412000189,2014-04-11,76076790.57,6237.4771862,76210240.8,0.0,0.0,1
4291412000189,2014-04-14,75992651.4,6218.6879648,75980671.85,0.0,0.0,1
4291412000189,2014-04-15,75307766.42,6121.659273699999,74795163.72,0.0,0.0,1
4291412000189,2014-04-16,76430527.89,6200.0905274,75753446.14,0.0,0.0,1
4291412000189,2014-04-17,76867116.15,6278.3345977,76709441.53,0.0,0.0,1
4291412000189,2014-04-22,75562517.81,6255.4539667,76429883.25,0.0,0.0,1
4291412000189,2014-04-23,74703029.79,6195.8491791,75701624.84,0.0,0.0,1
4291412000189,2014-04-24,67674407.72,6216.9276333000025,69059163.91,0.0,6900000.0,1
4291412000189,2014-04-25,67343666.87,6179.3794888,68642069.87,0.0,0.0,1
4291412000189,2014-04-28,68341176.13,6150.0584404,68316364.44,0.0,0.0,1
4291412000189,2014-04-29,68918361.2,6177.073160800002,68616450.61,0.0,0.0,1
4291412000189,2014-04-30,69603831.21,6183.073827100001,68683107.49,0.0,0.0,1
4291412000189,2014-05-02,69901721.04,6317.5501205,70176903.29,0.0,0.0,1
4291412000189,2014-05-05,70623231.48,6364.1549501,70694601.22,0.0,0.0,1
4291412000189,2014-05-06,70582977.33,6367.4142431,70730806.25,0.0,0.0,1
4291412000189,2014-05-07,70170267.18,6374.614213100002,70810785.29,0.0,0.0,1
4291412000189,2014-05-08,69402646.05,6312.6081693999995,70122006.88,0.0,0.0,1
4291412000189,2014-05-09,68636162.2,6262.2717471999995,69562857.5,0.0,0.0,1
4291412000189,2014-05-12,70482578.3,6387.1003981,70949484.91,0.0,0.0,1
4291412000189,2014-05-13,70445838.93,6373.985761,70803804.29,0.0,0.0,1
4291412000189,2014-05-14,71062602.48,6427.8496329,71402137.45,0.0,0.0,1
4291412000189,2014-05-15,71256239.2,6378.4601298,70853506.68,0.0,0.0,1
4291412000189,2014-05-16,71059174.09,6371.1759584,70772592.31,0.0,0.0,1
4291412000189,2014-05-19,70430875.28,6285.8274995,69824520.6,0.0,0.0,1
4291412000189,2014-05-20,68547803.35,6188.3556608,68741779.4,0.0,0.0,1
4291412000189,2014-05-21,68499135.92,6178.2497803999995,68629520.79,0.0,0.0,1
4291412000189,2014-05-22,69021421.4,6255.135862100001,69483590.33,0.0,0.0,1
4291412000189,2014-05-23,68981619.89,6232.422349,69231283.03,0.0,0.0,1
4291412000189,2014-05-26,69395003.98,6265.323364800001,69596755.62,0.0,0.0,1
4291412000189,2014-05-27,68749397.82,6194.2029942,68806733.02,0.0,0.0,1
4291412000189,2014-05-28,69049455.95,6230.197599100001,69206569.96,0.0,0.0,1
4291412000189,2014-05-29,68574494.48,6201.2358378,68884855.58,0.0,0.0,1
4291412000189,2014-05-30,67364608.79,6096.8543936999995,67725360.78,0.0,0.0,1
4291412000189,2014-06-02,68182953.25,6135.609941100001,68155866.95,0.0,0.0,1
4291412000189,2014-06-03,68790308.9,6174.4039213,68586800.04,0.0,0.0,1
4291412000189,2014-06-04,68437534.69,6161.2192858,68440341.86,0.0,0.0,1
4291412000189,2014-06-05,67669789.61,6130.703867,68101369.07,0.0,0.0,1
4291412000189,2014-06-06,69914225.54,6287.9251276,69847821.57,0.0,0.0,1
4291412000189,2014-06-09,71286279.12,6408.443911,71186573.91,0.0,0.0,1
4291412000189,2014-06-10,71765687.75,6428.5805206,71410256.33,0.0,0.0,1
4291412000189,2014-06-11,71984305.53,6485.6947227,72044694.96,0.0,0.0,1
4291412000189,2014-06-12,71985323.28,6485.7567685,72045384.18,0.0,0.0,1
4291412000189,2014-06-13,71215597.62,6455.8900147,71713616.92,0.0,0.0,1
4291412000189,2014-06-16,70227274.89,6424.0061595,71359443.2,0.0,0.0,1
4291412000189,2014-06-17,69890555.24,6406.1478276,71161068.45,0.0,0.0,1
4291412000189,2014-06-18,71233973.77,6490.7309389,76600638.49,4500000.0,0.0,1
4291412000189,2014-06-20,76331987.83,6458.732251199999,76223004.61,0.0,0.0,1
4291412000189,2014-06-23,76502523.28,6417.1900095,75732742.07,0.0,0.0,1
4291412000189,2014-06-24,81090682.7,6395.395836899997,75475537.21,0.0,0.0,1
4291412000189,2014-06-25,74769587.47,6301.8266955,74371276.99,0.0,0.0,1
4291412000189,2014-06-26,74315471.3,6315.4948695,74532582.53,0.0,0.0,1
4291412000189,2014-06-27,73539216.51,6275.5489361,74061158.89,0.0,0.0,1
4291412000189,2014-06-30,73314560.62,6271.297841,74010989.41,0.0,0.0,1
4291412000189,2014-07-01,72526742.34,6255.9270963,73829590.91,0.0,0.0,1
4291412000189,2014-07-02,73708287.06,6260.6754205,73885628.46,0.0,0.0,1
4291412000189,2014-07-03,75282497.83,6325.7076266999975,74653108.82,0.0,0.0,1
4291412000189,2014-07-04,75771538.06,6350.7693382,74948875.68,0.0,0.0,1
4291412000189,2014-07-07,74681878.95,6333.0384742,74739624.13,0.0,0.0,1
4291412000189,2014-07-08,73700226.14,6312.497375,74497207.47,0.0,0.0,1
4291412000189,2014-07-09,73701380.56,6312.568220800003,74498043.56,0.0,0.0,1
4291412000189,2014-07-10,74900016.91,6389.4393851,75405241.89,0.0,0.0,1
4291412000189,2014-07-11,75680784.1,6411.162845000003,75661612.23,0.0,0.0,1
4291412000189,2014-07-14,76761826.23,6498.5841088,76693318.01,0.0,0.0,1
4291412000189,2014-07-15,77815767.39,6510.6311694,76835491.91,0.0,0.0,1
4291412000189,2014-07-16,77239714.54,6478.434246600003,76455518.55,0.0,0.0,1
4291412000189,2014-07-17,76923124.67,6483.0585123,76510092.02,0.0,0.0,1
4291412000189,2014-07-18,77425265.93,6627.7398544,78217555.06,0.0,0.0,1
4291412000189,2014-07-21,77613022.12,6688.6727329999985,78936657.03,0.0,0.0,1
4291412000189,2014-07-22,78287156.61,6729.3452689,79416655.7,0.0,0.0,1
4291412000189,2014-07-23,78529379.44,6670.4003338,78721014.53,0.0,0.0,1
4291412000189,2014-07-24,78828267.82,6710.9562451,79199636.85,0.0,0.0,1
4291412000189,2014-07-25,78767911.12,6689.0518224,78941130.87,0.0,0.0,1
4291412000189,2014-07-28,77848055.46,6664.433463,78650596.25,0.0,0.0,1
4291412000189,2014-07-29,77903754.54,6619.328707500003,78118290.55,0.0,0.0,1
4291412000189,2014-07-30,78019344.34,6619.2691941,78117588.2,0.0,0.0,1
4291412000189,2014-07-31,77053125.08,6529.6483543,77059924.03,0.0,0.0,1
4291412000189,2014-08-01,77265100.49,6517.4005877,76915381.49,0.0,0.0,1
4291412000189,2014-08-04,78379258.86,6600.5234279,77896359.24,0.0,0.0,1
4291412000189,2014-08-05,78073967.16,6565.8256507,77486871.94,0.0,0.0,1
4291412000189,2014-08-06,77465826.71,6596.3624406,77847253.17,0.0,0.0,1
4291412000189,2014-08-07,76686251.74,6556.2657404,77374050.25,0.0,0.0,1
4291412000189,2014-08-08,75865607.04,6487.99752,76568379.93,0.0,0.0,1
4291412000189,2014-08-11,78317008.99,6593.381508300001,77812073.57,0.0,0.0,1
4291412000189,2014-08-12,77992965.7,6568.9248303,77523447.04,0.0,0.0,1
4291412000189,2014-08-13,76769749.27,6461.1965968,76252087.69,0.0,0.0,1
4291412000189,2014-08-14,75655107.01,6473.5687361,76398098.02,0.0,0.0,1
4291412000189,2014-08-15,77170203.51,6609.6009962,78003488.55,0.0,0.0,1
4291412000189,2014-08-18,77569394.88,6672.4425108999985,78745115.37,0.0,0.0,1
4291412000189,2014-08-19,79261093.78,6775.7191924,79963939.54,0.0,0.0,1
4291412000189,2014-08-20,80452961.15,6847.8761417,80815502.86,0.0,0.0,1
4291412000189,2014-08-21,80595340.0,6847.9105161,80815908.53,0.0,0.0,1
4291412000189,2014-08-22,79957289.4,6789.7236793,80129214.09,0.0,0.0,1
4291412000189,2014-08-25,81654319.35,6932.1087106,81809577.12,0.0,0.0,1
4291412000189,2014-08-26,81943408.3,6954.245495199999,82070825.33,0.0,0.0,1
4291412000189,2014-08-27,83494576.71,7097.0281872,83755881.37,0.0,0.0,1
4291412000189,2014-08-28,82946505.23,7041.3093397,83098313.01,0.0,0.0,1
4291412000189,2014-08-29,84017124.93,7170.8446313999975,84627029.29,0.0,0.0,1
4291412000189,2014-09-01,84265168.64,7185.8044341,84803578.04,0.0,0.0,1
4291412000189,2014-09-02,85211507.47,7253.897204600001,85607177.78,0.0,0.0,1
4291412000189,2014-09-03,85687960.76,7244.676132100001,85498354.9,0.0,0.0,1
4291412000189,2014-09-04,84314694.26,7136.170901899999,84217825.79,0.0,0.0,1
4291412000189,2014-09-05,84104082.93,7135.177301299997,84206099.77,0.0,0.0,1
4291412000189,2014-09-08,82194807.22,6961.6457091,82158159.27,0.0,0.0,1
4291412000189,2014-09-09,81191921.4,6888.512673,81295076.62,0.0,0.0,1
4291412000189,2014-09-10,80703735.02,6823.831621699999,80531740.43,0.0,0.0,1
4291412000189,2014-09-11,80837346.78,6845.5068421999995,80787541.47,0.0,0.0,1
4291412000189,2014-09-12,79725064.29,6698.5501484,79053225.77,0.0,0.0,1
4291412000189,2014-09-15,80550883.78,6791.772315700001,80153391.16,0.0,0.0,1
4291412000189,2014-09-16,82168474.38,6921.2695311000025,81681658.08,0.0,0.0,1
4291412000189,2014-09-17,81976187.84,6954.462408399999,82073385.24,0.0,0.0,1
4291412000189,2014-09-18,81131369.15,6879.162422600001,81184729.24,0.0,0.0,1
4291412000189,2014-09-19,80206291.13,6796.9634463,80214654.51,0.0,0.0,1
4291412000189,2014-09-22,78759003.62,6668.9844562,78704304.99,0.0,0.0,1
4291412000189,2014-09-23,78195684.97,6628.2239615,78223268.27,0.0,0.0,1
4291412000189,2014-09-24,78523438.55,6654.5260126,78533673.05,0.0,0.0,1
4291412000189,2014-09-25,77746307.76,6564.1683081,77467312.74,0.0,0.0,1
4291412000189,2014-09-26,79319021.91,6692.0073335,78976010.46,0.0,0.0,1
4291412000189,2014-09-29,75855464.84,6397.3605969,75498724.41,0.0,0.0,1
4291412000189,2014-09-30,76011173.79,6338.5643551,74804838.05,0.0,0.0,1
4291412000189,2014-10-01,74322097.16,6177.6702827,72906039.78,0.0,0.0,1
4291412000189,2014-10-02,74844241.12,6237.974065500001,73617717.45,0.0,0.0,1
4291412000189,2014-10-03,75157248.73,6351.1299081,74953130.96,0.0,0.0,1
4291412000189,2014-10-06,78506160.6,6620.2926035,78129666.01,0.0,0.0,1
4291412000189,2014-10-07,79014811.0,6686.5703841,78911846.07,0.0,0.0,1
4291412000189,2014-10-08,78085000.54,6637.463564500003,78332309.84,0.0,0.0,1
4291412000189,2014-10-09,77944476.63,6657.2458934,78565771.84,0.0,0.0,1
4291412000189,2014-10-10,76276709.36,6457.5024331999975,76208490.86,0.0,0.0,1
4291412000189,2014-10-13,80655381.23,6793.0518281,80168491.38,0.0,0.0,1
4291412000189,2014-10-14,80498376.61,6816.816504100001,80448951.22,0.0,0.0,1
4291412000189,2014-10-15,77059715.89,6606.9660965,77972392.67,0.0,0.0,1
4291412000189,2014-10-16,74530347.24,6399.5699555,75524798.25,0.0,0.0,1
4291412000189,2014-10-17,76355233.27,6536.1589548,77136759.16,0.0,0.0,1
4291412000189,2014-10-20,78531867.95,6359.6159139,78053278.92,3000000.0,0.0,1
4291412000189,2014-10-21,75739530.21,6127.849087600001,75208742.24,0.0,0.0,1
4291412000189,2014-10-22,74674243.57,6104.1416081,74917773.96,0.0,0.0,1
4291412000189,2014-10-23,71983198.95,5921.391142,72674828.27,0.0,0.0,1
4291412000189,2014-10-24,74000269.75,6062.500993399999,74406707.48,0.0,0.0,1
4291412000189,2014-10-27,72350168.47,5873.7742573,72090413.42,0.0,0.0,1
4291412000189,2014-10-28,73830361.98,6065.4790735,74443258.26,0.0,0.0,1
4291412000189,2014-10-29,71738458.66,5936.5987705,72861475.59,0.0,0.0,1
4291412000189,2014-10-30,73066278.35,6043.6240842,74175026.09,0.0,0.0,1
4291412000189,2014-10-31,77254564.93,6295.272648100001,77263576.69,0.0,0.0,1
4291412000189,2014-11-03,77376611.08,6231.967602000002,76486616.81,0.0,0.0,1
4291412000189,2014-11-04,77819368.9,6259.0275826000025,76818731.24,0.0,0.0,1
4291412000189,2014-11-05,73121390.79,6197.2478303000025,72560491.7,0.0,3500000.0,1
4291412000189,2014-11-06,69777905.49,6054.8470715,70893192.06,0.0,0.0,1
4291412000189,2014-11-07,69830832.64,6108.863208,71525640.13,0.0,0.0,1
4291412000189,2014-11-10,69758179.16,6060.7692097,70962531.43,0.0,0.0,1
4291412000189,2014-11-11,70513170.6,6027.6167438,70574365.7,0.0,0.0,1
4291412000189,2014-11-12,72238140.05,6069.4879788,71064615.16,0.0,0.0,1
4291412000189,2014-11-13,70840809.36,5955.6515467,69731761.01,0.0,0.0,1
4291412000189,2014-11-14,70710416.18,5949.8235136,69663523.47,0.0,0.0,1
4291412000189,2014-11-17,69348828.98,5887.9821525,68939453.74,0.0,0.0,1
4291412000189,2014-11-18,69528478.38,5934.5081229,69484203.18,0.0,0.0,1
4291412000189,2014-11-19,70262508.38,6053.9036485,70882145.99,0.0,0.0,1
4291412000189,2014-11-20,70262382.05,6053.9495101,70882682.96,0.0,0.0,1
4291412000189,2014-11-21,73092391.25,6336.9891132,74196652.86,0.0,0.0,1
4291412000189,2014-11-24,71909402.08,6284.4548305,73581555.08,0.0,0.0,1
4291412000189,2014-11-25,72143491.79,6293.8272878,73691292.52,0.0,0.0,1
4291412000189,2014-11-26,71709539.64,6243.4287642,73101201.28,0.0,0.0,1
4291412000189,2014-11-27,71932863.84,6217.6244514,72799071.42,0.0,0.0,1
4291412000189,2014-11-28,72434789.57,6223.712000199997,72870347.5,0.0,0.0,1
4291412000189,2014-12-01,70870270.06,5979.2123112,70007622.28,0.0,0.0,1
4291412000189,2014-12-02,70433371.84,5912.6153565,69227871.67,0.0,0.0,1
4291412000189,2014-12-03,71090374.64,5963.6062437,69824898.6,0.0,0.0,1
4291412000189,2014-12-04,68971471.84,5874.792577699999,68785023.57,0.0,0.0,1
4291412000189,2014-12-05,69596143.08,5934.3190218,69481989.09,0.0,0.0,1
4291412000189,2014-12-08,67683418.35,5754.6842837,67378735.31,0.0,0.0,1
4291412000189,2014-12-09,67732308.21,5721.8428593,66994211.41,0.0,0.0,1
4291412000189,2014-12-10,66715429.02,5644.0942326,66083891.42,0.0,0.0,1
4291412000189,2014-12-11,66673369.05,5658.183553600001,66248856.27,0.0,0.0,1
4291412000189,2014-12-12,63665875.52,5453.828421,63856163.69,0.0,0.0,1
4291412000189,2014-12-15,62070165.19,5336.3951933,62481196.45,0.0,0.0,1
4291412000189,2014-12-16,61635023.7,5343.3037138,62562084.88,0.0,0.0,1
4291412000189,2014-12-17,62876026.86,5528.3395278000025,64728577.17,0.0,0.0,1
4291412000189,2014-12-18,63204278.61,5518.2349854,64610268.11,0.0,0.0,1
4291412000189,2014-12-19,65295499.33,5648.663213100002,66137387.34,0.0,0.0,1
4291412000189,2014-12-22,66178822.76,5687.1631776,66588164.27,0.0,0.0,1
4291412000189,2014-12-23,66043237.63,5776.1264451000025,67629790.91,0.0,0.0,1
4291412000189,2014-12-24,66044468.11,5776.205261300001,67630713.73,0.0,0.0,1
4291412000189,2014-12-26,66062492.67,5707.8489681,66830363.9,0.0,0.0,1
4291412000189,2014-12-29,67169867.37,5755.0644766999985,67383186.8,0.0,0.0,1
4291412000189,2014-12-30,65756836.55,5697.850378600001,66713295.39,0.0,0.0,1
4291412000189,2014-12-31,64907489.84,5697.9805233000025,66714819.19,0.0,0.0,1
4291412000189,2015-01-02,62785010.83,5522.078600800001,64655271.09,0.0,0.0,1
4291412000189,2015-01-05,61320835.77,5406.0403021,63296636.38,0.0,0.0,1
4291412000189,2015-01-06,61963036.15,5466.8161716,64008230.8,0.0,0.0,1
4291412000189,2015-01-07,63726880.71,5614.5795137,65738318.26,0.0,0.0,1
4291412000189,2015-01-08,67970951.82,5659.289789,66261808.63,0.0,0.0,1
4291412000189,2015-01-09,66443924.97,5528.8364086,64734394.9,0.0,0.0,1
4291412000189,2015-01-12,65293218.56,5430.5307132,63583382.42,0.0,0.0,1
4291412000189,2015-01-13,63337811.38,5432.157818,63602433.38,0.0,0.0,1
4291412000189,2015-01-14,62828470.84,5391.52006,63126626.09,0.0,0.0,1
4291412000189,2015-01-15,63357040.25,5436.6383123999985,63654893.26,0.0,0.0,1
4291412000189,2015-01-16,64645255.78,5546.6363304999995,64942805.33,0.0,0.0,1
4291412000189,2015-01-19,62932443.9,5395.0913101000015,63168440.08,0.0,0.0,1
4291412000189,2015-01-20,63493424.5,5419.3257645,63452189.25,0.0,0.0,1
4291412000189,2015-01-21,64991919.07,5566.5451028000025,65175907.24,0.0,0.0,1
4291412000189,2015-01-22,64726071.59,5564.2434343999985,65148958.15,0.0,0.0,1
4291412000189,2015-01-23,63435509.94,5504.6321724,64450999.54,0.0,0.0,1
4291412000189,2015-01-26,63495108.61,5472.4012821000015,64073624.08,0.0,0.0,1
4291412000189,2015-01-27,62396347.11,5459.6278586,63924066.42,0.0,0.0,1
4291412000189,2015-01-28,64637986.73,5387.6698666,63081546.09,0.0,0.0,1
4291412000189,2015-01-29,64855756.39,5399.964678,63225499.92,0.0,0.0,1
4291412000189,2015-01-30,63831453.01,5326.967350600001,62370810.53,0.0,0.0,1
4291412000189,2015-02-02,63341060.41,5409.5178006000015,63337352.68,0.0,0.0,1
4291412000189,2015-02-03,64125209.73,5524.3955743,64682399.38,0.0,0.0,1
4291412000189,2015-02-04,64675902.85,5558.557779,65082387.64,0.0,0.0,1
4291412000189,2015-02-05,64538249.35,5584.593947199999,65387232.18,0.0,0.0,1
4291412000189,2015-02-06,64347436.09,5556.2502722,65055370.19,0.0,0.0,1
4291412000189,2015-02-09,66396980.33,5626.0245332,65872322.3,0.0,0.0,1
4291412000189,2015-02-10,66148601.06,5523.413762100001,64670903.83,0.0,0.0,1
4291412000189,2015-02-11,65538765.75,5521.0522645,64643254.23,0.0,0.0,1
4291412000189,2015-02-12,65348157.99,5668.132003399999,66365337.72,0.0,0.0,1
4291412000189,2015-02-13,66098338.66,5778.901760700001,67662285.7,0.0,0.0,1
4291412000189,2015-02-18,67260240.59,5842.869526899999,68411252.45,0.0,0.0,1
4291412000189,2015-02-19,68204556.77,5856.409073100002,68569780.26,0.0,0.0,1
4291412000189,2015-02-20,67551376.04,5860.0918549,68612900.12,0.0,0.0,1
4291412000189,2015-02-23,59956670.99,5856.1484034999985,61566728.21,0.0,7000000.0,1
4291412000189,2015-02-24,60133544.86,5915.405267,62189706.14,0.0,0.0,1
4291412000189,2015-02-25,57270396.98,5921.6849478,58255725.54,0.0,4000000.0,1
4291412000189,2015-02-26,55010794.36,5917.751407100001,55217028.57,0.0,3000000.0,1
4291412000189,2015-02-27,55667323.93,5878.910113600001,54854610.37,0.0,0.0,1
4291412000189,2015-03-02,55228436.4,5815.133005899997,54259522.45,0.0,0.0,1
4291412000189,2015-03-03,55224994.59,5832.3194752,54419885.01,0.0,0.0,1
4291412000189,2015-03-04,53946202.05,5750.6348893999975,53657706.98,0.0,0.0,1
4291412000189,2015-03-05,53395194.78,5716.7737685,53341757.5,0.0,0.0,1
4291412000189,2015-03-06,52699073.07,5659.8578579999985,52810689.66,0.0,0.0,1
4291412000189,2015-03-09,52021852.21,5551.0900228,51795804.74,0.0,0.0,1
4291412000189,2015-03-10,50811267.86,5462.3438485,50967736.83,0.0,0.0,1
4291412000189,2015-03-11,51862230.41,5545.3321502,51742079.5,0.0,0.0,1
4291412000189,2015-03-12,51929451.5,5576.24822,52030549.46,0.0,0.0,1
4291412000189,2015-03-13,52172381.16,5557.7047037,51857524.64,0.0,0.0,1
4291412000189,2015-03-16,54822538.54,5587.9606376,53639835.04,1500000.0,0.0,1
4291412000189,2015-03-17,55225491.38,5745.2890458,55150058.61,0.0,0.0,1
4291412000189,2015-03-18,56401415.18,5880.1067698,56444198.09,0.0,0.0,1
4291412000189,2015-03-19,55205985.19,5826.9804447,55934228.98,0.0,0.0,1
4291412000189,2015-03-20,56071340.86,5934.2015381,56963463.46,0.0,0.0,1
4291412000189,2015-03-23,55796750.56,5908.374118100001,56715541.43,0.0,0.0,1
4291412000189,2015-03-24,55704477.84,5887.6550068999995,56516654.97,0.0,0.0,1
4291412000189,2015-03-25,56752503.88,5901.3387228,56648007.41,0.0,0.0,1
4291412000189,2015-03-26,56765189.6,5746.7576235,55164155.75,0.0,0.0,1
4291412000189,2015-03-27,55369058.98,5678.8315423,54512121.13,0.0,0.0,1
4291412000189,2015-03-30,56534065.89,5810.194385399999,55773096.59,0.0,0.0,1
4291412000189,2015-03-31,55070329.97,5801.1635705,55686408.18,0.0,0.0,1
4291412000189,2015-04-01,55857741.63,5886.7412537,56507883.69,0.0,0.0,1
4291412000189,2015-04-02,56035646.85,5997.205631700002,57568251.04,0.0,0.0,1
4291412000189,2015-04-06,56589521.66,6072.6925334,58292863.33,0.0,0.0,1
4291412000189,2015-04-07,56738034.66,6035.648038699999,57937266.59,0.0,0.0,1
4291412000189,2015-04-08,57850840.37,6030.8083947,57890809.98,0.0,0.0,1
4291412000189,2015-04-09,57639625.41,6027.3235102,57857357.95,0.0,0.0,1
4291412000189,2015-04-10,57429617.14,6069.9222413000025,58266270.8,0.0,0.0,1
4291412000189,2015-04-13,57009365.84,6051.2688578,58087213.63,0.0,0.0,1
4291412000189,2015-04-14,58615073.9,6034.2813635,57924147.63,0.0,0.0,1
4291412000189,2015-04-15,58882156.06,6102.0762022,58574922.43,0.0,0.0,1
4291412000189,2015-04-16,58252478.23,6093.4585435,58492199.98,0.0,0.0,1
4291412000189,2015-04-17,56943368.22,6021.5099204,57801552.26,0.0,0.0,1
4291412000189,2015-04-20,57666525.9,5998.3372483,57579113.63,0.0,0.0,1
4291412000189,2015-04-22,59937877.44,6112.1062068,58671202.24,0.0,0.0,1
4291412000189,2015-04-23,59527125.43,6184.5221292,59366335.65,0.0,0.0,1
4291412000189,2015-04-24,60104808.23,6287.3193839,60353104.91,0.0,0.0,1
4291412000189,2015-04-27,57908445.75,6166.2992428000025,59191410.9,0.0,0.0,1
4291412000189,2015-04-28,59951894.1,6236.562446800001,59865879.98,0.0,0.0,1
4291412000189,2015-04-29,58419603.35,6160.126741100001,59132159.95,0.0,0.0,1
4291412000189,2015-04-30,59446343.76,6260.147248899999,60092274.72,0.0,0.0,1
4291412000189,2015-05-04,49151040.77,6358.6813297,50088121.02,0.0,10950000.0,1
4291412000189,2015-05-05,50675338.51,6420.2111384,50572798.95,0.0,0.0,1
4291412000189,2015-05-06,51619823.13,6301.0030815,49633782.31,0.0,0.0,1
4291412000189,2015-05-07,49130669.79,6287.4654223000025,49527144.49,0.0,0.0,1
4291412000189,2015-05-08,49238808.96,6318.504545399999,49771643.51,0.0,0.0,1
4291412000189,2015-05-11,47892921.83,6328.511767600001,49850471.64,0.0,0.0,1
4291412000189,2015-05-12,49226388.58,6292.3769547,49565833.24,0.0,0.0,1
4291412000189,2015-05-13,48300722.55,6246.4877148999985,49204358.01,0.0,0.0,1
4291412000189,2015-05-14,48325929.04,6312.009088399999,49720477.99,0.0,0.0,1
4291412000189,2015-05-15,48842018.05,6374.7427019,50214638.44,0.0,0.0,1
4291412000189,2015-05-18,57490946.19,6293.3096988000025,54213180.58,4640000.0,0.0,1
4291412000189,2015-05-19,69832234.68,6230.4092977,58311330.43,4640000.0,0.0,1
4291412000189,2015-05-20,68412669.94,6157.6072306999995,57629965.02,0.0,0.0,1
4291412000189,2015-05-21,64921530.52,6175.8651658,57800843.76,0.0,0.0,1
4291412000189,2015-05-22,55852290.36,6107.181699700001,57158024.95,0.0,0.0,1
4291412000189,2015-05-25,56901818.7,6128.957194899999,57361825.06,0.0,0.0,1
4291412000189,2015-05-26,54906196.18,6039.2369266999995,56522119.68,0.0,0.0,1
4291412000189,2015-05-27,56369128.14,6122.9862623,57305942.21,0.0,0.0,1
4291412000189,2015-05-28,55846107.09,6098.1915503,57073884.8,0.0,0.0,1
4291412000189,2015-05-29,55860648.94,5987.5409906999985,56038289.7,0.0,0.0,1
4291412000189,2015-06-01,56731514.28,6006.0425217,56211448.29,0.0,0.0,1
4291412000189,2015-06-02,57950319.98,6146.6137229,57527075.14,0.0,0.0,1
4291412000189,2015-06-03,56358526.32,6065.627517800001,56769113.16,0.0,0.0,1
4291412000189,2015-06-05,55254099.58,6022.1199297,56361919.15,0.0,0.0,1
4291412000189,2015-06-08,56327362.37,6019.3682394,56336165.67,0.0,0.0,1
4291412000189,2015-06-09,56625159.66,6013.299263600001,56279365.22,0.0,0.0,1
4291412000189,2015-06-10,56966649.25,6095.17181,57045622.6,0.0,0.0,1
4291412000189,2015-06-11,55804661.53,6070.2541477,56812414.48,0.0,0.0,1
4291412000189,2015-06-12,55822132.69,6037.828543399999,56508938.41,0.0,0.0,1
4291412000189,2015-06-15,56435779.32,6022.881608899997,56369047.82,0.0,0.0,1
4291412000189,2015-06-16,57257480.87,6088.8471218,56986428.9,0.0,0.0,1
4291412000189,2015-06-17,56354718.9,6043.5638542,56562616.04,0.0,0.0,1
4291412000189,2015-06-18,57061683.13,6141.8422165,57482417.9,0.0,0.0,1
4291412000189,2015-06-19,56669875.13,6103.252555100001,57121251.5,0.0,0.0,1
4291412000189,2015-06-22,57442486.07,6126.3436305,57337364.32,0.0,0.0,1
4291412000189,2015-06-23,57388693.24,6127.722654300002,57350270.81,0.0,0.0,1
4291412000189,2015-06-24,57690579.23,6143.9299095,57501956.93,0.0,0.0,1
4291412000189,2015-06-25,56387249.93,6083.8212847,56939391.34,0.0,0.0,1
4291412000189,2015-06-26,56553894.43,6140.3984026,57468905.03,0.0,0.0,1
4291412000189,2015-06-29,55526126.43,6037.2716263,56503726.14,0.0,0.0,1
4291412000189,2015-06-30,55620666.62,6039.1456513,56521265.42,0.0,0.0,1
4291412000189,2015-07-01,55600301.16,6032.4051284,56458179.86,0.0,0.0,1
4291412000189,2015-07-02,55688263.98,6067.8143885,56789580.41,0.0,0.0,1
4291412000189,2015-07-03,57188096.16,6017.9131092,56322546.89,0.0,0.0,1
4291412000189,2015-07-06,56767058.6,5954.9553461999985,55733315.79,0.0,0.0,1
4291412000189,2015-07-07,56803908.88,5973.2563568999985,55904597.68,0.0,0.0,1
4291412000189,2015-07-08,55045043.08,5913.703782600001,55347236.25,0.0,0.0,1
4291412000189,2015-07-09,55046013.66,5913.7778758999975,55347929.7,0.0,0.0,1
4291412000189,2015-07-10,56173999.12,6002.8273203,56181356.74,0.0,0.0,1
4291412000189,2015-07-13,57262827.84,6049.4406651,56617617.99,0.0,0.0,1
4291412000189,2015-07-14,38812484.08,6042.5822165,38553428.75,0.0,18000000.0,1
4291412000189,2015-07-15,38422172.78,6014.1910382,38372284.79,0.0,0.0,1
4291412000189,2015-07-16,38189169.98,6023.4332383,38431252.71,0.0,0.0,1
4291412000189,2015-07-17,37867449.84,5938.8423132,37891538.05,0.0,0.0,1
4291412000189,2015-07-20,37917241.83,5878.2064359,37504663.55,0.0,0.0,1
4291412000189,2015-07-21,37500587.49,5839.592434300002,37258295.01,0.0,0.0,1
4291412000189,2015-07-22,36915277.5,5768.1242004,36802306.93,0.0,0.0,1
4291412000189,2015-07-23,19493146.74,5624.6198599,18886707.58,0.0,17000000.0,1
4291412000189,2015-07-24,19425768.02,5559.032498,18666474.15,0.0,0.0,1
4291412000189,2015-07-27,19235303.79,5533.7637454999995,18581625.12,0.0,0.0,1
4291412000189,2015-07-28,18710388.0,5608.2709479,18831810.16,0.0,0.0,1
4291412000189,2015-07-29,18934361.45,5665.485031,19023927.26,0.0,0.0,1
4291412000189,2015-07-30,18871407.68,5661.058999800001,19009065.25,0.0,0.0,1
4291412000189,2015-07-31,19030272.36,5757.7783476999975,19333835.65,0.0,0.0,1
4291412000189,2015-08-03,18720157.76,5681.8743406,19078960.33,0.0,0.0,1
4291412000189,2015-08-04,18796856.28,5660.713009,19007903.46,0.0,0.0,1
4291412000189,2015-08-05,18921728.09,5692.0551733,19113146.18,0.0,0.0,1
4291412000189,2015-08-06,18783173.01,5644.4482131,18953288.49,0.0,0.0,1
4291412000189,2015-08-07,18232857.62,5505.465978,18486605.07,0.0,0.0,1
4291412000189,2015-08-10,18509801.82,5566.3345362,18690993.4,0.0,0.0,1
4291412000189,2015-08-11,18459627.07,5550.2847401,18637100.37,0.0,0.0,1
4291412000189,2015-08-12,18154940.29,5474.564778499999,18382843.05,0.0,0.0,1
4291412000189,2015-08-13,17965639.67,5466.28128,18355028.19,0.0,0.0,1
4291412000189,2015-08-14,30703357.76,5433.030194100002,24593373.11,6350000.0,0.0,1
4291412000189,2015-08-17,30512387.52,5388.919337899999,24393702.41,0.0,0.0,1
4291412000189,2015-08-18,30636454.7,5420.053014,24534633.38,0.0,0.0,1
4291412000189,2015-08-19,23846159.64,5334.7237107,24148378.27,0.0,0.0,1
4291412000189,2015-08-20,23698379.78,5298.7375975,23985482.06,0.0,0.0,1
4291412000189,2015-08-21,23397280.66,5206.2431112,23566792.74,0.0,0.0,1
4291412000189,2015-08-24,22776279.46,5062.532165,22916264.9,0.0,0.0,1
4291412000189,2015-08-25,23023037.03,5090.6736023,23043651.08,0.0,0.0,1
4291412000189,2015-08-26,23816664.85,5247.5316619,23753691.18,0.0,0.0,1
4291412000189,2015-08-27,24451018.92,5408.5366685,24482503.02,0.0,0.0,1
4291412000189,2015-08-28,23891747.64,5353.5851718,24233757.33,0.0,0.0,1
4291412000189,2015-08-31,20437213.91,5292.1808061,20755801.82,0.0,3200000.0,1
4291412000189,2015-09-01,17644795.55,5168.311003399999,17869987.53,0.0,2400000.0,1
4291412000189,2015-09-02,15789324.43,5269.1833187,15818764.34,0.0,2400000.0,1
4291412000189,2015-09-03,16028579.2,5377.560109300001,16144125.37,0.0,0.0,1
4291412000189,2015-09-04,15596618.33,5296.9330288,15902072.53,0.0,0.0,1
4291412000189,2015-09-08,15836325.4,5322.399325500001,15978525.62,0.0,0.0,1
4291412000189,2015-09-09,15700576.69,5304.165681,15923785.88,0.0,0.0,1
4291412000189,2015-09-10,15606562.83,5261.629064600002,15796085.5,0.0,0.0,1
4291412000189,2015-09-11,15587901.35,5291.0840183,15884513.05,0.0,0.0,1
4291412000189,2015-09-14,15898054.11,5388.3051931,16176383.49,0.0,0.0,1
4291412000189,2015-09-15,15744010.42,5392.639238399999,16189394.85,0.0,0.0,1
4291412000189,2015-09-16,16101043.51,5504.3710156000025,16524827.98,0.0,0.0,1
4291412000189,2015-09-17,16081516.85,5515.241450399999,16557462.42,0.0,0.0,1
4291412000189,2015-09-18,15849842.41,5359.3621994999985,16089492.91,0.0,0.0,1
4291412000189,2015-09-21,16005770.75,5274.508221,15834750.38,0.0,0.0,1
4291412000189,2015-09-22,15870523.04,5244.802835,15745571.0,0.0,0.0,1
4291412000189,2015-09-23,15727607.11,5141.6127047,15435780.99,0.0,0.0,1
4291412000189,2015-09-24,15308562.94,5135.4165971,15417179.48,0.0,0.0,1
4291412000189,2015-09-25,15221668.33,5088.993201300002,15277810.49,0.0,0.0,1
4291412000189,2015-09-28,14838471.43,5015.6053617,15057490.78,0.0,0.0,1
4291412000189,2015-09-29,14733101.56,5031.871671800001,15106324.33,0.0,0.0,1
4291412000189,2015-09-30,14964761.73,5144.5984931,15444744.71,0.0,0.0,1
4291412000189,2015-10-01,14980292.0,5170.3176838,15521957.02,0.0,0.0,1
4291412000189,2015-10-02,15730835.7,5353.926385899998,16073173.9,0.0,0.0,1
4291412000189,2015-10-05,21228666.32,5413.4250258,18951796.45,2700000.0,0.0,1
4291412000189,2015-10-06,21463076.45,5427.2828029,19000310.98,0.0,0.0,1
4291412000189,2015-10-07,21908419.17,5548.5904171,19424995.39,0.0,0.0,1
4291412000189,2015-10-08,25369378.66,5573.741408,22513046.2,3000000.0,0.0,1
4291412000189,2015-10-09,25386517.9,5621.468064600002,22705820.2,0.0,0.0,1
4291412000189,2015-10-13,24776358.61,5441.7283527,21979828.78,0.0,0.0,1
4291412000189,2015-10-14,21520232.54,5355.2288046,21630446.17,0.0,0.0,1
4291412000189,2015-10-15,21839870.77,5409.4561813,21849477.4,0.0,0.0,1
4291412000189,2015-10-16,21564564.94,5410.5944126,21854074.86,0.0,0.0,1
4291412000189,2015-10-19,21848326.19,5437.4052495,21962367.22,0.0,0.0,1
4291412000189,2015-10-20,19385950.32,5400.9596753,19315158.94,0.0,2500000.0,1
4291412000189,2015-10-21,16293610.38,5396.3065189,16298518.11,0.0,3000000.0,1
4291412000189,2015-10-22,16532168.42,5466.413301199998,16510262.32,0.0,0.0,1
4291412000189,2015-10-23,13486420.22,5443.6948747000015,13941645.63,0.0,2500000.0,1
4291412000189,2015-10-26,13698051.18,5400.587200600001,13831244.16,0.0,0.0,1
4291412000189,2015-10-27,13485007.57,5401.9853974,13834825.03,0.0,0.0,1
4291412000189,2015-10-28,13674479.41,5372.361647600002,13758956.74,0.0,0.0,1
4291412000189,2015-10-29,13217721.86,5242.9456912,13427514.32,0.0,0.0,1
4291412000189,2015-10-30,13346365.52,5256.3996788,13461970.83,0.0,0.0,1
4291412000189,2015-11-03,13739353.82,5450.6668391,13959501.27,0.0,0.0,1
4291412000189,2015-11-04,13539228.44,5424.9999462,13893766.74,0.0,0.0,1
4291412000189,2015-11-05,13913982.99,5473.1932235,14017192.76,0.0,0.0,1
4291412000189,2015-11-06,13825710.27,5359.774815600002,13726721.07,0.0,0.0,1
4291412000189,2015-11-09,13641179.82,5280.1504219,13522797.98,0.0,0.0,1
4291412000189,2015-11-10,13343931.97,5283.094551,13530338.08,0.0,0.0,1
4291412000189,2015-11-11,13399450.93,5366.700799,13744458.95,0.0,0.0,1
4291412000189,2015-11-12,13459704.92,5364.9458871000015,13739964.51,0.0,0.0,1
4291412000189,2015-11-13,13516747.51,5319.517415,13623619.33,0.0,0.0,1
4291412000189,2015-11-16,13696445.64,5347.7678092,13695970.37,0.0,0.0,1
4291412000189,2015-11-17,13733094.27,5389.929751,13803949.76,0.0,0.0,1
4291412000189,2015-11-18,13592834.11,5387.9505221,13798880.83,0.0,0.0,1
4291412000189,2015-11-19,13706496.57,5455.9550885,13973044.81,0.0,0.0,1
4291412000189,2015-11-20,13705490.94,5455.9061635,13972919.51,0.0,0.0,1
4291412000189,2015-11-23,13737494.74,5449.9664268,13957707.47,0.0,0.0,1
4291412000189,2015-11-24,13794121.24,5445.1176941,13945289.56,0.0,0.0,1
4291412000189,2015-11-25,13444187.01,5302.1199243,13579063.26,0.0,0.0,1
4291412000189,2015-11-26,13530364.55,5337.9747507,13670889.73,0.0,0.0,1
4291412000189,2015-11-27,13224893.36,5217.575507199998,13362539.68,0.0,0.0,1
4291412000189,2015-11-30,12968339.64,5123.2447047,13120952.55,0.0,0.0,1
4291412000189,2015-12-01,12999589.32,5140.9779661,13166368.55,0.0,0.0,1
4291412000189,2015-12-02,12933902.93,5116.074810800002,13102590.0,0.0,0.0,1
4291412000189,2015-12-03,13270070.51,5277.8716026,13516961.78,0.0,0.0,1
4291412000189,2015-12-04,13036350.34,5170.6790158,13242434.81,0.0,0.0,1
4291412000189,2015-12-07,12969267.07,5170.4689741,13241896.88,0.0,0.0,1
4291412000189,2015-12-08,12874342.25,5096.443942800001,13052314.11,0.0,0.0,1
4291412000189,2015-12-09,13303664.69,5265.3630428000015,13484926.57,0.0,0.0,1
4291412000189,2015-12-10,13128792.47,5220.2079415,13369281.51,0.0,0.0,1
4291412000189,2015-12-11,13109154.61,5198.4294926,13313505.53,0.0,0.0,1
4291412000189,2015-12-14,13010128.17,5144.2482917,13174744.06,0.0,0.0,1
4291412000189,2015-12-15,13231615.45,5154.093559,13199958.41,0.0,0.0,1
4291412000189,2015-12-16,13269419.19,5172.2457363,13246447.28,0.0,0.0,1
4291412000189,2015-12-17,13324302.02,5203.845692800001,13327376.76,0.0,0.0,1
4291412000189,2015-12-18,12903662.05,5064.0842081,12969438.79,0.0,0.0,1
4291412000189,2015-12-21,12802118.98,5008.228843,12826389.68,0.0,0.0,1
4291412000189,2015-12-22,12810588.64,5032.26708,12887953.12,0.0,0.0,1
4291412000189,2015-12-23,12916652.61,5094.007946500001,13046075.37,0.0,0.0,1
4291412000189,2015-12-24,12916729.54,5093.9746127,13045990.0,0.0,0.0,1
4291412000189,2015-12-28,12795184.14,5082.390356600001,13016321.99,0.0,0.0,1
4291412000189,2015-12-29,12809959.97,5060.767089399998,12960943.44,0.0,0.0,1
4291412000189,2015-12-30,12897299.92,5039.0752022,12905389.15,0.0,0.0,1
4291412000189,2015-12-31,12897396.73,5039.0497596999985,12905323.99,0.0,0.0,1
4291412000189,2016-01-04,12523637.94,4886.1612415,12513766.86,0.0,0.0,1
4291412000189,2016-01-05,12521760.56,4930.528634699999,12627394.55,0.0,0.0,1
4291412000189,2016-01-06,12410627.59,4874.0218798999995,12482677.19,0.0,0.0,1
4291412000189,2016-01-07,12064542.53,4743.9517732,12149559.45,0.0,0.0,1
4291412000189,2016-01-08,12136955.37,4728.3443127,12109587.76,0.0,0.0,1
4291412000189,2016-01-11,11837158.72,4648.006246600001,11903836.91,0.0,0.0,1
4291412000189,2016-01-12,11649122.18,4597.8052523000015,11775269.0,0.0,0.0,1
4291412000189,2016-01-13,11441393.37,4535.6416981,11616064.22,0.0,0.0,1
4291412000189,2016-01-14,11532767.76,4571.4874892,11707867.55,0.0,0.0,1
4291412000189,2016-01-15,11383282.41,4482.2587087,11479347.02,0.0,0.0,1
4291412000189,2016-01-18,11181215.27,4401.6837605,11272989.5,0.0,0.0,1
4291412000189,2016-01-19,11179908.91,4391.136491699999,11245977.28,0.0,0.0,1
4291412000189,2016-01-20,11014984.76,4349.8510726,11140242.72,0.0,0.0,1
4291412000189,2016-01-21,11005818.21,4351.097184100001,11143434.09,0.0,0.0,1
4291412000189,2016-01-22,11106044.53,4391.4441725,11246765.27,0.0,0.0,1
4291412000189,2016-01-25,11105879.84,4391.3983517,11246647.92,0.0,0.0,1
4291412000189,2016-01-26,11009609.58,4340.8343753,11117150.39,0.0,0.0,1
4291412000189,2016-01-27,11272643.2,4437.6688648,11365149.62,0.0,0.0,1
4291412000189,2016-01-28,11409813.02,4475.923023100001,11463120.93,0.0,0.0,1
4291412000189,2016-01-29,11840544.05,4675.332446500001,11973821.03,0.0,0.0,1
4291412000189,2016-02-01,11760675.3,4684.9021251,11998329.58,0.0,0.0,1
4291412000189,2016-02-02,11227233.18,4471.7452618,11452421.42,0.0,0.0,1
4291412000189,2016-02-03,11546607.33,4560.6965247,11680231.21,0.0,0.0,1
4291412000189,2016-02-04,11842285.81,4663.0013404,11942240.29,0.0,0.0,1
4291412000189,2016-02-05,11605143.5,4629.7113044,11856982.41,0.0,0.0,1
4291412000189,2016-02-10,4738239.01,4601.8992984,4785754.11,0.0,7000000.0,1
4291412000189,2016-02-11,4731192.74,4485.1837665,4664375.57,0.0,0.0,1
4291412000189,2016-02-12,4867736.83,4524.875023600001,4705652.57,0.0,0.0,1
4291412000189,2016-02-15,4678485.06,4561.9709301,4744230.53,0.0,0.0,1
4291412000189,2016-02-16,4743225.95,4666.0912318,4852510.64,0.0,0.0,1
4291412000189,2016-02-17,4818638.36,4722.1027143,4910759.89,0.0,0.0,1
4291412000189,2016-02-18,4774815.73,4709.8073096,4897973.26,0.0,0.0,1
4291412000189,2016-02-19,4729531.96,4745.1866175,4934766.04,0.0,0.0,1
4291412000189,2016-02-22,4829502.15,4896.661001699998,5092292.12,0.0,0.0,1
4291412000189,2016-02-23,4788826.52,4839.3012069,5032640.69,0.0,0.0,1
4291412000189,2016-02-24,4760140.27,4799.3300425,4991072.6,0.0,0.0,1
4291412000189,2016-02-25,4818536.55,4795.0140835,4986584.21,0.0,0.0,1
4291412000189,2016-02-26,4813286.96,4774.608554,4965363.44,0.0,0.0,1
4291412000189,2016-02-29,5065104.58,4905.5059488000015,5101490.44,0.0,0.0,1
4291412000189,2016-03-01,5201467.63,5022.4151876999995,5223070.43,0.0,0.0,1
4291412000189,2016-03-02,5253359.23,5067.937147,5270411.08,0.0,0.0,1
4291412000189,2016-03-03,5307252.56,5226.256107,5435055.19,0.0,0.0,1
4291412000189,2016-03-04,5642895.76,5374.3683935,5589084.85,0.0,0.0,1
4291412000189,2016-03-07,5680562.45,5342.7070554,5556158.58,0.0,0.0,1
4291412000189,2016-03-08,5762674.1,5354.3818834,5568299.84,0.0,0.0,1
4291412000189,2016-03-09,3569619.92,5345.6753803,3559245.5,0.0,2000000.0,1
4291412000189,2016-03-10,3682525.82,5432.8873402,3617312.77,0.0,0.0,1
4291412000189,2016-03-11,3643155.1,5439.3048321000015,3621585.65,0.0,0.0,1
4291412000189,2016-03-14,3617600.24,5383.8461867,3584660.3,0.0,0.0,1
4291412000189,2016-03-15,3401199.75,5249.159928499998,3494983.8,0.0,0.0,1
4291412000189,2016-03-16,3469059.12,5297.5463683,3527200.35,0.0,0.0,1
4291412000189,2016-03-17,3744407.12,5593.7488546,3724417.22,0.0,0.0,1
4291412000189,2016-03-18,3687005.35,5556.1194127,3699362.87,0.0,0.0,1
4291412000189,2016-03-21,3686116.51,5584.7112012,3718399.79,0.0,0.0,1
4291412000189,2016-03-22,3591781.67,5552.6201518,3697033.0,0.0,0.0,1
4291412000189,2016-03-23,3605617.08,5456.1313288,3632789.03,0.0,0.0,1
4291412000189,2016-03-24,3556589.85,5430.3211724,3615604.17,0.0,0.0,1
4291412000189,2016-03-28,3664146.95,5556.2106539,3699423.62,0.0,0.0,1
4291412000189,2016-03-29,3667607.68,5607.1329378,3733328.58,0.0,0.0,1
4291412000189,2016-03-30,3724833.26,5604.0458918,3731273.17,0.0,0.0,1
4291412000189,2016-03-31,3665868.91,5487.0292139,3653361.39,0.0,0.0,1
4291412000189,2016-04-01,3712646.86,5548.9137471,3694565.21,0.0,0.0,1
4291412000189,2016-04-04,3576568.17,5376.3953038,3579699.37,0.0,0.0,1
4291412000189,2016-04-05,3571342.48,5378.2211938,3580915.08,0.0,0.0,1
4291412000189,2016-04-06,3522061.66,5292.7084077,3523979.15,0.0,0.0,1
4291412000189,2016-04-07,3498162.52,5330.5813247000015,3549195.61,0.0,0.0,1
4291412000189,2016-04-08,3692297.22,5583.2303154,3717413.79,0.0,0.0,1
4291412000189,2016-04-11,3610880.21,5558.3368664,3700839.29,0.0,0.0,1
4291412000189,2016-04-12,5910747.26,5787.8967907,4853684.36,1000000.0,0.0,1
4291412000189,2016-04-13,5820439.67,5889.7933658,4939134.02,0.0,0.0,1
4291412000189,2016-04-14,5669566.13,5858.942347,5063262.6,150000.0,0.0,1
4291412000189,2016-04-15,4975737.53,5919.4328529,5115538.13,0.0,0.0,1
4291412000189,2016-04-18,5098612.84,5882.0691343,5083248.63,0.0,0.0,1
4291412000189,2016-04-19,5338649.95,5960.1395942,5150716.65,0.0,0.0,1
4291412000189,2016-04-20,5181441.45,5962.4394251,5152704.15,0.0,0.0,1
4291412000189,2016-04-22,5144725.53,5934.9998443,5128991.03,0.0,0.0,1
4291412000189,2016-04-25,5083426.54,5834.0617519,5041760.94,0.0,0.0,1
4291412000189,2016-04-26,5074503.7,5969.365567,5158689.68,0.0,0.0,1
4291412000189,2016-04-27,5175485.99,6090.836897,5263664.47,0.0,0.0,1
4291412000189,2016-04-28,5123693.42,6027.910201899997,5209283.6,0.0,0.0,1
4291412000189,2016-04-29,5186414.78,5983.2544745,5170692.39,0.0,0.0,1
4291412000189,2016-05-02,5107421.74,5928.5424977,5123410.63,0.0,0.0,1
4291412000189,2016-05-03,4950961.57,5804.3416993,5016077.05,0.0,0.0,1
4291412000189,2016-05-04,5077613.2,5866.746636600001,5070007.02,0.0,0.0,1
4291412000189,2016-05-05,5081491.81,5782.5550741000025,4997249.18,0.0,0.0,1
4291412000189,2016-05-06,5122195.88,5793.1071497,5006368.22,0.0,0.0,1
4291412000189,2016-05-09,4981822.8,5753.3046383,4971971.13,0.0,0.0,1
4291412000189,2016-05-10,5103031.94,5966.0417413999985,5155817.25,0.0,0.0,1
4291412000189,2016-05-11,5086418.09,5949.043798100001,5141127.73,0.0,0.0,1
4291412000189,2016-05-12,5119523.74,5987.4461029,5174314.77,0.0,0.0,1
4291412000189,2016-05-13,4991127.25,5848.0976403,5053890.67,0.0,0.0,1
4291412000189,2016-05-16,4948130.35,5808.072968199999,5019301.59,0.0,0.0,1
4291412000189,2016-05-17,4885805.53,5707.4266968,4932323.69,0.0,0.0,1
4291412000189,2016-05-18,4783275.89,5690.4268557999985,4917632.53,0.0,0.0,1
4291412000189,2016-05-19,4806657.74,5669.8225461,4899826.41,0.0,0.0,1
4291412000189,2016-05-20,4723138.67,5624.2900131999995,4860477.47,0.0,0.0,1
4291412000189,2016-05-23,4783700.67,5585.5026096,4826957.63,0.0,0.0,1
4291412000189,2016-05-24,4752018.4,5583.1543752,4824928.3,0.0,0.0,1
4291412000189,2016-05-25,4821355.11,5609.8917293,4848034.56,0.0,0.0,1
4291412000189,2016-05-27,4839404.92,5579.5606449,4821822.62,0.0,0.0,1
4291412000189,2016-05-30,3290380.41,5561.2960811,3306038.49,0.0,1500000.0,1
4291412000189,2016-05-31,3171956.78,5528.7839217,3286710.9,0.0,0.0,1
4291412000189,2016-06-01,3166713.24,5566.243070600001,3308979.34,0.0,0.0,1
4291412000189,2016-06-02,3247720.51,5687.0663725,3380805.49,0.0,0.0,1
4291412000189,2016-06-03,3321967.58,5717.4416801000025,3398862.78,0.0,0.0,1
4291412000189,2016-06-06,3419893.83,5676.476062100001,3374509.84,0.0,0.0,1
4291412000189,2016-06-07,3425925.22,5679.2567113999985,3376162.86,0.0,0.0,1
4291412000189,2016-06-08,3557587.98,5790.737565199999,3442435.18,0.0,0.0,1
4291412000189,2016-06-09,3403074.78,5746.0449971,3415866.67,0.0,0.0,1
4291412000189,2016-06-10,3261193.09,5572.8752175,3312921.97,0.0,0.0,1
4291412000189,2016-06-13,3249391.11,5599.1656947,3328550.94,0.0,0.0,1
4291412000189,2016-06-14,3209739.62,5496.1285933,3267298.2,0.0,0.0,1
4291412000189,2016-06-15,3207660.2,5509.2507274,3275098.95,0.0,0.0,1
4291412000189,2016-06-16,3294864.17,5560.9747543,3305847.47,0.0,0.0,1
4291412000189,2016-06-17,3284417.69,5566.5704532,3309173.96,0.0,0.0,1
4291412000189,2016-06-20,3372155.64,5652.7798001,3360423.06,0.0,0.0,1
4291412000189,2016-06-21,3337167.62,5698.0662055,3387344.59,0.0,0.0,1
4291412000189,2016-06-22,3281189.53,5611.1637233,3335683.44,0.0,0.0,1
4291412000189,2016-06-23,3297456.6,5762.8127823999985,3425834.66,0.0,0.0,1
4291412000189,2016-06-24,3190282.81,5616.3526078,3338768.09,0.0,0.0,1
4291412000189,2016-06-27,3136516.42,5534.2106809,3289936.96,0.0,0.0,1
4291412000189,2016-06-28,3272432.74,5618.1911953,3339861.08,0.0,0.0,1
4291412000189,2016-06-29,3347320.0,5719.0971137,3399846.89,0.0,0.0,1
4291412000189,2016-06-30,3385104.18,5775.8088383999975,3433560.46,0.0,0.0,1
4291412000189,2016-07-01,3438543.05,5852.6243471,3479225.18,0.0,0.0,1
4291412000189,2016-07-04,3491616.91,5901.8303103,3508476.78,0.0,0.0,1
4291412000189,2016-07-05,3470039.88,5851.779060100002,3478722.68,0.0,0.0,1
4291412000189,2016-07-06,3513127.56,5857.3566252,3482038.39,0.0,0.0,1
4291412000189,2016-07-07,3510535.87,5860.856937600001,3484119.23,0.0,0.0,1
4291412000189,2016-07-08,3573622.66,5966.6348378,3547001.3,0.0,0.0,1
4291412000189,2016-07-11,3513643.6,6044.735586399999,3593430.06,0.0,0.0,1
4291412000189,2016-07-12,3525482.66,6061.8507721,3603604.57,0.0,0.0,1
4291412000189,2016-07-13,3514851.47,6087.0649004,3618593.68,0.0,0.0,1
4291412000189,2016-07-14,3616139.73,6181.061888800001,3674472.32,0.0,0.0,1
4291412000189,2016-07-15,3625445.68,6196.5178056,3683660.44,0.0,0.0,1
4291412000189,2016-07-18,3702350.03,6294.8582233000025,3742121.13,0.0,0.0,1
4291412000189,2016-07-19,3727577.94,6313.9858312,3753491.97,0.0,0.0,1
4291412000189,2016-07-20,3726282.68,6313.9563597,3753474.45,0.0,0.0,1
4291412000189,2016-07-21,3719903.04,6326.1376095,3760715.87,0.0,0.0,1
4291412000189,2016-07-22,3743708.07,6365.54832,3784144.46,0.0,0.0,1
4291412000189,2016-07-25,3722668.61,6330.2032296000025,3763132.77,0.0,0.0,1
4291412000189,2016-07-26,3713406.08,6314.858302000002,3754010.63,0.0,0.0,1
4291412000189,2016-07-27,3712829.46,6313.6898041999975,3753315.99,0.0,0.0,1
4291412000189,2016-07-28,3692053.97,6278.5435455,3732422.5,0.0,0.0,1
4291412000189,2016-07-29,3736269.71,6350.0117435,3774908.39,0.0,0.0,1
4291412000189,2016-08-01,3704547.47,6297.6451639,3743777.89,0.0,0.0,1
4291412000189,2016-08-02,3658044.74,6219.3519758,3697234.73,0.0,0.0,1
4291412000189,2016-08-03,3709252.79,6305.6123427,3748514.16,0.0,0.0,1
4291412000189,2016-08-04,3729468.24,6337.8754579,3767693.7,0.0,0.0,1
4291412000189,2016-08-05,3733881.66,6345.586561,3772277.74,0.0,0.0,1
4291412000189,2016-08-08,3736125.67,6349.1775083,3774412.46,0.0,0.0,1
4291412000189,2016-08-09,3740718.27,6356.719116699999,3778895.74,0.0,0.0,1
4291412000189,2016-08-10,3704231.36,6293.5932703,3741369.15,0.0,0.0,1
4291412000189,2016-08-11,3785342.63,6429.8519161,3822371.19,0.0,0.0,1
4291412000189,2016-08-12,3786257.27,6442.4484078999985,3829859.46,0.0,0.0,1
4291412000189,2016-08-15,3778887.92,6509.0867286,3869474.12,0.0,0.0,1
4291412000189,2016-08-16,3764325.89,6487.2844814,3856513.28,0.0,0.0,1
4291412000189,2016-08-17,3790253.86,6530.5693313,3882244.94,0.0,0.0,1
4291412000189,2016-08-18,3831022.82,6524.791117700001,3878809.95,0.0,0.0,1
4291412000189,2016-08-19,3822543.24,6510.3960571,3870252.48,0.0,0.0,1
4291412000189,2016-08-22,3731205.36,6358.8374984,3780155.06,0.0,0.0,1
4291412000189,2016-08-23,3757681.44,6376.2608227,3790512.75,0.0,0.0,1
4291412000189,2016-08-24,3728592.63,6315.8495334,3754599.89,0.0,0.0,1
4291412000189,2016-08-25,3732951.29,6313.6683061,3753303.21,0.0,0.0,1
4291412000189,2016-08-26,3746184.1,6332.7196279,3764628.7,0.0,0.0,1
4291412000189,2016-08-29,4546794.42,6412.9506348,4312323.84,500000.0,0.0,1
4291412000189,2016-08-30,5200392.63,6417.7725681,4965566.3,650000.0,0.0,1
4291412000189,2016-08-31,6481263.34,6366.8235273,6026145.95,1100000.0,0.0,1
4291412000189,2016-09-01,7244932.96,6385.7371523,6044047.54,0.0,0.0,1
4291412000189,2016-09-02,8161539.92,6519.8531969999985,6170987.27,0.0,0.0,1
4291412000189,2016-09-05,7802887.74,6526.1256446000025,6176924.09,0.0,0.0,1
4291412000189,2016-09-06,6962003.1,6576.0172152,6224146.05,0.0,0.0,1
4291412000189,2016-09-08,6173908.83,6577.6634313999975,6225704.18,0.0,0.0,1
4291412000189,2016-09-09,6095480.64,6340.731266100001,6001449.84,0.0,0.0,1
4291412000189,2016-09-12,5985871.52,6397.0050158999975,6054712.48,0.0,0.0,1
4291412000189,2016-09-13,5815578.31,6181.2072134,5850461.64,0.0,0.0,1
4291412000189,2016-09-14,5974345.44,6209.7669024,5877493.15,0.0,0.0,1
4291412000189,2016-09-15,6142713.87,6294.3019127,5957504.84,0.0,0.0,1
4291412000189,2016-09-16,6005782.91,6201.673752100001,5869833.05,0.0,0.0,1
4291412000189,2016-09-19,5892714.38,6222.3027432,5889358.22,0.0,0.0,1
4291412000189,2016-09-20,5886660.62,6266.104192100002,5930815.93,0.0,0.0,1
4291412000189,2016-09-21,5992916.79,6340.9600901,6001666.42,0.0,0.0,1
4291412000189,2016-09-22,8620686.66,6412.4819391,7369361.26,1300000.0,0.0,1
4291412000189,2016-09-23,8581474.37,6364.5425416,7314268.28,0.0,0.0,1
4291412000189,2016-09-26,8486212.11,6300.1047908,7240215.04,0.0,0.0,1
4291412000189,2016-09-27,7276573.17,6341.0351558,7287253.09,0.0,0.0,1
4291412000189,2016-09-28,7420621.89,6444.9722505,7406699.82,0.0,0.0,1
4291412000189,2016-09-29,11100355.39,6335.7796063999995,9281213.3,2000000.0,0.0,1
4291412000189,2016-09-30,13450838.3,6334.0734158999985,10448713.92,1170000.0,0.0,1
4291412000189,2016-10-03,18230081.41,6462.436452399998,12860462.12,2200000.0,0.0,1
4291412000189,2016-10-04,16410752.65,6455.5810336,12846819.61,0.0,0.0,1
4291412000189,2016-10-05,15424517.03,6555.205826300001,13045076.24,0.0,0.0,1
4291412000189,2016-10-06,13102544.36,6601.3188243,13136842.63,0.0,0.0,1
4291412000189,2016-10-07,13207192.29,6653.9882912,13241656.61,0.0,0.0,1
4291412000189,2016-10-10,13316378.81,6709.5870362,13352299.95,0.0,0.0,1
4291412000189,2016-10-11,13169346.73,6635.6221189,13205107.32,0.0,0.0,1
4291412000189,2016-10-13,11389824.65,6648.517201,11530768.96,0.0,1700000.0,1
4291412000189,2016-10-14,11534560.86,6718.319692899999,11651830.0,0.0,0.0,1
4291412000189,2016-10-17,11643171.06,6820.8212807,11829602.29,0.0,0.0,1
4291412000189,2016-10-18,11704778.23,6944.285277500001,12043730.46,0.0,0.0,1
4291412000189,2016-10-19,11512371.69,6904.284941600001,11974356.4,0.0,0.0,1
4291412000189,2016-10-20,11771222.56,6929.879835600002,12018746.57,0.0,0.0,1
4291412000189,2016-10-21,12042493.06,6958.0865634,12067666.54,0.0,0.0,1
4291412000189,2016-10-24,12128316.7,6949.828260400001,12053343.86,0.0,0.0,1
4291412000189,2016-10-25,11935878.75,6923.432587800001,12007564.87,0.0,0.0,1
4291412000189,2016-10-26,11996924.82,6937.8867919,12032633.33,0.0,0.0,1
4291412000189,2016-10-27,12005718.18,7001.0834508,12142237.63,0.0,0.0,1
4291412000189,2016-10-28,11962176.18,7012.9274528,12162779.12,0.0,0.0,1
4291412000189,2016-10-31,12092188.72,7080.7854378,12280467.73,0.0,0.0,1
4291412000189,2016-11-01,12039104.22,6908.494267899999,11981656.79,0.0,0.0,1
4291412000189,2016-11-03,11853969.88,6764.069465199999,11731175.52,0.0,0.0,1
4291412000189,2016-11-04,11825434.88,6753.1507506,11712238.79,0.0,0.0,1
4291412000189,2016-11-07,12282787.45,6998.197010600001,12137231.57,0.0,0.0,1
4291412000189,2016-11-08,12462493.48,7017.5588712,12170811.56,0.0,0.0,1
4291412000189,2016-11-09,12292764.26,6919.5471431999995,12000826.2,0.0,0.0,1
4291412000189,2016-11-10,11593273.09,6677.6672173,11581324.91,0.0,0.0,1
4291412000189,2016-11-11,11029625.79,6456.347997999999,11197481.8,0.0,0.0,1
4291412000189,2016-11-14,11146220.29,6491.7115102,11258814.04,0.0,0.0,1
4291412000189,2016-11-16,11437159.23,6597.6917685,11442619.5,0.0,0.0,1
4291412000189,2016-11-17,11290074.65,6492.8815194,11260843.23,0.0,0.0,1
4291412000189,2016-11-18,11286820.34,6515.7164731,11300446.73,0.0,0.0,1
4291412000189,2016-11-21,11569187.32,6632.3508098,11502729.95,0.0,0.0,1
4291412000189,2016-11-22,11684518.42,6712.8392948,11642324.09,0.0,0.0,1
4291412000189,2016-11-23,11671946.96,6706.7394818,11631744.96,0.0,0.0,1
4291412000189,2016-11-24,11461976.45,6648.700892600001,11531086.5,0.0,0.0,1
4291412000189,2016-11-25,11517492.29,6664.6938245,11558823.63,0.0,0.0,1
4291412000189,2016-11-28,11722422.13,6782.7636494,11763596.47,0.0,0.0,1
4291412000189,2016-11-29,11392412.4,6591.4646965,11431819.66,0.0,0.0,1
4291412000189,2016-11-30,11579921.88,6699.4903016,11619172.44,0.0,0.0,1
04291412000189,2016-12-01,11138987.56,6444.9420183,11177699.99,0.0,0.0,1
04291412000189,2016-12-02,11258704.55,6514.6119356,11298531.09,0.0,0.0,1
04291412000189,2016-12-05,11180574.64,6467.7712983,11217293.65,0.0,0.0,1
04291412000189,2016-12-06,11337432.96,6589.3868071,11428215.9,0.0,0.0,1
04291412000189,2016-12-07,11390359.54,6620.5326322,11482233.25,0.0,0.0,1
04291412000189,2016-12-08,11266774.45,6549.2070792,11358530.72,0.0,0.0,1
04291412000189,2016-12-09,11301643.74,6538.6542787,11340228.61,0.0,0.0,1
04291412000189,2016-12-12,11056127.59,6397.0067955,11094564.17,0.0,0.0,1
04291412000189,2016-12-13,11134530.86,6410.223623,11117486.6,0.0,0.0,1
04291412000189,2016-12-14,10785601.27,6297.4104991,10921830.65,0.0,0.0,1
04291412000189,2016-12-15,10876572.59,6310.6051106,10944714.55,0.0,0.0,1
04291412000189,2016-12-16,0.0,6305.2868413,0.0,0.0,10935490.88,0
