CNPJ_FUNDO,DT_COMPTC,VL_TOTAL,VL_QUOTA,VL_PATRIM_LIQ,CAPTC_DIA,RESG_DIA,NR_COTST
7143386000130,2005-01-18,3223909.04,0.4351039,3212195.79,0.0,0.0,1459
7143386000130,2005-01-19,3109596.54,0.43531603,3149133.64,0.0,64627.23,1456
7143386000130,2005-01-20,3088140.46,0.43554178,3127984.21,0.0,22647.44,1456
7143386000130,2005-01-21,3031004.02,0.43576527,3070448.53,0.0,59064.99,1456
7143386000130,2005-01-24,3012889.23,0.43597281,3052395.89,0.0,19558.43,1456
7143386000130,2005-01-25,2942342.23,0.43619119,2982219.24,0.0,71674.86,1456
7143386000130,2005-01-26,2897253.2,0.4364061,2945503.57,0.0,37576.78,1456
7143386000130,2005-01-27,2763103.33,0.43652974,2811413.67,0.0,135524.03,1456
7143386000130,2005-01-28,2657908.38,0.43674159,2706686.0,0.0,106091.35,1456
7143386000130,2005-01-31,2509129.83,0.43705857,2707859.62,0.0,135.54,1456
7143386000130,2005-02-01,2510768.16,0.43723777,2663816.19,0.0,45252.2,1456
7143386000130,2005-02-02,2512407.64,0.43742122,2649721.09,0.0,15312.04,1456
7143386000130,2005-02-03,2450276.44,0.43760629,2569977.1,0.0,80964.33,1456
7143386000130,2005-02-04,2451908.1,0.43779211,2542662.12,0.0,28539.25,1456
7143386000130,2005-02-09,2452273.19,0.43800137,2542829.0,0.0,1147.32,1456
7143386000130,2005-02-10,2422803.98,0.43818216,2513741.02,0.0,30236.73,1456
7143386000130,2005-02-11,2424417.02,0.43837659999999995,2467729.34,0.0,47457.81,1456
7143386000130,2005-02-14,2426030.22,0.43861731,2465221.27,0.0,3729.95,1456
7143386000130,2005-02-15,2259147.61,0.43881724,2433698.79,0.0,32745.07,1456
7143386000130,2005-02-16,2387098.6,0.43944268,2426315.37,0.0,10948.45,1456
7143386000130,2005-02-17,2389423.06,0.43977624,2428132.66,0.0,122.47,1456
7143386000130,2005-02-18,2392010.69,0.4401575,2426608.43,0.0,3726.89,1456
7143386000130,2005-02-21,2393743.22,0.44038409999999995,2414450.51,0.0,12114.82,1456
7143386000130,2005-02-22,2356808.26,0.44071716,2347987.78,0.0,68387.58,1456
7143386000130,2005-02-23,2338273.93,0.44092974,2332503.44,0.0,16716.15,1456
7143386000130,2005-02-24,2324750.11,0.44114176,2325585.89,0.0,7768.42,1456
7143386000130,2005-02-25,2314867.25,0.44166502,2316289.97,0.0,12152.63,1456
7143386000130,2005-02-28,2304538.11,0.44153036,2313960.84,0.0,1723.38,1456
7143386000130,2005-03-01,2276162.35,0.44180721,2315508.23,0.0,2.15,1456
7143386000130,2005-03-02,2277527.93,0.4419787,2316059.07,0.0,447.57,1456
7143386000130,2005-03-03,2279096.9,0.44218911,2314856.01,0.0,2404.71,1456
7143386000130,2005-03-04,2140016.4,0.44239999,2141953.7,0.0,174105.34,1456
7143386000130,2005-03-07,2137464.13,0.44261876,2136976.46,0.0,6135.35,1456
7143386000130,2005-03-08,2136555.46,0.4428325,2137269.89,0.0,837.71,1456
7143386000130,2005-03-09,2133933.68,0.4430461,2134381.89,0.0,3664.41,1456
7143386000130,2005-03-10,2133723.96,0.44318666,2134147.24,0.0,1364.41,1456
7143386000130,2005-03-11,2134529.59,0.44340033,2135031.48,0.0,594.99,1456
7143386000130,2005-03-14,2133996.48,0.44368012,2134138.51,0.0,1987.78,1456
7143386000130,2005-03-15,2110427.7,0.44389446,2111133.01,0.0,24170.22,1456
7143386000130,2005-03-16,2110241.41,0.44482354,2110997.01,0.0,4611.84,1456
7143386000130,2005-03-17,2055537.25,0.44503542,2056075.54,0.0,56026.56,1456
7143386000130,2005-03-18,2044061.94,0.44525399,2044403.56,0.0,12780.32,1456
7143386000130,2005-03-21,1924994.01,0.44547286,1922724.68,0.0,122782.4,1456
7143386000130,2005-03-22,1896201.7,0.44569077,1894358.36,0.0,29405.23,1456
7143386000130,2005-03-23,1852281.63,0.44590814,1850880.19,0.0,44500.47,1456
7143386000130,2005-03-24,1806285.26,0.44612495,1805148.0,0.0,46730.61,1456
7143386000130,2005-03-28,1807491.08,0.44764904,1806055.14,0.0,0.0,1456
7143386000130,2005-03-29,1763016.84,0.44651988,1761592.82,0.0,40002.13,1455
7143386000130,2005-03-30,1734946.46,0.44671879,1731567.64,0.0,31866.17,1455
7143386000130,2005-03-31,1668481.32,0.44716368,1672958.95,0.0,59490.99,1455
7143386000130,2005-04-01,1661511.96,0.44736603,1665893.8,0.0,7910.17,1455
7143386000130,2005-04-04,1643413.64,0.44756491,1648191.89,0.0,18543.08,1454
7143386000130,2005-04-05,1599939.74,0.44776327,1604645.27,0.0,44377.66,1454
7143386000130,2005-04-06,1589867.68,0.44796047,1594711.96,0.0,10740.62,1451
7143386000130,2005-04-07,1587879.19,0.44815732,1593110.87,0.0,2402.25,1451
7143386000130,2005-04-08,1586681.52,0.44835412,1591662.93,0.0,1648.06,1451
7143386000130,2005-04-11,1587733.26,0.44838199999999995,1591905.99,0.0,555.83,1451
7143386000130,2005-04-12,1585751.67,0.44857897,1589692.53,0.0,3013.18,1451
7143386000130,2005-04-13,1474780.56,0.44877437,1613386.63,26978.72,4090.92,1451
7143386000130,2005-04-14,1609731.34,0.44893987,1613816.78,0.0,276.88,1451
7143386000130,2005-04-15,1602669.18,0.44913563,1607162.77,0.0,7445.48,1451
7143386000130,2005-04-18,1603294.41,0.44932281,1607932.75,0.0,0.0,1451
7143386000130,2005-04-19,1603336.57,0.44951011,1608333.84,0.0,369.32,1451
7143386000130,2005-04-20,1600373.69,0.4496976,1605559.95,0.0,3544.97,1451
7143386000130,2005-04-22,1555068.41,0.44981582,1560474.55,0.0,45606.97,1451
7143386000130,2005-04-25,1555083.42,0.45000403,1560686.32,0.0,541.48,1451
7143386000130,2005-04-26,1556102.27,0.45019267,1561440.44,0.0,0.0,1451
7143386000130,2005-04-27,1557121.88,0.45038148,1556352.7,0.0,5842.53,1459
7143386000130,2005-04-28,1553117.83,0.45057173,1550667.22,0.0,6442.78,1459
7143386000130,2005-04-29,1548101.97,0.45076233,1551258.54,0.0,164.39,1459
7143386000130,2005-05-02,1548111.72,0.45095708,1551673.24,0.0,355.37,1459
7143386000130,2005-05-03,1546106.95,0.45115216,1549810.68,0.0,2633.61,1459
7143386000130,2005-05-04,1546114.53,0.45134726,1550343.61,0.0,236.77,1459
7143386000130,2005-05-05,1547130.23,0.45154233,1551095.44,0.0,17.84,1459
7143386000130,2005-05-06,1547137.3,0.45173759,1551715.82,0.0,150.05,1459
7143386000130,2005-05-09,1443623.72,0.45193302,1578632.95,26119.05,0.0,1459
7143386000130,2005-05-10,1580543.5,0.45209994,1579133.91,0.0,168.44,1459
7143386000130,2005-05-11,1553234.37,0.45229106,1552330.05,0.0,27570.9,1459
7143386000130,2005-05-12,1553219.6,0.45247333,1552596.3,0.0,458.77,1459
7143386000130,2005-05-13,1554217.24,0.452655651,1553218.86,0.0,102.46,1459
7143386000130,2005-05-16,1555215.62,0.45283817,1553340.25,0.0,604.29,1459
7143386000130,2005-05-17,1550101.27,0.45302112,1548128.08,0.0,5878.31,1459
7143386000130,2005-05-18,1550330.18,0.45320393,1548611.67,0.0,214.02,1459
7143386000130,2005-05-19,1551322.77,0.45338577,1549150.02,0.0,182.31,1459
7143386000130,2005-05-20,1552326.83,0.45355283,1549591.42,0.0,228.71,1459
7143386000130,2005-05-23,1553331.63,0.45372011,1549952.91,0.0,309.31,1459
7143386000130,2005-05-24,1554307.37,0.45387889,1550594.61,0.0,0.0,1459
7143386000130,2005-05-25,1553306.78,0.45404661,1549608.86,0.0,1657.94,1459
7143386000130,2005-05-27,1554311.97,0.45421423,1550035.39,0.0,245.01,1459
7143386000130,2005-05-30,1553307.63,0.45438231,1549459.0,0.0,1248.77,1459
7143386000130,2005-05-31,1548279.79,0.45455052,1550142.82,0.0,0.0,1459
7143386000130,2005-06-01,1549284.57,0.4547249,1550825.62,0.0,0.0,1459
7143386000130,2005-06-02,1537196.11,0.45489627,1538760.16,0.0,12748.7,1459
7143386000130,2005-06-03,1538192.06,0.45506674,1538893.22,0.0,542.56,1459
7143386000130,2005-06-06,1539188.32,0.45523497,1539000.14,0.0,560.91,1459
7143386000130,2005-06-07,1539174.24,0.45540335,1539113.38,0.0,554.89,1459
7143386000130,2005-06-08,1540170.85,0.45557179999999997,1539780.33,0.0,0.0,1459
7143386000130,2005-06-09,1566453.5,0.45576946,1566526.8,26165.1,113.28,1459
7143386000130,2005-06-10,1569276.64,0.45596528,1566784.27,0.0,400.84,1459
7143386000130,2005-06-13,1564197.56,0.45615798,1562046.37,0.0,5259.95,1459
7143386000130,2005-06-14,1559109.74,0.45635059,1557392.14,0.0,5227.93,1459
7143386000130,2005-06-15,1560096.52,0.456543005,1558047.7,0.0,0.0,1459
7143386000130,2005-06-16,1561084.01,0.45673564,1558688.46,0.0,15.26,1459
7143386000130,2005-06-17,1561355.47,0.45692829999999995,1558028.7,0.0,1185.69,1459
7143386000130,2005-06-20,1561932.7,0.45712133,1556802.34,0.0,1471.84,1459
7143386000130,2005-06-21,1561566.71,0.45719373,1556513.44,0.0,593.78,1459
7143386000130,2005-06-22,1561554.26,0.45738704,1556189.34,0.0,980.42,1459
7143386000130,2005-06-23,1559533.45,0.45758027,1554187.84,0.0,2659.98,1459
7143386000130,2005-06-24,1559516.59,0.45777425,1554018.94,0.0,824.85,1459
7143386000130,2005-06-27,1560504.01,0.4579678,1554070.29,0.0,604.52,1459
7143386000130,2005-06-28,1556446.08,0.45816187,1549944.14,0.0,4784.28,1459
7143386000130,2005-06-29,1555412.14,0.45835605,1549310.25,0.0,1289.91,1459
7143386000130,2005-06-30,1550331.9,0.45855026,1549512.36,0.0,422.95,1459
7143386000130,2005-07-01,1551313.67,0.45873682,1550014.26,0.0,157.37,1459
7143386000130,2005-07-04,1552295.75,0.45893232,1550662.94,0.0,11.19,1459
7143386000130,2005-07-05,1553279.01,0.45912824,1551310.96,0.0,12.93,1459
7143386000130,2005-07-06,1552234.58,0.4593241,1549984.78,0.0,1986.88,1459
7143386000130,2005-07-07,1553216.97,0.45952005,1550644.55,0.0,0.47,1459
7143386000130,2005-07-08,1553184.58,0.45971608,1551034.03,0.0,0.0,1459
7143386000130,2005-07-11,1447626.83,0.45983575,1575878.78,26113.24,1969.97,1459
7143386000130,2005-07-12,1578488.02,0.46000037,1575343.97,0.0,1084.13,1459
7143386000130,2005-07-13,1579443.17,0.46018853,1594984.29,19986.37,1016.86,1459
7143386000130,2005-07-14,1600399.04,0.46037775,1595290.73,0.0,334.71,1459
7143386000130,2005-07-15,1601370.48,0.46056756,1595947.41,0.0,0.0,1459
7143386000130,2005-07-18,1601489.07,0.46075753,1596336.3,0.0,268.37,1459
7143386000130,2005-07-19,1602678.2,0.46093974,1596913.53,0.0,53.19,1459
7143386000130,2005-07-20,1603650.91,0.46111923,1597341.32,0.0,193.6,1459
7143386000130,2005-07-21,1598614.92,0.46129896,1596693.25,0.0,1269.04,1459
7143386000130,2005-07-22,1599584.31,0.46147762,1597052.09,0.0,258.23,1459
7143386000130,2005-07-25,1598548.86,0.46165641,1591750.95,0.0,5919.26,1460
7143386000130,2005-07-26,1599518.25,0.46183599,1592365.33,0.0,4.05,1460
7143386000130,2005-07-27,1598479.18,0.4620157,1590943.66,0.0,2040.1,1460
7143386000130,2005-07-28,1597308.21,0.4621953,1589630.66,0.0,796.46,1460
7143386000130,2005-07-29,1591126.16,0.46205001,1589169.98,0.0,8.95,1460
7143386000130,2005-08-01,1592091.49,0.46225036,1589801.31,0.0,10.47,1460
7143386000130,2005-08-02,1593057.97,0.46243743,1590304.67,0.0,138.71,1460
7143386000130,2005-08-03,1594025.62,0.46262196,1590929.48,0.0,9.23,1460
7143386000130,2005-08-04,1594993.98,0.46280667,1591016.42,0.0,547.72,1460
7143386000130,2005-08-05,1594953.96,0.46299164,1590683.83,0.0,43.31,1460
7143386000130,2005-08-08,1595859.83,0.46289438,1591238.38,0.0,17.95,1460
7143386000130,2005-08-09,1495024.61,0.46306503,1616551.04,25437.76,787.48,1460
7143386000130,2005-08-10,1622868.92,0.46321409,1616902.17,0.0,155.41,1460
7143386000130,2005-08-11,1622728.55,0.46338572,1617348.26,0.0,152.49,1460
7143386000130,2005-08-12,1620902.01,0.46355733,1614831.29,0.0,352.53,1460
7143386000130,2005-08-15,1619088.07,0.46372916,1612679.41,0.0,0.0,1460
7143386000130,2005-08-16,1617270.31,0.46390104,1610410.18,0.0,113.44,1460
7143386000130,2005-08-17,1615464.63,0.46407298,1608354.92,0.0,0.0,1460
7143386000130,2005-08-18,1613837.66,0.46424484,1606388.45,0.0,1.31,1460
7143386000130,2005-08-19,1612661.31,0.46441686,1604488.21,0.0,41.08,1460
7143386000130,2005-08-22,1605835.89,0.46458926,1597715.27,0.0,1.41,1460
7143386000130,2005-08-23,1593703.1,0.46476176,1585987.74,0.0,5273.51,1460
7143386000130,2005-08-24,1594639.71,0.46493409999999996,1586585.12,0.0,1.5,1460
7143386000130,2005-08-25,1593568.95,0.46510674,1586115.8,0.0,1069.17,1460
7143386000130,2005-08-26,1587470.35,0.46527929,1577888.27,0.0,8826.93,1460
7143386000130,2005-08-29,1641109.88,0.46545184,1631289.52,59642.34,920.9,1460
7143386000130,2005-08-30,1754294.45,0.48062166,1683924.12,59096.19,1208.09,1460
7143386000130,2005-08-31,1624192.65,0.49676074,1679480.65,0.0,5046.91,1460
7143386000130,2005-09-01,1682935.34,0.49692502,1679537.52,0.0,549.61,1460
7143386000130,2005-09-02,1680110.29,0.49716264,1677995.76,0.0,385.78,1460
7143386000130,2005-09-05,1680048.0,0.49740049,1678550.42,0.0,2.04,1460
7143386000130,2005-09-06,1680115.95,0.49763854,1678841.65,0.0,0.0,1460
7143386000130,2005-09-08,1680902.72,0.49787667,1679492.35,0.0,0.0,1460
7143386000130,2005-09-09,1576562.29,0.4981147,1705572.15,25983.45,10.29,1460
7143386000130,2005-09-12,1705407.0,0.49832419,1704707.34,0.0,0.0,1460
7143386000130,2005-09-13,1703894.83,0.49855573,1703889.12,0.0,1317.75,1460
7143386000130,2005-09-14,1704671.8,0.49878717,1704525.83,0.0,0.0,1460
7143386000130,2005-09-15,1705176.49,0.49901874,1705026.95,0.0,0.0,1460
7143386000130,2005-09-16,1706412.84,0.49924712,1705654.42,0.0,0.0,1460
7143386000130,2005-09-19,1702835.44,0.4994758,1703273.88,0.0,3008.97,1460
7143386000130,2005-09-20,1703603.46,0.49970435,1703900.4,0.0,0.0,1460
7143386000130,2005-09-21,1754670.67,0.499933,1755130.1,0.0,0.0,1460
7143386000130,2005-09-22,1755438.12,0.46964782,1755781.15,0.0,0.0,1460
7143386000130,2005-09-23,1755910.7,0.46982219,1756277.34,0.0,0.0,1460
7143386000130,2005-09-26,1756679.26,0.47000164,1756921.58,0.0,0.0,1460
7143386000130,2005-09-27,1757449.09,0.47018161,1757567.35,0.0,0.0,1460
7143386000130,2005-09-28,1757519.34,0.47036164,1757863.39,0.0,0.0,1460
7143386000130,2005-09-29,1758865.38,0.47054203,1758229.97,0.0,0.0,1460
7143386000130,2005-09-30,1752587.47,0.47072299,1758623.57,0.0,0.01,1460
7143386000130,2005-10-03,1753479.28,0.47083547,1758683.12,0.0,587.21,1460
7143386000130,2005-10-04,1752881.38,0.47101578,1747022.51,0.0,0.0,1460
7143386000130,2005-10-05,1751729.79,0.47119586,1746707.41,0.0,0.0,1460
7143386000130,2005-10-06,1752498.63,0.471376,1747352.6,0.0,0.0,1460
7143386000130,2005-10-07,1752738.25,0.47155604,1747649.88,0.0,83.05,1460
7143386000130,2005-10-10,1753507.8,0.47173647,1748295.55,0.0,0.0,1460
7143386000130,2005-10-11,1802976.68,0.47191963,1774146.29,25263.66,0.0,1460
7143386000130,2005-10-13,1764091.41,0.47210427,1767634.89,0.0,0.0,1460
7143386000130,2005-10-14,1750915.26,0.47228053,1761308.5,0.0,0.0,1460
7143386000130,2005-10-17,1752891.85,0.47245714,1761948.68,0.0,0.0,1460
7143386000130,2005-10-18,1747748.46,0.47263373,1758863.25,0.0,775.49,1460
7143386000130,2005-10-19,1742251.14,0.47281082,1756376.97,0.0,0.0,1460
7143386000130,2005-10-20,1743010.73,0.47298808,1757019.48,0.0,0.0,1460
7143386000130,2005-10-21,1795174.49,0.47315852,1783605.67,0.0,0.0,1460
7143386000130,2005-10-24,1796366.68,0.47333544,1784441.12,0.0,10.29,1460
7143386000130,2005-10-25,1797559.18,0.47351245,1785152.83,0.0,0.0,1460
7143386000130,2005-10-26,1797410.22,0.47368985,1786000.03,0.0,0.0,1460
7143386000130,2005-10-27,1798514.97,0.4738669,1786845.89,0.0,0.0,1460
7143386000130,2005-10-28,1799709.02,0.47404435,1786857.61,0.0,835.46,1460
7143386000130,2005-10-31,1788023.23,0.47422199,1787636.5,0.0,0.0,1460
7143386000130,2005-11-01,1789212.3,0.47439665,1788540.54,0.0,0.0,1460
7143386000130,2005-11-03,1790404.46,0.47457143,1789448.12,0.0,0.0,1460
7143386000130,2005-11-04,1791432.37,0.47476483,1790190.77,0.0,0.0,1460
7143386000130,2005-11-07,1790664.26,0.47489888,1788687.23,0.0,2390.28,1460
7143386000130,2005-11-08,1791856.88,0.4750275,1789562.24,0.0,32.54,1460
7143386000130,2005-11-09,1694249.48,0.47516173,1815183.53,24686.62,0.0,1460
7143386000130,2005-11-10,1819344.9,0.47527119,1815989.79,0.0,0.0,1460
7143386000130,2005-11-11,1818497.45,0.47539982,1815245.33,0.0,1637.72,1460
7143386000130,2005-11-14,1819386.89,0.47551985,1816091.36,0.0,0.0,1460
7143386000130,2005-11-16,1413942.22,0.47563994,1730449.22,0.0,86503.0,1460
7143386000130,2005-11-17,1726365.43,0.47569248,1723646.94,0.0,7393.71,1460
7143386000130,2005-11-18,1526424.29,0.47580519,1524403.15,0.0,200275.12,1460
7143386000130,2005-11-21,1524892.15,0.47596834,1520080.5,0.0,5024.97,1460
7143386000130,2005-11-22,1513870.41,0.47610124,1509355.79,0.0,11550.37,1460
7143386000130,2005-11-23,1499680.51,0.47619402,1496009.53,0.0,15958.65,1460
7143386000130,2005-11-24,1490524.78,0.4762827,1484907.82,0.0,11787.42,1460
7143386000130,2005-11-25,1397204.06,0.47636571,1391734.16,0.0,93832.96,1460
7143386000130,2005-11-28,1398069.23,0.47643797,1391812.95,0.0,517.86,1460
7143386000130,2005-11-29,1364437.29,0.47650539,1358102.87,0.0,34322.21,1460
7143386000130,2005-11-30,1358283.16,0.47657365,1358429.2,0.0,285.85,1460
7143386000130,2005-12-01,1345017.54,0.47665297,1345623.86,0.0,13412.59,1460
7143386000130,2005-12-02,1250263.91,0.47672418,1251334.21,0.0,94863.88,1460
7143386000130,2005-12-05,1251031.19,0.47676815,1251109.47,0.0,768.95,1460
7143386000130,2005-12-06,1251798.61,0.47682319,1251358.35,0.0,295.42,1460
7143386000130,2005-12-07,1229378.08,0.47687855,1227374.78,0.0,24528.82,1460
7143386000130,2005-12-08,1229934.93,0.4770159247,1227281.96,0.0,430.3,1460
7143386000130,2005-12-09,1120263.52,0.47715902,1239329.01,24270.25,12604.5,1460
7143386000130,2005-12-12,1237811.42,0.47725938,1236545.28,0.0,3110.19,1460
7143386000130,2005-12-13,1233384.22,0.47739076,1232689.27,0.0,4262.73,1460
7143386000130,2005-12-14,1226803.58,0.47752165,1224370.09,0.0,8723.26,1460
7143386000130,2005-12-15,1227422.67,0.47765205,1223963.72,0.0,776.33,1460
7143386000130,2005-12-16,1228027.86,0.47776579,1223888.15,0.0,462.05,1460
7143386000130,2005-12-19,1225606.98,0.47789157,1221568.7,0.0,2100.5,1460
7143386000130,2005-12-20,1222173.5,0.47778008,1218185.62,0.0,3769.03,1460
7143386000130,2005-12-21,1218735.88,0.47790571,1215411.94,0.0,3159.0,1460
7143386000130,2005-12-22,1214282.52,0.47803099,1212200.52,0.0,3594.8,1460
7143386000130,2005-12-23,1214880.59,0.47815572,1212581.78,0.0,0.0,1460
7143386000130,2005-12-26,1210418.26,0.47828057,1357629.57,152518.29,7865.72,1460
7143386000130,2005-12-27,1356013.47,0.47838285,1351474.41,0.0,6510.47,1460
7143386000130,2005-12-28,1332381.31,0.47852007,1327707.06,0.0,24195.44,1460
7143386000130,2005-12-29,1333056.86,0.4786554,1328147.57,0.0,0.0,1460
7143386000130,2005-12-30,1333732.88,0.47879087,1328550.09,0.0,0.0,1460
7143386000130,2006-01-02,1324256.39,0.47891675,1323795.1,0.0,5207.9,1460
7143386000130,2006-01-03,1322896.29,0.47905501,1322519.34,0.0,1723.18,1460
7143386000130,2006-01-04,1322549.08,0.47919262,1320666.04,0.0,2298.3,1460
7143386000130,2006-01-05,1320186.01,0.47932563,1317680.68,0.0,3417.1,1460
7143386000130,2006-01-06,1308958.36,0.47945847,1306098.24,0.0,12012.29,1460
7143386000130,2006-01-09,1312347.37,0.47959017,1312207.01,0.0,34064.53,1460
7143386000130,2006-01-10,1304960.67,0.47972004,1303846.01,0.0,8882.1,1460
7143386000130,2006-01-11,1274256.15,0.47986083,1273439.14,0.0,30895.89,1460
7143386000130,2006-01-12,1262776.4,0.47998806,1262064.39,0.0,11411.79,1460
7143386000130,2006-01-13,1351181.33,0.47994792,1347979.79,0.0,1896.11,1460
7143386000130,2006-01-16,1346067.89,0.48008191,1343140.6,0.0,5365.06,1460
7143386000130,2006-01-17,1335752.47,0.48021538,1332739.75,0.0,10910.35,1460
7143386000130,2006-01-18,1331454.61,0.48039752,1327327.29,0.0,5916.78,1460
7143386000130,2006-01-19,1300995.6,0.4805796,1297442.0,0.0,30387.15,1460
7143386000130,2006-01-20,1289618.91,0.4807602,1285298.65,0.0,12630.05,1460
7143386000130,2006-01-23,1287267.36,0.48093016,1282937.42,0.0,2811.51,1460
7143386000130,2006-01-24,1286928.68,0.48109905,1282860.98,0.0,528.96,1460
7143386000130,2006-01-25,1285581.91,0.4812696,1281024.97,0.0,2289.95,1460
7143386000130,2006-01-26,1286252.37,0.48144072,1280823.35,0.0,655.9,1460
7143386000130,2006-01-27,1280865.48,0.48161232,1275607.11,0.0,5671.71,1460
7143386000130,2006-01-30,1280525.57,0.48178464,1274923.79,0.0,1138.97,1460
7143386000130,2006-01-31,1275126.46,0.4819561,1274182.73,0.0,1241.19,1460
7143386000130,2006-02-01,1259600.58,0.48215361,1258770.65,0.0,15885.07,1460
7143386000130,2006-02-02,1251140.19,0.48232683,1249629.99,0.0,9592.08,1460
7143386000130,2006-02-03,1227475.33,0.48250064,1226733.44,0.0,23332.57,1460
7143386000130,2006-02-06,1227881.51,0.48267372,1226927.22,0.0,245.24,1460
7143386000130,2006-02-07,1225476.82,0.48284693,1224709.25,0.0,2653.47,1459
7143386000130,2006-02-08,1226108.75,0.48301857,1224527.49,0.0,418.52,1459
7143386000130,2006-02-09,1222694.38,0.48318899,1221540.88,0.0,3425.51,1459
7143386000130,2006-02-10,1333324.55,0.48336213,1333051.77,0.0,5621.9,1459
7143386000130,2006-02-13,1325922.18,0.48354465,1326267.94,0.0,7274.22,1459
7143386000130,2006-02-14,1320534.76,0.48372195,1321006.78,0.0,5747.31,1459
7143386000130,2006-02-15,1317171.47,0.48389895,1317718.16,0.0,3769.64,1459
7143386000130,2006-02-16,1311770.73,0.4840753,1312738.98,0.0,5462.74,1459
7143386000130,2006-02-17,1309850.46,0.48425338,1310033.02,0.0,3184.78,1459
7143386000130,2006-02-20,1310537.14,0.48443016,1308294.13,0.0,2214.8,1459
7143386000130,2006-02-21,1311224.64,0.48460704,1308238.34,0.0,536.06,1459
7143386000130,2006-02-22,1292876.39,0.48478547,1290468.41,0.0,18253.46,1459
7143386000130,2006-02-23,1289174.51,0.4849630999999999,1285746.79,0.0,5194.36,1459
7143386000130,2006-02-24,1281188.79,0.48514116,1284776.93,0.0,2491.5,1459
7143386000130,2006-03-01,1281858.35,0.4857155,1281570.34,0.0,2035.4,1459
7143386000130,2006-03-02,1282530.1,0.48527209,1281847.42,0.0,0.0,1459
7143386000130,2006-03-03,1280186.71,0.48194157,1279833.07,0.0,2485.26,1459
7143386000130,2006-03-06,1279848.66,0.47867745,1279958.92,0.0,344.75,1459
7143386000130,2006-03-07,1280518.78,0.47541267,1279647.91,0.0,775.43,1459
7143386000130,2006-03-08,1278171.93,0.48592616,1278045.32,0.0,2070.35,1459
7143386000130,2006-03-09,1278840.28,0.48609912,1278503.27,0.0,0.0,1459
7143386000130,2006-03-10,1394940.38,0.48627349,1393267.46,0.0,18.61,1459
7143386000130,2006-03-13,1389585.69,0.48644615,1387925.89,0.0,5818.41,1459
7143386000130,2006-03-14,1366066.07,0.48661217,1364613.41,0.0,23176.56,1459
7143386000130,2006-03-15,1340496.44,0.48655849,1339593.22,0.0,25490.89,1459
7143386000130,2006-03-16,1302765.46,0.48672396,1300119.08,0.0,39934.57,1459
7143386000130,2006-03-17,1292295.05,0.4868879,1288059.75,0.0,12498.25,1459
7143386000130,2006-03-20,1289907.21,0.48705159,1286106.79,0.0,2385.37,1459
7143386000130,2006-03-21,1286503.57,0.48721514,1282757.17,0.0,3781.18,1459
7143386000130,2006-03-22,1286208.46,0.4873786,1281992.9,0.0,1194.02,1459
7143386000130,2006-03-23,1284851.32,0.48754226,1280835.52,0.0,1584.36,1459
7143386000130,2006-03-24,1284493.37,0.48770495,1279218.95,0.0,2045.61,1459
7143386000130,2006-03-27,1273117.09,0.48786906,1267645.81,0.0,12004.15,1459
7143386000130,2006-03-28,1295754.0,0.48803233,1290515.31,0.0,2470.98,1459
7143386000130,2006-03-29,1296404.76,0.48819738,1290354.2,0.0,595.51,1459
7143386000130,2006-03-30,1290030.99,0.48836236,1283733.32,0.0,7057.08,1459
7143386000130,2006-03-31,1283648.76,0.48852717,1282430.84,0.0,1747.3,1459
7143386000130,2006-04-03,1283288.27,0.48870020000000003,1282006.43,0.0,865.61,1459
7143386000130,2006-04-04,1283932.86,0.48886893,1282011.07,0.0,437.2,1459
7143386000130,2006-04-05,1284575.66,0.48903709,1282078.54,0.0,372.25,1459
7143386000130,2006-04-06,1283202.25,0.48920017,1281038.16,0.0,1467.19,1459
7143386000130,2006-04-07,1274778.33,0.48936304,1273108.74,0.0,8353.86,1459
7143386000130,2006-04-10,1270373.89,0.48952442,1268792.44,0.0,4139.38,1459
7143386000130,2006-04-11,1271006.64,0.48945487,1268561.61,0.0,649.49,1459
7143386000130,2006-04-12,1271639.78,0.48961689999999997,1268726.77,0.0,254.25,1459
7143386000130,2006-04-13,1270843.65,0.48977925,1267899.92,0.0,1246.78,1459
7143386000130,2006-04-17,1271476.71,0.48994163,1267533.76,0.0,784.53,1459
7143386000130,2006-04-18,1271099.07,0.49010383,1266938.67,0.0,417.44,1459
7143386000130,2006-04-19,1264650.13,0.49003491,1260773.74,0.0,6585.65,1459
7143386000130,2006-04-20,1265279.43,0.49019727,1261084.52,0.0,105.46,1459
7143386000130,2006-04-24,1264884.99,0.49035955,1260066.93,0.0,1434.9,1459
7143386000130,2006-04-25,1262459.89,0.49051175,1257512.21,0.0,2934.16,1459
7143386000130,2006-04-26,1263060.76,0.49065939,1257900.97,0.0,0.0,1459
7143386000130,2006-04-27,1262660.12,0.49081135,1257428.08,0.0,861.8,1459
7143386000130,2006-04-28,1259253.67,0.49096326,1257484.21,0.0,331.81,1459
7143386000130,2006-05-02,1258850.96,0.4911194,1257242.87,0.0,641.11,1459
7143386000130,2006-05-03,1246413.69,0.49127679,1244764.72,0.0,12882.9,1459
7143386000130,2006-05-04,1245000.65,0.49143008,1243455.39,0.0,1695.84,1459
7143386000130,2006-05-05,1243584.05,0.49158284,1241283.21,0.0,2559.16,1459
7143386000130,2006-05-08,1241161.26,0.49173583,1238991.06,0.0,2676.39,1459
7143386000130,2006-05-09,1241751.49,0.49188837,1239334.54,0.0,41.17,1459
7143386000130,2006-05-10,1241336.42,0.49204165,1238690.34,0.0,601.73,1459
7143386000130,2006-05-11,1240917.99,0.49201587,1237372.59,0.0,1680.65,1459
7143386000130,2006-05-12,1241507.04,0.49216011,1237732.65,0.0,0.0,1459
7143386000130,2006-05-15,1241269.27,0.49230359,1237598.25,0.0,496.46,1459
7143386000130,2006-05-16,1241858.52,0.49244801,1237867.09,0.0,84.92,1459
7143386000130,2006-05-17,1242449.17,0.49258961,1238225.9,0.0,4.77,1459
7143386000130,2006-05-18,1243040.86,0.49273498,1238587.46,0.0,0.0,1459
7143386000130,2006-05-19,1243631.17,0.49287858,1238697.9,0.0,252.72,1459
7143386000130,2006-05-22,1242201.75,0.49302339,1238936.92,0.0,124.07,1459
7143386000130,2006-05-23,1242790.86,0.49316772,1239300.19,0.0,0.0,1459
7143386000130,2006-05-24,1240344.63,0.4933126000000001,1235124.33,0.0,4538.39,1459
7143386000130,2006-05-25,1239919.99,0.49345714,1234876.17,0.0,609.15,1459
7143386000130,2006-05-26,1240507.43,0.49360161,1235236.17,0.0,0.84,1459
7143386000130,2006-05-29,1241095.57,0.4937464,1235597.65,0.0,0.0,1459
7143386000130,2006-05-30,1240807.52,0.49389116,1235523.82,0.0,435.3,1459
7143386000130,2006-05-31,1236392.72,0.49403591,1234271.47,0.0,1613.88,1459
7143386000130,2006-06-01,1236978.46,0.49418388,1234632.98,0.0,7.45,1459
7143386000130,2006-06-02,1237564.9,0.49433217,1234999.67,0.0,2.77,1459
7143386000130,2006-06-05,1238134.19,0.49446923,1235341.28,0.0,0.0,1459
7143386000130,2006-06-06,1237694.96,0.49460668,1234646.71,0.0,1037.32,1459
7143386000130,2006-06-07,1237261.5,0.49474433,1234801.82,0.0,181.02,1459
7143386000130,2006-06-08,1237830.64,0.49488737,1234988.3,0.0,175.98,1459
7143386000130,2006-06-09,1238399.73,0.49503292,1234820.93,0.0,530.25,1459
7143386000130,2006-06-12,1238969.15,0.4951698000000001,1235161.56,0.0,0.0,1459
7143386000130,2006-06-13,1235516.09,0.49530679,1231817.1,0.0,3685.95,1459
7143386000130,2006-06-14,1231052.93,0.49544376,1227019.87,0.0,5137.89,1459
7143386000130,2006-06-16,1231618.55,0.49558059,1227279.14,0.0,78.87,1459
7143386000130,2006-06-19,1231622.32,0.49571742,1227617.15,0.0,0.0,1459
7143386000130,2006-06-20,1232187.92,0.49585422,1227804.19,0.0,144.95,1459
7143386000130,2006-06-21,1232753.84,0.49598872,1228142.44,0.0,0.0,1459
7143386000130,2006-06-22,1233320.09,0.49612575,1228327.28,0.0,153.71,1459
7143386000130,2006-06-23,1233887.02,0.49626307,1228666.45,0.0,0.0,1459
7143386000130,2006-06-26,1234453.91,0.49640035,1229005.53,0.0,0.0,1459
7143386000130,2006-06-27,1235021.13,0.49653774,1229344.89,0.0,0.0,1459
7143386000130,2006-06-28,1235588.67,0.49667524,1229684.07,0.0,0.0,1459
7143386000130,2006-06-29,1236156.18,0.49681271,1229866.93,0.0,156.7,1459
7143386000130,2006-06-30,1232673.37,0.49695031,1230159.39,0.0,10.0,1459
7143386000130,2006-07-03,1231965.36,0.49707613,1229677.35,0.0,829.82,1459
7143386000130,2006-07-04,1232532.57,0.49721286,1229939.89,0.0,76.23,1459
7143386000130,2006-07-05,1233100.11,0.49735025,1230248.84,0.0,29.25,1459
7143386000130,2006-07-06,1233667.29,0.49748713,1230586.63,0.0,0.0,1459
7143386000130,2006-07-07,1234234.78,0.49762411,1230856.13,0.0,68.56,1459
7143386000130,2006-07-10,1233798.84,0.4977702,1230616.72,0.0,0.0,1459
7143386000130,2006-07-11,1234365.71,0.49767295,1230972.14,0.0,11.38,1459
7143386000130,2006-07-12,1234932.91,0.49782171,1231332.35,0.0,0.0,1459
7143386000130,2006-07-13,1235500.08,0.49795812,1231668.85,0.0,0.11,1459
7143386000130,2006-07-14,1236067.92,0.49809478,1231999.89,0.0,6.18,1459
7143386000130,2006-07-17,1236635.72,0.4982314000000001,1232244.0,0.0,93.04,1459
7143386000130,2006-07-18,1236239.96,0.49836802,1231771.08,0.0,810.13,1459
7143386000130,2006-07-19,1236807.88,0.4985048,1231570.29,0.0,538.06,1459
7143386000130,2006-07-20,1237376.11,0.49864175,1231907.92,0.0,0.0,1459
7143386000130,2006-07-21,1237944.33,0.49877871,1232245.48,0.0,0.0,1459
7143386000130,2006-07-24,1237477.5,0.49890878,1232384.03,0.0,182.07,1459
7143386000130,2006-07-25,1238028.21,0.49903862,1232694.35,0.0,0.0,1459
7143386000130,2006-07-26,1235552.26,0.49916451,1229780.82,0.0,3233.93,1459
7143386000130,2006-07-27,1236101.56,0.49929429,1230101.93,0.0,0.0,1459
7143386000130,2006-07-28,1235639.84,0.49942489,1230420.62,0.0,0.19,1459
7143386000130,2006-07-31,1232143.57,0.49955437,1230639.0,0.0,99.59,1459
7143386000130,2006-08-01,1232690.32,0.49968782,1230924.01,0.0,91.03,1459
7143386000130,2006-08-02,1233238.77,0.49983796,1231245.22,0.0,0.0,1459
7143386000130,2006-08-03,1233786.83,0.49996849,1231565.99,0.0,0.0,1459
7143386000130,2006-08-04,1232010.33,0.50009912,1229982.1,0.0,1905.2,1459
7143386000130,2006-08-07,1232557.72,0.50022965,1230182.11,0.0,119.0,1459
7143386000130,2006-08-08,1233105.41,0.50036937,1230526.2,0.0,0.0,1459
7143386000130,2006-08-09,1233653.05,0.50050957,1230795.2,0.0,75.0,1459
7143386000130,2006-08-10,1232196.96,0.50065003,1229808.57,0.0,1331.42,1459
7143386000130,2006-08-11,1232744.45,0.50079038,1229497.92,0.0,654.7,1459
7143386000130,2006-08-14,1233291.89,0.5009308,1229841.87,0.0,0.0,1459
7143386000130,2006-08-15,1233840.34,0.50107162,1230186.77,0.0,0.0,1459
7143386000130,2006-08-16,1234389.45,0.50120248,1230490.66,0.0,16.63,1459
7143386000130,2006-08-17,1230919.89,0.50133359,1227594.19,0.0,3218.1,1459
7143386000130,2006-08-18,1231467.74,0.50146445,1227914.27,0.0,0.0,1459
7143386000130,2006-08-21,1232573.0,0.50159543,1228233.85,0.0,0.0,1459
7143386000130,2006-08-22,1233121.77,0.50172663,1228545.68,0.0,0.0,1459
7143386000130,2006-08-23,1233670.85,0.50185438,1228869.3,0.0,0.0,1459
7143386000130,2006-08-24,1234220.22,0.50198696,1229187.42,0.0,0.0,1459
7143386000130,2006-08-25,1234769.54,0.50211714,1229503.3,0.0,5.01,1459
7143386000130,2006-08-28,1233300.97,0.50224846,1228089.95,0.0,1737.29,1459
7143386000130,2006-08-29,1231830.62,0.5023809,1226662.32,0.0,1747.85,1459
7143386000130,2006-08-30,1232377.95,0.50251187,1226693.98,0.0,287.55,1459
7143386000130,2006-08-31,1226862.63,0.50264305,1226336.33,0.0,677.34,1459
7143386000130,2006-09-01,1227406.55,0.50277642,1226660.7,0.0,0.0,1459
7143386000130,2006-09-04,1227933.99,0.50289876,1226958.74,0.0,0.0,1459
7143386000130,2006-09-05,1228462.41,0.50302159,1226781.91,0.0,475.88,1459
7143386000130,2006-09-06,1227972.15,0.5031445999999999,1227081.2,0.0,0.0,1459
7143386000130,2006-09-08,1228500.25,0.50326734,1227236.06,0.0,136.75,1459
7143386000130,2006-09-11,1228810.6,0.50339772,1227560.29,0.0,0.0,1459
7143386000130,2006-09-12,1229339.14,0.50352169,1227372.52,0.0,489.44,1459
7143386000130,2006-09-13,1229867.62,0.5036457000000001,1227674.1,0.0,0.0,1459
7143386000130,2006-09-14,1230395.67,0.50376951,1227947.74,0.0,27.46,1459
7143386000130,2006-09-15,1230924.35,0.50389357,1228249.42,0.0,0.0,1459
7143386000130,2006-09-18,1231453.33,0.50401773,1228551.35,0.0,0.0,1459
7143386000130,2006-09-19,1231982.23,0.50414184,1228853.15,0.0,0.0,1459
7143386000130,2006-09-20,1230503.71,0.50426604,1227617.04,0.0,1538.38,1459
7143386000130,2006-09-21,1231032.47,0.50439031,1227918.57,0.0,0.0,1459
7143386000130,2006-09-22,1231561.15,0.50451441,1228220.25,0.0,0.0,1459
7143386000130,2006-09-25,1232690.79,0.50463872,1228522.18,0.0,0.0,1459
7143386000130,2006-09-26,1233220.35,0.50476326,1228818.0,0.0,0.0,1459
7143386000130,2006-09-27,1233750.89,0.50488545,1229110.89,0.0,10.51,1459
7143386000130,2006-09-28,1257281.37,0.50501033,1252347.42,0.0,0.0,1459
7143386000130,2006-09-29,1251781.22,0.5051369000000001,1251692.96,0.0,367.76,1459
7143386000130,2006-10-02,1252322.32,0.5050239000000001,1251953.57,0.0,60.21,1459
7143386000130,2006-10-03,1252865.5,0.50515444,1252231.48,0.0,44.54,1459
7143386000130,2006-10-04,1253408.25,0.50528462,1252551.88,0.0,1.46,1459
7143386000130,2006-10-05,1253950.58,0.50541457,1252873.38,0.0,0.0,1459
7143386000130,2006-10-06,1254493.19,0.50554036,1253184.97,0.0,0.0,1459
7143386000130,2006-10-09,1255036.09,0.5056755,1253518.68,0.0,0.0,1459
7143386000130,2006-10-10,1255578.93,0.50581038,1253838.15,0.0,14.13,1459
7143386000130,2006-10-11,1256121.34,0.50594508,1254146.88,0.0,24.39,1459
7143386000130,2006-10-13,1256663.68,0.50607973,1253879.97,0.0,0.0,1459
7143386000130,2006-10-16,1323361.98,0.50597179,1322909.36,0.0,246.66,1459
7143386000130,2006-10-17,1323939.1,0.50594574,1320962.21,0.0,2303.68,1459
7143386000130,2006-10-18,1322514.58,0.5060827,1320134.45,0.0,1185.44,1459
7143386000130,2006-10-19,1323091.66,0.50621997,1319712.88,0.0,779.1,1459
7143386000130,2006-10-20,1323669.41,0.50635765,1319627.69,0.0,443.26,1459
7143386000130,2006-10-23,1323217.86,0.50648805,1319373.49,0.0,593.38,1459
7143386000130,2006-10-24,1323776.45,0.50661844,1319603.18,0.0,101.46,1459
7143386000130,2006-10-25,1324335.31,0.50674594,1319604.47,0.0,337.89,1459
7143386000130,2006-10-26,1322886.19,0.50687657,1319058.28,0.0,885.77,1459
7143386000130,2006-10-27,1323444.62,0.50700705,1319382.55,0.0,14.52,1459
7143386000130,2006-10-30,1324376.75,0.50713761,1319345.35,0.0,376.26,1459
7143386000130,2006-10-31,1319907.33,0.5072684000000001,1319574.13,0.0,93.68,1459
7143386000130,2006-11-01,1320463.85,0.50739569,1319907.5,0.0,13.9,1459
7143386000130,2006-11-03,1321022.97,0.50753046,1320105.41,0.0,152.1,1459
7143386000130,2006-11-06,1321581.99,0.50766137,1320445.17,0.0,0.0,1459
7143386000130,2006-11-07,1322141.31,0.50779238,1320784.74,0.0,0.0,1459
7143386000130,2006-11-08,1321695.43,0.51036198,1319482.57,0.0,1642.84,1459
7143386000130,2006-11-09,1322255.95,0.5104935,1319604.38,0.0,220.39,1459
7143386000130,2006-11-10,1320796.77,0.5106257000000001,1319547.57,0.0,397.31,1459
7143386000130,2006-11-13,1321355.31,0.51075688,1319498.26,0.0,387.69,1459
7143386000130,2006-11-14,1321914.12,0.51088796,1319828.19,0.0,9.28,1459
7143386000130,2006-11-16,1322473.23,0.51101938,1319759.14,0.0,408.57,1459
7143386000130,2006-11-17,1323032.62,0.51115096,1320094.6,0.0,4.29,1459
7143386000130,2006-11-20,1321394.41,0.51128248,1320434.22,0.0,0.0,1459
7143386000130,2006-11-21,1321952.48,0.5114135000000001,1320517.44,0.0,254.84,1459
7143386000130,2006-11-22,1322510.85,0.51154454,1320228.45,0.0,627.7,1459
7143386000130,2006-11-23,1323069.89,0.51167604,1320008.6,0.0,559.26,1459
7143386000130,2006-11-24,1323628.83,0.51180757,1320345.53,0.0,2.33,1459
7143386000130,2006-11-27,1324188.45,0.51193934,1320455.94,0.0,229.51,1459
7143386000130,2006-11-28,1324747.97,0.51207109,1320630.52,0.0,165.22,1459
7143386000130,2006-11-29,1325307.78,0.51220296,1320091.43,0.0,879.26,1459
7143386000130,2006-11-30,1318838.62,0.5123349,1319005.42,0.0,1416.41,1459
7143386000130,2006-12-01,1319395.02,0.51246588,1319352.23,0.0,0.0,1459
7143386000130,2006-12-04,1319933.61,0.51259367,1319010.59,0.0,670.86,1459
7143386000130,2006-12-05,1320472.84,0.51272186,1318512.76,0.0,827.77,1459
7143386000130,2006-12-06,1321012.74,0.51285042,1318822.79,0.0,20.53,1459
7143386000130,2006-12-07,1321552.91,0.51297907,1319121.78,0.0,31.8,1459
7143386000130,2006-12-08,1320071.37,0.51310765,1319003.31,0.0,25.95,1459
7143386000130,2006-12-11,1320609.93,0.5130710999999999,1319234.63,0.0,90.44,1459
7143386000130,2006-12-12,1321149.13,0.51319649,1319564.38,0.0,0.0,1459
7143386000130,2006-12-13,1321687.83,0.51332454,1319872.87,0.0,20.71,1459
7143386000130,2006-12-14,1322226.41,0.51345252,1319341.94,0.0,860.09,1459
7143386000130,2006-12-15,1322765.26,0.51358073,1319671.32,0.0,0.0,1459
7143386000130,2006-12-18,1322023.12,0.51370902,1319980.31,0.0,20.6,1459
7143386000130,2006-12-19,1322562.26,0.5138372999999999,1319938.32,0.0,365.02,1459
7143386000130,2006-12-20,1323102.06,0.51396331,1319975.25,0.0,293.35,1459
7143386000130,2006-12-21,1323642.88,0.5140923,1320306.5,0.0,0.0,1459
7143386000130,2006-12-22,1324184.36,0.51422154,1320445.75,0.0,192.64,1459
7143386000130,2006-12-26,1324726.13,0.5143509,1320273.66,0.0,504.29,1459
7143386000130,2006-12-27,1319189.91,0.51448027,1320025.82,0.0,579.94,1459
7143386000130,2006-12-28,1314661.69,0.51460894,1317191.07,0.0,3165.95,1459
7143386000130,2006-12-29,1315199.12,0.51473746,1317279.86,0.0,0.0,1459
7143386000130,2007-01-02,1315737.21,0.51477241,1317580.51,0.0,28.3,1459
7143386000130,2007-01-03,1316275.17,0.51490087,1317905.79,0.0,3.49,1459
7143386000130,2007-01-04,1316813.41,0.51502943,1318150.46,0.0,84.34,1459
7143386000130,2007-01-05,1317351.91,0.51515808,1318248.25,0.0,231.46,1459
7143386000130,2007-01-08,1317890.68,0.5152827,1318130.0,0.0,14.4,1459
7143386000130,2007-01-09,1318430.12,0.51524238,1317436.06,0.0,1013.62,1459
7143386000130,2007-01-10,1318970.21,0.51536766,1317613.43,0.0,142.94,1459
7143386000130,2007-01-11,1319510.57,0.51549305,1317860.04,0.0,73.93,1459
7143386000130,2007-01-12,1320050.04,0.51561808,1317829.78,0.0,349.91,1459
7143386000130,2007-01-15,1320588.63,0.51574281,1318084.66,0.0,63.85,1459
7143386000130,2007-01-16,1321127.87,0.51586777,1318373.26,0.0,30.73,1459
7143386000130,2007-01-17,1320647.19,0.51599297,1318063.29,0.0,629.99,1459
7143386000130,2007-01-18,1321186.08,0.51611787,1318027.32,0.0,354.57,1459
7143386000130,2007-01-19,1321869.9,0.51624273,1318339.4,0.0,7.18,1459
7143386000130,2007-01-22,1322409.78,0.51636803,1318393.53,0.0,266.0,1459
7143386000130,2007-01-23,1322949.15,0.51649321,1318703.79,0.0,9.15,1459
7143386000130,2007-01-24,1323489.19,0.51661858,1319023.82,0.0,0.0,1459
7143386000130,2007-01-25,1324029.49,0.51674403,1319344.06,0.0,0.0,1459
7143386000130,2007-01-26,1090988.25,0.51686774,1087162.69,0.0,232534.08,1459
7143386000130,2007-01-29,1091406.01,0.51697926,1087230.69,0.0,162.58,1459
7143386000130,2007-01-30,1091823.06,0.51708856,1087444.81,0.0,19.69,1459
7143386000130,2007-01-31,1087162.9,1.51719998,1087581.1,0.0,97.87,1459
7143386000130,2007-02-01,1087578.81,0.51731562,1087715.69,0.0,105.53,1459
7143386000130,2007-02-02,1087996.13,0.5174305,1087960.32,0.0,0.0,1459
7143386000130,2007-02-05,945102.56,0.5175470999999999,944244.48,0.0,143983.82,1459
7143386000130,2007-02-06,945450.54,0.51765569,944398.32,0.0,44.77,1459
7143386000130,2007-02-07,945798.94,0.51776479,943750.42,0.0,273.91,1459
7143386000130,2007-02-08,946147.02,0.5176417,943948.65,0.0,0.0,1459
7143386000130,2007-02-09,946495.0,0.51775034,944071.46,0.0,75.3,1459
7143386000130,2007-02-12,946843.16,0.51785907,944263.03,0.0,6.69,1459
7143386000130,2007-02-13,947191.23,0.51796774,944461.17,0.0,0.0,1459
7143386000130,2007-02-14,947539.48,0.5180765,944659.46,0.0,0.0,1459
7143386000130,2007-02-15,947165.27,0.51818547,944858.14,0.0,0.0,1459
7143386000130,2007-02-16,947513.76,0.51829432,944994.34,0.0,62.11,1459
7143386000130,2007-02-21,947862.17,0.51840303,945169.38,0.0,23.33,1459
7143386000130,2007-02-22,948211.0,0.51851205,945368.14,0.0,0.0,1459
7143386000130,2007-02-23,948560.51,0.51862143,945567.55,0.0,0.0,1459
7143386000130,2007-02-26,948909.18,0.51873033,945766.08,0.0,0.0,1459
7143386000130,2007-02-27,949258.02,0.5188393,944959.75,0.0,1155.01,1459
7143386000130,2007-02-28,945593.18,0.51894859,944967.15,0.0,0.0,1459
7143386000130,2007-03-01,945940.15,0.51895153,945140.94,0.0,22.92,1459
7143386000130,2007-03-02,946288.33,0.51906021,945339.11,0.0,0.0,1459
7143386000130,2007-03-05,13.07,0.51905929,945524.34,946636.67,0.0,1459
7143386000130,2007-03-06,945970.68,0.51916243,944334.98,0.0,1377.38,1459
7143386000130,2007-03-07,946318.88,0.51926566,944100.78,0.0,0.0,1459
7143386000130,2007-03-08,946666.98,0.51913681,944283.19,0.0,5.2,1459
7143386000130,2007-03-09,947014.74,0.51923979,944470.44,0.0,0.0,1459
7143386000130,2007-03-12,947356.82,0.51933964,944651.98,0.0,0.0,1459
7143386000130,2007-03-13,945682.27,0.51943985,943693.46,0.0,1140.89,1459
7143386000130,2007-03-14,946023.95,0.51953967,942931.06,0.0,942.05,1459
7143386000130,2007-03-15,944347.42,0.51963836,941633.94,0.0,1478.17,1459
7143386000130,2007-03-16,944687.96,0.51973799,941801.14,0.0,13.08,1459
7143386000130,2007-03-19,945028.69,0.51983761,941981.75,0.0,0.0,1459
7143386000130,2007-03-20,945569.73,0.51993767,942162.99,0.0,0.0,1459
7143386000130,2007-03-21,945911.38,0.52003786,942342.72,0.0,0.0,1459
7143386000130,2007-03-22,946252.94,0.52013702,973117.22,0.0,5.24,1459
7143386000130,2007-03-23,976594.92,0.5202386999999999,973228.77,0.0,65.35,1459
7143386000130,2007-03-26,976950.86,0.52034075,973284.81,0.0,134.81,1459
7143386000130,2007-03-27,977306.45,0.52044262,972908.6,0.0,566.77,1459
7143386000130,2007-03-28,977661.94,0.52054453,973026.68,0.0,72.36,1459
7143386000130,2007-03-29,967881.85,0.52064653,963963.69,0.0,9255.04,1459
7143386000130,2007-03-30,965191.07,0.52074791,964135.94,0.0,25.73,1459
7143386000130,2007-04-02,965541.32,0.52086007,964220.04,0.0,113.21,1459
7143386000130,2007-04-03,965892.8,0.52096193,964379.69,0.0,28.76,1459
7143386000130,2007-04-04,964213.95,0.52106396,963011.89,0.0,1556.84,1459
7143386000130,2007-04-05,964564.53,0.52116556,962861.92,0.0,337.97,1459
7143386000130,2007-04-09,964915.02,0.5212673,962825.77,0.0,223.82,1459
7143386000130,2007-04-10,964249.22,0.52136929,962391.69,0.0,22.49,1459
7143386000130,2007-04-11,964599.83,0.5211461,962026.59,0.0,129.22,1459
7143386000130,2007-04-12,964950.08,0.52101815,962213.86,0.0,0.26,1459
7143386000130,2007-04-13,965300.49,0.5211198,962281.88,0.0,119.66,1459
7143386000130,2007-04-16,964646.04,0.52122156,962147.02,0.0,322.74,1459
7143386000130,2007-04-17,964996.31,0.5213232,961747.75,0.0,586.75,1459
7143386000130,2007-04-18,965347.02,0.52142509,961922.59,0.0,13.19,1459
7143386000130,2007-04-19,965697.37,0.52152685,962094.33,0.0,15.91,1459
7143386000130,2007-04-20,966047.37,0.5216284000000001,962273.17,0.0,8.43,1459
7143386000130,2007-04-23,966391.48,0.52172675,962362.67,0.0,91.86,1459
7143386000130,2007-04-24,966735.79,0.52182521,962542.18,0.0,2.03,1459
7143386000130,2007-04-25,967079.97,0.52192358,962640.91,0.0,82.66,1459
7143386000130,2007-04-26,965413.95,0.52202176,962621.32,0.0,62.03,1459
7143386000130,2007-04-27,965756.75,0.52204422,962795.14,0.0,3.86,1459
7143386000130,2007-04-30,963085.58,0.52214067,962975.24,0.0,0.0,1459
7143386000130,2007-05-02,959406.59,0.52224311,959122.93,0.0,4041.81,1459
7143386000130,2007-05-03,959746.6,0.5223454000000001,959256.41,0.0,54.31,1459
7143386000130,2007-05-04,960086.75,0.52244776,959393.92,0.0,50.4,1459
7143386000130,2007-05-07,960427.07,0.52255021,959580.91,0.0,0.0,1459
7143386000130,2007-05-08,960767.82,0.5226523,959330.6,0.0,0.0,1459
7143386000130,2007-05-09,959455.32,0.52251018,959508.49,0.0,0.0,1459
7143386000130,2007-05-10,959795.87,0.52260661,959363.72,0.0,319.34,1459
7143386000130,2007-05-11,960136.58,0.52270181,959540.89,0.0,0.0,1459
7143386000130,2007-05-14,960477.7,0.52279857,959285.08,0.0,433.43,1459
7143386000130,2007-05-15,960818.75,0.52289536,959416.86,0.0,45.75,1459
7143386000130,2007-05-16,961160.2,0.52299236,959576.27,0.0,18.5,1459
7143386000130,2007-05-17,961501.56,0.52308931,959745.43,0.0,8.63,1459
7143386000130,2007-05-18,961842.82,0.52318618,959923.09,0.0,0.0,1459
7143386000130,2007-05-21,962184.75,0.5232834,960101.39,0.0,0.0,1459
7143386000130,2007-05-22,962526.58,0.52338055,960262.42,0.0,17.15,1459
7143386000130,2007-05-23,962868.59,0.52347779,960440.75,0.0,0.0,1459
7143386000130,2007-05-24,963210.75,0.52357509,960614.76,0.0,4.44,1459
7143386000130,2007-05-25,963553.07,0.52367247,960593.87,0.0,199.51,1459
7143386000130,2007-05-28,963082.8,0.52376982,960767.59,0.0,4.77,1459
7143386000130,2007-05-29,963425.33,0.52386732,960940.55,0.0,6.04,1459
7143386000130,2007-05-30,963768.29,0.52396516,959451.06,0.0,1668.93,1459
7143386000130,2007-05-31,942080.85,0.5240634,942572.33,0.0,17061.22,1459
7143386000130,2007-06-01,940410.22,0.52416538,940211.49,0.0,2544.68,1459
7143386000130,2007-06-04,940742.93,0.52426775,939200.11,0.0,1195.19,1459
7143386000130,2007-06-05,941075.78,0.52437046,939380.05,0.0,3.84,1459
7143386000130,2007-06-06,941408.8,0.52447317,939563.97,0.0,0.0,1459
7143386000130,2007-06-08,941742.23,0.5245761,939644.74,0.0,103.55,1459
7143386000130,2007-06-11,940063.54,0.52467883,939293.63,0.0,535.14,1459
7143386000130,2007-06-12,938373.84,0.52477413,936957.76,0.0,2079.02,1459
7143386000130,2007-06-13,938692.68,0.52462987,937103.83,0.0,24.05,1459
7143386000130,2007-06-14,939011.41,0.52472507,937229.07,0.0,44.76,1459
7143386000130,2007-06-15,937535.72,0.52482036,937389.38,0.0,9.82,1459
7143386000130,2007-06-18,937853.68,0.52491512,937530.97,0.0,23.53,1459
7143386000130,2007-06-19,938171.79,0.52500768,937355.67,0.0,344.66,1459
7143386000130,2007-06-20,938490.3,0.52510279,937524.64,0.0,0.77,1459
7143386000130,2007-06-21,938808.95,0.52519797,937668.42,0.0,26.08,1459
7143386000130,2007-06-22,939127.49,0.52529307,937838.08,0.0,0.06,1459
7143386000130,2007-06-25,939446.18,0.52538824,937418.32,0.0,589.69,1459
7143386000130,2007-06-26,936765.0,0.52548358,937482.45,0.0,105.92,1459
7143386000130,2007-06-27,940083.99,0.52557902,937652.65,0.0,0.0,1459
7143386000130,2007-06-28,940428.46,0.52568874,937833.05,0.0,15.25,1459
7143386000130,2007-06-29,937709.56,0.52578431,937990.96,0.0,12.51,1459
7143386000130,2007-07-02,938081.9,0.52587932,938153.84,0.0,0.0,1459
7143386000130,2007-07-03,938400.89,0.52597103,938324.09,0.0,0.0,1459
7143386000130,2007-07-04,938719.77,0.52606643,938197.56,0.0,56.99,1459
7143386000130,2007-07-05,939038.54,0.52602737,938362.4,0.0,5.02,1459
7143386000130,2007-07-06,939357.46,0.5261226999999999,938318.78,0.0,0.0,1459
7143386000130,2007-07-09,939676.52,0.52609832,938478.33,0.0,10.59,1459
7143386000130,2007-07-10,939995.99,0.52619396,937910.37,0.0,0.0,1459
7143386000130,2007-07-11,940315.85,0.5258757,938078.32,0.0,3.05,1459
7143386000130,2007-07-12,940635.36,0.52597139,937986.76,0.0,262.22,1459
7143386000130,2007-07-13,940955.25,0.52606732,938157.78,0.0,0.0,1459
7143386000130,2007-07-16,941275.03,0.52616319,938328.66,0.0,0.0,1459
7143386000130,2007-07-17,1055594.72,0.52625898,1054297.85,0.0,0.0,1459
7143386000130,2007-07-18,1055965.77,0.52519617,1053169.31,0.0,1332.46,1459
7143386000130,2007-07-19,1053296.27,0.52529797,1052230.49,0.0,1143.05,1459
7143386000130,2007-07-20,1053666.88,0.52539965,1051362.39,0.0,1063.7,1459
7143386000130,2007-07-23,1048959.16,0.52548966,1048572.43,0.0,2978.65,1459
7143386000130,2007-07-24,1159312.82,0.52558352,1157868.89,0.0,2772.11,1459
7143386000130,2007-07-25,1153906.12,0.52568659,1152046.96,0.0,4890.11,1459
7143386000130,2007-07-26,1154305.74,0.52526081,1150862.66,0.0,1401.43,1459
7143386000130,2007-07-27,1150667.96,0.52535987,1149600.2,0.0,1479.5,1459
7143386000130,2007-07-30,1147029.95,0.5254582,1145488.28,0.0,4324.31,1459
7143386000130,2007-07-31,1142379.56,0.52555508,1144556.45,0.0,1146.57,1459
7143386000130,2007-08-01,1051893.74,0.52565278,1054972.45,0.0,89810.89,1459
7143386000130,2007-08-02,1052248.68,0.52574623,1051591.16,0.0,3569.29,1459
7143386000130,2007-08-03,1052604.06,0.52584046,1050820.12,0.0,959.66,1459
7143386000130,2007-08-06,1047917.65,0.52594235,1048227.72,0.0,2796.36,1459
7143386000130,2007-08-07,1048271.75,0.52603657,1048414.17,0.0,0.0,1459
7143386000130,2007-08-08,1048626.02,0.52613023,1047856.79,0.0,745.35,1459
7143386000130,2007-08-09,1048979.83,0.5262244,1046996.47,0.0,1047.98,1459
7143386000130,2007-08-10,1049333.52,0.52631868,1046265.09,0.0,919.03,1459
7143386000130,2007-08-13,1047660.44,0.52641302,1046374.25,0.0,78.33,1459
7143386000130,2007-08-14,1048013.57,0.52650716,1045775.46,0.0,785.88,1459
7143386000130,2007-08-15,1048366.53,0.52660129,1044871.79,0.0,1090.82,1459
7143386000130,2007-08-16,1047705.35,0.52669587,1044423.32,0.0,636.16,1459
7143386000130,2007-08-17,1046028.15,0.52679025,1043183.93,0.0,1426.66,1459
7143386000130,2007-08-20,1044349.38,0.52688448,1041968.45,0.0,1402.26,1459
7143386000130,2007-08-21,1041653.36,0.52697872,1039991.67,0.0,2163.44,1459
7143386000130,2007-08-22,1042003.89,0.52707274,1039834.4,0.0,342.78,1459
7143386000130,2007-08-23,1042354.28,0.52716672,1039178.34,0.0,841.54,1459
7143386000130,2007-08-24,1042704.83,0.52726092,1039143.95,0.0,220.04,1459
7143386000130,2007-08-27,1041019.95,0.52735507,1037397.42,0.0,1932.32,1459
7143386000130,2007-08-28,1041370.2,0.52744945,1037440.79,0.0,142.25,1459
7143386000130,2007-08-29,1041720.32,0.52754378,1036980.93,0.0,645.42,1459
7143386000130,2007-08-30,1040032.64,0.52763829,1036270.11,0.0,896.66,1459
7143386000130,2007-08-31,1034275.72,0.52773256,1036434.9,0.0,20.26,1459
7143386000130,2007-09-03,1034622.8,0.52782555,1036318.31,0.0,160.67,1459
7143386000130,2007-09-04,1034971.75,0.52784895,1036352.35,0.0,150.45,1459
7143386000130,2007-09-05,1035321.74,0.52794347,1036432.45,0.0,105.42,1459
7143386000130,2007-09-06,1035670.15,0.52803719,1036616.36,0.0,0.0,1459
7143386000130,2007-09-10,1036018.12,0.52813067,1036392.63,0.0,286.63,1459
7143386000130,2007-09-11,1036359.56,0.52815023,1036494.56,0.0,75.03,1459
7143386000130,2007-09-12,1036701.15,0.52824049,1036671.64,0.0,0.0,1459
7143386000130,2007-09-13,1037042.58,0.52833067,1036140.96,0.0,707.68,1459
7143386000130,2007-09-14,1033315.19,0.52842087,1032188.35,0.0,4130.11,1459
7143386000130,2007-09-17,1033654.62,0.52851081,1032357.74,0.0,0.0,1459
7143386000130,2007-09-18,1033994.47,0.52859776,1032159.61,0.0,374.18,1459
7143386000130,2007-09-19,1034334.21,0.52868789,1032277.6,0.0,57.94,1459
7143386000130,2007-09-20,1034674.36,0.52877822,1032453.91,0.0,0.0,1459
7143386000130,2007-09-21,1035014.07,0.52886832,1032624.54,0.0,5.21,1459
7143386000130,2007-09-24,1031985.27,0.52895834,1032694.04,0.0,106.22,1459
7143386000130,2007-09-25,1032323.56,0.5290477,1032831.28,0.0,28.53,1459
7143386000130,2007-09-26,1032661.72,0.52913256,1032703.3,0.0,302.26,1459
7143386000130,2007-09-27,1033000.01,0.52922195,1032379.39,0.0,498.37,1459
7143386000130,2007-09-28,1033338.74,0.52931162,1032544.92,0.0,9.34,1459
7143386000130,2007-10-01,1033677.91,0.52940151,1032679.7,0.0,40.51,1459
7143386000130,2007-10-02,1034017.8,0.52949177,1032827.2,0.0,28.49,1459
7143386000130,2007-10-03,1034357.83,0.52958208,1032321.49,0.0,681.92,1459
7143386000130,2007-10-04,1034698.02,0.52967258,1032497.83,0.0,0.0,1459
7143386000130,2007-10-05,1034027.36,0.52976299,1032302.85,0.0,371.2,1459
7143386000130,2007-10-08,1034367.12,0.5298533000000001,1032457.79,0.0,20.5,1459
7143386000130,2007-10-09,1034707.02,0.52994343,1032633.82,0.0,0.0,1459
7143386000130,2007-10-10,1033460.1,0.53003387,1032478.87,0.0,331.15,1459
7143386000130,2007-10-11,1033799.62,0.53012407,1032433.77,0.0,220.76,1459
7143386000130,2007-10-15,1034139.28,0.53021436,1032483.65,0.0,125.93,1459
7143386000130,2007-10-16,1034479.1,0.53030475,1031882.16,0.0,777.56,1459
7143386000130,2007-10-17,1034819.35,0.53039548,1031955.52,0.0,103.13,1459
7143386000130,2007-10-18,1035159.74,0.53048628,1032132.12,0.0,0.0,1459
7143386000130,2007-10-19,1035499.4,0.53057669,1032254.09,0.0,53.88,1459
7143386000130,2007-10-22,1035839.5,0.53066733,1032430.35,0.0,0.0,1459
7143386000130,2007-10-23,1036180.04,0.53075817,1032601.67,0.0,5.35,1459
7143386000130,2007-10-24,1036521.02,0.53084923,1032689.81,0.0,88.96,1459
7143386000130,2007-10-25,1036861.85,0.53094021,1032654.84,0.0,211.93,1459
7143386000130,2007-10-26,1077203.11,0.53103144,1073974.92,0.0,0.0,1459
7143386000130,2007-10-29,1077561.44,0.53073965,1074145.82,0.0,16.97,1459
7143386000130,2007-10-30,1075898.81,0.53083242,1072366.27,0.0,1967.54,1459
7143386000130,2007-10-31,1072212.28,0.5309253,1071835.7,0.0,718.67,1459
7143386000130,2007-11-01,1058407.35,0.53101757,1059612.0,0.0,12411.29,1459
7143386000130,2007-11-05,1058703.52,0.53110838,1059779.77,0.0,13.19,1459
7143386000130,2007-11-06,1059053.43,0.5311993,1059942.45,0.0,19.18,1459
7143386000130,2007-11-07,1059403.79,0.53129069,1059927.91,0.0,196.7,1459
7143386000130,2007-11-08,1059754.29,0.53138209,1059147.4,0.0,962.93,1459
7143386000130,2007-11-09,1060104.95,0.53147371,1059304.25,0.0,25.7,1459
7143386000130,2007-11-12,1060455.46,0.53156525,1058929.21,0.0,557.5,1459
7143386000130,2007-11-13,1060806.11,0.53165693,1058859.16,0.0,252.67,1459
7143386000130,2007-11-14,1059137.74,0.53174888,1058221.35,0.0,821.0,1459
7143386000130,2007-11-16,1059488.73,0.53184089,1057644.08,0.0,760.44,1459
7143386000130,2007-11-19,1059839.29,0.5319328000000001,1057171.81,0.0,655.06,1459
7143386000130,2007-11-20,1060189.69,0.53202471,1057286.45,0.0,67.98,1459
7143386000130,2007-11-21,1060541.14,0.53211716,1056672.74,0.0,797.47,1459
7143386000130,2007-11-22,1058868.96,0.5322098000000001,1055876.3,0.0,980.49,1459
7143386000130,2007-11-23,1059219.85,0.53230223,1055600.62,0.0,459.04,1459
7143386000130,2007-11-26,1059570.61,0.53239464,1055733.56,0.0,50.28,1459
7143386000130,2007-11-27,1058314.71,0.53248682,1055869.65,0.0,46.63,1459
7143386000130,2007-11-28,1058664.78,0.53257888,1055658.87,0.0,393.28,1459
7143386000130,2007-11-29,1059015.59,0.53267135,1055837.04,0.0,5.09,1459
7143386000130,2007-11-30,1055335.4,0.5327636,1054211.02,0.0,1809.09,1459
7143386000130,2007-12-03,1055683.91,0.5328552,1054392.16,0.0,0.0,1459
7143386000130,2007-12-04,1055025.15,0.53294715,1053895.72,0.0,678.46,1459
7143386000130,2007-12-05,1054365.52,0.53303922,1052993.94,0.0,1084.41,1459
7143386000130,2007-12-06,1054714.52,0.53313155,1053175.81,0.0,0.0,1459
7143386000130,2007-12-07,1055063.98,0.53322387,1053339.44,0.0,18.67,1459
7143386000130,2007-12-10,1055412.98,0.53331594,1053506.12,0.0,15.14,1459
7143386000130,2007-12-11,1055761.54,0.53340778,1053660.24,0.0,27.23,1459
7143386000130,2007-12-12,1056110.54,0.53349983,1053552.52,0.0,289.53,1459
7143386000130,2007-12-13,1055447.02,0.5335916999999999,1053273.71,0.0,460.22,1459
7143386000130,2007-12-14,1055795.29,0.53368347,1053414.45,0.0,39.74,1459
7143386000130,2007-12-17,1056143.43,0.53377486,1053583.82,0.0,11.57,1459
7143386000130,2007-12-18,1056491.71,0.53386662,1053764.87,0.0,0.0,1459
7143386000130,2007-12-19,1056840.13,0.53395844,1053873.91,0.0,72.14,1459
7143386000130,2007-12-20,1057189.0,0.53405049,1054055.51,0.0,0.0,1459
7143386000130,2007-12-21,1055510.27,0.53414275,1053853.03,0.0,384.56,1459
7143386000130,2007-12-24,1055858.58,0.53423454,1054034.07,0.0,0.0,1459
7143386000130,2007-12-26,1056208.24,0.53432701,1054177.28,0.0,39.16,1459
7143386000130,2007-12-27,1056558.05,0.53441954,1054330.79,0.0,28.98,1459
7143386000130,2007-12-28,1056907.39,0.53451183,1054512.79,0.0,0.0,1459
7143386000130,2007-12-31,1057256.9,0.53460418,1054694.93,0.0,0.0,1459
7143386000130,2008-01-02,1053540.89,0.53469676,1054861.3,0.0,16.19,1459
7143386000130,2008-01-03,1053889.27,0.53478851,1055042.69,0.0,0.0,1459
7143386000130,2008-01-04,1056170.45,0.53488011,1055222.88,0.0,0.0,1459
7143386000130,2008-01-07,1056519.06,0.53497195,1055403.48,0.0,0.0,1459
7143386000130,2008-01-08,1056866.33,0.53506284,1055577.16,0.0,0.0,1459
7143386000130,2008-01-09,1057214.93,0.53515157,1055467.14,0.0,291.12,1459
7143386000130,2008-01-10,1057563.98,0.53524364,1055639.95,0.0,8.72,1459
7143386000130,2008-01-11,1057913.48,0.53533593,1055821.9,0.0,0.0,1459
7143386000130,2008-01-14,1058263.43,0.53542844,1055804.3,0.0,200.0,1459
7143386000130,2008-01-15,1058612.93,0.53552073,1055948.72,0.0,37.51,1459
7143386000130,2008-01-16,1058962.58,0.53561309,1056023.97,0.0,106.82,1459
7143386000130,2008-01-17,1059312.07,0.53570538,1056021.62,0.0,184.26,1459
7143386000130,2008-01-18,1059661.71,0.53579776,1056180.25,0.0,23.4,1459
7143386000130,2008-01-21,1056996.93,0.53589004,1054903.95,0.0,1458.38,1459
7143386000130,2008-01-22,1057345.31,0.535982,1053345.96,0.0,1738.87,1459
7143386000130,2008-01-23,1057694.13,0.53607428,1053466.14,0.0,61.46,1459
7143386000130,2008-01-24,1058843.1,0.53616681,1053505.14,0.0,142.79,1459
7143386000130,2008-01-25,1057386.23,0.53625943,1053641.31,0.0,45.74,1459
7143386000130,2008-01-28,1056931.04,0.53635205,1052890.7,0.0,933.01,1459
7143386000130,2008-01-29,1056272.81,0.53644488,1052125.6,0.0,947.04,1459
7143386000130,2008-01-30,1056621.49,0.53653753,1051995.5,0.0,311.84,1459
7143386000130,2008-01-31,1082970.01,0.53663016,1082244.0,0.0,890.76,1459
7143386000130,2008-02-01,1075262.42,0.53502421,1074541.52,0.0,7891.9,1459
7143386000130,2008-02-06,1075619.43,0.53511709,1074718.24,0.0,9.9,1459
7143386000130,2008-02-07,1075976.26,0.53520994,1074817.12,0.0,87.38,1459
7143386000130,2008-02-08,1076333.56,0.53530294,1074840.86,0.0,162.99,1459
7143386000130,2008-02-11,1076690.71,0.53539589,1074402.5,0.0,625.01,1459
7143386000130,2008-02-12,1076036.96,0.53548884,1073714.79,0.0,874.32,1459
7143386000130,2008-02-13,1075382.96,0.53558194,1073348.81,0.0,552.5,1459
7143386000130,2008-02-14,1074728.09,0.53567489,1072509.23,0.0,1026.11,1459
7143386000130,2008-02-15,1074072.25,0.5357678000000001,1071459.29,0.0,1235.92,1459
7143386000130,2008-02-18,1074427.84,0.53586052,1071522.74,0.0,121.93,1459
7143386000130,2008-02-19,1074783.28,0.53595317,1071554.46,0.0,153.67,1459
7143386000130,2008-02-20,1075139.17,0.53604615,1071516.83,0.0,223.48,1459
7143386000130,2008-02-21,1074481.19,0.53613907,1071496.17,0.0,206.37,1459
7143386000130,2008-02-22,1074836.65,0.53623187,1071075.16,0.0,606.34,1459
7143386000130,2008-02-25,1075716.2,0.5363246,1071176.2,0.0,84.28,1459
7143386000130,2008-02-26,1074056.08,0.53641775,1070714.22,0.0,647.73,1459
7143386000130,2008-02-27,1074411.37,0.53651048,1070763.88,0.0,135.66,1459
7143386000130,2008-02-28,1074767.12,0.53660358,1070751.67,0.0,198.04,1459
7143386000130,2008-02-29,1071085.82,0.53669681,1070749.68,0.0,187.97,1459
7143386000130,2008-03-03,1071440.48,0.53678943,1070934.4,0.0,0.01,1459
7143386000130,2008-03-04,1071795.28,0.53688211,1070968.41,0.0,150.83,1459
7143386000130,2008-03-05,1072150.84,0.53697517,1070291.4,0.0,862.72,1459
7143386000130,2008-03-06,1072506.27,0.5370683,1070475.91,0.0,1.04,1459
7143386000130,2008-03-07,1072861.53,0.53716133,1070415.01,0.0,246.29,1459
7143386000130,2008-03-10,1072205.1,0.53725446,1070429.58,0.0,170.98,1459
7143386000130,2008-03-11,544559.05,0.53734762,1070615.13,0.0,0.0,1459
7143386000130,2008-03-12,544914.64,0.53744085,1070800.79,0.0,0.0,1459
7143386000130,2008-03-14,1072819.64,0.5376273,1070974.85,0.0,0.0,1459
7143386000130,2008-03-17,1073175.04,0.53772554,1071160.07,0.0,0.16,1459
7143386000130,2008-03-18,1073531.21,0.53781899,1071335.26,0.0,10.93,1459
7143386000130,2008-03-19,1073887.21,0.5379123443,1071466.61,0.0,0.0,1459
7143386000130,2008-03-20,1074243.37,0.53800577,1071572.02,0.0,80.66,1459
7143386000130,2008-03-24,1074600.0,0.53809942,1071758.53,0.0,0.0,1459
7143386000130,2008-03-25,1074957.07,0.53819329,1071865.7,0.0,79.77,1459
7143386000130,2008-03-26,1075314.0,0.53828709,1071994.65,0.0,57.83,1459
7143386000130,2008-03-27,1075671.07,0.53838095,1072170.12,0.0,11.42,1459
7143386000130,2008-03-28,1076027.99,0.53847472,1072256.83,0.0,0.0,1459
7143386000130,2008-03-31,1072344.93,0.53856856,1072751.21,0.0,0.0,1459
7143386000130,2008-04-01,1072700.45,0.5386616,1072331.64,0.0,605.43,1459
7143386000130,2008-04-02,1073057.95,0.53875598,1072518.94,0.0,0.0,1459
7143386000130,2008-04-03,1073415.3,0.53885001,1072706.06,0.0,0.0,1459
7143386000130,2008-04-04,1073771.6,0.5389435,1072859.28,0.0,32.82,1459
7143386000130,2008-04-07,1074129.56,0.53903781,1072955.52,0.0,91.45,1459
7143386000130,2008-04-08,1074487.07,0.5391319,1073142.73,0.0,0.0,1459
7143386000130,2008-04-09,1066740.37,0.53922636,1065726.25,0.0,7605.63,1459
7143386000130,2008-04-10,1067060.29,0.5393198,1065452.56,0.0,328.5,1459
7143386000130,2008-04-11,1067413.91,0.53934747,1065636.9,0.0,0.0,1459
7143386000130,2008-04-14,1067767.97,0.53944102,1065760.18,0.0,61.65,1459
7143386000130,2008-04-15,1068122.18,0.53953472,1065914.65,0.0,30.59,1459
7143386000130,2008-04-16,1068476.56,0.5396285,1066099.85,0.0,0.0,1459
7143386000130,2008-04-17,1068831.39,0.53972249,1066277.3,0.0,8.17,1459
7143386000130,2008-04-18,1069186.36,0.53981654,1066459.29,0.0,3.74,1459
7143386000130,2008-04-22,1069556.61,0.53991831,1066432.39,0.0,227.91,1459
7143386000130,2008-04-23,1069927.03,0.54002018,1066633.54,0.0,0.0,1459
7143386000130,2008-04-24,1070297.31,0.54012198,1066834.52,0.0,0.0,1459
7143386000130,2008-04-25,1070666.85,0.54022338,1067034.73,0.0,0.0,1459
7143386000130,2008-04-28,1071036.55,0.54032484,1067092.55,0.0,142.54,1459
7143386000130,2008-04-29,1071406.72,0.54042656,1067260.88,0.0,32.47,1459
7143386000130,2008-04-30,1066898.25,0.54052819,1067335.83,0.0,125.7,1459
7143386000130,2008-05-02,1067265.99,0.54062867,1066410.87,0.0,1124.61,1459
7143386000130,2008-05-05,1062609.08,0.54072999,1063356.18,0.0,3253.86,1459
7143386000130,2008-05-06,1062975.25,0.54083041,1063561.38,0.0,0.0,1459
7143386000130,2008-05-07,1063340.98,0.54093455,1063730.49,0.0,27.81,1459
7143386000130,2008-05-08,1063706.88,0.5410348,1063927.55,0.0,0.0,1459
7143386000130,2008-05-09,1064072.64,0.54113496,1064036.57,0.0,87.88,1459
7143386000130,2008-05-12,1064438.56,0.5412352,1064233.6,0.0,0.0,1459
7143386000130,2008-05-13,1064804.94,0.54133566,1064348.12,0.0,82.95,1459
7143386000130,2008-05-14,1065171.49,0.54143621,1064545.28,0.0,0.45,1459
7143386000130,2008-05-15,1065538.19,0.54153681,1064739.41,0.0,3.6,1459
7143386000130,2008-05-16,1065904.47,0.54163719,1064921.43,0.0,15.26,1459
7143386000130,2008-05-19,1066270.89,0.54173762,1065118.82,0.0,0.0,1459
7143386000130,2008-05-20,1066637.49,0.54183813,509003.95,0.0,87.26,1459
7143386000130,2008-05-21,510635.6,0.54193856,509146.39,0.0,0.0,1459
7143386000130,2008-05-23,510859.36,0.25914083,508988.88,0.0,300.47,1459
7143386000130,2008-05-26,511083.2,0.25921365,508661.45,0.0,470.52,1459
7143386000130,2008-05-27,511306.95,0.25928652,508468.79,0.0,335.69,1459
7143386000130,2008-05-28,507476.12,0.25935959,506208.78,0.0,2403.69,1459
7143386000130,2008-05-29,507698.48,0.25943234,506340.7,0.0,9.62,1459
7143386000130,2008-05-30,500528.11,0.25950481,505672.87,0.0,809.84,1459
7143386000130,2008-06-02,500747.07,0.25957598,504965.95,0.0,845.39,1459
7143386000130,2008-06-03,500966.48,0.25964738,504802.63,0.0,0.0,1459
7143386000130,2008-06-04,501186.17,0.25956358,504931.55,0.0,10.61,1459
7143386000130,2008-06-05,501405.59,0.25963516,505070.79,0.0,0.0,1459
7143386000130,2008-06-06,501624.92,0.25970668,505209.92,0.0,0.0,1459
7143386000130,2008-06-09,501853.37,0.25978288,505358.15,0.0,0.0,1459
7143386000130,2008-06-10,502081.91,0.25985912,504509.86,0.0,94.01,1459
7143386000130,2008-06-11,502310.73,0.25993551,504658.42,0.0,0.0,1459
7143386000130,2008-06-12,502540.01,0.26001212,506883.38,0.0,80.45,1459
7143386000130,2008-06-13,502769.59,0.2600889,506753.27,0.0,279.44,1459
7143386000130,2008-06-16,502999.44,0.26016586,506902.85,0.0,0.0,1459
7143386000130,2008-06-17,503229.22,0.26024278,507052.34,0.0,0.0,1459
7143386000130,2008-06-18,503459.1,0.26031974,507268.07,0.0,236.46,1459
7143386000130,2008-06-19,503689.27,0.26039689,507417.94,0.0,0.0,1459
7143386000130,2008-06-20,502981.0,0.2604739,507194.84,0.0,372.75,1459
7143386000130,2008-06-23,503210.6,0.26055081,507306.72,0.0,38.5,1459
7143386000130,2008-06-24,503440.29,0.26062833,507327.91,0.0,128.21,1459
7143386000130,2008-06-25,503670.64,0.26070564,507232.63,0.0,245.36,1459
7143386000130,2008-06-26,503900.9,0.26078296,507382.59,0.0,0.0,1459
7143386000130,2008-06-27,504131.27,0.26086033,523380.03,26803.63,0.0,1459
7143386000130,2008-06-30,504361.58,0.25619232,522832.23,0.0,695.16,1459
7143386000130,2008-07-01,504591.97,0.2562646,522462.7,0.0,517.03,1459
7143386000130,2008-07-02,504822.84,0.25633722,515851.42,0.0,6757.29,1459
7143386000130,2008-07-03,505055.45,0.25641067,516005.17,0.0,0.0,1459
7143386000130,2008-07-04,505287.25,0.2564867,516155.08,0.0,0.0,1459
7143386000130,2008-07-07,505287.25,0.25644599,516073.2,0.0,0.0,1459
7143386000130,2008-07-08,505287.25,0.25640529,524157.12,0.0,0.0,1459
7143386000130,2008-07-09,505519.16,0.25636459,524307.18,0.0,0.0,1459
7143386000130,2008-07-10,505751.18,0.25643924,524457.32,0.0,0.0,1459
7143386000130,2008-07-11,505983.49,0.25651403,524607.73,0.0,0.0,1459
7143386000130,2008-07-14,506215.53,0.25658867,524757.84,0.0,0.0,1459
7143386000130,2008-07-15,506447.52,0.25666327,524907.88,0.0,0.0,1459
7143386000130,2008-07-16,506679.23,0.25673772,525057.62,0.0,0.0,1459
7143386000130,2008-07-17,506910.88,0.25681213,525207.27,0.0,0.0,1459
7143386000130,2008-07-18,507142.99,0.25688676,525357.36,0.0,0.0,1459
7143386000130,2008-07-21,507375.03,0.25696134,525507.36,0.0,0.0,1459
7143386000130,2008-07-22,507607.17,0.25703596,525657.43,0.0,0.0,1459
7143386000130,2008-07-23,507839.6,0.25711071,525807.77,0.0,0.0,1459
7143386000130,2008-07-24,508245.84,0.25727186,526131.87,0.0,0.0,1459
7143386000130,2008-07-25,508478.01,0.25734644,526281.87,0.0,0.0,1459
7143386000130,2008-07-28,508724.26,0.25742801,526445.93,0.0,0.0,1459
7143386000130,2008-07-29,540714.49,0.25750963,526610.07,0.0,0.0,1459
7143386000130,2008-07-30,0.0,0.25759884,527067.18,0.0,0.0,1459
7143386000130,2008-07-31,541233.51,0.25782494,527013.46,0.0,0.0,1459
7143386000130,2008-08-01,541493.31,0.25779845,527419.69,0.0,0.0,1459
7143386000130,2008-08-04,541753.43,0.25800056,527597.43,0.0,0.0,1459
7143386000130,2008-08-05,542014.24,0.25808927,527775.84,0.0,0.0,1459
7143386000130,2008-08-06,542274.81,0.25817784,527274.81,0.0,0.0,1459
7143386000130,2008-08-07,542535.68,0.25826655,528132.39,0.0,0.0,1459
7143386000130,2008-08-08,542796.68,0.25835531,528310.9,0.0,0.0,1459
7143386000130,2008-08-11,543057.81,0.25844412,528489.51,0.0,0.0,1459
7143386000130,2008-08-12,528246.72,0.25853288,528668.03,0.0,0.0,1459
7143386000130,2008-08-13,528500.29,0.2586179,528815.39,0.0,23.64,1459
7143386000130,2008-08-14,528753.99,0.25870298,528986.49,0.0,0.0,1459
7143386000130,2008-08-15,529008.0,0.2587882,528928.8,0.0,229.11,1459
7143386000130,2008-08-18,529262.13,0.25887352,529100.32,0.0,0.0,1459
7143386000130,2008-08-19,528358.93,0.25895889,529271.92,0.0,0.0,1459
7143386000130,2008-08-20,528613.01,0.25904416,529333.47,0.0,146.71,1459
7143386000130,2008-08-21,528867.03,0.25914774,529480.63,0.0,24.18,1459
7143386000130,2008-08-22,529120.99,0.25923296,529651.89,0.0,0.0,1459
7143386000130,2008-08-25,529375.07,0.25931823,529576.21,0.0,247.07,1460
7143386000130,2008-08-26,529628.9,0.25940342,529747.32,0.0,0.0,1460
7143386000130,2008-08-27,529883.02,0.25948874,529918.7,0.0,0.0,1460
7143386000130,2008-08-28,530137.1,0.25957403,530090.01,0.0,0.0,1460
7143386000130,2008-08-29,530391.28,0.25965935,530261.39,0.0,0.0,1460
7143386000130,2008-09-01,530645.59,0.25974473,530234.89,0.0,198.01,1460
7143386000130,2008-09-02,530899.65,0.25983001,530406.13,0.0,0.0,1460
7143386000130,2008-09-03,531154.21,0.25991553,530269.46,0.0,308.43,1460
7143386000130,2008-09-04,531408.71,0.26000108,530143.21,0.0,297.97,1460
7143386000130,2008-09-05,531664.07,0.26008712,530298.94,0.0,16.82,1460
7143386000130,2008-09-08,531918.99,0.26017293,530471.03,0.0,0.0,1460
7143386000130,2008-09-09,532173.48,0.26025851,530623.45,0.0,19.21,1460
7143386000130,2008-09-10,529384.96,0.26034489,529605.29,0.0,1191.56,1460
7143386000130,2008-09-11,529639.16,0.26043059,529692.61,0.0,84.5,1460
7143386000130,2008-09-12,529893.86,0.26051672,529741.85,0.0,122.74,1460
7143386000130,2008-09-15,530162.62,0.26060972,529811.81,0.0,116.07,1460
7143386000130,2008-09-16,530430.76,0.26070243,529997.19,0.0,0.0,1459
7143386000130,2008-09-17,530699.04,0.2607952,530123.15,0.0,59.54,1459
7143386000130,2008-09-18,530967.64,0.26088813,530237.28,0.0,71.67,1459
7143386000130,2008-09-19,531236.01,0.26098094,530422.83,0.0,0.0,1459
7143386000130,2008-09-22,531504.52,0.26107381,530608.49,0.0,0.0,1459
7143386000130,2008-09-23,531774.46,0.26116739,631491.61,0.0,0.0,1459
7143386000130,2008-09-24,532045.09,0.26124514,631663.34,0.0,0.0,1459
7143386000130,2008-09-25,532314.75,0.26131674,631834.08,0.0,0.0,1459
7143386000130,2008-09-26,532583.98,0.26138815,632004.36,0.0,0.0,1459
7143386000130,2008-09-29,532853.53,0.26145969,632174.93,0.0,0.0,1459
7143386000130,2008-09-30,0.0,0.26153127,573337.7,0.0,59017.29,1459
7143386000130,2008-10-01,533392.69,0.26161455,531966.67,0.0,41557.42,1459
7143386000130,2008-10-02,533662.46,0.26170788,532153.34,0.0,0.0,1459
7143386000130,2008-10-03,533932.2,0.26180118,532339.95,0.0,0.0,1459
7143386000130,2008-10-06,534202.63,0.2619481,532527.22,0.0,0.0,1459
7143386000130,2008-10-07,534473.93,0.26198886,532715.33,0.0,0.0,1459
7143386000130,2008-10-08,534747.25,0.26208391,532905.43,0.0,0.0,1459
7143386000130,2008-10-09,535019.77,0.26217854,533094.7,0.0,0.0,1459
7143386000130,2008-10-10,535291.87,0.26227294,533283.52,0.0,0.0,1459
7143386000130,2008-10-13,535563.73,0.26236721,533472.07,0.0,0.0,1459
7143386000130,2008-10-14,535835.92,0.26246163,533660.92,0.0,0.0,1459
7143386000130,2008-10-15,536109.19,0.26255658,533850.82,0.0,0.0,1459
7143386000130,2008-10-16,536381.29,0.26265092,534039.52,0.0,0.0,1459
7143386000130,2008-10-17,536654.26,0.26274568,534229.06,0.0,0.0,1459
7143386000130,2008-10-20,535603.34,0.26284032,534418.34,0.0,0.0,1459
7143386000130,2008-10-21,535875.18,0.26293448,534694.28,0.0,0.0,1459
7143386000130,2008-10-22,536147.72,0.2630298,558344.57,0.0,0.0,1459
7143386000130,2008-10-23,536419.45,0.26312452,558529.03,0.0,0.0,1459
7143386000130,2008-10-24,536690.02,0.26321224,558712.3,0.0,0.0,1459
7143386000130,2008-10-27,535152.16,0.26330046,558896.61,0.0,0.0,1459
7143386000130,2008-10-28,535423.58,0.26338856,559093.52,0.0,0.0,1459
7143386000130,2008-10-29,535695.13,0.26348286,545511.69,0.0,13768.17,1459
7143386000130,2008-10-30,535967.01,0.26357448,545698.33,0.0,0.0,1459
7143386000130,2008-10-31,536238.67,0.26366598,545884.72,0.0,0.0,1459
7143386000130,2008-11-03,536509.51,0.26375707,536390.12,0.0,9681.68,1459
7143386000130,2008-11-04,536780.86,0.26385083,536577.68,0.0,0.0,1459
7143386000130,2008-11-05,537052.17,0.26394457,536160.39,0.0,604.88,1459
7143386000130,2008-11-06,537323.23,0.26403831,535822.58,0.0,525.2,1459
7143386000130,2008-11-07,537594.45,0.26413226,535898.68,0.0,111.44,1459
7143386000130,2008-11-10,537864.66,0.26422572,536085.18,0.0,0.0,1459
7143386000130,2008-11-11,538134.83,0.26431914,536271.61,0.0,0.0,1459
7143386000130,2008-11-12,538405.31,0.2644127,539086.28,0.0,0.0,1459
7143386000130,2008-11-13,0.0,0.26582261,223839.16,0.0,315482.86,1459
7143386000130,2008-11-14,0.0,0.2657804458,87459.11,0.0,136363.19,1459
7143386000130,2008-11-17,0.0,0.2657238206,87446.62,0.0,0.0,1459
7143386000130,2008-11-18,0.0,0.2656816302,87434.14,0.0,0.0,1459
7143386000130,2008-11-19,0.0,0.26563947,87421.66,0.0,0.0,1459
7143386000130,2008-11-20,0.0,0.26559731,87409.18,0.0,0.0,1459
7143386000130,2008-11-21,0.0,0.2655551602,87396.7,0.0,0.0,1459
7143386000130,2008-11-24,0.0,0.2655130036,87384.22,0.0,0.0,1459
7143386000130,2008-11-25,0.0,0.2654708469,87371.75,0.0,0.0,1459
7143386000130,2008-11-26,0.0,0.265428724,87359.28,0.0,0.0,1459
7143386000130,2008-11-27,0.0,0.2653866,87356.81,0.0,0.0,1459
7143386000130,2008-11-28,0.0,0.26534447829999996,87334.34,0.0,0.0,1459
7143386000130,2008-12-01,0.0,0.26530235,87305.02,0.0,16.86,1459
7143386000130,2008-12-02,0.0,0.2652602572,87292.56,0.0,0.0,1459
7143386000130,2008-12-03,0.0,0.2652181591,87280.1,0.0,0.0,1459
7143386000130,2008-12-04,0.0,0.2651760609,87267.64,0.0,0.0,1459
7143386000130,2008-12-05,0.0,0.26513396,87188.92,0.0,0.0,1459
7143386000130,2008-12-08,0.0,0.2650918647,87176.47,0.0,0.0,1459
7143386000130,2008-12-09,0.0,0.2650498003,87164.02,0.0,0.0,1459
7143386000130,2008-12-10,0.0,0.265007736,87151.57,0.0,0.0,1459
7143386000130,2008-12-11,0.0,0.2649656716,87139.12,0.0,0.0,1459
7143386000130,2008-12-12,0.0,0.2649236,87126.67,0.0,0.0,1459
7143386000130,2008-12-15,0.0,0.264881543,87114.23,0.0,0.0,1459
7143386000130,2008-12-16,0.0,0.2648395124,143167.33,0.0,0.0,1459
7143386000130,2008-12-17,0.0,0.2532249643,110287.3,0.0,32863.91,1459
7143386000130,2008-12-18,0.0,0.25319769870000003,110271.18,0.0,0.0,1459
7143386000130,2008-12-19,0.0,0.2531575,110253.8,0.0,1.26,1459
7143386000130,2008-12-22,0.0,0.25311732,110237.68,0.0,0.0,1459
7143386000130,2008-12-23,0.0,0.25307713,110221.57,0.0,0.0,1459
7143386000130,2008-12-24,0.0,0.25303696,110205.46,0.0,0.0,1459
7143386000130,2008-12-29,0.0,0.25295663,110173.25,0.0,0.0,1459
7143386000130,2008-12-30,0.0,0.25291649,86808.47,0.0,23352.38,1459
7143386000130,2008-12-31,0.0,0.2528765964,86796.08,0.0,0.0,1459
7143386000130,2009-01-02,0.0,0.2528364692,86780.34,0.0,0.0,1459
7143386000130,2009-01-05,0.0,0.25279634,86767.95,0.0,0.0,1459
7143386000130,2009-01-06,0.0,0.2527562112,86755.56,0.0,0.0,1459
7143386000130,2009-01-07,0.0,0.25271608219999997,86741.88,0.0,1.29,1459
7143386000130,2009-01-08,0.0,0.25267595260000003,86729.5,0.0,0.0,1459
7143386000130,2009-01-09,0.0,0.2526358554,86717.12,0.0,0.0,1459
7143386000130,2009-01-12,0.0,0.2525957581,86704.74,0.0,0.0,1459
7143386000130,2009-01-13,0.0,0.2525556609,86692.36,0.0,0.0,1459
7143386000130,2009-01-14,0.0,0.2525155637,86679.98,0.0,0.0,1459
7143386000130,2009-01-15,0.0,0.2524754664,86667.61,0.0,0.0,1459
7143386000130,2009-01-16,0.0,0.2524354016,86655.24,0.0,0.0,1459
7143386000130,2009-01-19,0.0,0.25239533670000003,86642.87,0.0,0.0,1459
7143386000130,2009-01-20,0.0,0.25235527,86630.5,0.0,0.0,1459
7143386000130,2009-01-21,0.0,0.2523152,86618.13,0.0,0.0,1459
7143386000130,2009-01-22,0.0,0.25227514,86605.77,0.0,0.0,1459
7143386000130,2009-01-23,0.0,0.2522351,86593.41,0.0,0.0,1459
7143386000130,2009-01-26,0.0,0.25219507,86581.05,0.0,0.0,1459
7143386000130,2009-01-27,0.0,0.2521550448,86568.69,0.0,0.0,1459
7143386000130,2009-01-28,0.0,0.25211501,86556.33,0.0,0.0,1459
7143386000130,2009-01-30,0.0,0.25203497,86531.63,0.0,0.0,1459
7143386000130,2009-02-02,0.0,0.25199497,86519.05,0.0,0.23,1459
7143386000130,2009-02-03,0.0,0.25195497,86506.7,0.0,0.0,1459
7143386000130,2009-02-04,0.0,0.25191497,86494.35,0.0,0.0,1459
7143386000130,2009-02-05,0.0,0.25187497,86482.01,0.0,0.0,1459
7143386000130,2009-02-06,0.0,0.25183501,86482.01,0.0,0.0,1459
7143386000130,2009-02-09,0.0,0.25179504,86457.33,0.0,0.0,1459
7143386000130,2009-02-10,0.0,0.25175507,86444.99,0.0,0.0,1459
7143386000130,2009-02-11,0.0,0.25171509999999997,86432.65,0.0,0.0,1459
7143386000130,2009-02-12,0.0,0.25167514,86420.32,0.0,0.0,1459
7143386000130,2009-02-13,0.0,0.2516352000000001,86407.99,0.0,0.0,1459
7143386000130,2009-02-16,0.0,0.25159526,86395.66,0.0,0.0,1459
7143386000130,2009-02-17,0.0,0.25155533,86383.33,0.0,0.0,1459
7143386000130,2009-02-18,0.0,0.25151539,86371.0,0.0,0.0,1459
7143386000130,2009-02-19,0.0,0.25147546,86358.68,0.0,0.0,1459
7143386000130,2009-02-20,0.0,0.25143556,86346.36,0.0,0.0,1459
7143386000130,2009-02-25,0.0,0.25139565,86334.04,0.0,0.0,1459
7143386000130,2009-02-26,0.0,0.25135575,86321.72,0.0,0.0,1459
7143386000130,2009-02-27,0.0,0.25131585,86309.4,0.0,0.0,1459
7143386000130,2009-03-02,0.0,0.25127594,86297.0,0.0,0.09,1459
7143386000130,2009-03-03,0.0,0.25123607,86284.69,0.0,0.0,1459
7143386000130,2009-03-04,0.0,0.2511962,86272.38,0.0,0.0,1459
7143386000130,2009-03-05,0.0,0.25115633,86260.07,0.0,0.0,1459
7143386000130,2009-03-06,0.0,0.25111646,86247.76,0.0,0.0,1459
7143386000130,2009-03-09,0.0,0.25107659,86235.46,0.0,0.0,1459
7143386000130,2009-03-10,0.0,0.25103675,86223.16,0.0,0.0,1459
7143386000130,2009-03-11,0.0,0.25099691,86210.86,0.0,0.0,1459
7143386000130,2009-03-12,0.0,0.25095707,86198.56,0.0,0.0,1459
7143386000130,2009-03-13,0.0,0.25091724,86173.15,0.0,13.12,1459
7143386000130,2009-03-16,0.0,0.25087742,86160.86,0.0,0.0,1459
7143386000130,2009-03-17,0.0,0.25083761,86148.57,0.0,0.0,1459
7143386000130,2009-03-18,0.0,0.2507978,86136.28,0.0,0.0,1459
7143386000130,2009-03-19,0.0,0.25075799,86123.99,0.0,0.0,1459
7143386000130,2009-03-20,0.0,0.25071817,86111.7,0.0,0.0,1459
7143386000130,2009-03-23,0.0,0.25067836,86099.42,0.0,0.0,1459
7143386000130,2009-03-24,0.0,0.25063858,86087.14,0.0,0.0,1459
7143386000130,2009-03-25,0.0,0.2505988,86074.86,0.0,0.0,1459
7143386000130,2009-03-26,0.0,0.25055902,86062.58,0.0,0.0,1459
7143386000130,2009-03-27,0.0,0.25051924,86050.3,0.0,0.0,1459
7143386000130,2009-03-30,0.0,0.25047946,86038.03,0.0,0.0,1459
7143386000130,2009-03-31,0.0,0.25043971,86008.29,0.0,17.47,1459
7143386000130,2009-04-02,0.0,0.25036021,85948.81,0.0,0.0,1459
7143386000130,2009-04-03,0.0,0.25032047,85936.55,0.0,0.0,1459
7143386000130,2009-04-06,0.0,0.25028073,85924.29,0.0,0.0,1459
7143386000130,2009-04-07,0.0,0.25024098,85912.04,0.0,0.0,1459
7143386000130,2009-04-08,0.0,0.25020127,85899.79,0.0,0.0,1459
7143386000130,2009-04-09,0.0,0.25016156,85887.54,0.0,0.0,1459
7143386000130,2009-04-13,0.0,0.25012185,85875.29,0.0,0.0,1459
7143386000130,2009-04-14,0.0,0.25008214,85863.04,0.0,0.0,1459
7143386000130,2009-04-15,0.0,0.25004243,85850.8,0.0,0.0,1459
7143386000130,2009-04-16,0.0,0.25000276,85838.56,0.0,0.0,1459
7143386000130,2009-04-17,0.0,0.24996308,85826.32,0.0,0.0,1459
7143386000130,2009-04-20,0.0,0.2499234,85814.08,0.0,0.0,1459
7143386000130,2009-04-22,0.0,0.2498837295,85801.84,0.0,0.0,1459
7143386000130,2009-04-23,0.0,0.24984405,85789.61,0.0,0.0,1459
7143386000130,2009-04-24,0.0,0.24980439999999998,85777.38,0.0,0.0,1459
7143386000130,2009-04-27,0.0,0.2497647616,85764.36,0.0,0.79,1459
7143386000130,2009-04-28,0.0,0.24972511,85752.13,0.0,0.0,1459
7143386000130,2009-04-29,0.0,0.24968547,85739.9,0.0,0.0,1459
7143386000130,2009-04-30,0.0,0.24964582,85727.68,0.0,0.0,1459
7143386000130,2009-05-04,0.0,0.24960621,105185.14,0.0,0.0,1459
7143386000130,2009-05-05,0.0,0.22588417,93611.08,0.0,11560.58,1459
7143386000130,2009-05-06,0.0,0.22586173,93597.61,0.0,0.0,1459
7143386000130,2009-05-07,0.0,0.22582589,104972.86,0.0,0.0,1459
7143386000130,2009-05-08,0.0,0.2220200281,97786.86,0.0,7173.89,1459
7143386000130,2009-05-11,0.0,0.22198512,97774.76,0.0,0.0,1459
7143386000130,2009-05-12,0.0,0.22194989,97762.66,0.0,0.0,1459
7143386000130,2009-05-13,0.0,0.22191467,97750.56,0.0,0.0,1459
7143386000130,2009-05-14,0.0,0.22187944,97738.46,0.0,0.0,1459
7143386000130,2009-05-15,0.0,0.2218442202,97726.36,0.0,0.0,1459
7143386000130,2009-05-18,0.0,0.22180899,97714.27,0.0,0.0,1459
7143386000130,2009-05-19,0.0,0.22177379,97702.18,0.0,0.0,1459
7143386000130,2009-05-20,0.0,0.2217386,97690.09,0.0,0.0,1459
7143386000130,2009-05-21,0.0,0.2217034,97678.0,0.0,0.0,1459
7143386000130,2009-05-22,0.0,0.22166821,97665.91,0.0,0.0,1459
7143386000130,2009-05-25,0.0,0.22163301,97653.83,0.0,0.0,1459
7143386000130,2009-05-26,0.0,0.22159784,97641.75,0.0,0.0,1459
7143386000130,2009-05-27,0.0,0.22156268,97629.67,0.0,0.0,1459
7143386000130,2009-05-28,0.0,0.22152751,97617.59,0.0,0.0,1459
7143386000130,2009-05-29,0.0,0.22149234,97605.51,0.0,0.0,1459
7143386000130,2009-06-01,0.0,0.22145718,96765.27,0.0,828.3,1459
7143386000130,2009-06-02,0.0,0.22142203,97001.71,0.0,2.56,1459
7143386000130,2009-06-03,0.0,0.22138689,96985.87,0.0,3.9,1459
7143386000130,2009-06-04,0.0,0.22135175,96973.93,0.0,0.0,1459
7143386000130,2009-06-05,0.0,0.22131660000000009,96962.0,0.0,0.0,1459
7143386000130,2009-06-08,0.0,0.22128148,96950.07,0.0,0.0,1459
7143386000130,2009-06-09,0.0,0.22124637,96938.14,0.0,0.0,1459
7143386000130,2009-06-10,0.0,0.22121125,96926.21,0.0,0.0,1459
7143386000130,2009-06-12,0.0,0.22117614,96914.28,0.0,0.0,1459
7143386000130,2009-06-15,0.0,0.22114102,96902.35,0.0,0.0,1459
7143386000130,2009-06-16,0.0,0.2211059121,96890.43,0.0,0.0,1459
7143386000130,2009-06-17,0.0,0.22107082,96878.51,0.0,0.0,1459
7143386000130,2009-06-18,0.0,0.22103573,96866.59,0.0,0.0,1459
7143386000130,2009-06-19,0.0,0.22100065,96854.67,0.0,0.0,1459
7143386000130,2009-06-22,0.0,0.22096556,96842.75,0.0,0.0,1459
7143386000130,2009-06-23,0.0,0.22093048,96830.84,0.0,0.0,1459
7143386000130,2009-06-24,0.0,0.22089542,96818.93,0.0,0.0,1459
7143386000130,2009-06-25,0.0,0.22086036,96807.02,0.0,0.0,1459
7143386000130,2009-06-26,0.0,0.22082531,96795.11,0.0,0.0,1459
7143386000130,2009-06-29,0.0,0.22079025,96783.2,0.0,0.0,1459
7143386000130,2009-06-30,0.0,0.22075519,96771.3,0.0,0.0,1459
7143386000130,2009-07-01,0.0,0.22072017,97000.53,0.0,9.44,1459
7143386000130,2009-07-02,0.0,0.22068513,96988.63,0.0,0.0,1459
7143386000130,2009-07-03,0.0,0.2206501,96976.73,0.0,0.0,1459
7143386000130,2009-07-06,0.0,0.22061507,96964.83,0.0,0.0,1459
7143386000130,2009-07-08,0.0,0.22054504,96941.05,0.0,0.0,1459
7143386000130,2009-07-09,0.0,0.22051003,96929.16,0.0,0.0,1459
7143386000130,2009-07-10,0.0,0.22047503,96917.27,0.0,0.0,1459
7143386000130,2009-07-13,0.0,0.22044003,96905.38,0.0,0.0,1459
7143386000130,2009-07-14,0.0,0.22040503309999998,96893.5,0.0,0.0,1459
7143386000130,2009-07-15,0.0,0.22037006,96881.62,0.0,0.0,1459
7143386000130,2009-07-16,0.0,0.22033508,96869.74,0.0,0.0,1459
7143386000130,2009-07-17,0.0,0.22030011,96857.86,0.0,0.0,1459
7143386000130,2009-07-20,0.0,0.22026514,96845.98,0.0,0.0,1459
7143386000130,2009-07-21,0.0,0.22023016,96834.11,0.0,0.0,1459
7143386000130,2009-07-22,0.0,0.22019522,96822.24,0.0,0.0,1459
7143386000130,2009-07-23,0.0,0.22016028,96810.37,0.0,0.0,1459
7143386000130,2009-07-24,0.0,0.22012533,96798.5,0.0,0.0,1459
7143386000130,2009-07-27,0.0,0.22009039,96786.63,0.0,0.0,1459
7143386000130,2009-07-28,0.0,0.22005545,96774.76,0.0,0.0,1459
7143386000130,2009-07-29,0.0,0.2200205,96762.9,0.0,0.0,1459
7143386000130,2009-07-30,0.0,0.21998559,96751.04,0.0,0.0,1459
7143386000130,2009-07-31,0.0,0.21995068,96739.18,0.0,0.0,1459
7143386000130,2009-08-03,0.0,0.21991576,96727.21,0.0,0.11,1459
7143386000130,2009-08-04,0.0,0.21988085,96715.35,0.0,0.0,1459
7143386000130,2009-08-05,0.0,0.21984593,96703.5,0.0,0.0,1459
7143386000130,2009-08-06,0.0,0.21981105,96691.65,0.0,0.0,1459
7143386000130,2009-08-07,0.0,0.21977617,96679.8,0.0,0.0,1459
7143386000130,2009-08-10,0.0,0.21974128,96667.95,0.0,0.0,1459
7143386000130,2009-08-11,0.0,0.2197064,96656.1,0.0,0.0,1459
7143386000130,2009-08-12,0.0,0.21967151,96644.26,0.0,0.0,1459
7143386000130,2009-08-13,0.0,0.21963666,96632.42,0.0,0.0,1459
7143386000130,2009-08-14,0.0,0.2196018,96620.58,0.0,0.0,1459
7143386000130,2009-08-17,0.0,0.21956695,96608.74,0.0,0.0,1459
7143386000130,2009-08-18,0.0,0.21953209,96596.9,0.0,0.0,1459
7143386000130,2009-08-19,0.0,0.21949724,96585.06,0.0,0.0,1459
7143386000130,2009-08-20,0.0,0.21946238,96573.23,0.0,0.0,1459
7143386000130,2009-08-21,0.0,0.21942756,96561.4,0.0,0.0,1459
7143386000130,2009-08-24,0.0,0.21939273,96822.86,0.0,0.0,1459
7143386000130,2009-08-25,0.0,0.21935789999999997,96811.03,0.0,0.0,1459
7143386000130,2009-08-26,0.0,0.21932308,96799.2,0.0,0.0,1459
7143386000130,2009-08-27,0.0,0.21928825,96787.38,0.0,0.0,1459
7143386000130,2009-08-28,0.0,0.21925346,96775.56,0.0,0.0,1459
7143386000130,2009-08-31,0.0,0.21921866,96763.74,0.0,0.0,1459
7143386000130,2009-09-01,0.0,0.21918386,96775.56,0.0,0.1,1459
7143386000130,2009-09-02,0.0,0.21914907,96740.0,0.0,0.0,1459
7143386000130,2009-09-03,0.0,0.21911427,96728.19,0.0,0.0,1459
7143386000130,2009-09-04,0.0,0.21907951,96716.38,0.0,0.0,1459
7143386000130,2009-09-08,0.0,0.21904474,96704.57,0.0,0.0,1459
7143386000130,2009-09-09,0.0,0.21900997,96692.76,0.0,0.0,1459
7143386000130,2009-09-10,0.0,0.2189752,96680.95,0.0,0.0,1459
7143386000130,2009-09-11,0.0,0.2189404431,96669.14,0.0,0.0,1459
7143386000130,2009-09-14,0.0,0.21890567,96657.34,0.0,0.0,1459
7143386000130,2009-09-15,0.0,0.21887093,96645.54,0.0,0.0,1459
7143386000130,2009-09-16,0.0,0.2188362,96633.74,0.0,0.0,1459
7143386000130,2009-09-17,0.0,0.21880146,96621.94,0.0,0.0,1459
7143386000130,2009-09-18,0.0,0.21876672,96610.14,0.0,0.0,1459
7143386000130,2009-09-21,0.0,0.21873198,96598.35,0.0,0.0,1459
7143386000130,2009-09-22,0.0,0.21869728,96586.56,0.0,0.0,1459
7143386000130,2009-09-23,0.0,0.21866257,96574.77,0.0,0.0,1459
7143386000130,2009-09-24,0.0,0.21862786,96562.98,0.0,0.0,1459
7143386000130,2009-09-25,0.0,0.21859315,96551.19,0.0,0.0,1459
7143386000130,2009-09-28,0.0,0.2185584497,96539.41,0.0,0.0,1459
7143386000130,2009-09-29,0.0,0.2185237713,121616.42,0.0,0.0,1459
7143386000130,2009-09-30,0.0,0.2159100507,121600.66,0.0,0.0,1459
7143386000130,2009-10-01,0.0,0.2158757861,110794.14,0.0,0.0,1459
7143386000130,2009-10-02,0.0,0.2158418153,110780.09,0.0,0.0,1459
7143386000130,2009-10-05,0.0,0.21580754,110766.05,0.0,0.0,1459
7143386000130,2009-10-06,0.0,0.21577329,110752.01,0.0,0.0,1459
7143386000130,2009-10-07,0.0,0.21573904,110737.97,0.0,0.0,1459
7143386000130,2009-10-08,0.0,0.2157048003,110723.93,0.0,0.0,1459
7143386000130,2009-10-09,0.0,0.2156705527,110709.9,0.0,0.0,1459
7143386000130,2009-10-13,0.0,0.21563632,110695.87,0.0,0.0,1459
7143386000130,2009-10-14,0.0,0.21560210000000002,111182.51,0.0,0.0,1459
7143386000130,2009-10-15,0.0,0.21556788,111168.48,0.0,0.0,1459
7143386000130,2009-10-16,0.0,0.21553365,111168.48,0.0,0.0,1459
7143386000130,2009-10-19,0.0,0.21549943,111140.43,0.0,0.0,1459
7143386000130,2009-10-20,0.0,0.21546523,111126.41,0.0,0.0,1459
7143386000130,2009-10-21,0.0,0.21543103,111112.39,0.0,0.0,1459
7143386000130,2009-10-22,0.0,0.21539683,111098.37,0.0,0.0,1459
7143386000130,2009-10-23,0.0,0.2153626409,111084.36,0.0,0.0,1459
7143386000130,2009-10-26,0.0,0.2153284665,111070.35,0.0,0.0,1459
7143386000130,2009-10-27,0.0,0.21529429,111056.34,0.0,0.0,1459
7143386000130,2009-10-28,0.0,0.21526011,111042.33,0.0,0.0,1459
7143386000130,2009-10-29,0.0,0.215225943,111028.32,0.0,0.0,1459
7143386000130,2009-10-30,0.0,0.2151917686,111014.32,0.0,0.0,1459
7143386000130,2009-11-03,0.0,0.21515761,110702.53,0.0,297.84,1459
7143386000130,2009-11-04,0.0,0.2151235529,110688.58,0.0,0.0,1459
7143386000130,2009-11-05,0.0,0.2150894,110674.63,0.0,0.0,1459
7143386000130,2009-11-06,0.0,0.2150552661,110660.68,0.0,0.0,1459
7143386000130,2009-11-09,0.0,0.21502112,110646.74,0.0,0.0,1459
7143386000130,2009-11-10,0.0,0.214987,110632.8,0.0,0.0,1459
7143386000130,2009-11-11,0.0,0.21495288,110618.86,0.0,0.0,1459
7143386000130,2009-11-12,0.0,0.2149187658,83663.05,0.0,26946.15,1459
7143386000130,2009-11-13,0.0,0.21490305510000002,83653.39,0.0,0.0,1459
7143386000130,2009-11-16,0.0,0.21486894,83643.73,0.0,0.0,1459
7143386000130,2009-11-17,0.0,0.21483482,83634.07,0.0,0.0,1459
7143386000130,2009-11-18,0.0,0.21480071,83624.42,0.0,0.0,1459
7143386000130,2009-11-19,0.0,0.21476663,83614.77,0.0,0.0,1459
7143386000130,2009-11-20,0.0,0.21473255,83605.12,0.0,0.0,1459
7143386000130,2009-11-23,0.0,0.21469847,92551.99,0.0,0.0,1459
7143386000130,2009-11-24,0.0,0.21466439,92537.3,0.0,0.0,1459
7143386000130,2009-11-25,0.0,0.2794617708,92522.61,0.0,0.0,1459
7143386000130,2009-11-26,0.0,0.27941740000000004,92507.92,0.0,0.0,1459
7143386000130,2009-11-27,0.0,0.27937304,92493.24,0.0,0.0,1459
7143386000130,2009-11-30,0.0,0.27932871,92478.56,0.0,0.0,1459
7143386000130,2009-12-01,0.0,0.27928437,92463.81,0.0,0.07,1459
7143386000130,2009-12-02,0.0,0.27924004,92449.13,0.0,0.0,1459
7143386000130,2009-12-03,0.0,0.27919570000000005,92434.46,0.0,0.0,1459
7143386000130,2009-12-04,0.0,0.2791514,92963.7,0.0,0.0,1459
7143386000130,2009-12-07,0.0,0.2791071,92949.03,0.0,0.0,1459
7143386000130,2009-12-08,0.0,0.27906279,92934.36,0.0,0.0,1459
7143386000130,2009-12-09,0.0,0.27901849,92919.69,0.0,0.0,1459
7143386000130,2009-12-10,0.0,0.27897419,92905.03,0.0,0.0,1459
7143386000130,2009-12-11,0.0,0.27892992,92890.37,0.0,0.0,1459
7143386000130,2009-12-14,0.0,0.27888564,92875.71,0.0,0.0,1459
7143386000130,2009-12-15,0.0,0.27884137,92861.05,0.0,0.0,1459
7143386000130,2009-12-16,0.0,0.27879709999999996,92846.4,0.0,0.0,1459
7143386000130,2009-12-17,0.0,0.27875285,92831.75,0.0,0.0,1459
7143386000130,2009-12-18,0.0,0.27870861,92817.1,0.0,0.0,1459
7143386000130,2009-12-21,0.0,0.27866437,92802.45,0.0,0.0,1459
7143386000130,2009-12-22,0.0,0.27862012,92787.81,0.0,0.0,1459
7143386000130,2009-12-23,0.0,0.27857591,92773.17,0.0,0.0,1459
7143386000130,2009-12-24,0.0,0.2785317,92758.53,0.0,0.0,1459
7143386000130,2009-12-28,0.0,0.27848749,92743.89,0.0,0.0,1459
7143386000130,2009-12-29,0.0,0.27844327,92729.26,0.0,0.0,1459
7143386000130,2009-12-30,0.0,0.27839909,92714.63,0.0,0.0,1459
7143386000130,2009-12-31,0.0,0.27835491,93022.45,0.0,0.0,1459
7143386000130,2010-01-04,0.0,0.27831073,0.0,0.0,0.0,1459
7143386000130,2010-01-05,0.0,0.27826654,92993.14,0.0,0.0,1459
7143386000130,2010-01-06,0.0,0.27822236,92987.52,0.0,0.0,1459
7143386000130,2010-01-07,0.0,0.27817821,92963.9,0.0,0.0,1459
7143386000130,2010-01-08,0.0,0.27813406,92949.28,0.0,0.0,1459
7143386000130,2010-01-11,0.0,0.2780899000000001,92934.66,0.0,0.0,1459
7143386000130,2010-01-12,0.0,0.27804575,92920.05,0.0,0.0,1459
7143386000130,2010-01-13,0.0,0.27800163,92905.44,0.0,0.0,1459
7143386000130,2010-01-14,0.0,0.27795751,92890.83,0.0,0.0,1459
7143386000130,2010-01-15,0.0,0.27791339,92876.22,0.0,0.0,1459
7143386000130,2010-01-18,0.0,0.2778692681,92861.62,0.0,0.0,1459
7143386000130,2010-01-19,0.0,0.27782517,92847.02,0.0,0.0,1459
7143386000130,2010-01-20,0.0,0.27778108,92832.42,0.0,0.0,1459
7143386000130,2010-01-21,0.0,0.27773699,92817.82,0.0,0.0,1459
7143386000130,2010-01-22,0.0,0.2776929,92803.22,0.0,0.0,1459
7143386000130,2010-01-25,0.0,0.2776488,92788.63,0.0,0.0,1459
7143386000130,2010-01-26,0.0,0.27760474,92774.04,0.0,0.0,1459
7143386000130,2010-01-27,0.0,0.27756068,92759.45,0.0,0.0,1459
7143386000130,2010-01-28,0.0,0.27751662,92744.86,0.0,0.0,1459
7143386000130,2010-01-29,0.0,0.27747256,92730.28,0.0,0.0,1459
7143386000130,2010-02-01,0.0,0.27742853,92715.66,0.0,0.0,1459
7143386000130,2010-02-02,0.0,0.27738449,92701.08,0.0,0.0,1459
7143386000130,2010-02-03,0.0,1145.82122662,31953.92,0.0,0.0,2361
7143386000130,2010-02-04,0.0,0.27729643,92671.93,0.0,0.0,1459
7143386000130,2010-02-05,0.0,0.27725243,92657.36,0.0,0.0,1459
7143386000130,2010-02-08,0.0,0.27720843,92934.96,0.0,0.0,1459
7143386000130,2010-02-09,0.0,0.27716443,90789.91,0.0,0.0,1459
7143386000130,2010-02-10,0.0,0.27712043,92905.82,0.0,0.0,1459
7143386000130,2010-02-11,0.0,0.27707642,92891.26,0.0,0.0,1459
7143386000130,2010-02-12,0.0,0.27703245,92876.7,0.0,0.0,1459
7143386000130,2010-02-17,0.0,0.2769884865,92862.14,0.0,0.0,1459
7143386000130,2010-02-18,0.0,0.2769445154,92847.58,0.0,0.0,1459
7143386000130,2010-02-19,0.0,0.27690054420000004,92833.03,0.0,0.0,1459
7143386000130,2010-02-22,0.0,0.2768566033,92818.48,0.0,0.0,1459
7143386000130,2010-02-23,0.0,0.2768126623,92803.93,0.0,0.0,1459
7143386000130,2010-02-24,0.0,0.27676872140000003,92789.38,0.0,0.0,1459
7143386000130,2010-02-25,0.0,0.2767247805,92774.84,0.0,0.0,1459
7143386000130,2010-02-26,0.0,0.2766808697,92760.3,0.0,0.0,1459
7143386000130,2010-03-01,0.0,0.2756287634,92674.06,0.0,0.0,1459
7143386000130,2010-03-02,0.0,0.2765930482,92993.35,0.0,0.0,1459
7143386000130,2010-03-03,0.0,0.2765491375,92978.81,0.0,0.0,1459
7143386000130,2010-03-04,0.0,0.2765052267,92964.28,0.0,0.0,1459
7143386000130,2010-03-05,0.0,0.2764613462,92949.75,0.0,0.0,1459
7143386000130,2010-03-08,0.0,0.27641746559999997,92935.22,0.0,0.0,1459
7143386000130,2010-03-09,0.0,0.27637358510000004,92920.69,0.0,0.0,1459
7143386000130,2010-03-10,0.0,0.2763297045,92906.17,0.0,0.0,1459
7143386000130,2010-03-11,0.0,0.2762858542,92891.65,0.0,0.0,1459
7143386000130,2010-03-12,0.0,0.27624200379999997,92877.13,0.0,0.0,1459
7143386000130,2010-03-15,0.0,0.2761981535,92862.61,0.0,0.0,1459
7143386000130,2010-03-16,0.0,0.2761543032,92848.1,0.0,0.0,1459
7143386000130,2010-03-17,0.0,0.276110483,92833.59,0.0,0.0,1459
7143386000130,2010-03-18,0.0,0.2760666629,92819.08,0.0,0.0,1459
7143386000130,2010-03-19,0.0,0.2760228427,92804.57,0.0,0.0,1459
7143386000130,2010-03-22,0.0,0.2759790226,92790.06,0.0,0.0,1459
7143386000130,2010-03-23,0.0,0.27593520239999997,92775.56,0.0,0.0,1459
7143386000130,2010-03-24,0.0,0.2758914125,92761.06,0.0,0.0,1459
7143386000130,2010-03-25,0.0,0.2758476225,92746.56,0.0,0.0,1459
7143386000130,2010-03-26,0.0,0.2758038326,92732.06,0.0,0.0,1459
7143386000130,2010-03-29,0.0,0.27576004260000003,92717.57,0.0,0.0,1459
7143386000130,2010-03-30,0.0,0.2757162829,92703.08,0.0,0.0,1459
7143386000130,2010-03-31,0.0,0.2650709884,171544.61,0.0,0.0,1459
7143386000130,2010-04-05,0.0,1142.1902357564,31949.12,0.0,0.0,2361
7143386000130,2010-04-06,0.0,0.275541274,92645.1,0.0,0.0,1459
7143386000130,2010-04-07,0.0,0.2754975445,92964.51,0.0,0.0,1459
7143386000130,2010-04-08,0.0,1141.9181056914,31999.32,0.0,0.0,2361
7143386000130,2010-04-09,0.0,0.2754100853,92935.55,0.0,0.0,1459
7143386000130,2010-04-12,0.0,0.2753663558,92921.08,0.0,0.0,1459
7143386000130,2010-04-13,0.0,0.27532265640000003,92906.61,0.0,0.0,1459
7143386000130,2010-04-14,0.0,0.275278957,92892.14,0.0,0.0,1459
7143386000130,2010-04-15,0.0,0.2752352577,92877.67,0.0,0.0,1459
7143386000130,2010-04-16,0.0,0.2751915583,92863.21,0.0,0.0,1459
7143386000130,2010-04-19,0.0,0.2751478891,92848.75,0.0,0.0,1459
7143386000130,2010-04-20,0.0,0.27510422,92834.29,0.0,0.0,1459
7143386000130,2010-04-22,0.0,0.2750605508,92819.83,0.0,0.0,1459
7143386000130,2010-04-23,0.0,0.2750168816,92805.38,0.0,0.0,1459
7143386000130,2010-04-26,0.0,0.2749732427,92790.93,0.0,0.0,1459
7143386000130,2010-04-27,0.0,0.2749296037,92776.48,0.0,0.0,1459
7143386000130,2010-04-28,0.0,1140.7388754097,31966.69,0.0,0.0,2361
7143386000130,2010-04-29,0.0,0.2748423258,92747.58,0.0,0.0,1459
7143386000130,2010-04-30,0.0,0.2747986868,92733.14,0.0,0.0,1459
7143386000130,2010-05-03,0.0,0.274755078,92718.69,0.0,0.0,1459
7143386000130,2010-05-04,0.0,0.2747114692,92704.25,0.0,0.0,1459
7143386000130,2010-05-05,0.0,0.2746678605,92689.81,0.0,0.0,1459
7143386000130,2010-05-06,0.0,0.27462425,92675.38,0.0,0.0,1459
7143386000130,2010-05-07,0.0,0.2745806731,92660.95,0.0,0.0,1459
7143386000130,2010-05-10,0.0,0.27453709460000003,92646.52,0.0,0.0,1459
7143386000130,2010-05-11,0.0,0.274493516,92632.09,0.0,0.0,1459
7143386000130,2010-05-12,0.0,0.2744499374,92617.66,0.0,0.0,1459
7143386000130,2010-05-13,0.0,0.27440635879999997,92603.24,0.0,0.0,1459
7143386000130,2010-05-14,0.0,0.2743628105,251677.97,0.0,0.0,1459
7143386000130,2010-05-17,0.0,0.26548438469999996,251638.3,0.0,0.0,1459
7143386000130,2010-05-18,0.0,0.2654422447,251598.64,0.0,0.0,1459
7143386000130,2010-05-19,0.0,0.26540011539999997,251558.98,0.0,0.0,1459
7143386000130,2010-05-20,0.0,0.265357986,251519.33,0.0,0.0,1459
7143386000130,2010-05-21,0.0,0.2653158673,251479.68,0.0,0.0,1459
7143386000130,2010-05-24,0.0,0.26527374859999997,251440.04,0.0,0.0,1459
7143386000130,2010-05-25,0.0,0.265189543,251360.78,0.0,0.0,1459
7143386000130,2010-05-26,0.0,0.265189543,251360.78,0.0,0.0,1459
7143386000130,2010-05-27,0.0,0.2651474455,251321.16,0.0,0.0,1459
7143386000130,2010-05-28,0.0,0.2651053586,171571.57,0.0,0.0,1459
7143386000130,2010-06-01,0.0,0.2650289059,91259.23,0.0,0.0,1459
7143386000130,2010-06-02,0.0,0.2649874847,91245.02,0.0,0.0,1459
7143386000130,2010-06-04,0.0,0.2649454146,91230.82,0.0,0.0,1459
7143386000130,2010-06-07,0.0,0.2649033741,91216.62,0.0,0.0,1459
7143386000130,2010-06-08,0.0,0.2648613336,91491.77,0.0,0.0,1459
7143386000130,2010-06-09,0.0,0.264819293,91477.57,0.0,0.0,1459
7143386000130,2010-06-10,0.0,0.2647772525,91463.37,0.0,0.0,1459
7143386000130,2010-06-11,0.0,0.264735212,91449.18,0.0,0.0,1459
7143386000130,2010-06-14,0.0,0.2646932011,91434.99,0.0,0.0,1459
7143386000130,2010-06-15,0.0,0.2646511982,91420.8,0.0,0.0,1459
7143386000130,2010-06-16,0.0,0.2646091793,91975.71,0.0,0.0,1458
7143386000130,2010-06-17,0.0,0.2645671684,91961.53,0.0,0.0,1459
7143386000130,2010-06-18,0.0,0.264525187,91947.35,0.0,0.0,1459
7143386000130,2010-06-21,0.0,0.264483057,91933.17,0.0,0.0,1459
7143386000130,2010-06-22,0.0,0.2644412244,91933.17,0.0,0.0,1459
7143386000130,2010-06-23,0.0,0.2643992431,91904.81,0.0,0.0,1459
7143386000130,2010-06-24,0.0,0.2643572618,91890.64,0.0,0.0,1459
7143386000130,2010-06-25,0.0,0.26431531010000003,91876.47,0.0,0.0,1459
7143386000130,2010-06-28,0.0,0.2642733584,91862.3,0.0,0.0,1459
7143386000130,2010-06-29,0.0,0.2642314067,91848.13,0.0,0.0,1459
7143386000130,2010-06-30,0.0,0.264189455,91833.97,0.0,0.0,1459
7143386000130,2010-07-01,0.0,0.2641475329,91809.31,0.0,0.0,1459
7143386000130,2010-07-02,0.0,0.2641056058,917954.15,0.0,0.0,1459
7143386000130,2010-07-05,0.0,0.2640636788,91780.99,0.0,0.0,1459
7143386000130,2010-07-06,0.0,0.2640217518,91766.84,0.0,0.0,1459
7143386000130,2010-07-07,0.0,0.2639798543,91752.69,0.0,0.0,1459
7143386000130,2010-07-08,0.0,0.2639379569,91738.54,0.0,0.0,1459
7143386000130,2010-07-09,0.0,0.2638960595,91724.39,0.0,0.0,1459
7143386000130,2010-07-12,0.0,0.2638541621,91710.25,0.0,0.0,1459
7143386000130,2010-07-13,0.0,0.26381229429999997,91696.11,0.0,0.0,1459
7143386000130,2010-07-14,0.0,0.2637704265,91681.97,0.0,0.0,1459
7143386000130,2010-07-15,0.0,0.2637285587,91667.83,0.0,0.0,1459
7143386000130,2010-07-16,0.0,0.2636866909,91653.69,0.0,0.0,1459
7143386000130,2010-07-19,0.0,0.26364482300000003,91639.56,0.0,0.0,1459
7143386000130,2010-07-20,0.0,0.2636029848,91625.43,0.0,0.0,1459
7143386000130,2010-07-21,0.0,0.2635611466,91611.3,0.0,0.0,1459
7143386000130,2010-07-22,0.0,0.2635193084,91597.17,0.0,0.0,1459
7143386000130,2010-07-23,0.0,0.2634774702,91583.05,0.0,0.0,1459
7143386000130,2010-07-26,0.0,0.26343566170000005,91568.93,0.0,0.0,1459
7143386000130,2010-07-27,0.0,0.26339385309999996,91554.81,0.0,0.0,1459
7143386000130,2010-07-28,0.0,0.2633520445,91540.69,0.0,0.0,1459
7143386000130,2010-07-29,0.0,0.2633102359,91526.57,0.0,0.0,1459
7143386000130,2010-07-30,0.0,0.2932684273,91512.46,0.0,0.0,1459
7143386000130,2010-08-02,0.0,0.2632266483,91498.03,0.0,0.0,1459
7143386000130,2010-08-03,0.0,0.2631848692,91483.92,0.0,0.0,1459
7143386000130,2010-08-04,0.0,0.26314309,91469.81,0.0,0.0,1459
7143386000130,2010-08-05,0.0,0.2631013109,91455.71,0.0,0.0,1459
7143386000130,2010-08-06,0.0,0.26305956140000003,91441.61,0.0,0.0,1459
7143386000130,2010-08-09,0.0,0.2630178119,91427.51,0.0,0.0,1459
7143386000130,2010-08-10,0.0,0.2629760624,91724.13,0.0,0.0,1459
7143386000130,2010-08-11,0.0,0.2629343128,91710.03,0.0,0.0,1459
7143386000130,2010-08-12,0.0,0.2628925633,91695.94,0.0,0.0,1459
7143386000130,2010-08-13,0.0,0.2628508434,91992.91,0.0,0.0,1459
7143386000130,2010-08-16,0.0,0.2628091235,91978.82,0.0,0.0,1459
7143386000130,2010-08-17,0.0,0.2627674036,91964.73,0.0,0.0,1459
7143386000130,2010-08-18,0.0,0.2627256837,91950.65,0.0,0.0,1459
7143386000130,2010-08-19,0.0,0.2626839934,91936.57,0.0,0.0,1459
7143386000130,2010-08-20,0.0,0.2626423031,91922.49,0.0,0.0,1459
7143386000130,2010-08-23,0.0,0.2626006128,91908.41,0.0,0.0,1459
7143386000130,2010-08-24,0.0,0.2625589225,91894.33,0.0,0.0,1459
7143386000130,2010-08-25,0.0,0.2625172321,91880.26,0.0,0.0,1459
7143386000130,2010-08-26,0.0,1128.579942128,34759.71,0.0,0.0,2361
7143386000130,2010-08-27,0.0,0.2624339108,91852.12,0.0,0.0,1459
7143386000130,2010-08-30,0.0,0.2623922501,91838.05,0.0,0.0,1459
7143386000130,2010-08-31,0.0,0.2623505894,91823.99,0.0,0.0,1459
7143386000130,2010-09-01,0.0,0.2623089583,91809.76,0.0,0.0,1459
7143386000130,2010-09-02,0.0,0.2622673271,91795.7,0.0,0.0,1459
7143386000130,2010-09-03,0.0,0.262225696,92091.62,0.0,0.0,1459
7143386000130,2010-09-06,0.0,0.2621840648,92077.56,0.0,0.0,1459
7143386000130,2010-09-08,0.0,0.26214233600000003,92063.51,0.0,0.0,1459
7143386000130,2010-09-09,0.0,0.2621008321,92049.46,0.0,0.0,1459
7143386000130,2010-09-10,0.0,0.2620592305,92035.41,0.0,0.0,1459
7143386000130,2010-09-13,0.0,0.26220176289999997,92021.36,0.0,0.0,1459
7143386000130,2010-09-14,0.0,0.2619760274,92007.32,0.0,0.0,1459
7143386000130,2010-09-15,0.0,0.2619344555,91993.28,0.0,0.0,1459
7143386000130,2010-09-16,0.0,0.2618928835,91979.24,0.0,0.0,1459
7143386000130,2010-09-17,0.0,0.2618513116,91965.2,0.0,0.0,1459
7143386000130,2010-09-20,0.0,0.26180973960000004,91951.17,0.0,0.0,1459
7143386000130,2010-09-21,0.0,0.2617681973,91937.14,0.0,0.0,1459
7143386000130,2010-09-22,0.0,0.261726655,91923.11,0.0,0.0,1459
7143386000130,2010-09-23,0.0,0.2616851126,91909.08,0.0,0.0,1459
7143386000130,2010-09-24,0.0,0.2616435703,91895.05,0.0,0.0,1459
7143386000130,2010-09-27,0.0,0.261602028,91881.03,0.0,0.0,1459
7143386000130,2010-09-28,0.0,0.2615605152,91867.01,0.0,0.0,1459
7143386000130,2010-09-29,0.0,0.2615190025,91852.99,0.0,0.0,1459
7143386000130,2010-09-30,0.0,0.26147748,91838.97,0.0,0.0,1459
7143386000130,2010-10-01,0.0,0.2614359771,91824.88,0.0,0.0,1459
7143386000130,2010-10-04,0.0,0.26139449,92105.74,0.0,0.0,1459
7143386000130,2010-10-05,0.0,0.26135301,92091.73,0.0,0.0,1459
7143386000130,2010-10-06,0.0,0.26131152760000004,92077.72,0.0,0.0,1459
7143386000130,2010-10-07,0.0,0.2612700445,92063.71,0.0,0.0,1459
7143386000130,2010-10-08,0.0,0.2612285613,92049.71,0.0,0.0,1459
7143386000130,2010-10-11,0.0,0.2611871078,92035.71,0.0,0.0,1459
7143386000130,2010-10-13,0.0,0.2611456542,92021.71,0.0,0.0,1459
7143386000130,2010-10-14,0.0,0.2611042007,92007.71,0.0,0.0,1459
7143386000130,2010-10-15,0.0,0.2610627471,91993.72,0.0,0.0,1459
7143386000130,2010-10-18,0.0,0.2610213232,91979.73,0.0,0.0,1459
7143386000130,2010-10-19,0.0,0.2609798993,91965.74,0.0,0.0,1459
7143386000130,2010-10-20,0.0,0.26093847530000003,91951.75,0.0,0.0,1459
7143386000130,2010-10-21,0.0,0.2608970514,91937.76,0.0,0.0,1459
7143386000130,2010-10-22,0.0,0.2608556275,91923.78,0.0,0.0,1459
7143386000130,2010-10-25,0.0,0.2608142331,91909.8,0.0,0.0,1459
7143386000130,2010-10-26,0.0,0.2607728388,91895.82,0.0,0.0,1459
7143386000130,2010-10-27,0.0,0.2607314445,91881.84,0.0,0.0,1459
7143386000130,2010-10-28,0.0,0.2606900502,91867.87,0.0,0.0,1459
7143386000130,2010-10-29,0.0,0.26064868550000003,91853.9,0.0,0.0,1459
7143386000130,2010-11-01,0.0,0.2606073207,91839.81,0.0,0.0,1459
7143386000130,2010-11-03,0.0,0.260565956,92105.75,0.0,0.0,1459
7143386000130,2010-11-04,0.0,0.2605245912,92091.78,0.0,0.0,1459
7143386000130,2010-11-05,0.0,0.2604832264,92077.82,0.0,0.0,1459
7143386000130,2010-11-08,0.0,0.2604418913,92063.86,0.0,0.0,1459
7143386000130,2010-11-09,0.0,0.2604005561,92049.9,0.0,0.0,1459
7143386000130,2010-11-10,0.0,0.2603592209,92035.94,0.0,0.0,1459
7143386000130,2010-11-11,0.0,0.2603178858,92021.99,0.0,0.0,1459
7143386000130,2010-11-12,0.0,0.2602765802,92008.04,0.0,0.0,1459
7143386000130,2010-11-16,0.0,0.26023527469999996,91994.09,0.0,0.0,1459
7143386000130,2010-11-17,0.0,0.2601939691,91980.14,0.0,0.0,1459
7143386000130,2010-11-18,0.0,0.2601526636,91966.19,0.0,0.0,1459
7143386000130,2010-11-19,0.0,0.260111358,91952.25,0.0,0.0,1459
7143386000130,2010-11-22,0.0,0.2600700821,91938.31,0.0,0.0,1459
7143386000130,2010-11-23,0.0,0.2600288061,91924.37,0.0,0.0,1459
7143386000130,2010-11-24,0.0,0.2599875302,91910.43,0.0,0.0,1459
7143386000130,2010-11-25,0.0,0.2599462543,91896.49,0.0,0.0,1459
7143386000130,2010-11-26,0.0,0.2599049783,91882.56,0.0,0.0,1459
7143386000130,2010-11-29,0.0,0.259863732,91868.63,0.0,0.0,1459
7143386000130,2010-11-30,0.0,0.2598224857,91854.7,0.0,0.0,1459
7143386000130,2010-12-01,0.0,0.2597812393,91840.43,0.0,0.0,1459
7143386000130,2010-12-02,0.0,0.2597399928,91826.51,0.0,0.0,1459
7143386000130,2010-12-03,0.0,0.2596987759,91812.59,0.0,0.0,1459
7143386000130,2010-12-06,0.0,0.2596575591,91798.67,0.0,0.0,1459
7143386000130,2010-12-07,0.0,0.25961634,91784.75,0.0,0.0,1459
7143386000130,2010-12-08,0.0,0.25957512,91770.83,0.0,0.0,1459
7143386000130,2010-12-09,0.0,0.2595339084,91756.92,0.0,0.0,1459
7143386000130,2010-12-10,0.0,0.2594927211,91743.01,0.0,0.0,1459
7143386000130,2010-12-13,0.0,0.25945153390000003,91729.1,0.0,0.0,1459
7143386000130,2010-12-14,0.0,0.2594103466,91715.19,0.0,0.0,1459
7143386000130,2010-12-15,0.0,0.2593691593,91701.29,0.0,0.0,1459
7143386000130,2010-12-16,0.0,0.25932800170000003,174868.95,0.0,0.0,1459
7143386000130,2010-12-17,0.0,2477997489.9999995,174841.89,0.0,0.0,1459
7143386000130,2010-12-20,0.0,0.2477604139,174814.84,0.0,0.0,1459
7143386000130,2010-12-21,0.0,0.2477210934,174787.79,0.0,0.0,1459
7143386000130,2010-12-22,0.0,0.2476817729,174760.74,0.0,0.0,1459
7143386000130,2010-12-23,0.0,0.2476424524,174733.7,0.0,0.0,1459
7143386000130,2010-12-24,0.0,0.2476031464,174706.66,0.0,0.0,1459
7143386000130,2010-12-27,0.0,0.2475638404,174679.63,0.0,0.0,1459
7143386000130,2010-12-28,0.0,0.247524549,174652.6,0.0,0.0,1459
7143386000130,2010-12-29,0.0,0.2474852575,230634.53,0.0,0.0,1459
7143386000130,2010-12-30,0.0,0.2474609642,162378.01,0.0,68231.44,1459
7143386000130,2010-12-31,0.0,0.2474291755,162825.6,0.0,0.0,1459
7143386000130,2011-01-03,0.0,0.2473898949,90869.31,0.0,71942.64,1459
7143386000130,2011-01-04,0.0,0.24735138539999998,90853.19,0.0,2.47,1459
7143386000130,2011-01-05,0.0,0.2473121235,90839.54,0.0,0.0,1459
7143386000130,2011-01-06,0.0,0.2472728617,90825.89,0.0,0.0,1459
7143386000130,2011-01-07,0.0,0.2472335998,90812.25,0.0,0.0,1459
7143386000130,2011-01-10,0.0,0.2471943667000001,90798.61,0.0,0.0,1459
7143386000130,2011-01-11,0.0,0.2471551336,90784.97,0.0,0.0,1459
7143386000130,2011-01-12,0.0,0.2471159005,90771.33,0.0,0.0,1459
7143386000130,2011-01-13,0.0,0.24707666739999998,90757.7,0.0,0.0,1459
7143386000130,2011-01-14,0.0,0.2470374631,90744.07,0.0,0.0,1459
7143386000130,2011-01-17,0.0,0.24699825879999998,90730.44,0.0,0.0,1459
7143386000130,2011-01-18,0.0,0.24695905440000002,90716.81,0.0,0.0,1459
7143386000130,2011-01-19,0.0,0.2469198501,90703.18,0.0,0.0,1459
7143386000130,2011-01-20,0.0,0.2468806458,90689.56,0.0,0.0,1459
7143386000130,2011-01-21,0.0,0.2468414702,90675.94,0.0,0.0,1459
7143386000130,2011-01-24,0.0,0.2468022946,90662.32,0.0,0.0,1459
7143386000130,2011-01-25,0.0,0.2467631191,90648.7,0.0,0.0,1459
7143386000130,2011-01-26,0.0,0.24672394350000001,90635.08,0.0,0.0,1459
7143386000130,2011-01-27,0.0,0.2466847679,90621.47,0.0,0.0,1459
7143386000130,2011-01-28,0.0,0.2466456211,90607.86,0.0,0.0,1459
7143386000130,2011-01-31,0.0,0.2466064743,90594.25,0.0,0.0,1459
7143386000130,2011-02-01,0.0,0.2465673275,90869.06,0.0,0.0,1459
7143386000130,2011-02-02,0.0,0.2465281764,90855.46,0.0,0.0,1459
7143386000130,2011-02-03,0.0,0.2464890541,90841.86,0.0,0.0,1459
7143386000130,2011-02-04,0.0,0.2464499318,90828.26,0.0,0.0,1459
7143386000130,2011-02-07,0.0,0.2464108095,90814.66,0.0,0.0,1459
7143386000130,2011-02-08,0.0,0.2463716872,90801.07,0.0,0.0,1459
7143386000130,2011-02-09,0.0,0.2463325937,90787.48,0.0,0.0,1459
7143386000130,2011-02-10,0.0,0.2462935002,90773.89,0.0,0.0,1459
7143386000130,2011-02-11,0.0,0.2462544067,90760.3,0.0,0.0,1459
7143386000130,2011-02-14,0.0,0.2462153132,90746.71,0.0,0.0,1459
7143386000130,2011-02-15,0.0,0.2461762196,90733.13,0.0,0.0,1459
7143386000130,2011-02-16,0.0,0.2461371549,90719.55,0.0,0.0,1459
7143386000130,2011-02-17,0.0,0.2460980901000001,90705.97,0.0,0.0,1459
7143386000130,2011-02-18,0.0,0.2460590254,90692.39,0.0,0.0,1459
7143386000130,2011-02-21,0.0,0.2460199606,90678.81,0.0,0.0,1459
7143386000130,2011-02-22,0.0,0.2459808959,90665.24,0.0,0.0,1459
7143386000130,2011-02-23,0.0,0.2459418599,90651.67,0.0,0.0,1459
7143386000130,2011-02-24,0.0,0.2459028239,90638.1,0.0,0.0,1459
7143386000130,2011-02-25,0.0,0.2458637879,90624.53,0.0,0.0,1459
7143386000130,2011-02-28,0.0,0.24582475190000005,90882.72,0.0,0.0,1459
7143386000130,2011-03-01,0.0,0.24578574469999998,90868.78,0.0,0.38,1459
7143386000130,2011-03-02,0.0,0.24574673730000002,90855.22,0.0,0.0,1459
7143386000130,2011-03-03,0.0,0.24570772989999998,90841.66,0.0,0.0,1459
7143386000130,2011-03-04,0.0,0.2456687225,90828.1,0.0,0.0,1459
7143386000130,2011-03-09,0.0,0.2456297151,90814.55,0.0,0.0,1459
7143386000130,2011-03-10,0.0,0.2455907365,90801.0,0.0,0.0,1459
7143386000130,2011-03-11,0.0,0.2455517579,90787.45,0.0,0.0,1459
7143386000130,2011-03-14,0.0,0.24551277929999998,90773.9,0.0,0.0,1459
7143386000130,2011-03-15,0.0,0.2454738006,90760.36,0.0,0.0,1459
7143386000130,2011-03-16,0.0,0.2454348508,90746.82,0.0,0.0,1459
7143386000130,2011-03-17,0.0,0.2453959009,90733.28,0.0,0.0,1459
7143386000130,2011-03-18,0.0,0.2453569511,90719.74,0.0,0.0,1459
7143386000130,2011-03-21,0.0,0.24531800120000002,90706.2,0.0,0.0,1459
7143386000130,2011-03-22,0.0,0.2452790514,90692.67,0.0,0.0,1459
7143386000130,2011-03-23,0.0,0.24524013030000005,90679.14,0.0,0.0,1459
7143386000130,2011-03-24,0.0,0.24520120920000002,90665.61,0.0,0.0,1459
7143386000130,2011-03-25,0.0,0.24546228809999998,90652.08,0.0,0.0,1459
7143386000130,2011-03-28,0.0,0.24512336699999998,90638.55,0.0,0.0,1459
7143386000130,2011-03-29,0.0,0.2450844459,90625.03,0.0,0.0,1459
7143386000130,2011-03-30,0.0,0.2450455536,90611.51,0.0,0.0,1459
7143386000130,2011-03-31,0.0,0.2450066612,90882.38,0.0,0.0,1459
7143386000130,2011-04-01,0.0,0.2449677689,90868.68,0.0,0.18,1459
7143386000130,2011-04-04,0.0,0.2449288765,90855.17,0.0,0.0,1459
7143386000130,2011-04-05,0.0,0.2448900129,90841.66,0.0,0.0,1459
7143386000130,2011-04-06,0.0,0.2448511492,90828.15,0.0,0.0,1459
7143386000130,2011-04-07,0.0,0.2448122856,90814.64,0.0,0.0,1459
7143386000130,2011-04-08,0.0,0.2447734219,90801.13,0.0,0.0,1459
7143386000130,2011-04-11,0.0,0.2447345583,90787.63,0.0,0.0,1459
7143386000130,2011-04-12,0.0,0.2446957234,90774.13,0.0,0.0,1459
7143386000130,2011-04-13,0.0,0.2446568885,90760.63,0.0,0.0,1459
7143386000130,2011-04-14,0.0,0.2446180537,90747.13,0.0,0.0,1459
7143386000130,2011-04-15,0.0,0.24457921,90733.63,0.0,0.0,1459
7143386000130,2011-04-18,0.0,0.2445403839,90720.14,0.0,0.0,1459
7143386000130,2011-04-19,0.0,0.2445015778,90706.65,0.0,0.0,1459
7143386000130,2011-04-20,0.0,0.24446277170000005,90693.16,0.0,0.0,1459
7143386000130,2011-04-25,0.0,0.2444239656,90679.67,0.0,0.0,1459
7143386000130,2011-04-26,0.0,0.2443851595,90666.19,0.0,0.0,1459
7143386000130,2011-04-27,0.0,0.2443463822,90652.71,0.0,0.0,1459
7143386000130,2011-04-28,0.0,0.2443076048,90639.23,0.0,0.0,1459
7143386000130,2011-04-29,0.0,0.2442688275,90625.75,0.0,0.0,1459
7143386000130,2011-05-02,0.0,0.2442300501,90868.63,0.0,0.13,1459
7143386000130,2011-05-03,0.0,0.2441912727,90855.16,0.0,0.0,1459
7143386000130,2011-05-04,0.0,0.2441525241,90841.69,0.0,0.0,1459
7143386000130,2011-05-05,0.0,0.24411377550000002,90828.22,0.0,0.0,1459
7143386000130,2011-05-06,0.0,0.24407502679999998,90814.75,0.0,0.0,1459
7143386000130,2011-05-09,0.0,0.2440362782,90801.28,0.0,0.0,1459
7143386000130,2011-05-10,0.0,0.2439975296,90787.82,0.0,0.0,1459
7143386000130,2011-05-11,0.0,0.2439588097,90774.36,0.0,0.0,1459
7143386000130,2011-05-12,0.0,0.24392008980000002,90760.9,0.0,0.0,1459
7143386000130,2011-05-13,0.0,0.24388137,90747.44,0.0,0.0,1459
7143386000130,2011-05-16,0.0,0.2438426501000001,90733.99,0.0,0.0,1459
7143386000130,2011-05-17,0.0,0.243803959,90720.54,0.0,0.0,1459
7143386000130,2011-05-18,0.0,0.2437652679,90707.09,0.0,0.0,1459
7143386000130,2011-05-19,0.0,0.24372657679999998,90693.64,0.0,0.0,1459
7143386000130,2011-05-20,0.0,0.2436878857,90680.19,0.0,0.0,1459
7143386000130,2011-05-23,0.0,0.2436491946,90666.75,0.0,0.0,1459
7143386000130,2011-05-24,0.0,0.24361053230000002,90653.31,0.0,0.0,1459
7143386000130,2011-05-25,0.0,0.2435718699,90639.87,0.0,0.0,1459
7143386000130,2011-05-26,0.0,0.24353320760000002,90626.43,0.0,0.0,1459
7143386000130,2011-05-27,0.0,0.2434945453,90612.99,0.0,0.0,1459
7143386000130,2011-05-30,0.0,0.2434558829,90599.56,0.0,0.0,1459
7143386000130,2011-05-31,0.0,0.2434172494,90882.16,0.0,0.0,1459
7143386000130,2011-06-01,0.0,0.2433786158,90868.67,0.0,0.06,1459
7143386000130,2011-06-02,0.0,0.2433399822,90855.24,0.0,0.0,1459
7143386000130,2011-06-03,0.0,0.2433013486,90841.81,0.0,0.0,1459
7143386000130,2011-06-06,0.0,0.243262715,90828.39,0.0,0.0,1459
7143386000130,2011-06-07,0.0,0.2432241102,90814.97,0.0,0.0,1459
7143386000130,2011-06-08,0.0,0.2431855053,90801.55,0.0,0.0,1459
7143386000130,2011-06-09,0.0,0.2431469005,90788.13,0.0,0.0,1459
7143386000130,2011-06-10,0.0,0.2431082957,90774.72,0.0,0.0,1459
7143386000130,2011-06-13,0.0,0.2430697196,90761.31,0.0,0.0,1459
7143386000130,2011-06-14,0.0,0.2430311436,90747.9,0.0,0.0,1459
7143386000130,2011-06-15,0.0,0.2429925675,90734.49,0.0,0.0,1459
7143386000130,2011-06-16,0.0,0.2429539914,90721.08,0.0,0.0,1459
7143386000130,2011-06-17,0.0,0.2429154154,90707.68,0.0,0.0,1459
7143386000130,2011-06-20,0.0,0.2428768681,174643.11,0.0,0.0,1459
7143386000130,2011-06-21,0.0,0.2428576985,219423.8,0.0,0.0,1459
7143386000130,2011-06-22,0.0,0.2428342865,219389.97,0.0,0.0,1459
7143386000130,2011-06-24,0.0,0.2427957445,219356.14,0.0,0.0,1459
7143386000130,2011-06-27,0.0,0.2427572025,219322.32,0.0,0.0,1459
7143386000130,2011-06-28,0.0,0.2427186719,219288.5,0.0,0.0,1459
7143386000130,2011-06-29,0.0,0.2426801412,219254.69,0.0,0.0,1459
7143386000130,2011-06-30,0.0,0.242641622,219638.41,0.0,0.0,1459
7143386000130,2011-07-01,0.0,0.24260310280000005,152933.95,0.0,0.0,1459
7143386000130,2011-07-04,0.0,0.24256505120000002,91260.09,0.0,0.0,1459
7143386000130,2011-07-05,0.0,0.2425418105,91239.44,0.0,0.0,1459
7143386000130,2011-07-06,0.0,0.2425033171,91226.02,0.0,0.0,1459
7143386000130,2011-07-07,0.0,0.2424648237,91212.6,0.0,0.0,1459
7143386000130,2011-07-08,0.0,0.2424263304,91199.18,0.0,0.0,1459
7143386000130,2011-07-11,0.0,0.242387837,91185.77,0.0,0.0,1459
7143386000130,2011-07-12,0.0,0.2423493723,91172.36,0.0,0.0,1459
7143386000130,2011-07-13,0.0,0.24231090760000001,91158.95,0.0,0.0,1459
7143386000130,2011-07-14,0.0,0.2422724429,91145.54,0.0,0.0,1459
7143386000130,2011-07-15,0.0,0.2422339782,91132.14,0.0,0.0,1459
7143386000130,2011-07-18,0.0,0.24219554219999997,91118.74,0.0,0.0,1459
7143386000130,2011-07-19,0.0,0.2421571062,91105.34,0.0,0.0,1459
7143386000130,2011-07-20,0.0,0.2421571062,91105.34,0.0,0.0,1459
7143386000130,2011-07-21,0.0,0.24208023420000002,91078.54,0.0,0.0,1459
7143386000130,2011-07-22,0.0,0.2420417982,91065.15,0.0,0.0,1459
7143386000130,2011-07-25,0.0,0.2420033909,91051.76,0.0,0.0,1459
7143386000130,2011-07-26,0.0,0.2419649836,91038.37,0.0,0.0,1459
7143386000130,2011-07-27,0.0,0.24192657620000002,91024.98,0.0,0.0,1459
7143386000130,2011-07-28,0.0,0.2418881689,91011.59,0.0,0.0,1459
7143386000130,2011-07-29,0.0,0.2418497616,91309.94,0.0,0.0,1459
7143386000130,2011-08-01,0.0,0.241811383,91287.85,0.0,0.0,1459
7143386000130,2011-08-02,0.0,0.2417730003,91274.47,0.0,0.0,1459
7143386000130,2011-08-03,0.0,0.2417346177,91261.09,0.0,0.0,1459
7143386000130,2011-08-04,0.0,0.2416962351,91247.72,0.0,0.0,1459
7143386000130,2011-08-05,0.0,0.2416578812,91234.35,0.0,0.0,1459
7143386000130,2011-08-08,0.0,0.2416195273,91220.98,0.0,0.0,1459
7143386000130,2011-08-09,0.0,0.2415811733,91207.61,0.0,0.0,1459
7143386000130,2011-08-10,0.0,0.24154281940000005,91194.24,0.0,0.0,1459
7143386000130,2011-08-11,0.0,0.2415044655,91180.88,0.0,0.0,1459
7143386000130,2011-08-12,0.0,0.2414661403,91167.52,0.0,0.0,1459
7143386000130,2011-08-15,0.0,0.241427815,91154.16,0.0,0.0,1459
7143386000130,2011-08-16,0.0,0.2413894898,91140.8,0.0,0.0,1459
7143386000130,2011-08-17,0.0,0.2413511646,91127.45,0.0,0.0,1459
7143386000130,2011-08-18,0.0,0.241312868,91114.1,0.0,0.0,1459
7143386000130,2011-08-19,0.0,0.2412745715,91100.75,0.0,0.0,1459
7143386000130,2011-08-22,0.0,0.2412362749,91087.4,0.0,0.0,1459
7143386000130,2011-08-23,0.0,0.2411979784,91074.05,0.0,0.0,1459
7143386000130,2011-08-24,0.0,0.2411596819,91060.71,0.0,0.0,1459
7143386000130,2011-08-25,0.0,0.241121414,91047.37,0.0,0.0,1459
7143386000130,2011-08-26,0.0,0.2410831461,91034.03,0.0,0.0,1459
7143386000130,2011-08-29,0.0,0.2410448783,91020.69,0.0,0.0,1459
7143386000130,2011-08-30,0.0,0.2410066104,91007.35,0.0,0.0,1459
7143386000130,2011-08-31,0.0,0.2409683426,91301.28,0.0,0.0,1459
7143386000130,2011-09-01,0.0,0.2409301034,91287.64,0.0,0.0,1459
7143386000130,2011-09-02,0.0,0.2408918641,91274.31,0.0,0.0,1459
7143386000130,2011-09-05,0.0,0.2408536248,91260.98,0.0,0.0,1459
7143386000130,2011-09-06,0.0,0.2408153854,91247.66,0.0,0.0,1459
7143386000130,2011-09-08,0.0,0.2407771748,91264.34,0.0,0.0,1459
7143386000130,2011-09-09,0.0,0.24073896420000002,91221.02,0.0,0.0,1459
7143386000130,2011-09-12,0.0,0.21070075359999998,91207.7,0.0,0.0,1459
7143386000130,2011-09-13,0.0,0.2406625429,91194.38,0.0,0.0,1459
7143386000130,2011-09-14,0.0,0.2406243323,91181.07,0.0,0.0,1459
7143386000130,2011-09-15,0.0,0.2405861504,91167.76,0.0,0.0,1459
7143386000130,2011-09-16,0.0,0.2405479684,91154.45,0.0,0.0,1459
7143386000130,2011-09-19,0.0,0.2405097865,91141.14,0.0,0.0,1459
7143386000130,2011-09-20,0.0,0.2404716045,91127.83,0.0,0.0,1459
7143386000130,2011-09-21,0.0,0.2404334226000001,91114.53,0.0,0.0,1459
7143386000130,2011-09-22,0.0,0.2403952694,91101.23,0.0,0.0,1459
7143386000130,2011-09-23,0.0,0.2403571161,91087.93,0.0,0.0,1459
7143386000130,2011-09-26,0.0,0.2403189629,91074.63,0.0,0.0,1459
7143386000130,2011-09-27,0.0,0.2402808095,91061.33,0.0,0.0,1459
7143386000130,2011-09-28,0.0,0.2402426563,91048.04,0.0,0.0,1459
7143386000130,2011-09-29,0.0,0.2402045318,91034.75,0.0,0.0,1459
7143386000130,2011-09-30,0.0,0.2401664072,91301.01,0.0,0.0,1459
7143386000130,2011-10-03,0.0,0.2401282826,91287.53,0.0,0.19,1459
7143386000130,2011-10-04,0.0,0.240090158,91274.25,0.0,0.0,1459
7143386000130,2011-10-05,0.0,0.240052062,91260.97,0.0,0.0,1459
7143386000130,2011-10-06,0.0,0.24001396,91247.69,0.0,0.0,1459
7143386000130,2011-10-07,0.0,0.23997587,91234.41,0.0,0.0,1459
7143386000130,2011-10-10,0.0,0.2399377741,91221.13,0.0,0.0,1459
7143386000130,2011-10-11,0.0,0.2398996782,91207.86,0.0,0.0,1459
7143386000130,2011-10-13,0.0,0.2398616109,91194.59,0.0,0.0,1459
7143386000130,2011-10-14,0.0,0.2398235436,91181.32,0.0,0.0,1459
7143386000130,2011-10-17,0.0,0.2397854763,91168.05,0.0,0.0,1459
7143386000130,2011-10-18,0.0,0.239747409,91154.78,0.0,0.0,1459
7143386000130,2011-10-19,0.0,0.2397093418,91141.52,0.0,0.0,1459
7143386000130,2011-10-20,0.0,0.2396713032,91128.26,0.0,0.0,1459
7143386000130,2011-10-21,0.0,0.2396332646,91115.0,0.0,0.0,1459
7143386000130,2011-10-24,0.0,0.239595226,91101.74,0.0,0.0,1459
7143386000130,2011-10-25,0.0,0.2395571874,91088.48,0.0,0.0,1459
7143386000130,2011-10-26,0.0,0.2395191488,91075.23,0.0,0.0,1459
7143386000130,2011-10-27,0.0,0.2394811389,91061.98,0.0,0.0,1459
7143386000130,2011-10-28,0.0,0.239443129,91048.73,0.0,0.0,1459
7143386000130,2011-10-31,0.0,0.2394051191,91035.48,0.0,0.0,1459
7143386000130,2011-11-01,0.0,0.2393671092,91287.49,0.0,0.0,1459
7143386000130,2011-11-03,0.0,0.2393291279,91274.25,0.0,0.0,1459
7143386000130,2011-11-04,0.0,0.2392911466,91261.01,0.0,0.0,1459
7143386000130,2011-11-07,0.0,0.23925316530000001,91247.77,0.0,0.0,1459
7143386000130,2011-11-08,0.0,0.2392151841,91234.53,0.0,0.0,1459
7143386000130,2011-11-09,0.0,0.23917720280000002,91221.3,0.0,0.0,1459
7143386000130,2011-11-10,0.0,0.2391392502,91208.07,0.0,0.0,1459
7143386000130,2011-11-11,0.0,0.2391012976,91194.84,0.0,0.0,1459
7143386000130,2011-11-14,0.0,0.239063345,91181.61,0.0,0.0,1459
7143386000130,2011-11-16,0.0,0.23902539239999998,91168.38,0.0,0.0,1459
7143386000130,2011-11-17,0.0,0.2389874398,91155.16,0.0,0.0,1459
7143386000130,2011-11-18,0.0,0.2389495159,91141.94,0.0,0.0,1459
7143386000130,2011-11-21,0.0,0.238911592,91128.72,0.0,0.0,1459
7143386000130,2011-11-22,0.0,0.2388736681,91115.5,0.0,0.0,1459
7143386000130,2011-11-23,0.0,0.2388357442,91102.28,0.0,0.0,1459
7143386000130,2011-11-24,0.0,0.23879782030000002,91089.07,0.0,0.0,1459
7143386000130,2011-11-25,0.0,0.23875992510000002,91075.86,0.0,0.0,1459
7143386000130,2011-11-28,0.0,0.2387220299,91062.65,0.0,0.0,1459
7143386000130,2011-11-29,0.0,0.23868413460000001,91049.44,0.0,0.0,1459
7143386000130,2011-11-30,0.0,0.23864623940000002,91300.78,0.0,0.0,1459
7143386000130,2011-12-01,0.0,0.2386083729,91287.38,0.0,0.0,1459
7143386000130,2011-12-02,0.0,0.2385705063,91274.18,0.0,0.0,1459
7143386000130,2011-12-05,0.0,0.2385326396,91260.98,0.0,0.0,1459
7143386000130,2011-12-06,0.0,0.238494773,91247.78,0.0,0.0,1459
7143386000130,2011-12-07,0.0,0.2384569064,91234.59,0.0,0.0,1459
7143386000130,2011-12-08,0.0,0.23841906850000005,91221.4,0.0,0.0,1459
7143386000130,2011-12-09,0.0,0.2383812305,91208.21,0.0,0.0,1459
7143386000130,2011-12-12,0.0,0.2383433926,91195.02,0.0,0.0,1459
7143386000130,2011-12-13,0.0,0.2383055547,91181.83,0.0,0.0,1459
7143386000130,2011-12-14,0.0,0.2382677167,91168.65,0.0,0.0,1459
7143386000130,2011-12-15,0.0,0.2382299075,91155.47,0.0,0.0,1459
7143386000130,2011-12-16,0.0,0.2381920982,91142.29,0.0,0.0,1459
7143386000130,2011-12-19,0.0,0.238154289,91129.11,0.0,0.0,1459
7143386000130,2011-12-20,0.0,0.2381164797,91115.93,0.0,0.0,1459
7143386000130,2011-12-21,0.0,0.2380786705,91102.76,0.0,0.0,1459
7143386000130,2011-12-22,0.0,0.2380408899,91089.59,0.0,0.0,1459
7143386000130,2011-12-23,0.0,0.2380031094,91076.42,0.0,0.0,1459
7143386000130,2011-12-26,0.0,0.2379653288,91063.25,0.0,0.0,1459
7143386000130,2011-12-27,0.0,0.2379275482,91050.08,0.0,0.0,1459
7143386000130,2011-12-28,0.0,0.2378897677,91036.92,0.0,0.0,1459
7143386000130,2011-12-29,0.0,0.2378520158,91023.76,0.0,0.0,1459
7143386000130,2011-12-30,0.0,0.2378142639,91300.62,0.0,0.0,1459
7143386000130,2012-01-02,0.0,0.237776512,91287.43,0.0,0.0,1459
7143386000130,2012-01-03,0.0,0.23773876019999998,91274.28,0.0,0.0,1459
7143386000130,2012-01-04,0.0,0.237701037,91261.13,0.0,0.0,1459
7143386000130,2012-01-05,0.0,0.2376633138,91247.98,0.0,0.0,1459
7143386000130,2012-01-06,0.0,0.2376255906,91234.83,0.0,0.0,1459
7143386000130,2012-01-09,0.0,0.2375878673,91221.68,0.0,0.0,1459
7143386000130,2012-01-10,0.0,0.2375501441,91208.54,0.0,0.0,1459
7143386000130,2012-01-11,0.0,0.2375124496,91195.4,0.0,0.0,1459
7143386000130,2012-01-12,0.0,0.23747475510000002,91182.26,0.0,0.0,1459
7143386000130,2012-01-13,0.0,0.2374370606,91169.12,0.0,0.0,1459
7143386000130,2012-01-16,0.0,0.23739936609999998,91155.98,0.0,0.0,1459
7143386000130,2012-01-17,0.0,0.2373616716,91142.85,0.0,0.0,1459
7143386000130,2012-01-18,0.0,0.2373240057,91129.72,0.0,0.0,1459
7143386000130,2012-01-19,0.0,0.23728633989999998,91116.59,0.0,0.0,1459
7143386000130,2012-01-20,0.0,0.2372486741,91103.46,0.0,0.0,1459
7143386000130,2012-01-23,0.0,0.23721100829999997,91090.33,0.0,0.0,1459
7143386000130,2012-01-24,0.0,0.2371733424,91077.21,0.0,0.0,1459
7143386000130,2012-01-25,0.0,0.2371357053,91064.09,0.0,0.0,1459
7143386000130,2012-01-26,0.0,0.2370980682,91050.97,0.0,0.0,1459
7143386000130,2012-01-27,0.0,0.23706043100000002,91037.85,0.0,0.0,1459
7143386000130,2012-01-30,0.0,0.2370227939,91024.74,0.0,0.0,1459
7143386000130,2012-01-31,0.0,0.2369851854,91011.63,0.0,0.0,1459
7143386000130,2012-02-01,0.0,0.236947577,90998.48,0.0,0.0,1459
7143386000130,2012-02-02,0.0,0.2369099685,90985.37,0.0,0.0,1459
7143386000130,2012-02-03,0.0,0.23687236,90972.26,0.0,0.0,1459
7143386000130,2012-02-06,0.0,0.2368347515,90959.16,0.0,0.0,1459
7143386000130,2012-02-07,0.0,0.2367971718,90946.06,0.0,0.0,1459
7143386000130,2012-02-08,0.0,0.236759592,90932.96,0.0,0.0,1459
7143386000130,2012-02-09,0.0,0.2367220122,90919.86,0.0,0.0,1459
7143386000130,2012-02-10,0.0,0.2366844324,90906.76,0.0,0.0,1459
7143386000130,2012-02-13,0.0,0.2366468526,90893.67,0.0,0.0,1459
7143386000130,2012-02-14,0.0,0.2366093015,90880.58,0.0,0.0,1459
7143386000130,2012-02-15,0.0,0.2365717504,90867.49,0.0,0.0,1459
7143386000130,2012-02-16,0.0,0.2365341993,90854.4,0.0,0.0,1459
7143386000130,2012-02-17,0.0,0.2364966482,90841.31,0.0,0.0,1459
7143386000130,2012-02-22,0.0,0.2364590971,90828.23,0.0,0.0,1459
7143386000130,2012-02-23,0.0,0.2364215747,90815.15,0.0,0.0,1459
7143386000130,2012-02-24,0.0,0.2363840523,90802.07,0.0,0.0,1459
7143386000130,2012-02-27,0.0,0.2363465299,90788.99,0.0,0.0,1459
7143386000130,2012-02-28,0.0,0.2363090075,90775.91,0.0,0.0,1459
7143386000130,2012-02-29,0.0,0.2362714851,90762.84,0.0,0.0,1459
7143386000130,2012-03-01,0.0,0.2362339913,90749.72,0.0,0.0,1459
7143386000130,2012-03-02,0.0,0.23619649760000005,90736.65,0.0,0.0,1459
7143386000130,2012-03-05,0.0,0.2361590038,90723.58,0.0,0.0,1459
7143386000130,2012-03-06,0.0,0.23612151010000001,90710.51,0.0,0.0,1459
7143386000130,2012-03-07,0.0,0.23608401629999998,90697.45,0.0,0.0,1459
7143386000130,2012-03-08,0.0,0.2360465513,90684.39,0.0,0.0,1459
7143386000130,2012-03-09,0.0,0.23600908620000002,90671.33,0.0,0.0,1459
7143386000130,2012-03-12,0.0,0.2359716212,90658.27,0.0,0.0,1459
7143386000130,2012-03-13,0.0,0.2359341561,90645.22,0.0,0.0,1459
7143386000130,2012-03-14,0.0,0.23589671969999998,90632.17,0.0,0.0,1459
7143386000130,2012-03-15,0.0,0.23585928329999997,90619.12,0.0,0.0,1459
7143386000130,2012-03-16,0.0,0.235821847,90606.07,0.0,0.0,1459
7143386000130,2012-03-19,0.0,0.2357844106,90593.02,0.0,0.0,1459
7143386000130,2012-03-20,0.0,0.23574697420000001,90579.98,0.0,0.0,1459
7143386000130,2012-03-21,0.0,0.2357095665,90566.94,0.0,0.0,1459
7143386000130,2012-03-22,0.0,0.2356721588,90553.9,0.0,0.0,1459
7143386000130,2012-03-23,0.0,0.23563475120000002,90540.86,0.0,0.0,1459
7143386000130,2012-03-26,0.0,0.2355973435000001,90527.82,0.0,0.0,1459
7143386000130,2012-03-27,0.0,0.23555993579999998,90514.79,0.0,0.0,1459
7143386000130,2012-03-28,0.0,0.2355225568,90501.76,0.0,0.0,1459
7143386000130,2012-03-29,0.0,0.2354851778,90488.73,0.0,0.0,1459
7143386000130,2012-03-30,0.0,0.2354477988,90475.7,0.0,0.0,1459
7143386000130,2012-04-02,0.0,0.2354104198,90462.64,0.0,0.03,1459
7143386000130,2012-04-03,0.0,0.2353730408,90449.62,0.0,0.0,1459
7143386000130,2012-04-04,0.0,0.2353356904,90436.6,0.0,0.0,1459
7143386000130,2012-04-05,0.0,0.2352983401,90423.58,0.0,0.0,1459
7143386000130,2012-04-09,0.0,0.2352609898,90410.56,0.0,0.0,1459
7143386000130,2012-04-10,0.0,0.2352236395,90397.54,0.0,0.0,1459
7143386000130,2012-04-11,0.0,0.2351862891,1158988.73,0.0,0.0,1459
7143386000130,2012-04-12,0.0,0.2320898965,1158806.23,0.0,0.0,1459
7143386000130,2012-04-13,0.0,0.23205305690000005,653687.0,0.0,505016.92,1459
7143386000130,2012-04-16,0.0,0.2320179146,653584.71,0.0,0.0,1459
7143386000130,2012-04-17,0.0,0.2319810876,653482.43,0.0,0.0,1459
7143386000130,2012-04-18,0.0,0.2319442642000001,653380.17,0.0,0.0,1459
7143386000130,2012-04-19,0.0,0.231907448,653277.93,0.0,0.0,1459
7143386000130,2012-04-20,0.0,0.231870639,650168.1,0.0,3008.08,1459
7143386000130,2012-04-23,0.0,0.231833836,650066.37,0.0,0.0,1459
7143386000130,2012-04-24,0.0,0.2317970387,649964.65,0.0,0.0,1459
7143386000130,2012-04-25,0.0,0.2317602451,649862.95,0.0,0.0,1459
7143386000130,2012-04-26,0.0,0.2317234586,649761.26,0.0,0.0,1459
7143386000130,2012-04-27,0.0,0.2316866758,649659.59,0.0,0.0,1459
7143386000130,2012-04-30,0.0,0.2316499003,649557.94,0.0,0.0,1459
7143386000130,2012-05-02,0.0,0.23161313190000002,91055.23,0.0,560070.21,1459
7143386000130,2012-05-03,0.0,0.2315772026,91042.49,0.0,0.0,1459
7143386000130,2012-05-04,0.0,0.2315404325,91029.76,0.0,0.0,1459
7143386000130,2012-05-07,0.0,0.23150369140000002,91017.03,0.0,0.0,1459
7143386000130,2012-05-08,0.0,0.2314669503,91004.3,0.0,0.0,1459
7143386000130,2012-05-09,0.0,0.2314302091,90991.57,0.0,0.0,1459
7143386000130,2012-05-10,0.0,0.23139346800000002,90978.84,0.0,0.0,1459
7143386000130,2012-05-11,0.0,0.2313567268,90966.12,0.0,0.0,1459
7143386000130,2012-05-14,0.0,0.2313200146,90953.4,0.0,0.0,1459
7143386000130,2012-05-15,0.0,0.2312833023,90940.68,0.0,0.0,1459
7143386000130,2012-05-16,0.0,0.23124659,90927.96,0.0,0.0,1459
7143386000130,2012-05-17,0.0,0.23120987769999998,90915.24,0.0,0.0,1459
7143386000130,2012-05-18,0.0,0.2311731654,90902.53,0.0,0.0,1459
7143386000130,2012-05-21,0.0,0.231136482,90889.82,0.0,0.0,1459
7143386000130,2012-05-22,0.0,0.2310997986,90877.11,0.0,0.0,1459
7143386000130,2012-05-23,0.0,0.2310631152,90864.4,0.0,0.0,1459
7143386000130,2012-05-24,0.0,0.2310264317,90851.69,0.0,0.0,1459
7143386000130,2012-05-25,0.0,0.2309897483,90838.99,0.0,0.0,1459
7143386000130,2012-05-28,0.0,0.23095309379999998,90826.29,0.0,0.0,1459
7143386000130,2012-05-29,0.0,0.23091643920000002,90813.59,0.0,0.0,1459
7143386000130,2012-05-30,0.0,0.23087978469999998,90800.89,0.0,0.0,1459
7143386000130,2012-05-31,0.0,0.23084313010000002,91156.92,0.0,0.0,1459
7143386000130,2012-06-01,0.0,0.2308064755,91072.49,0.0,71.75,1459
7143386000130,2012-06-04,0.0,0.2307698458,91059.81,0.0,0.0,1459
7143386000130,2012-06-05,0.0,0.2307332161,91047.13,0.0,0.0,1459
7143386000130,2012-06-06,0.0,0.2306965864,91034.45,0.0,0.0,1459
7143386000130,2012-06-08,0.0,0.2306599567000001,91021.78,0.0,0.0,1459
7143386000130,2012-06-11,0.0,0.2306233559,91009.11,0.0,0.0,1459
7143386000130,2012-06-12,0.0,0.230586755,90996.44,0.0,0.0,1459
7143386000130,2012-06-13,0.0,0.2305501542,90983.77,0.0,0.0,1459
7143386000130,2012-06-14,0.0,0.2305135534,90971.1,0.0,0.0,1459
7143386000130,2012-06-15,0.0,0.2304769526,90958.44,0.0,0.0,1459
7143386000130,2012-06-18,0.0,0.2304403807,90945.78,0.0,0.0,1459
7143386000130,2012-06-19,0.0,0.2304038088,90933.12,0.0,0.0,1459
7143386000130,2012-06-20,0.0,0.2303672368,90920.46,0.0,0.0,1459
7143386000130,2012-06-21,0.0,0.2303306649,90907.8,0.0,0.0,1459
7143386000130,2012-06-22,0.0,0.230294093,90895.15,0.0,0.0,1459
7143386000130,2012-06-25,0.0,0.23025755,90882.5,0.0,0.0,1459
7143386000130,2012-06-26,0.0,0.2302210069,90869.85,0.0,0.0,1459
7143386000130,2012-06-27,0.0,0.2301844639,90857.2,0.0,0.0,1459
7143386000130,2012-06-28,0.0,0.2301479209,90844.55,0.0,0.0,1459
7143386000130,2012-06-29,0.0,0.2301113778,90831.91,0.0,0.0,1459
7143386000130,2012-07-02,0.0,0.23007486367,91072.04,0.0,0.55,1459
7143386000130,2012-07-03,0.0,0.2300383492660001,91059.4,0.0,0.0,1459
7143386000130,2012-07-04,0.0,0.230001834867,91046.76,0.0,0.0,1459
7143386000130,2012-07-05,0.0,0.229965320467,91034.12,0.0,0.0,1459
7143386000130,2012-07-06,0.0,0.229928806067,91021.49,0.0,0.0,1459
7143386000130,2012-07-09,0.0,0.22989232055599998,91008.86,0.0,0.0,1459
7143386000130,2012-07-10,0.0,0.229855835044,90996.23,0.0,0.0,1459
7143386000130,2012-07-11,0.0,0.229819349532,90983.6,0.0,0.0,1459
7143386000130,2012-07-12,0.0,0.22978286401999998,90970.97,0.0,0.0,1459
7143386000130,2012-07-13,0.0,0.229746378509,90958.35,0.0,0.0,1459
7143386000130,2012-07-16,0.0,0.22970992188499997,90945.73,0.0,0.0,1459
7143386000130,2012-07-17,0.0,0.229673465261,90933.11,0.0,0.0,1459
7143386000130,2012-07-18,0.0,0.22963700863699998,90920.49,0.0,0.0,1459
7143386000130,2012-07-19,0.0,0.229600552014,90907.87,0.0,0.0,1459
7143386000130,2012-07-20,0.0,0.22956409539,90895.26,0.0,0.0,1459
7143386000130,2012-07-23,0.0,0.229527667654,90882.65,0.0,0.0,1459
7143386000130,2012-07-24,0.0,0.229491239918,90870.04,0.0,0.0,1459
7143386000130,2012-07-25,0.0,0.229454812183,90857.43,0.0,0.0,1459
7143386000130,2012-07-26,0.0,0.229418384447,90844.82,0.0,0.0,1459
7143386000130,2012-07-27,0.0,0.229381956711,90832.22,0.0,0.0,1459
7143386000130,2012-07-30,0.0,0.229345557863,90819.62,0.0,0.0,1459
7143386000130,2012-07-31,0.0,0.229309159015,91084.72,0.0,0.0,1459
7143386000130,2012-08-01,0.0,0.229272760168,91071.9,0.0,0.22,1459
7143386000130,2012-08-02,0.0,0.229236361216,91059.3,0.0,0.0,1459
7143386000130,2012-08-03,0.0,0.229199962268,91046.71,0.0,0.0,1459
7143386000130,2012-08-06,0.0,0.229163592207,91034.12,0.0,0.0,1459
7143386000130,2012-08-07,0.0,0.229127222146,91021.53,0.0,0.0,1459
7143386000130,2012-08-08,0.0,0.229090852086,91008.94,0.0,0.0,1459
7143386000130,2012-08-09,0.0,0.229054482025,90996.35,0.0,0.0,1459
7143386000130,2012-08-10,0.0,0.229018111965,90983.77,0.0,0.0,1459
7143386000130,2012-08-13,0.0,0.228981770792,90971.19,0.0,0.0,1459
7143386000130,2012-08-14,0.0,0.228945429619,90958.61,0.0,0.0,1459
7143386000130,2012-08-15,0.0,0.228909088447,90946.03,0.0,0.0,1459
7143386000130,2012-08-16,0.0,0.228872747274,90933.45,0.0,0.0,1459
7143386000130,2012-08-17,0.0,0.228836406102,90920.88,0.0,0.0,1459
7143386000130,2012-08-20,0.0,0.228800093817,90908.31,0.0,0.0,1459
7143386000130,2012-08-21,0.0,0.228763781533,90895.74,0.0,0.0,1459
7143386000130,2012-08-22,0.0,0.228727469248,90883.17,0.0,0.0,1459
7143386000130,2012-08-23,0.0,0.22869115696400005,90870.6,0.0,0.0,1459
7143386000130,2012-08-24,0.0,0.228654844679,90858.04,0.0,0.0,1459
7143386000130,2012-08-27,0.0,0.228618561283,90845.48,0.0,0.0,1459
7143386000130,2012-08-28,0.0,0.228582277886,90832.92,0.0,0.0,1459
7143386000130,2012-08-29,0.0,0.22854599449,90820.36,0.0,0.0,1459
7143386000130,2012-08-30,0.0,0.228509711093,90807.8,0.0,0.0,1459
7143386000130,2012-08-31,0.0,0.228473427697,91084.55,0.0,0.0,1459
7143386000130,2012-09-03,0.0,0.228437173188,91071.88,0.0,0.12,1459
7143386000130,2012-09-04,0.0,0.22840091861900005,91059.33,0.0,0.0,1459
7143386000130,2012-09-05,0.0,0.228364664056,91046.78,0.0,0.0,1459
7143386000130,2012-09-06,0.0,0.228328409492,91034.23,0.0,0.0,1459
7143386000130,2012-09-10,0.0,0.22829215492899999,91021.69,0.0,0.0,1459
7143386000130,2012-09-11,0.0,0.22825592925299998,91009.15,0.0,0.0,1459
7143386000130,2012-09-12,0.0,0.228219703578,90996.61,0.0,0.0,1459
7143386000130,2012-09-13,0.0,0.228183477903,90984.07,0.0,0.0,1459
7143386000130,2012-09-14,0.0,0.228147252227,90971.53,0.0,0.0,1459
7143386000130,2012-09-17,0.0,0.228111026552,90959.0,0.0,0.0,1459
7143386000130,2012-09-18,0.0,0.22807482976500001,90946.47,0.0,0.0,1459
7143386000130,2012-09-19,0.0,0.228038632978,90933.94,0.0,0.0,1459
7143386000130,2012-09-20,0.0,0.22800243619,90921.41,0.0,0.0,1459
7143386000130,2012-09-21,0.0,0.22796623940299998,90908.88,0.0,0.0,1459
7143386000130,2012-09-24,0.0,0.227930042616,90896.36,0.0,0.0,1459
7143386000130,2012-09-25,0.0,0.227893874717,90883.84,0.0,0.0,1459
7143386000130,2012-09-26,0.0,0.227857706818,90871.32,0.0,0.0,1459
7143386000130,2012-09-27,0.0,0.227821538919,90858.8,0.0,0.0,1459
7143386000130,2012-09-28,0.0,0.227785371019,90846.28,0.0,0.0,1459
7143386000130,2012-10-01,0.0,0.22774920312,90833.7,0.0,0.07,1459
7143386000130,2012-10-02,0.0,0.227713064073,90821.19,0.0,0.0,1459
7143386000130,2012-10-03,0.0,0.2276769250300001,90808.68,0.0,0.0,1459
7143386000130,2012-10-04,0.0,0.227640785986,90796.17,0.0,0.0,1459
7143386000130,2012-10-05,0.0,0.227604646943,90783.66,0.0,0.0,1459
7143386000130,2012-10-08,0.0,0.2275685079,90771.16,0.0,0.0,1459
7143386000130,2012-10-09,0.0,0.227532397745,90758.66,0.0,0.0,1459
7143386000130,2012-10-10,0.0,0.22749628759,90746.16,0.0,0.0,1459
7143386000130,2012-10-11,0.0,0.227460177435,90733.66,0.0,0.0,1459
7143386000130,2012-10-15,0.0,0.22742406728,90721.16,0.0,0.0,1459
7143386000130,2012-10-16,0.0,0.227387957125,90708.67,0.0,0.0,1459
7143386000130,2012-10-17,0.0,0.227351875858,90696.18,0.0,0.0,1459
7143386000130,2012-10-18,0.0,0.227315794591,90683.69,0.0,0.0,1459
7143386000130,2012-10-19,0.0,0.227279713325,90671.2,0.0,0.0,1459
7143386000130,2012-10-22,0.0,0.227243632058,90658.71,0.0,0.0,1459
7143386000130,2012-10-23,0.0,0.227207550791,90646.23,0.0,0.0,1459
7143386000130,2012-10-24,0.0,0.227171498412,90633.75,0.0,0.0,1459
7143386000130,2012-10-25,0.0,0.227135446033,90621.27,0.0,0.0,1459
7143386000130,2012-10-26,0.0,0.227099393654,90608.79,0.0,0.0,1459
7143386000130,2012-10-29,0.0,0.227063341276,90596.31,0.0,0.0,1459
7143386000130,2012-10-30,0.0,0.227027288897,90583.84,0.0,0.0,1459
7143386000130,2012-10-31,0.0,0.226991265406,90846.26,0.0,0.0,1459
7143386000130,2012-11-01,0.0,0.226955241916,90833.74,0.0,0.05,1459
7143386000130,2012-11-05,0.0,0.2269192184,90821.27,0.0,0.0,1459
7143386000130,2012-11-06,0.0,0.22688319488699998,90808.8,0.0,0.0,1459
7143386000130,2012-11-07,0.0,0.226847171373,90796.34,0.0,0.0,1459
7143386000130,2012-11-08,0.0,0.226811176748,90783.88,0.0,0.0,1459
7143386000130,2012-11-09,0.0,0.226775182122,90771.42,0.0,0.0,1459
7143386000130,2012-11-12,0.0,0.22673918749699998,90758.96,0.0,0.0,1459
7143386000130,2012-11-13,0.0,0.226703192872,90746.5,0.0,0.0,1459
7143386000130,2012-11-14,0.0,0.226667198246,90734.05,0.0,0.0,1459
7143386000130,2012-11-16,0.0,0.226631232509,90721.6,0.0,0.0,1459
7143386000130,2012-11-19,0.0,0.226595266772,90709.15,0.0,0.0,1459
7143386000130,2012-11-20,0.0,0.226559301034,90696.7,0.0,0.0,1459
7143386000130,2012-11-21,0.0,0.226523335297,90684.25,0.0,0.0,1459
7143386000130,2012-11-22,0.0,0.22648736956,90671.81,0.0,0.0,1459
7143386000130,2012-11-23,0.0,0.226451432711,116781.37,0.0,0.0,1459
7143386000130,2012-11-26,0.0,0.198815737854,116764.78,0.0,0.0,1459
7143386000130,2012-11-27,0.0,0.19878417425,116748.2,0.0,0.0,1459
7143386000130,2012-11-28,0.0,0.198752629671,116731.62,0.0,0.0,1459
7143386000130,2012-11-29,0.0,0.19872108509300002,116715.04,0.0,0.0,1459
7143386000130,2012-11-30,0.0,0.19868954051399998,173123.27,0.0,0.0,1459
7143386000130,2012-12-03,0.0,0.19867453215,128858.97,0.0,44245.84,1459
7143386000130,2012-12-04,0.0,0.198643436631,128840.51,0.0,0.0,1459
7143386000130,2012-12-05,0.0,0.198611907588,128822.05,0.0,0.0,1459
7143386000130,2012-12-06,0.0,0.198580378546,128803.59,0.0,0.0,1459
7143386000130,2012-12-07,0.0,0.198548849504,128785.14,0.0,0.0,1459
7143386000130,2012-12-10,0.0,0.198517337541,128766.69,0.0,0.0,1459
7143386000130,2012-12-11,0.0,0.198485825578,128748.24,0.0,0.0,1459
7143386000130,2012-12-12,0.0,0.198454313616,128729.8,0.0,0.0,1459
7143386000130,2012-12-13,0.0,0.198422818733,128711.36,0.0,0.0,1459
7143386000130,2012-12-14,0.0,0.19839132385,88076.04,0.0,40623.33,1459
7143386000130,2012-12-17,0.0,0.198371701606,88058.62,0.0,5.43,1459
7143386000130,2012-12-18,0.0,0.198340228029,88046.64,0.0,0.0,1459
7143386000130,2012-12-19,0.0,0.198308757871,88034.66,0.0,0.0,1459
7143386000130,2012-12-20,0.0,0.198277287712,88022.68,0.0,0.0,1459
7143386000130,2012-12-21,0.0,0.198245817553,88010.7,0.0,0.0,1459
7143386000130,2012-12-24,0.0,0.198214347395,87998.72,0.0,0.0,1459
7143386000130,2012-12-26,0.0,0.198182877236,87986.74,0.0,0.0,1459
7143386000130,2012-12-27,0.0,0.198151407078,87974.77,0.0,0.0,1459
7143386000130,2012-12-28,0.0,0.198119963188,87962.8,0.0,0.0,1459
7143386000130,2012-12-31,0.0,0.198088519298,88262.19,0.0,0.0,1459
7143386000130,2013-01-02,0.0,0.19805707540800002,88249.6,0.0,0.62,1459
7143386000130,2013-01-03,0.0,0.19802563124800002,88237.63,0.0,0.0,1459
7143386000130,2013-01-04,0.0,0.1979941871,88225.67,0.0,0.0,1459
7143386000130,2013-01-07,0.0,0.197962769221,88213.71,0.0,0.0,1459
7143386000130,2013-01-08,0.0,0.197931351342,88201.75,0.0,0.0,1459
7143386000130,2013-01-09,0.0,0.19789993346299997,88189.79,0.0,0.0,1459
7143386000130,2013-01-11,0.0,0.197837097704,88165.88,0.0,0.0,1459
7143386000130,2013-01-14,0.0,0.197805706094,88153.93,0.0,0.0,1459
7143386000130,2013-01-15,0.0,0.19777431448399999,88141.98,0.0,0.0,1459
7143386000130,2013-01-16,0.0,0.197742922874,88130.03,0.0,0.0,1459
7143386000130,2013-01-17,0.0,0.197711531264,88118.08,0.0,0.0,1459
7143386000130,2013-01-18,0.0,0.197680139654,88106.14,0.0,0.0,1459
7143386000130,2013-01-21,0.0,0.19764877431400002,88094.2,0.0,0.0,1459
7143386000130,2013-01-22,0.0,0.197617408973,88082.26,0.0,0.0,1459
7143386000130,2013-01-23,0.0,0.19758604363200002,337871.94,0.0,0.0,1459
7143386000130,2013-01-24,0.0,0.197562810817,337820.35,0.0,0.0,1459
7143386000130,2013-01-25,0.0,0.19753145055399998,220979.43,0.0,116807.88,1459
7143386000130,2013-01-28,0.0,0.197505837953,220946.4,0.0,0.0,1459
7143386000130,2013-01-29,0.0,0.19747449146999999,220913.37,0.0,0.0,1459
7143386000130,2013-01-30,0.0,0.197443144987,220880.35,0.0,0.0,1459
7143386000130,2013-01-31,0.0,0.197411807995,221273.92,0.0,0.0,1459
7143386000130,2013-02-01,0.0,0.197380471002,88960.08,0.0,132301.83,1459
7143386000130,2013-02-04,0.0,0.197349810089,88948.07,0.0,0.0,1459
7143386000130,2013-02-05,0.0,0.197318486498,88936.06,0.0,0.0,1459
7143386000130,2013-02-06,0.0,0.197287162908,88924.05,0.0,0.0,1459
7143386000130,2013-02-07,0.0,0.197255839317,88912.05,0.0,0.0,1459
7143386000130,2013-02-08,0.0,0.197224541808,88900.05,0.0,0.0,1459
7143386000130,2013-02-13,0.0,0.197193244298,88888.05,0.0,0.0,1459
7143386000130,2013-02-14,0.0,0.197161946789,88876.05,0.0,0.0,1459
7143386000130,2013-02-15,0.0,0.197130649279,88864.05,0.0,0.0,1459
7143386000130,2013-02-18,0.0,0.19709935177,88852.05,0.0,0.0,1459
7143386000130,2013-02-19,0.0,0.197068054261,88840.06,0.0,0.0,1459
7143386000130,2013-02-20,0.0,0.197036782832,88828.07,0.0,0.0,1459
7143386000130,2013-02-21,0.0,0.197005511404,88816.08,0.0,0.0,1459
7143386000130,2013-02-22,0.0,0.196974239976,88804.09,0.0,0.0,1459
7143386000130,2013-02-25,0.0,0.196942968548,88792.1,0.0,0.0,1459
7143386000130,2013-02-26,0.0,0.19691169712,88780.12,0.0,0.0,1459
7143386000130,2013-02-27,0.0,0.196880451773,88768.14,0.0,0.0,1459
7143386000130,2013-02-28,0.0,0.196849206426,88993.13,0.0,0.0,1459
7143386000130,2013-03-01,0.0,0.19681796107900001,88962.14,0.0,19.01,1459
7143386000130,2013-03-04,0.0,0.196786707802,88950.17,0.0,0.0,1459
7143386000130,2013-03-05,0.0,0.19675548067,88938.2,0.0,0.0,1459
7143386000130,2013-03-06,0.0,0.196724253538,88926.23,0.0,0.0,1459
7143386000130,2013-03-07,0.0,0.196693026406,88914.26,0.0,0.0,1459
7143386000130,2013-03-08,0.0,0.19666179927400002,88902.29,0.0,0.0,1459
7143386000130,2013-03-11,0.0,0.196630572142,88890.33,0.0,0.0,1459
7143386000130,2013-03-12,0.0,0.19659937109700001,88878.37,0.0,0.0,1459
7143386000130,2013-03-13,0.0,0.196568170053,88866.41,0.0,0.0,1459
7143386000130,2013-03-14,0.0,0.196536969009,88854.45,0.0,0.0,1459
7143386000130,2013-03-15,0.0,0.19650576796500002,88842.49,0.0,0.0,1459
7143386000130,2013-03-18,0.0,0.19647456692,88830.54,0.0,0.0,1459
7143386000130,2013-03-19,0.0,0.196443391964,88818.59,0.0,0.0,1459
7143386000130,2013-03-20,0.0,0.19641221700800002,88806.64,0.0,0.0,1459
7143386000130,2013-03-21,0.0,0.196381042051,88794.69,0.0,0.0,1459
7143386000130,2013-03-22,0.0,0.196349867095,88782.74,0.0,0.0,1459
7143386000130,2013-03-25,0.0,0.196318692138,88770.8,0.0,0.0,1459
7143386000130,2013-03-26,0.0,0.19628754327,88758.86,0.0,0.0,1459
7143386000130,2013-03-27,0.0,0.19625639440099998,88746.92,0.0,0.0,1459
7143386000130,2013-03-28,0.0,0.196225245533,88734.98,0.0,0.0,1459
7143386000130,2013-04-01,0.0,0.196194096664,88722.68,0.0,0.36,1459
7143386000130,2013-04-02,0.0,0.196162947631,88710.74,0.0,0.0,1459
7143386000130,2013-04-03,0.0,0.196131798613,88937.99,0.0,0.0,1459
7143386000130,2013-04-04,0.0,0.196100675683,88926.06,0.0,0.0,1459
7143386000130,2013-04-05,0.0,0.196069552754,88914.13,0.0,0.0,1459
7143386000130,2013-04-08,0.0,0.196038429824,88902.2,0.0,0.0,1459
7143386000130,2013-04-09,0.0,0.196007306894,88890.27,0.0,0.0,1459
7143386000130,2013-04-10,0.0,0.195976183964,88878.35,0.0,0.0,1459
7143386000130,2013-04-11,0.0,0.195945087123,88866.43,0.0,0.0,1459
7143386000130,2013-04-12,0.0,0.195913990281,88854.51,0.0,0.0,1459
7143386000130,2013-04-15,0.0,0.195882893439,88842.59,0.0,0.0,1459
7143386000130,2013-04-16,0.0,0.195851796597,88830.67,0.0,0.0,1459
7143386000130,2013-04-17,0.0,0.195820699756,88818.76,0.0,0.0,1459
7143386000130,2013-04-18,0.0,0.195789629002,88806.85,0.0,0.0,1459
7143386000130,2013-04-19,0.0,0.195758558248,88794.94,0.0,0.0,1459
7143386000130,2013-04-22,0.0,0.195727487494,88783.03,0.0,0.0,1459
7143386000130,2013-04-23,0.0,0.19569641674000002,88771.12,0.0,0.0,1459
7143386000130,2013-04-24,0.0,0.195665345986,88759.21,0.0,0.0,1459
7143386000130,2013-04-25,0.0,0.195634275233,88747.31,0.0,0.0,1459
7143386000130,2013-04-26,0.0,0.195603230567,88735.41,0.0,0.0,1459
7143386000130,2013-04-29,0.0,0.195572185901,88723.51,0.0,0.0,1459
7143386000130,2013-04-30,0.0,0.195541141235,88711.61,0.0,0.0,1459
7143386000130,2013-05-02,0.0,0.195510096569,88961.78,0.0,0.16,1459
7143386000130,2013-05-03,0.0,0.195479051835,88949.89,0.0,0.0,1459
7143386000130,2013-05-06,0.0,0.195448033191,88938.0,0.0,0.0,1459
7143386000130,2013-05-07,0.0,0.195417014547,88926.11,0.0,0.0,1459
7143386000130,2013-05-08,0.0,0.19538599590300001,88914.22,0.0,0.0,1459
7143386000130,2013-05-09,0.0,0.195354977258,88902.33,0.0,0.0,1459
7143386000130,2013-05-10,0.0,0.195323958614,88890.45,0.0,0.0,1459
7143386000130,2013-05-13,0.0,0.19529296605799998,88878.57,0.0,0.0,1459
7143386000130,2013-05-14,0.0,0.195261973502,88866.69,0.0,0.0,1459
7143386000130,2013-05-15,0.0,0.195230980946,88854.81,0.0,0.0,1459
7143386000130,2013-05-16,0.0,0.19519998839000002,88842.93,0.0,0.0,1459
7143386000130,2013-05-17,0.0,0.195168995834,88831.06,0.0,0.0,1459
7143386000130,2013-05-20,0.0,0.195138029366,88819.19,0.0,0.0,1459
7143386000130,2013-05-21,0.0,0.19510706289700008,88807.32,0.0,0.0,1459
7143386000130,2013-05-22,0.0,0.195076096429,88795.45,0.0,0.0,1459
7143386000130,2013-05-23,0.0,0.195045129961,88783.58,0.0,0.0,1459
7143386000130,2013-05-24,0.0,0.19501416349300002,88771.71,0.0,0.0,1459
7143386000130,2013-05-27,0.0,0.194983197025,88759.85,0.0,0.0,1459
7143386000130,2013-05-28,0.0,0.19495225664500002,88747.99,0.0,0.0,1459
7143386000130,2013-05-29,0.0,0.194921316265,88736.13,0.0,0.0,1459
7143386000130,2013-05-31,0.0,0.194890375885,88973.72,0.0,0.0,1459
7143386000130,2013-06-03,0.0,0.194859435505,88961.74,0.0,0.12,1459
7143386000130,2013-06-04,0.0,0.194828495075,88949.89,0.0,0.0,1459
7143386000130,2013-06-05,0.0,0.194797580733,88938.04,0.0,0.0,1459
7143386000130,2013-06-06,0.0,0.194766666391,88926.19,0.0,0.0,1459
7143386000130,2013-06-07,0.0,0.194735752049,88914.34,0.0,0.0,1459
7143386000130,2013-06-10,0.0,0.194704837707,88902.49,0.0,0.0,1459
7143386000130,2013-06-11,0.0,0.194673923366,88890.65,0.0,0.0,1459
7143386000130,2013-06-12,0.0,0.194643035112,88878.81,0.0,0.0,1459
7143386000130,2013-06-13,0.0,0.194612146858,88866.97,0.0,0.0,1459
7143386000130,2013-06-14,0.0,0.194581258605,88855.13,0.0,0.0,1459
7143386000130,2013-06-17,0.0,0.194550370351,88843.29,0.0,0.0,1459
7143386000130,2013-06-18,0.0,0.194519482097,88831.45,0.0,0.0,1459
7143386000130,2013-06-19,0.0,0.194488593843,88819.62,0.0,0.0,1459
7143386000130,2013-06-20,0.0,0.194457731678,88807.79,0.0,0.0,1459
7143386000130,2013-06-21,0.0,0.194426869512,88795.96,0.0,0.0,1459
7143386000130,2013-06-24,0.0,0.194396007347,88784.13,0.0,0.0,1459
7143386000130,2013-06-25,0.0,0.194365145181,88772.3,0.0,0.0,1459
7143386000130,2013-06-26,0.0,0.194334283015,88760.48,0.0,0.0,1459
7143386000130,2013-06-27,0.0,0.194303446938,88748.66,0.0,0.0,1459
7143386000130,2013-06-28,0.0,0.19427261086,88736.84,0.0,0.0,1459
7143386000130,2013-07-01,0.0,0.194241774782,88724.93,0.0,0.09,1459
7143386000130,2013-07-02,0.0,0.194210938666,88949.91,0.0,0.0,1459
7143386000130,2013-07-03,0.0,0.194180102552,88938.1,0.0,0.0,1459
7143386000130,2013-07-04,0.0,0.19414929252500002,88926.29,0.0,0.0,1459
7143386000130,2013-07-05,0.0,0.194118482498,88914.48,0.0,0.0,1459
7143386000130,2013-07-08,0.0,0.194087672471,88902.67,0.0,0.0,1459
7143386000130,2013-07-09,0.0,0.19405686244399997,88890.86,0.0,0.0,1459
7143386000130,2013-07-10,0.0,0.194026052418,88879.05,0.0,0.0,1459
7143386000130,2013-07-11,0.0,0.19399524239100002,88867.25,0.0,0.0,1459
7143386000130,2013-07-12,0.0,0.19396445845199997,88855.45,0.0,0.0,1459
7143386000130,2013-07-15,0.0,0.19393367451299998,88843.65,0.0,0.0,1459
7143386000130,2013-07-16,0.0,0.19390289057500001,88831.85,0.0,0.0,1459
7143386000130,2013-07-17,0.0,0.19387210663600002,88820.05,0.0,0.0,1459
7143386000130,2013-07-18,0.0,0.193841322697,88808.26,0.0,0.0,1459
7143386000130,2013-07-19,0.0,0.19381056484700002,88796.47,0.0,0.0,1459
7143386000130,2013-07-22,0.0,0.193779806996,88784.68,0.0,0.0,1459
7143386000130,2013-07-23,0.0,0.19374904914500002,88772.89,0.0,0.0,1459
7143386000130,2013-07-24,0.0,0.193718291295,88761.1,0.0,0.0,1459
7143386000130,2013-07-25,0.0,0.193687533444,88749.32,0.0,0.0,1459
7143386000130,2013-07-26,0.0,0.193656801682,88737.54,0.0,0.0,1459
7143386000130,2013-07-29,0.0,0.193626069919,88725.76,0.0,0.0,1459
7143386000130,2013-07-30,0.0,0.19359533815699997,88713.98,0.0,0.0,1459
7143386000130,2013-07-31,0.0,0.19356460639400005,88973.59,0.0,0.0,1459
7143386000130,2013-08-01,0.0,0.193533874631,88961.59,0.0,0.22,1459
7143386000130,2013-08-02,0.0,0.193503142774,88949.82,0.0,0.0,1459
7143386000130,2013-08-05,0.0,0.193472437009,88938.05,0.0,0.0,1459
7143386000130,2013-08-06,0.0,0.193441731243,88926.28,0.0,0.0,1459
7143386000130,2013-08-07,0.0,0.193411025478,88914.51,0.0,0.0,1459
7143386000130,2013-08-08,0.0,0.193380319712,88902.74,0.0,0.0,1459
7143386000130,2013-08-09,0.0,0.193349613947,88890.98,0.0,0.0,1459
7143386000130,2013-08-12,0.0,0.193318934269,88879.22,0.0,0.0,1459
7143386000130,2013-08-13,0.0,0.193288254592,88867.46,0.0,0.0,1459
7143386000130,2013-08-14,0.0,0.193257574915,88855.7,0.0,0.0,1459
7143386000130,2013-08-15,0.0,0.193226895237,88843.94,0.0,0.0,1459
7143386000130,2013-08-16,0.0,0.19319621556,88832.19,0.0,0.0,1459
7143386000130,2013-08-19,0.0,0.193165561971,88820.44,0.0,0.0,1459
7143386000130,2013-08-20,0.0,0.193134908382,88808.69,0.0,0.0,1459
7143386000130,2013-08-21,0.0,0.193104254792,88796.94,0.0,0.0,1459
7143386000130,2013-08-22,0.0,0.193073601203,88785.19,0.0,0.0,1459
7143386000130,2013-08-23,0.0,0.193042947614,88773.44,0.0,0.0,1459
7143386000130,2013-08-26,0.0,0.193012294025,88761.7,0.0,0.0,1459
7143386000130,2013-08-27,0.0,0.192981666524,88749.96,0.0,0.0,1459
7143386000130,2013-08-28,0.0,0.192951039023,88738.22,0.0,0.0,1459
7143386000130,2013-08-29,0.0,0.192920411522,88726.48,0.0,0.0,1459
7143386000130,2013-08-30,0.0,0.192889784021,88714.74,0.0,0.0,1459
7143386000130,2013-09-02,0.0,0.19285915652,88961.59,0.0,0.09,1459
7143386000130,2013-09-03,0.0,0.192828555068,88949.86,0.0,0.0,1459
7143386000130,2013-09-04,0.0,0.192797953618,88938.13,0.0,0.0,1459
7143386000130,2013-09-05,0.0,0.192767352168,88926.4,0.0,0.0,1459
7143386000130,2013-09-06,0.0,0.192736750718,88914.67,0.0,0.0,1459
7143386000130,2013-09-09,0.0,0.192706149268,88902.95,0.0,0.0,1459
7143386000130,2013-09-10,0.0,0.192675573906,88891.23,0.0,0.0,1459
7143386000130,2013-09-11,0.0,0.19264499854400002,88879.51,0.0,0.0,1459
7143386000130,2013-09-12,0.0,0.192614423182,88867.79,0.0,0.0,1459
7143386000130,2013-09-13,0.0,0.19258384782000001,88856.07,0.0,0.0,1459
7143386000130,2013-09-16,0.0,0.192553272458,88844.35,0.0,0.0,1459
7143386000130,2013-09-17,0.0,0.192522697096,88832.64,0.0,0.0,1459
7143386000130,2013-09-18,0.0,0.192492147822,88820.93,0.0,0.0,1459
7143386000130,2013-09-19,0.0,0.19246159854800002,88809.22,0.0,0.0,1459
7143386000130,2013-09-20,0.0,0.192431049275,88797.51,0.0,0.0,1459
7143386000130,2013-09-23,0.0,0.192400500001,88785.8,0.0,0.0,1459
7143386000130,2013-09-24,0.0,0.192369950727,88774.1,0.0,0.0,1459
7143386000130,2013-09-25,0.0,0.192339427542,88762.4,0.0,0.0,1459
7143386000130,2013-09-26,0.0,0.192308904356,88750.7,0.0,0.0,1459
7143386000130,2013-09-27,0.0,0.192278381171,88739.0,0.0,0.0,1459
7143386000130,2013-09-30,0.0,0.19224785798500002,88973.36,0.0,0.0,1459
7143386000130,2013-10-01,0.0,0.192217334799,88961.64,0.0,0.02,1459
7143386000130,2013-10-02,0.0,0.192186811605,88949.95,0.0,0.0,1459
7143386000130,2013-10-03,0.0,0.1921563145,88938.26,0.0,0.0,1459
7143386000130,2013-10-04,0.0,0.192125817394,88926.57,0.0,0.0,1459
7143386000130,2013-10-07,0.0,0.192095320288,88914.88,0.0,0.0,1459
7143386000130,2013-10-08,0.0,0.192064823183,88903.19,0.0,0.0,1459
7143386000130,2013-10-09,0.0,0.192034326077,88891.51,0.0,0.0,1459
7143386000130,2013-10-10,0.0,0.19200385505999998,88879.83,0.0,0.0,1459
7143386000130,2013-10-11,0.0,0.191973384042,88868.15,0.0,0.0,1459
7143386000130,2013-10-14,0.0,0.191942913025,88856.47,0.0,0.0,1459
7143386000130,2013-10-15,0.0,0.191912442007,88844.79,0.0,0.0,1459
7143386000130,2013-10-16,0.0,0.19188197099,88833.12,0.0,0.0,1459
7143386000130,2013-10-17,0.0,0.191851526061,88821.45,0.0,0.0,1459
7143386000130,2013-10-18,0.0,0.191821081131,88809.78,0.0,0.0,1459
7143386000130,2013-10-21,0.0,0.191790636202,88798.11,0.0,0.0,1459
7143386000130,2013-10-22,0.0,0.191760191273,88786.44,0.0,0.0,1459
7143386000130,2013-10-23,0.0,0.191729746344,88774.77,0.0,0.0,1459
7143386000130,2013-10-24,0.0,0.191699301414,88763.11,0.0,0.0,1459
7143386000130,2013-10-25,0.0,0.191668882573,88751.45,0.0,0.0,1459
7143386000130,2013-10-28,0.0,0.191638463732,88739.79,0.0,0.0,1459
7143386000130,2013-10-29,0.0,0.19160804489100008,88728.13,0.0,0.0,1459
7143386000130,2013-10-31,0.0,0.191547207209,88973.39,0.0,0.0,1459
7143386000130,2013-11-01,0.0,0.191516814456,88961.72,0.0,0.02,1459
7143386000130,2013-11-04,0.0,0.19148642169500002,88950.07,0.0,0.0,1459
7143386000130,2013-11-05,0.0,0.191456028933,88938.42,0.0,0.0,1459
7143386000130,2013-11-06,0.0,0.19142563617199998,88926.77,0.0,0.0,1459
7143386000130,2013-11-07,0.0,0.191395243411,88915.12,0.0,0.0,1459
7143386000130,2013-11-08,0.0,0.19136485065,88903.48,0.0,0.0,1459
7143386000130,2013-11-11,0.0,0.191334483977,88891.84,0.0,0.0,1459
7143386000130,2013-11-12,0.0,0.191304117304,88880.2,0.0,0.0,1459
7143386000130,2013-11-13,0.0,0.191273750631,88868.56,0.0,0.0,1459
7143386000130,2013-11-14,0.0,0.19124338395799997,88856.92,0.0,0.0,1459
7143386000130,2013-11-18,0.0,0.191213017286,88845.29,0.0,0.0,1459
7143386000130,2013-11-19,0.0,0.191182676701,88833.66,0.0,0.0,1459
7143386000130,2013-11-20,0.0,0.191152336116,88822.03,0.0,0.0,1459
7143386000130,2013-11-21,0.0,0.191121995531,88810.4,0.0,0.0,1459
7143386000130,2013-11-22,0.0,0.191091654947,88798.77,0.0,0.0,1459
7143386000130,2013-11-25,0.0,0.191061314362,88787.15,0.0,0.0,1459
7143386000130,2013-11-26,0.0,0.191030999866,88775.53,0.0,0.0,1459
7143386000130,2013-11-27,0.0,0.191000685369,88763.91,0.0,0.0,1459
7143386000130,2013-11-28,0.0,0.19097037087299998,88752.29,0.0,0.0,1459
7143386000130,2013-11-29,0.0,0.190940056376,88740.67,0.0,0.0,1459
7143386000130,2013-12-02,0.0,0.19090974188,88961.74,0.0,0.04,1459
7143386000130,2013-12-03,0.0,0.190879427365,88950.13,0.0,0.0,1459
7143386000130,2013-12-04,0.0,0.19084913894,88938.52,0.0,0.0,1459
7143386000130,2013-12-05,0.0,0.190818850515,88926.91,0.0,0.0,1459
7143386000130,2013-12-06,0.0,0.19078856209000009,88915.3,0.0,0.0,1459
7143386000130,2013-12-09,0.0,0.190758273666,88903.69,0.0,0.0,1459
7143386000130,2013-12-10,0.0,0.190727985241,88892.09,0.0,0.0,1459
7143386000130,2013-12-11,0.0,0.190697722904,88880.49,0.0,0.0,1459
7143386000130,2013-12-12,0.0,0.190667460567,88868.89,0.0,0.0,1459
7143386000130,2013-12-13,0.0,0.190637198231,88857.29,0.0,0.0,1459
7143386000130,2013-12-16,0.0,0.190606935894,115504.58,0.0,0.0,1459
7143386000130,2013-12-17,0.0,0.17291179336399998,104889.01,0.0,10601.43,1459
7143386000130,2013-12-18,0.0,0.172892639463,154368.58,0.0,0.0,1459
7143386000130,2013-12-19,0.0,0.172881910566,128461.96,0.0,25888.73,1459
7143386000130,2013-12-20,0.0,0.172866684188,128444.08,0.0,0.0,1459
7143386000130,2013-12-23,0.0,0.17283925066300002,128426.2,0.0,0.0,1459
7143386000130,2013-12-24,0.0,0.172811817137,128408.32,0.0,0.0,1459
7143386000130,2013-12-26,0.0,0.17278438361200002,128390.44,0.0,0.0,1459
7143386000130,2013-12-27,0.0,0.172756950086,128372.57,0.0,0.0,1459
7143386000130,2013-12-30,0.0,0.172729531904,128354.7,0.0,0.0,1459
7143386000130,2013-12-31,0.0,0.172702113721,128643.26,0.0,0.0,1459
7143386000130,2014-01-02,0.0,0.172674695539,87377.79,0.0,41254.15,1459
7143386000130,2014-01-03,0.0,0.17264784609099998,87366.48,0.0,0.0,1459
7143386000130,2014-01-06,0.0,0.172620450714,87355.17,0.0,0.0,1459
7143386000130,2014-01-07,0.0,0.172593055337,87343.86,0.0,0.0,1459
7143386000130,2014-01-08,0.0,0.17256565996,87332.55,0.0,0.0,1459
7143386000130,2014-01-09,0.0,0.17253826458299998,87321.24,0.0,0.0,1459
7143386000130,2014-01-10,0.0,0.172510869206,87309.94,0.0,0.0,1459
7143386000130,2014-01-13,0.0,0.17248349805100002,87298.64,0.0,0.0,1459
7143386000130,2014-01-14,0.0,0.17245612689599998,87287.34,0.0,0.0,1459
7143386000130,2014-01-15,0.0,0.172428755741,87276.04,0.0,0.0,1459
7143386000130,2014-01-16,0.0,0.17240138458700002,87264.74,0.0,0.0,1459
7143386000130,2014-01-17,0.0,0.17237401343199998,87253.44,0.0,0.0,1459
7143386000130,2014-01-20,0.0,0.172346642277,87242.15,0.0,0.0,1459
7143386000130,2014-01-21,0.0,0.17231929534499998,87230.86,0.0,0.0,1459
7143386000130,2014-01-22,0.0,0.17229194841200002,87219.57,0.0,0.0,1459
7143386000130,2014-01-23,0.0,0.17226460147999995,87208.28,0.0,0.0,1459
7143386000130,2014-01-24,0.0,0.172237254547,87196.99,0.0,0.0,1459
7143386000130,2014-01-27,0.0,0.17220990761500002,87185.7,0.0,0.0,1459
7143386000130,2014-01-28,0.0,0.172182560682,87174.42,0.0,0.0,1459
7143386000130,2014-01-29,0.0,0.17215523797200002,87163.14,0.0,0.0,1459
7143386000130,2014-01-30,0.0,0.172127915262,87151.86,0.0,0.0,1459
7143386000130,2014-01-31,0.0,0.17210059255100002,87395.7,0.0,0.0,1459
7143386000130,2014-02-03,0.0,0.172073269841,87378.39,0.0,6.03,1459
7143386000130,2014-02-04,0.0,0.172045944767,87367.12,0.0,0.0,1459
7143386000130,2014-02-05,0.0,0.172018643962,87355.85,0.0,0.0,1459
7143386000130,2014-02-06,0.0,0.171991343157,87344.58,0.0,0.0,1459
7143386000130,2014-02-07,0.0,0.17196404235100002,87333.31,0.0,0.0,1459
7143386000130,2014-02-10,0.0,0.17193674154599994,87322.04,0.0,0.0,1459
7143386000130,2014-02-11,0.0,0.17190944074099998,87310.78,0.0,0.0,1459
7143386000130,2014-02-12,0.0,0.17188216416000002,87299.52,0.0,0.0,1459
7143386000130,2014-02-13,0.0,0.171854887579,87288.26,0.0,0.0,1459
7143386000130,2014-02-14,0.0,0.171827610998,87277.0,0.0,0.0,1459
7143386000130,2014-02-17,0.0,0.17180033441700002,87265.74,0.0,0.0,1459
7143386000130,2014-02-18,0.0,0.17177305783500002,87254.48,0.0,0.0,1459
7143386000130,2014-02-19,0.0,0.171745781254,87243.23,0.0,0.0,1459
7143386000130,2014-02-20,0.0,0.17171852889800002,87231.98,0.0,0.0,1459
7143386000130,2014-02-21,0.0,0.171691276541,87220.73,0.0,0.0,1459
7143386000130,2014-02-24,0.0,0.171664024184,87209.48,0.0,0.0,1459
7143386000130,2014-02-25,0.0,0.171636771828,87198.23,0.0,0.0,1459
7143386000130,2014-02-26,0.0,0.17160951947099998,87186.99,0.0,0.0,1459
7143386000130,2014-02-27,0.0,0.171582291338,87175.75,0.0,0.0,1459
7143386000130,2014-02-28,0.0,0.171555063206,87164.51,0.0,0.0,1459
7143386000130,2014-03-05,0.0,0.171527835074,87378.11,0.0,0.36,1459
7143386000130,2014-03-06,0.0,0.171500606794,87366.87,0.0,0.0,1459
7143386000130,2014-03-07,0.0,0.171473378523,87355.63,0.0,0.0,1459
7143386000130,2014-03-10,0.0,0.171446150253,87344.4,0.0,0.0,1459
7143386000130,2014-03-11,0.0,0.171418946206,87333.17,0.0,0.0,1459
7143386000130,2014-03-12,0.0,0.17139174215999994,87321.94,0.0,0.0,1459
7143386000130,2014-03-13,0.0,0.17136453811299998,87310.71,0.0,0.0,1459
7143386000130,2014-03-14,0.0,0.171337334067,87299.48,0.0,0.0,1459
7143386000130,2014-03-17,0.0,0.17131013002099998,87288.25,0.0,0.0,1459
7143386000130,2014-03-18,0.0,0.171282925974,87277.03,0.0,0.0,1459
7143386000130,2014-03-19,0.0,0.171255746152,87265.81,0.0,0.0,1459
7143386000130,2014-03-20,0.0,0.17122856633000005,87254.59,0.0,0.0,1459
7143386000130,2014-03-21,0.0,0.17120138650800001,87243.37,0.0,0.0,1459
7143386000130,2014-03-24,0.0,0.171174206686,87232.15,0.0,0.0,1459
7143386000130,2014-03-25,0.0,0.171147026864,87220.94,0.0,0.0,1459
7143386000130,2014-03-26,0.0,0.17111987126699998,87209.73,0.0,0.0,1459
7143386000130,2014-03-27,0.0,0.171092715669,87198.52,0.0,0.0,1459
7143386000130,2014-03-28,0.0,0.171065560072,87187.31,0.0,0.0,1459
7143386000130,2014-03-31,0.0,0.171038404474,87389.38,0.0,0.0,1459
7143386000130,2014-04-01,0.0,0.17101124887699998,87377.97,0.0,0.2,1459
7143386000130,2014-04-02,0.0,0.170984093197,87366.77,0.0,0.0,1459
7143386000130,2014-04-03,0.0,0.17095696174699998,87355.57,0.0,0.0,1459
7143386000130,2014-04-04,0.0,0.17092983029699998,87344.37,0.0,0.0,1459
7143386000130,2014-04-07,0.0,0.170902698847,87333.17,0.0,0.0,1459
7143386000130,2014-04-08,0.0,0.170875567397,87321.97,0.0,0.0,1459
7143386000130,2014-04-09,0.0,0.170848435947,87310.78,0.0,0.0,1459
7143386000130,2014-04-10,0.0,0.170821328722,87299.59,0.0,0.0,1459
7143386000130,2014-04-11,0.0,0.170794221496,87288.4,0.0,0.0,1459
7143386000130,2014-04-14,0.0,0.170767114271,87277.21,0.0,0.0,1459
7143386000130,2014-04-15,0.0,0.170740007045,87266.02,0.0,0.0,1459
7143386000130,2014-04-16,0.0,0.17071289982,87254.83,0.0,0.0,1459
7143386000130,2014-04-17,0.0,0.170685792595,87243.65,0.0,0.0,1459
7143386000130,2014-04-22,0.0,0.17065870959399998,87232.47,0.0,0.0,1459
7143386000130,2014-04-23,0.0,0.170631626593,87221.29,0.0,0.0,1459
7143386000130,2014-04-24,0.0,0.170604543592,87210.11,0.0,0.0,1459
7143386000130,2014-04-25,0.0,0.170577460591,87198.93,0.0,0.0,1459
7143386000130,2014-04-28,0.0,0.17055037759,87187.75,0.0,0.0,1459
7143386000130,2014-04-29,0.0,0.170523294589,87176.58,0.0,0.0,1459
7143386000130,2014-04-30,0.0,0.17049623581300002,87389.22,0.0,0.0,1459
7143386000130,2014-05-02,0.0,0.170469177036,87377.93,0.0,0.12,1459
7143386000130,2014-05-05,0.0,0.170442118211,87366.76,0.0,0.0,1459
7143386000130,2014-05-06,0.0,0.170415059388,87355.59,0.0,0.0,1459
7143386000130,2014-05-07,0.0,0.170388000566,87344.43,0.0,0.0,1459
7143386000130,2014-05-08,0.0,0.170360965968,87333.27,0.0,0.0,1459
7143386000130,2014-05-09,0.0,0.17033393136999994,87322.11,0.0,0.0,1459
7143386000130,2014-05-12,0.0,0.170306896772,87310.95,0.0,0.0,1459
7143386000130,2014-05-13,0.0,0.17027986217399999,87299.79,0.0,0.0,1459
7143386000130,2014-05-14,0.0,0.170252827576,87288.63,0.0,0.0,1459
7143386000130,2014-05-15,0.0,0.170225792978,87277.48,0.0,0.0,1459
7143386000130,2014-05-16,0.0,0.170198782604,87266.33,0.0,0.0,1459
7143386000130,2014-05-19,0.0,0.170171772231,87255.18,0.0,0.0,1459
7143386000130,2014-05-20,0.0,0.170144761857,87244.03,0.0,0.0,1459
7143386000130,2014-05-21,0.0,0.17011775148400002,87232.88,0.0,0.0,1459
7143386000130,2014-05-22,0.0,0.17009074111000005,87221.73,0.0,0.0,1459
7143386000130,2014-05-23,0.0,0.17006373073699999,87210.59,0.0,0.0,1459
7143386000130,2014-05-26,0.0,0.170036744588,87199.45,0.0,0.0,1459
7143386000130,2014-05-27,0.0,0.17000975843899999,87188.31,0.0,0.0,1459
7143386000130,2014-05-28,0.0,0.16998277228999994,87177.17,0.0,0.0,1459
7143386000130,2014-05-29,0.0,0.16995578614100001,87166.03,0.0,0.0,1459
7143386000130,2014-05-30,0.0,0.169928799992,87389.14,0.0,0.0,1459
7143386000130,2014-06-02,0.0,0.169901838068,87377.9,0.0,0.11,1459
7143386000130,2014-06-03,0.0,0.169874876099,87366.77,0.0,0.0,1459
7143386000130,2014-06-04,0.0,0.16984791413199998,87355.64,0.0,0.0,1459
7143386000130,2014-06-05,0.0,0.16982095216600002,87344.51,0.0,0.0,1459
7143386000130,2014-06-06,0.0,0.16979399019900002,87333.38,0.0,0.0,1459
7143386000130,2014-06-09,0.0,0.169767028232,87322.26,0.0,0.0,1459
7143386000130,2014-06-10,0.0,0.16974009049000002,87311.14,0.0,0.0,1459
7143386000130,2014-06-11,0.0,0.169713152748,87300.02,0.0,0.0,1459
7143386000130,2014-06-12,0.0,0.16968621500599998,87288.9,0.0,0.0,1459
7143386000130,2014-06-13,0.0,0.169659277264,87277.78,0.0,0.0,1459
7143386000130,2014-06-16,0.0,0.169632339522,87266.66,0.0,0.0,1459
7143386000130,2014-06-17,0.0,0.16960540178,87255.55,0.0,0.0,1459
7143386000130,2014-06-18,0.0,0.16957848826299998,87244.44,0.0,0.0,1459
7143386000130,2014-06-20,0.0,0.16955157474500002,87233.33,0.0,0.0,1459
7143386000130,2014-06-23,0.0,0.169524661228,87222.22,0.0,0.0,1459
7143386000130,2014-06-24,0.0,0.16949774770999998,87211.11,0.0,0.0,1459
7143386000130,2014-06-25,0.0,0.16947083419300002,87200.01,0.0,0.0,1459
7143386000130,2014-06-26,0.0,0.16944394489999998,87188.91,0.0,0.0,1459
7143386000130,2014-06-27,0.0,0.169417055607,87177.81,0.0,0.0,1459
7143386000130,2014-06-30,0.0,0.169390166314,87389.06,0.0,0.0,1459
7143386000130,2014-07-01,0.0,0.169363277021,87377.93,0.0,0.03,1459
7143386000130,2014-07-02,0.0,0.16933638771600001,87366.83,0.0,0.0,1459
7143386000130,2014-07-03,0.0,0.16930949841200002,87355.74,0.0,0.0,1459
7143386000130,2014-07-04,0.0,0.169282633332,87344.65,0.0,0.0,1459
7143386000130,2014-07-07,0.0,0.16925576825199998,87333.56,0.0,0.0,1459
7143386000130,2014-07-08,0.0,0.169228903172,87322.47,0.0,0.0,1459
7143386000130,2014-07-09,0.0,0.16920203809300002,87311.38,0.0,0.0,1459
7143386000130,2014-07-10,0.0,0.169175173013,87300.29,0.0,0.0,1459
7143386000130,2014-07-11,0.0,0.16914830793299998,87289.21,0.0,0.0,1459
7143386000130,2014-07-14,0.0,0.16912146707800002,87278.13,0.0,0.0,1459
7143386000130,2014-07-15,0.0,0.16909462622299998,87267.05,0.0,0.0,1459
7143386000130,2014-07-16,0.0,0.16906778536699998,87255.97,0.0,0.0,1459
7143386000130,2014-07-17,0.0,0.169040944512,87244.89,0.0,0.0,1459
7143386000130,2014-07-18,0.0,0.16901410365699998,87233.82,0.0,0.0,1459
7143386000130,2014-07-21,0.0,0.168987287026,87222.75,0.0,0.0,1459
7143386000130,2014-07-22,0.0,0.16896047039599998,87211.68,0.0,0.0,1459
7143386000130,2014-07-23,0.0,0.168933653765,87200.61,0.0,0.0,1459
7143386000130,2014-07-24,0.0,0.16890683713399998,87189.54,0.0,0.0,1459
7143386000130,2014-07-25,0.0,0.168880020504,87178.47,0.0,0.0,1459
7143386000130,2014-07-28,0.0,0.16885320387299999,87167.41,0.0,0.0,1459
7143386000130,2014-07-29,0.0,0.16882641146699998,87156.35,0.0,0.0,1459
7143386000130,2014-07-30,0.0,0.16879961906100002,87145.29,0.0,0.0,1459
7143386000130,2014-07-31,0.0,0.168772826655,87389.07,0.0,0.0,1459
7143386000130,2014-08-01,0.0,0.168746034249,87377.97,0.0,0.04,1459
7143386000130,2014-08-04,0.0,0.16871924182700002,87366.91,0.0,0.0,1459
7143386000130,2014-08-05,0.0,0.168692449405,87355.86,0.0,0.0,1459
7143386000130,2014-08-06,0.0,0.16866568120900002,87344.81,0.0,0.0,1459
7143386000130,2014-08-07,0.0,0.168638913012,87333.76,0.0,0.0,1459
7143386000130,2014-08-08,0.0,0.168612144815,87322.71,0.0,0.0,1459
7143386000130,2014-08-11,0.0,0.16858537661800002,87311.66,0.0,0.0,1459
7143386000130,2014-08-12,0.0,0.16855860842099998,87300.62,0.0,0.0,1459
7143386000130,2014-08-13,0.0,0.16853186444899998,87289.58,0.0,0.0,1459
7143386000130,2014-08-14,0.0,0.168505120477,87278.54,0.0,0.0,1459
7143386000130,2014-08-15,0.0,0.168478376505,87267.5,0.0,0.0,1459
7143386000130,2014-08-18,0.0,0.168451632533,87256.46,0.0,0.0,1459
7143386000130,2014-08-19,0.0,0.168424888561,87245.42,0.0,0.0,1459
7143386000130,2014-08-20,0.0,0.16839814458799998,87234.39,0.0,0.0,1459
7143386000130,2014-08-21,0.0,0.16837142484099998,87223.36,0.0,0.0,1459
7143386000130,2014-08-22,0.0,0.168344705093,87212.33,0.0,0.0,1459
7143386000130,2014-08-25,0.0,0.168317985346,87201.3,0.0,0.0,1459
7143386000130,2014-08-26,0.0,0.16829126559799998,87190.27,0.0,0.0,1459
7143386000130,2014-08-27,0.0,0.16826454585099998,87179.24,0.0,0.0,1459
7143386000130,2014-08-28,0.0,0.168237826103,87168.22,0.0,0.0,1459
7143386000130,2014-08-29,0.0,0.16821113057999998,87389.07,0.0,0.0,1459
7143386000130,2014-09-01,0.0,0.168184435057,87377.99,0.0,0.06,1459
7143386000130,2014-09-02,0.0,0.16815773951,87366.97,0.0,0.0,1459
7143386000130,2014-09-03,0.0,0.168131043964,87355.95,0.0,0.0,1459
7143386000130,2014-09-04,0.0,0.168104348418,87344.94,0.0,0.0,1459
7143386000130,2014-09-05,0.0,0.16807767709600002,87333.93,0.0,0.0,1459
7143386000130,2014-09-08,0.0,0.168051005775,87322.92,0.0,0.0,1459
7143386000130,2014-09-09,0.0,0.168024334454,87311.91,0.0,0.0,1459
7143386000130,2014-09-10,0.0,0.167997663132,87300.9,0.0,0.0,1459
7143386000130,2014-09-11,0.0,0.167970991811,87289.89,0.0,0.0,1459
7143386000130,2014-09-12,0.0,0.16794432048900002,87278.89,0.0,0.0,1459
7143386000130,2014-09-15,0.0,0.16791767339299998,87267.89,0.0,0.0,1459
7143386000130,2014-09-16,0.0,0.167891026296,87256.89,0.0,0.0,1459
7143386000130,2014-09-17,0.0,0.167864379199,87245.89,0.0,0.0,1459
7143386000130,2014-09-18,0.0,0.167837732102,87234.89,0.0,0.0,1459
7143386000130,2014-09-19,0.0,0.16781108500599998,87223.89,0.0,0.0,1459
7143386000130,2014-09-22,0.0,0.167784437909,87212.9,0.0,0.0,1459
7143386000130,2014-09-23,0.0,0.167757815037,87201.91,0.0,0.0,1459
7143386000130,2014-09-24,0.0,0.167731192165,87190.92,0.0,0.0,1459
7143386000130,2014-09-25,0.0,0.167704569293,87179.93,0.0,0.0,1459
7143386000130,2014-09-26,0.0,0.16767794642,87168.94,0.0,0.0,1459
7143386000130,2014-09-29,0.0,0.167651323548,87157.95,0.0,0.0,1459
7143386000130,2014-09-30,0.0,0.167624700676,87389.05,0.0,0.0,1459
7143386000130,2014-10-01,0.0,0.167598102029,87378.04,0.0,0.03,1459
7143386000130,2014-10-02,0.0,0.167571503369,87367.06,0.0,0.0,1459
7143386000130,2014-10-03,0.0,0.16754490471,87356.08,0.0,0.0,1459
7143386000130,2014-10-06,0.0,0.16751830605100002,87345.1,0.0,0.0,1459
7143386000130,2014-10-07,0.0,0.167491707392,87334.13,0.0,0.0,1459
7143386000130,2014-10-08,0.0,0.167465132958,87323.16,0.0,0.0,1459
7143386000130,2014-10-09,0.0,0.167438558523,87312.19,0.0,0.0,1459
7143386000130,2014-10-10,0.0,0.167411984089,87301.22,0.0,0.0,1459
7143386000130,2014-10-13,0.0,0.16738540965399998,87290.25,0.0,0.0,1459
7143386000130,2014-10-14,0.0,0.16735883522,87279.28,0.0,0.0,1459
7143386000130,2014-10-15,0.0,0.167332260786,87268.32,0.0,0.0,1459
7143386000130,2014-10-16,0.0,0.16730571057600002,87257.36,0.0,0.0,1459
7143386000130,2014-10-17,0.0,0.167279160366,87246.4,0.0,0.0,1459
7143386000130,2014-10-20,0.0,0.167252610157,87235.44,0.0,0.0,1459
7143386000130,2014-10-21,0.0,0.167226059947,87224.48,0.0,0.0,1459
7143386000130,2014-10-22,0.0,0.167199509737,87213.52,0.0,0.0,1459
7143386000130,2014-10-23,0.0,0.167172959527,87202.57,0.0,0.0,1459
7143386000130,2014-10-24,0.0,0.167146433542,87191.62,0.0,0.0,1459
7143386000130,2014-10-27,0.0,0.167119907557,87180.67,0.0,0.0,1459
7143386000130,2014-10-28,0.0,0.167093381572,87169.72,0.0,0.0,1459
7143386000130,2014-10-29,0.0,0.16706685558700002,87158.77,0.0,0.0,1459
7143386000130,2014-10-30,0.0,0.167040329602,87147.82,0.0,0.0,1459
7143386000130,2014-10-31,0.0,0.167013803617,87389.06,0.0,0.0,1459
7143386000130,2014-11-03,0.0,0.166987301856,87378.1,0.0,0.02,1459
7143386000130,2014-11-04,0.0,0.166960800088,87367.16,0.0,0.0,1459
7143386000130,2014-11-05,0.0,0.166934298319,87356.22,0.0,0.0,1459
7143386000130,2014-11-06,0.0,0.166907796551,87345.28,0.0,0.0,1459
7143386000130,2014-11-07,0.0,0.16688129478299998,87334.35,0.0,0.0,1459
7143386000130,2014-11-10,0.0,0.16685481724,87323.42,0.0,0.0,1459
7143386000130,2014-11-11,0.0,0.166828339696,87312.49,0.0,0.0,1459
7143386000130,2014-11-12,0.0,0.166801862153,87301.56,0.0,0.0,1459
7143386000130,2014-11-13,0.0,0.166775384609,87290.63,0.0,0.0,1459
7143386000130,2014-11-14,0.0,0.16674890706599999,87279.7,0.0,0.0,1459
7143386000130,2014-11-17,0.0,0.166722429522,87268.78,0.0,0.0,1459
7143386000130,2014-11-18,0.0,0.166695976203,87257.86,0.0,0.0,1459
7143386000130,2014-11-19,0.0,0.166669522885,87246.94,0.0,0.0,1459
7143386000130,2014-11-20,0.0,0.166643069566,87236.02,0.0,0.0,1459
7143386000130,2014-11-21,0.0,0.166616616247,87225.1,0.0,0.0,1459
7143386000130,2014-11-24,0.0,0.166590162928,87214.18,0.0,0.0,1459
7143386000130,2014-11-25,0.0,0.166563709609,87203.27,0.0,0.0,1459
7143386000130,2014-11-26,0.0,0.166537280515,87192.36,0.0,0.0,1459
7143386000130,2014-11-27,0.0,0.166510851421,87181.45,0.0,0.0,1459
7143386000130,2014-11-28,0.0,0.166484422327,87389.07,0.0,0.0,1459
7143386000130,2014-12-01,0.0,0.166457993233,87378.12,0.0,0.04,1459
7143386000130,2014-12-02,0.0,0.166431564123,87367.21,0.0,0.0,1459
7143386000130,2014-12-03,0.0,0.166405135013,87356.31,0.0,0.0,1459
7143386000130,2014-12-04,0.0,0.166378730128,87345.41,0.0,0.0,1459
7143386000130,2014-12-05,0.0,0.166352325243,87334.51,0.0,0.0,1459
7143386000130,2014-12-08,0.0,0.166325920358,87323.61,0.0,0.0,1459
7143386000130,2014-12-09,0.0,0.166299515474,87312.71,0.0,0.0,1459
7143386000130,2014-12-10,0.0,0.16627311058900002,87301.82,0.0,0.0,1459
7143386000130,2014-12-11,0.0,0.166246729928,87290.93,0.0,0.0,1459
7143386000130,2014-12-12,0.0,0.166220349268,87280.04,0.0,0.0,1459
7143386000130,2014-12-15,0.0,0.166193968608,87269.15,0.0,0.0,1459
7143386000130,2014-12-16,0.0,0.166167587948,87258.26,0.0,0.0,1459
7143386000130,2014-12-17,0.0,0.16614120728700002,87247.37,0.0,0.0,1459
7143386000130,2014-12-18,0.0,0.166114826627,87236.49,0.0,0.0,1459
7143386000130,2014-12-19,0.0,0.16608847019200002,87225.61,0.0,0.0,1459
7143386000130,2014-12-22,0.0,0.166062113756,87214.73,0.0,0.0,1459
7143386000130,2014-12-23,0.0,0.166035757321,87203.85,0.0,0.0,1459
7143386000130,2014-12-24,0.0,0.16600940088500002,87192.97,0.0,0.0,1459
7143386000130,2014-12-26,0.0,0.165983044449,87182.09,0.0,0.0,1459
7143386000130,2014-12-29,0.0,0.165956688014,87171.22,0.0,0.0,1459
7143386000130,2014-12-30,0.0,0.165930355803,87160.35,0.0,0.0,1459
7143386000130,2014-12-31,0.0,0.16590402359200002,87389.07,0.0,0.0,1459
7143386000130,2015-01-02,0.0,0.165877691381,87378.19,0.0,0.01,1459
7143386000130,2015-01-05,0.0,0.165851359166,87367.32,0.0,0.0,1459
7143386000130,2015-01-06,0.0,0.165825026951,87356.45,0.0,0.0,1459
7143386000130,2015-01-07,0.0,0.165798694737,87345.59,0.0,0.0,1459
7143386000130,2015-01-08,0.0,0.16577238674699998,87334.73,0.0,0.0,1459
7143386000130,2015-01-09,0.0,0.165746078757,87323.87,0.0,0.0,1459
7143386000130,2015-01-12,0.0,0.165719770766,87313.01,0.0,0.0,1459
7143386000130,2015-01-13,0.0,0.165693462776,87302.15,0.0,0.0,1459
7143386000130,2015-01-14,0.0,0.165667154786,87291.29,0.0,0.0,1459
7143386000130,2015-01-15,0.0,0.165640846796,87280.44,0.0,0.0,1459
7143386000130,2015-01-16,0.0,0.165614563031,87269.59,0.0,0.0,1459
7143386000130,2015-01-19,0.0,0.165588279265,87258.74,0.0,0.0,1459
7143386000130,2015-01-20,0.0,0.1655619955,87247.89,0.0,0.0,1459
7143386000130,2015-01-21,0.0,0.165535711735,87237.04,0.0,0.0,1459
7143386000130,2015-01-22,0.0,0.165509427969,87226.2,0.0,0.0,1459
7143386000130,2015-01-23,0.0,0.165483168428,87215.36,0.0,0.0,1459
7143386000130,2015-01-26,0.0,0.16545690888800002,87204.52,0.0,0.0,1459
7143386000130,2015-01-27,0.0,0.165430649347,87193.68,0.0,0.0,1459
7143386000130,2015-01-28,0.0,0.165404389806,87182.84,0.0,0.0,1459
7143386000130,2015-01-29,0.0,0.165378130265,87172.0,0.0,0.0,1459
7143386000130,2015-01-30,0.0,0.165351870725,87161.17,0.0,0.0,1459
7143386000130,2015-02-02,0.0,0.165325635409,87150.3,0.0,0.04,1459
7143386000130,2015-02-03,0.0,0.165299400076,87139.47,0.0,0.0,1459
7143386000130,2015-02-04,0.0,0.165273164745,87128.64,0.0,0.0,1459
7143386000130,2015-02-05,0.0,0.16524692941299998,87117.81,0.0,0.0,1459
7143386000130,2015-02-06,0.0,0.165220694082,87106.98,0.0,0.0,1459
7143386000130,2015-02-09,0.0,0.16519445875,87096.16,0.0,0.0,1459
7143386000130,2015-02-10,0.0,0.165168247643,87085.34,0.0,0.0,1459
7143386000130,2015-02-11,0.0,0.165142036537,87074.52,0.0,0.0,1459
7143386000130,2015-02-12,0.0,0.16511582543,87063.7,0.0,0.0,1459
7143386000130,2015-02-13,0.0,0.16508961432299998,87052.88,0.0,0.0,1459
7143386000130,2015-02-18,0.0,0.165063403216,87042.06,0.0,0.0,1459
7143386000130,2015-02-19,0.0,0.16503719210999998,87031.25,0.0,0.0,1459
7143386000130,2015-02-20,0.0,0.165011005228,87020.44,0.0,0.0,1459
7143386000130,2015-02-23,0.0,0.164984818345,87009.63,0.0,0.0,1459
7143386000130,2015-02-24,0.0,0.164958631463,86998.82,0.0,0.0,1459
7143386000130,2015-02-25,0.0,0.164932444581,86988.01,0.0,0.0,1459
7143386000130,2015-02-26,0.0,0.164906257699,86977.2,0.0,0.0,1459
7143386000130,2015-02-27,0.0,0.164880070817,86966.4,0.0,0.0,1459
7143386000130,2015-03-02,0.0,0.16485390816,86955.59,0.0,0.01,1459
7143386000130,2015-03-03,0.0,0.164827745498,87139.55,0.0,0.0,1459
7143386000130,2015-03-04,0.0,0.164801582837,87128.75,0.0,0.0,1459
7143386000130,2015-03-05,0.0,0.164775420176,87117.95,0.0,0.0,1459
7143386000130,2015-03-06,0.0,0.164749257514,87107.15,0.0,0.0,1459
7143386000130,2015-03-09,0.0,0.16472309485300002,87096.36,0.0,0.0,1459
7143386000130,2015-03-10,0.0,0.164696956417,87085.57,0.0,0.0,1459
7143386000130,2015-03-11,0.0,0.16467081798,87074.78,0.0,0.0,1459
7143386000130,2015-03-12,0.0,0.164644679543,87063.99,0.0,0.0,1459
7143386000130,2015-03-13,0.0,0.164618541107,87053.2,0.0,0.0,1459
7143386000130,2015-03-16,0.0,0.16459240267,87042.42,0.0,0.0,1459
7143386000130,2015-03-17,0.0,0.164566288458,87031.64,0.0,0.0,1459
7143386000130,2015-03-18,0.0,0.164540174247,87020.86,0.0,0.0,1459
7143386000130,2015-03-19,0.0,0.164514060035,87010.08,0.0,0.0,1459
7143386000130,2015-03-20,0.0,0.164487945823,86999.3,0.0,0.0,1459
7143386000130,2015-03-23,0.0,0.164461831611,86988.52,0.0,0.0,1459
7143386000130,2015-03-24,0.0,0.164435717399,86977.75,0.0,0.0,1459
7143386000130,2015-03-25,0.0,0.164409627412,86966.98,0.0,0.0,1459
7143386000130,2015-03-26,0.0,0.164383537425,86956.21,0.0,0.0,1459
7143386000130,2015-03-27,0.0,0.164357447438,86945.44,0.0,0.0,1459
7143386000130,2015-03-30,0.0,0.16433135745,86934.67,0.0,0.0,1459
7143386000130,2015-03-31,0.0,0.164305267463,86923.9,0.0,0.0,1459
7143386000130,2015-04-01,0.0,0.16427917747600002,87150.38,0.0,0.04,1459
7143386000130,2015-04-02,0.0,0.164253111697,87139.62,0.0,0.0,1459
7143386000130,2015-04-06,0.0,0.164227045919,87128.86,0.0,0.0,1459
7143386000130,2015-04-07,0.0,0.164200980141,87118.1,0.0,0.0,1459
7143386000130,2015-04-08,0.0,0.164174914363,87107.34,0.0,0.0,1459
7143386000130,2015-04-09,0.0,0.164148848585,87096.58,0.0,0.0,1459
7143386000130,2015-04-10,0.0,0.164122782807,87085.83,0.0,0.0,1459
7143386000130,2015-04-13,0.0,0.164096741254,87075.08,0.0,0.0,1459
7143386000130,2015-04-14,0.0,0.164070699701,87064.33,0.0,0.0,1459
7143386000130,2015-04-15,0.0,0.164044658148,87053.58,0.0,0.0,1459
7143386000130,2015-04-16,0.0,0.164018616594,87042.83,0.0,0.0,1459
7143386000130,2015-04-17,0.0,0.163992575041,87032.08,0.0,0.0,1459
7143386000130,2015-04-20,0.0,0.163966533488,87021.34,0.0,0.0,1459
7143386000130,2015-04-22,0.0,0.16394051616,87010.6,0.0,0.0,1459
7143386000130,2015-04-23,0.0,0.16391449883099998,86999.86,0.0,0.0,1459
7143386000130,2015-04-24,0.0,0.163888481503,86989.12,0.0,0.0,1459
7143386000130,2015-04-27,0.0,0.163862464174,86978.38,0.0,0.0,1459
7143386000130,2015-04-28,0.0,0.163836446846,86967.64,0.0,0.0,1459
7143386000130,2015-04-29,0.0,0.163810429517,86956.91,0.0,0.0,1459
7143386000130,2015-04-30,0.0,0.163784436413,86731.18,0.0,0.0,1459
7143386000130,2015-05-04,0.0,0.16375844330999995,86720.45,0.0,0.0,1459
7143386000130,2015-05-05,0.0,0.163732450206,86709.72,0.0,0.0,1459
7143386000130,2015-05-06,0.0,0.16370645710200002,86698.99,0.0,0.0,1459
7143386000130,2015-05-07,0.0,0.16368046399800001,86688.26,0.0,0.0,1459
7143386000130,2015-05-08,0.0,0.16365447089500001,86677.54,0.0,0.0,1459
7143386000130,2015-05-11,0.0,0.163628502015,86666.82,0.0,0.0,1459
7143386000130,2015-05-12,0.0,0.163602533136,86656.1,0.0,0.0,1459
7143386000130,2015-05-13,0.0,0.16357656425699998,86645.38,0.0,0.0,1459
7143386000130,2015-05-14,0.0,0.16355059537799999,86634.66,0.0,0.0,1459
7143386000130,2015-05-15,0.0,0.16352462649900001,86623.95,0.0,0.0,1459
7143386000130,2015-05-18,0.0,0.163498681845,86613.24,0.0,0.0,1459
7143386000130,2015-05-19,0.0,0.16347273719,86602.53,0.0,0.0,1459
7143386000130,2015-05-20,0.0,0.163446792536,86591.82,0.0,0.0,1459
7143386000130,2015-05-21,0.0,0.163420847882,86581.11,0.0,0.0,1459
7143386000130,2015-05-22,0.0,0.16339490322699998,86570.4,0.0,0.0,1459
7143386000130,2015-05-25,0.0,0.163368958573,86559.7,0.0,0.0,1459
7143386000130,2015-05-26,0.0,0.163343038143,86549.0,0.0,0.0,1459
7143386000130,2015-05-27,0.0,0.163317117714,86538.3,0.0,0.0,1459
7143386000130,2015-05-28,0.0,0.163291197284,86527.6,0.0,0.0,1459
7143386000130,2015-05-29,0.0,0.163265276854,86516.9,0.0,0.0,1459
7143386000130,2015-06-01,0.0,0.163239356425,86506.17,0.0,0.03,1459
7143386000130,2015-06-02,0.0,0.163213435983,86495.48,0.0,0.0,1459
7143386000130,2015-06-03,0.0,0.163187539766,86484.79,0.0,0.0,1459
7143386000130,2015-06-05,0.0,0.16316164355,86474.1,0.0,0.0,1459
7143386000130,2015-06-08,0.0,0.163135747333,86463.41,0.0,0.0,1459
7143386000130,2015-06-09,0.0,0.16310985111600002,86452.72,0.0,0.0,1459
7143386000130,2015-06-10,0.0,0.1630839549,86442.03,0.0,0.0,1459
7143386000130,2015-06-11,0.0,0.163058058683,86431.35,0.0,0.0,1459
7143386000130,2015-06-12,0.0,0.16303218669199998,86420.67,0.0,0.0,1459
7143386000130,2015-06-15,0.0,0.16300631470000002,86409.99,0.0,0.0,1459
7143386000130,2015-06-16,0.0,0.162980442708,86399.31,0.0,0.0,1459
7143386000130,2015-06-17,0.0,0.162954570716,86388.63,0.0,0.0,1459
7143386000130,2015-06-18,0.0,0.16292869872500002,86377.95,0.0,0.0,1459
7143386000130,2015-06-19,0.0,0.162902826733,86367.28,0.0,0.0,1459
7143386000130,2015-06-22,0.0,0.162876978966,86356.61,0.0,0.0,1459
7143386000130,2015-06-23,0.0,0.162851131199,86345.94,0.0,0.0,1459
7143386000130,2015-06-24,0.0,0.162825283432,86335.27,0.0,0.0,1459
7143386000130,2015-06-25,0.0,0.162799435664,86324.6,0.0,0.0,1459
7143386000130,2015-06-26,0.0,0.162773587897,86313.93,0.0,0.0,1459
7143386000130,2015-06-29,0.0,0.16274774013,86303.27,0.0,0.0,1459
7143386000130,2015-06-30,0.0,0.162721916588,86292.61,0.0,0.0,1459
7143386000130,2015-07-01,0.0,0.162696093046,86281.93,0.0,0.02,1459
7143386000130,2015-07-02,0.0,0.162670269495,86271.27,0.0,0.0,1459
7143386000130,2015-07-03,0.0,0.162644445945,86260.61,0.0,0.0,1459
7143386000130,2015-07-06,0.0,0.162618622395,86249.95,0.0,0.0,1459
7143386000130,2015-07-07,0.0,0.162592798845,86239.3,0.0,0.0,1459
7143386000130,2015-07-08,0.0,0.16256699952,86228.65,0.0,0.0,1459
7143386000130,2015-07-09,0.0,0.162541200194,86218.0,0.0,0.0,1459
7143386000130,2015-07-10,0.0,0.162515400869,86207.35,0.0,0.0,1459
7143386000130,2015-07-13,0.0,0.162489601544,86196.7,0.0,0.0,1459
7143386000130,2015-07-14,0.0,0.162463802218,86186.05,0.0,0.0,1459
7143386000130,2015-07-15,0.0,0.162438002893,86175.41,0.0,0.0,1459
7143386000130,2015-07-16,0.0,0.162412227792,86164.77,0.0,0.0,1459
7143386000130,2015-07-17,0.0,0.162386452692,86154.13,0.0,0.0,1459
7143386000130,2015-07-20,0.0,0.162360677591,86143.49,0.0,0.0,1459
7143386000130,2015-07-21,0.0,0.162334902491,86132.85,0.0,0.0,1459
7143386000130,2015-07-22,0.0,0.16230912739,86122.21,0.0,0.0,1459
7143386000130,2015-07-23,0.0,0.162283352289,86111.58,0.0,0.0,1459
7143386000130,2015-07-24,0.0,0.162257601413,86100.95,0.0,0.0,1459
7143386000130,2015-07-27,0.0,0.162231850538,86090.32,0.0,0.0,1459
7143386000130,2015-07-28,0.0,0.162206099662,86079.69,0.0,0.0,1459
7143386000130,2015-07-29,0.0,0.162180348786,86069.06,0.0,0.0,1459
7143386000130,2015-07-30,0.0,0.16215459791,86058.43,0.0,0.0,1459
7143386000130,2015-07-31,0.0,0.16212884703400002,86047.81,0.0,0.0,1459
7143386000130,2015-08-03,0.0,0.162103120383,86037.17,0.0,0.02,1459
7143386000130,2015-08-04,0.0,0.162077393724,86026.55,0.0,0.0,1459
7143386000130,2015-08-05,0.0,0.162051667065,86015.93,0.0,0.0,1459
7143386000130,2015-08-06,0.0,0.162025940406,86005.31,0.0,0.0,1459
7143386000130,2015-08-07,0.0,0.162000213747,85994.7,0.0,0.0,1459
7143386000130,2015-08-10,0.0,0.161974511313,85984.09,0.0,0.0,1459
7143386000130,2015-08-11,0.0,0.161948808879,85973.48,0.0,0.0,1459
7143386000130,2015-08-12,0.0,0.161923106445,85962.87,0.0,0.0,1459
7143386000130,2015-08-13,0.0,0.161897404011,85952.26,0.0,0.0,1459
7143386000130,2015-08-14,0.0,0.161871701576,85941.65,0.0,0.0,1459
7143386000130,2015-08-17,0.0,0.161845999142,85931.05,0.0,0.0,1459
7143386000130,2015-08-18,0.0,0.161820320933,85920.45,0.0,0.0,1459
7143386000130,2015-08-19,0.0,0.16179464272299998,85909.85,0.0,0.0,1459
7143386000130,2015-08-20,0.0,0.161768964514,85899.25,0.0,0.0,1459
7143386000130,2015-08-21,0.0,0.161743286305,85888.65,0.0,0.0,1459
7143386000130,2015-08-24,0.0,0.161717608095,85878.05,0.0,0.0,1459
7143386000130,2015-08-25,0.0,0.161691929886,85867.46,0.0,0.0,1459
7143386000130,2015-08-26,0.0,0.161666275901,85856.87,0.0,0.0,1459
7143386000130,2015-08-27,0.0,0.161640621916,85846.28,0.0,0.0,1459
7143386000130,2015-08-28,0.0,0.161614967932,85835.69,0.0,0.0,1459
7143386000130,2015-08-31,0.0,0.161589313947,86047.82,0.0,0.0,1459
7143386000130,2015-09-01,0.0,0.161563659962,86037.21,0.0,0.02,1459
7143386000130,2015-09-02,0.0,0.16153800596999998,86026.63,0.0,0.0,1459
7143386000130,2015-09-03,0.0,0.161512376202,86016.05,0.0,0.0,1459
7143386000130,2015-09-04,0.0,0.161486746435,86005.47,0.0,0.0,1459
7143386000130,2015-09-08,0.0,0.161461116667,85994.89,0.0,0.0,1459
7143386000130,2015-09-09,0.0,0.161435486899,85984.31,0.0,0.0,1459
7143386000130,2015-09-10,0.0,0.16140985713199998,85973.73,0.0,0.0,1459
7143386000130,2015-09-11,0.0,0.16138422736400002,85963.16,0.0,0.0,1459
7143386000130,2015-09-14,0.0,0.161358621821,85952.59,0.0,0.0,1459
7143386000130,2015-09-15,0.0,0.161333016278,85942.02,0.0,0.0,1459
7143386000130,2015-09-16,0.0,0.161307410735,85931.45,0.0,0.0,1459
7143386000130,2015-09-17,0.0,0.161281805192,85920.88,0.0,0.0,1459
7143386000130,2015-09-18,0.0,0.161256199649,85910.31,0.0,0.0,1459
7143386000130,2015-09-21,0.0,0.161230594106,85899.75,0.0,0.0,1459
7143386000130,2015-09-22,0.0,0.161205012788,85889.19,0.0,0.0,1459
7143386000130,2015-09-23,0.0,0.16117943147,85878.63,0.0,0.0,1459
7143386000130,2015-09-24,0.0,0.161153850152,85868.07,0.0,0.0,1459
7143386000130,2015-09-25,0.0,0.161128268834,85857.51,0.0,0.0,1459
7143386000130,2015-09-28,0.0,0.16110268751499998,85846.95,0.0,0.0,1459
7143386000130,2015-09-29,0.0,0.161077106197,85836.4,0.0,0.0,1459
7143386000130,2017-12-07,0.0,0.14774461728,81873.67,0.0,0.0,1459
7143386000130,2017-12-08,0.0,0.147721163953,81883.14,0.0,0.0,1459
7143386000130,2017-12-11,0.0,0.147697710626,81892.61,0.0,0.0,1459
7143386000130,2017-12-12,0.0,0.147674257299,81902.07,0.0,0.0,1459
7143386000130,2017-12-13,0.0,0.147650828738,81911.53,0.0,0.0,1459
7143386000130,2017-12-14,0.0,0.147627400176,81920.99,0.0,0.0,1459
7143386000130,2017-12-15,0.0,0.147603971615,81930.45,0.0,0.0,1459
7143386000130,2017-12-18,0.0,0.147580543054,81939.91,0.0,0.0,1459
7143386000130,2017-12-19,0.0,0.147557114493,81949.37,0.0,0.0,1459
7143386000130,2017-12-20,0.0,0.147533685932,81958.83,0.0,0.0,1459
7143386000130,2017-12-21,0.0,0.147510257371,81968.28,0.0,0.0,1459
7143386000130,2017-12-22,0.0,0.147486853576,81977.73,0.0,0.0,1459
7143386000130,2017-12-26,0.0,0.147463449781,81987.18,0.0,0.0,1459
7143386000130,2017-12-27,0.0,0.147440045986,81996.63,0.0,0.0,1459
7143386000130,2017-12-28,0.0,0.14741664219,82006.08,0.0,0.0,1459
7143386000130,2018-01-02,0.0,0.1473698346,81646.45,0.0,0.03,1459
7143386000130,2018-01-03,0.0,0.147346430793,81655.89,0.0,0.0,1459
7143386000130,2018-01-04,0.0,0.147323051752,81665.33,0.0,0.0,1459
7143386000130,2018-01-05,0.0,0.147299672711,81674.77,0.0,0.0,1459
7143386000130,2018-01-08,0.0,0.14727629367,81684.21,0.0,0.0,1459
7143386000130,2018-01-09,0.0,0.147252914629,81693.65,0.0,0.0,1459
7143386000130,2018-01-11,0.0,0.147206156547,81712.52,0.0,0.0,1459
7143386000130,2018-01-12,0.0,0.147182802271,81721.95,0.0,0.0,1459
7143386000130,2018-01-15,0.0,0.147159447996,81731.38,0.0,0.0,1459
7143386000130,2018-01-16,0.0,0.147136093721,81740.81,0.0,0.0,1459
7143386000130,2018-01-17,0.0,0.14711273944599998,81750.24,0.0,0.0,1459
7143386000130,2018-01-18,0.0,0.147089385171,81759.67,0.0,0.0,1459
7143386000130,2018-01-19,0.0,0.147066030896,81769.1,0.0,0.0,1459
7143386000130,2018-01-22,0.0,0.147042676621,81778.52,0.0,0.0,1459
7143386000130,2018-01-23,0.0,0.14701934711200002,81787.94,0.0,0.0,1459
7143386000130,2018-01-24,0.0,0.146996017603,81797.36,0.0,0.0,1459
7143386000130,2018-01-25,0.0,0.146972688093,81806.78,0.0,0.0,1459
7143386000130,2018-01-26,0.0,0.146949358584,81816.2,0.0,0.0,1459
7143386000130,2018-01-29,0.0,0.14692602907500002,81825.62,0.0,0.0,1459
7143386000130,2018-01-30,0.0,0.146902699566,81835.04,0.0,0.0,1459
7143386000130,2018-01-31,0.0,0.146879370057,81429.47,0.0,0.0,1459
7143386000130,2018-02-01,0.0,0.146856065314,81438.85,0.0,0.03,1459
7143386000130,2018-02-02,0.0,0.146832760558,81448.26,0.0,0.0,1459
7143386000130,2018-02-05,0.0,0.146809455803,81457.67,0.0,0.0,1459
7143386000130,2018-02-06,0.0,0.146786151048,81467.08,0.0,0.0,1459
7143386000130,2018-02-07,0.0,0.146762846293,81476.49,0.0,0.0,1459
7143386000130,2018-02-08,0.0,0.146739541538,81485.89,0.0,0.0,1459
7143386000130,2018-02-09,0.0,0.146716261549,81495.29,0.0,0.0,1459
7143386000130,2018-02-14,0.0,0.146692981559,81504.69,0.0,0.0,1459
7143386000130,2018-02-15,0.0,0.14666970157,81514.09,0.0,0.0,1459
7143386000130,2018-02-16,0.0,0.146646421581,81523.49,0.0,0.0,1459
7143386000130,2018-02-19,0.0,0.146623141592,81532.89,0.0,0.0,1459
7143386000130,2018-02-20,0.0,0.146599861603,81542.29,0.0,0.0,1459
7143386000130,2018-02-21,0.0,0.146576581614,81551.68,0.0,0.0,1459
7143386000130,2018-02-22,0.0,0.146553326391,81561.07,0.0,0.0,1459
7143386000130,2018-02-23,0.0,0.146530071168,81570.46,0.0,0.0,1459
7143386000130,2018-02-26,0.0,0.146506815945,81579.85,0.0,0.0,1459
7143386000130,2018-02-27,0.0,0.146483560722,81589.24,0.0,0.0,1459
7143386000130,2018-02-28,0.0,0.14646030549900002,81260.21,0.0,0.0,1459
7143386000130,2018-03-01,0.0,0.146437050275,81269.55,0.0,0.05,1459
7143386000130,2018-03-02,0.0,0.146413795031,81278.93,0.0,0.0,1459
7143386000130,2018-03-05,0.0,0.146390564555,81288.31,0.0,0.0,1459
7143386000130,2018-03-06,0.0,0.146367334078,81297.69,0.0,0.0,1459
7143386000130,2018-03-07,0.0,0.146344103601,81307.07,0.0,0.0,1459
7143386000130,2018-03-08,0.0,0.146320873124,81316.45,0.0,0.0,1459
7143386000130,2018-03-09,0.0,0.146297642647,81325.83,0.0,0.0,1459
7143386000130,2018-03-12,0.0,0.14627441217,81335.21,0.0,0.0,1459
7143386000130,2018-03-13,0.0,0.146251181694,81344.58,0.0,0.0,1459
7143386000130,2018-03-14,0.0,0.146227975983,81353.95,0.0,0.0,1459
7143386000130,2018-03-15,0.0,0.146204770272,81363.32,0.0,0.0,1459
7143386000130,2018-03-16,0.0,0.146181564561,81372.69,0.0,0.0,1459
7143386000130,2018-03-19,0.0,0.14615835885,81382.06,0.0,0.0,1459
7143386000130,2018-03-20,0.0,0.146135153139,81391.43,0.0,0.0,1459
7143386000130,2018-03-21,0.0,0.14611194742900002,81400.79,0.0,0.0,1459
7143386000130,2018-03-22,0.0,0.146088766484,81400.79,0.0,0.0,0
7143386000130,2018-03-23,0.0,0.146065585539,81419.51,0.0,0.0,1459
7143386000130,2018-03-26,0.0,0.146042404594,81428.87,0.0,0.0,1459
7143386000130,2018-03-27,0.0,0.146019223649,81438.23,0.0,0.0,1459
7143386000130,2018-03-28,0.0,0.14599604270400002,81447.59,0.0,0.0,1459
7143386000130,2018-03-29,0.0,0.14597286175899998,81063.31,0.0,0.0,1459
7143386000130,2018-04-02,0.0,0.145949680814,81072.66,0.0,0.0,1459
7143386000130,2018-04-03,0.0,0.145926524635,81082.01,0.0,0.0,1459
7143386000130,2018-04-04,0.0,0.145903368457,81091.36,0.0,0.0,1459
7143386000130,2018-04-05,0.0,0.145880212278,81100.71,0.0,0.0,1459
7143386000130,2018-04-06,0.0,0.145857056099,81110.06,0.0,0.0,1459
7143386000130,2018-04-09,0.0,0.14583389992,81119.41,0.0,0.0,1459
7143386000130,2018-04-10,0.0,0.145810743741,81128.76,0.0,0.0,1459
7143386000130,2018-04-11,0.0,0.145787587562,81138.1,0.0,0.0,1459
7143386000130,2018-04-12,0.0,0.145764456149,81147.44,0.0,0.0,1459
7143386000130,2018-04-13,0.0,0.145741324736,81156.78,0.0,0.0,1459
7143386000130,2018-04-16,0.0,0.145718193323,81166.12,0.0,0.0,1459
7143386000130,2018-04-17,0.0,0.14569506191,81175.46,0.0,0.0,1459
7143386000130,2018-04-18,0.0,0.145671930497,81184.8,0.0,0.0,1459
7143386000130,2018-04-19,0.0,0.145648799084,81194.13,0.0,0.0,1459
7143386000130,2018-04-20,0.0,0.145625692437,81203.46,0.0,0.0,1459
7143386000130,2018-04-23,0.0,0.14560258579000002,81212.79,0.0,0.0,1459
7143386000130,2018-04-24,0.0,0.145579479143,81222.12,0.0,0.0,1459
7143386000130,2018-04-25,0.0,0.145556372496,81231.45,0.0,0.0,1459
7143386000130,2018-04-26,0.0,0.145533265849,81240.78,0.0,0.0,1459
7143386000130,2018-04-27,0.0,0.145510159202,81250.11,0.0,0.0,1459
7143386000130,2018-04-30,0.0,0.145487052555,80867.11,0.0,0.0,1459
7143386000130,2018-05-02,0.0,0.145463970674,80876.4,0.0,0.03,1459
7143386000130,2018-05-03,0.0,0.145440888781,80885.72,0.0,0.0,1459
7143386000130,2018-05-04,0.0,0.145417806888,80895.04,0.0,0.0,1459
7143386000130,2018-05-07,0.0,0.145394724995,80904.36,0.0,0.0,1459
7143386000130,2018-05-08,0.0,0.145371643103,80913.68,0.0,0.0,1459
7143386000130,2018-05-09,0.0,0.14534856121,80923.0,0.0,0.0,1459
7143386000130,2018-05-10,0.0,0.14532547931700002,80932.31,0.0,0.0,1459
7143386000130,2018-05-11,0.0,0.14530242219,80941.62,0.0,0.0,1459
7143386000130,2018-05-14,0.0,0.14527936506300002,80950.93,0.0,0.0,1459
7143386000130,2018-05-15,0.0,0.145256307936,80960.24,0.0,0.0,1459
7143386000130,2018-05-16,0.0,0.14523325081,80969.55,0.0,0.0,1459
7143386000130,2018-05-17,0.0,0.145210193683,325581.89,0.0,0.0,1459
7143386000130,2018-05-18,0.0,0.145187136556,325572.58,0.0,0.0,1459
7143386000130,2018-05-21,0.0,0.145164079429,325563.28,0.0,0.0,1459
7143386000130,2018-05-22,0.0,0.14514104706800002,325553.98,0.0,0.0,1459
7143386000130,2018-05-23,0.0,0.145118014707,325544.68,0.0,0.0,1459
7143386000130,2018-05-24,0.0,0.145094982347,325535.38,0.0,0.0,1459
7143386000130,2018-05-25,0.0,0.145071949986,325526.08,0.0,0.0,1459
7143386000130,2018-05-28,0.0,0.145048917625,325516.78,0.0,0.0,1459
7143386000130,2018-05-29,0.0,0.145025885264,325507.48,0.0,0.0,1459
7143386000130,2018-05-30,0.0,0.145002852903,325330.71,0.0,0.0,1459
7143386000130,2018-06-01,0.0,0.144979845308,325339.98,0.0,0.02,1459
7143386000130,2018-06-04,0.0,0.144956837706,325349.27,0.0,0.0,1459
7143386000130,2018-06-05,0.0,0.14493383010299998,325358.56,0.0,0.0,1459
7143386000130,2018-06-06,0.0,0.1449108225,325367.85,0.0,0.0,1459
7143386000130,2018-06-07,0.0,0.144887814897,325377.14,0.0,0.0,1459
7143386000130,2018-06-08,0.0,0.14486480729499998,325386.42,0.0,0.0,1459
7143386000130,2018-06-11,0.0,0.144841824458,325395.7,0.0,0.0,1459
7143386000130,2018-06-12,0.0,0.144818841621,325404.98,0.0,0.0,1459
7143386000130,2018-06-13,0.0,0.144795858784,325414.26,0.0,0.0,1459
7143386000130,2018-06-14,0.0,0.14477287594799998,325405.32,0.0,0.0,1459
7143386000130,2018-06-15,0.0,0.144749893111,325396.04,0.0,0.0,1459
7143386000130,2018-06-18,0.0,0.144726910274,325386.76,0.0,0.0,1459
7143386000130,2018-06-19,0.0,0.144703927437,325377.49,0.0,0.0,1459
7143386000130,2018-06-20,0.0,0.144680969367,325368.22,0.0,0.0,1459
7143386000130,2018-06-21,0.0,0.144658011296,325358.95,0.0,0.0,1459
7143386000130,2018-06-22,0.0,0.144635053225,325349.68,0.0,0.0,1459
7143386000130,2018-06-25,0.0,0.144612095154,325340.41,0.0,0.0,1459
7143386000130,2018-06-26,0.0,0.144589137084,325331.14,0.0,0.0,1459
7143386000130,2018-06-27,0.0,0.144566179013,325321.87,0.0,0.0,1459
7143386000130,2018-06-28,0.0,0.144543220942,325312.61,0.0,0.0,1459
7143386000130,2018-06-29,0.0,0.14452028763699998,325135.81,0.0,0.0,1459
7143386000130,2018-07-02,0.0,0.14449735433299998,325145.06,0.0,0.01,1459
7143386000130,2018-07-03,0.0,0.144474421024,325154.32,0.0,0.0,1459
7143386000130,2018-07-04,0.0,0.14445148771500002,325163.58,0.0,0.0,1459
7143386000130,2018-07-05,0.0,0.144428554406,325172.84,0.0,0.0,1459
7143386000130,2018-07-06,0.0,0.144405621098,325182.1,0.0,0.0,1459
7143386000130,2018-07-09,0.0,0.14438268778899999,325191.35,0.0,0.0,1459
7143386000130,2018-07-10,0.0,0.144359779246,325200.6,0.0,0.0,1459
7143386000130,2018-07-11,0.0,0.144336870704,325209.85,0.0,0.0,1459
7143386000130,2018-07-12,0.0,0.144313962161,325219.1,0.0,0.0,1459
7143386000130,2018-07-13,0.0,0.144291053618,325210.79,0.0,0.0,1459
7143386000130,2018-07-16,0.0,0.144268145076,325201.54,0.0,0.0,1459
7143386000130,2018-07-17,0.0,0.144245236533,325192.3,0.0,0.0,1459
7143386000130,2018-07-18,0.0,0.14422235275599998,325183.06,0.0,0.0,1459
7143386000130,2018-07-19,0.0,0.144199468979,325173.82,0.0,0.0,1459
7143386000130,2018-07-20,0.0,0.144176585203,325164.58,0.0,0.0,1459
7143386000130,2018-07-23,0.0,0.144153701426,325155.34,0.0,0.0,1459
7143386000130,2018-07-24,0.0,0.14413081764900001,325146.1,0.0,0.0,1459
7143386000130,2018-07-25,0.0,0.144107933873,325136.86,0.0,0.0,1459
7143386000130,2018-07-26,0.0,0.144085050096,325127.63,0.0,0.0,1459
7143386000130,2018-07-27,0.0,0.144062191085,325118.4,0.0,0.0,1459
7143386000130,2018-07-30,0.0,0.144039332074,325109.17,0.0,0.0,1459
7143386000130,2018-07-31,0.0,0.144016473064,324932.34,0.0,0.0,1459
7143386000130,2018-08-01,0.0,0.143993614053,324941.52,0.0,0.05,1459
7143386000130,2018-08-02,0.0,0.143970755022,324950.75,0.0,0.0,1459
7143386000130,2018-08-03,0.0,0.143947895991,324959.98,0.0,0.0,1459
7143386000130,2018-08-06,0.0,0.143925036961,324969.2,0.0,0.0,1459
7143386000130,2018-08-07,0.0,0.143902202697,324978.42,0.0,0.0,1459
7143386000130,2018-08-08,0.0,0.143879368432,324987.64,0.0,0.0,1459
7143386000130,2018-08-09,0.0,0.143856534168,324996.86,0.0,0.0,1459
7143386000130,2018-08-10,0.0,0.143833699903,325006.08,0.0,0.0,1459
7143386000130,2018-08-13,0.0,0.143810865639,325015.3,0.0,0.0,1459
7143386000130,2018-08-14,0.0,0.143788031375,325007.66,0.0,0.0,1459
7143386000130,2018-08-15,0.0,0.14376519711,324998.45,0.0,0.0,1459
7143386000130,2018-08-16,0.0,0.143742387612,324989.24,0.0,0.0,1459
7143386000130,2018-08-17,0.0,0.143719578114,324980.03,0.0,0.0,1459
7143386000130,2018-08-20,0.0,0.143696768615,324970.82,0.0,0.0,1459
7143386000130,2018-08-21,0.0,0.14367395911699998,324961.61,0.0,0.0,1459
7143386000130,2018-08-22,0.0,0.143651149619,324952.4,0.0,0.0,1459
7143386000130,2018-08-23,0.0,0.14362834012,324943.19,0.0,0.0,1459
7143386000130,2018-08-24,0.0,0.14360553062200002,324933.99,0.0,0.0,1459
7143386000130,2018-08-27,0.0,0.14358274589,324924.79,0.0,0.0,1459
7143386000130,2018-08-28,0.0,0.143559961157,324915.59,0.0,0.0,1459
7143386000130,2018-08-29,0.0,0.143537176425,324906.39,0.0,0.0,1459
7143386000130,2018-08-30,0.0,0.14351439169299998,324897.19,0.0,0.0,1459
7143386000130,2018-08-31,0.0,0.14349160696000002,324720.33,0.0,0.0,1459
7143386000130,2018-09-03,0.0,0.143468822228,324729.5,0.0,0.03,1459
7143386000130,2018-09-04,0.0,0.143446037483,324738.69,0.0,0.0,1459
7143386000130,2018-09-05,0.0,0.143423277505,324747.88,0.0,0.0,1459
7143386000130,2018-09-06,0.0,0.143400517527,324757.07,0.0,0.0,1459
7143386000130,2018-09-10,0.0,0.14337775754899998,324766.26,0.0,0.0,1459
7143386000130,2018-09-11,0.0,0.14335499757099998,324775.45,0.0,0.0,1459
7143386000130,2018-09-12,0.0,0.14333223759299998,324784.64,0.0,0.0,1459
7143386000130,2018-09-13,0.0,0.14330947761499999,324793.82,0.0,0.0,1459
7143386000130,2018-09-14,0.0,0.143286742402,324803.0,0.0,0.0,1459
7143386000130,2018-09-17,0.0,0.14326400719000001,324796.08,0.0,0.0,1459
7143386000130,2018-09-18,0.0,0.143241271978,324786.9,0.0,0.0,1459
7143386000130,2018-09-19,0.0,0.143218536766,324777.72,0.0,0.0,1459
7143386000130,2018-09-20,0.0,0.143195801554,324768.54,0.0,0.0,1459
7143386000130,2018-09-24,0.0,0.14315033113,324750.19,0.0,0.0,1459
7143386000130,2018-09-25,0.0,0.143127620684,324741.02,0.0,0.0,1459
7143386000130,2018-09-26,0.0,0.143104910238,324731.85,0.0,0.0,1459
7143386000130,2018-09-27,0.0,0.143082199792,324722.68,0.0,0.0,1459
7143386000130,2018-09-28,0.0,0.143059489346,324545.79,0.0,0.0,1459
7143386000130,2018-10-01,0.0,0.1430367789,324554.95,0.0,0.01,1459
7143386000130,2018-10-02,0.0,0.14301406845,324564.12,0.0,0.0,1459
7143386000130,2018-10-03,0.0,0.142991358,324573.28,0.0,0.0,1459
7143386000130,2018-10-04,0.0,0.142968672316,324582.44,0.0,0.0,1459
7143386000130,2018-10-05,0.0,0.142945986632,324591.6,0.0,0.0,1459
7143386000130,2018-10-08,0.0,0.142923300948,324600.76,0.0,0.0,1459
7143386000130,2018-10-09,0.0,0.142900615264,324609.92,0.0,0.0,1459
7143386000130,2018-10-10,0.0,0.14287792957999998,324619.08,0.0,0.0,1459
7143386000130,2018-10-11,0.0,0.142855243896,324628.24,0.0,0.0,1459
7143386000130,2018-10-15,0.0,0.142832558212,324621.89,0.0,0.0,1459
7143386000130,2018-10-16,0.0,0.14280989729399998,324612.74,0.0,0.0,1459
7143386000130,2018-10-17,0.0,0.142787236376,324603.59,0.0,0.0,1459
7143386000130,2018-10-18,0.0,0.142764575458,324594.44,0.0,0.0,1459
7143386000130,2018-10-19,0.0,0.14274191454000001,324585.29,0.0,0.0,1459
7143386000130,2018-10-22,0.0,0.142719253622,324576.14,0.0,0.0,1459
7143386000130,2018-10-23,0.0,0.142696592704,324566.99,0.0,0.0,1459
7143386000130,2018-10-24,0.0,0.142673931786,324557.85,0.0,0.0,1459
7143386000130,2018-10-25,0.0,0.142651295635,324548.71,0.0,0.0,1459
7143386000130,2018-10-26,0.0,0.142628659483,323700.53,0.0,0.0,1459
7143386000130,2018-10-29,0.0,0.142606023331,323691.39,0.0,0.0,1459
7143386000130,2018-10-30,0.0,0.14258338717900002,323682.25,0.0,0.0,1459
7143386000130,2018-10-31,0.0,0.142560751027,323505.33,0.0,0.0,1459
7143386000130,2018-11-05,0.0,0.14251547870200001,323523.55,0.0,0.0,1459
7143386000130,2018-11-06,0.0,0.142492867297,323532.68,0.0,0.0,1459
7143386000130,2018-11-07,0.0,0.14247025589099999,323541.81,0.0,0.0,1459
7143386000130,2018-11-08,0.0,0.142447644486,323550.94,0.0,0.0,1459
7143386000130,2018-11-09,0.0,0.14242503308,322721.03,0.0,0.0,1459
7143386000130,2018-11-12,0.0,0.142402421675,322730.16,0.0,0.0,1459
7143386000130,2018-11-13,0.0,0.142379810269,322739.29,0.0,0.0,1459
7143386000130,2018-11-14,0.0,0.142357198864,321909.37,0.0,0.0,1459
7143386000130,2018-11-16,0.0,0.142334612224,321433.79,0.0,0.0,1459
7143386000130,2018-11-19,0.0,0.142312025585,321424.67,0.0,0.0,1459
7143386000130,2018-11-20,0.0,0.142289438945,321415.55,0.0,0.0,1459
7143386000130,2018-11-21,0.0,0.142266852306,321406.43,0.0,0.0,1459
7143386000130,2018-11-22,0.0,0.142244265666,321397.31,0.0,0.0,1459
7143386000130,2018-11-23,0.0,0.142221679027,321388.19,0.0,0.0,1459
7143386000130,2018-11-26,0.0,0.142199092388,321379.08,0.0,0.0,1459
7143386000130,2018-11-27,0.0,0.142176530514,321369.97,0.0,0.0,1459
7143386000130,2018-11-28,0.0,0.142153968641,321360.86,0.0,0.0,1459
7143386000130,2018-11-29,0.0,0.142131406767,321351.75,0.0,0.0,1459
7143386000130,2018-11-30,0.0,0.142108844894,321174.8,0.0,0.0,1459
7143386000130,2018-12-03,0.0,0.142086283021,321183.75,0.0,0.16,1459
7143386000130,2018-12-04,0.0,0.142063721084,321192.86,0.0,0.0,1459
7143386000130,2018-12-05,0.0,0.142041159148,321201.96,0.0,0.0,1459
7143386000130,2018-12-06,0.0,0.142018621978,321211.06,0.0,0.0,1459
7143386000130,2018-12-07,0.0,0.141996084807,321220.16,0.0,0.0,1459
7143386000130,2018-12-10,0.0,0.141973547637,321229.26,0.0,0.0,1459
7143386000130,2018-12-11,0.0,0.141951010467,321238.36,0.0,0.0,1459
7143386000130,2018-12-12,0.0,0.141928473297,321247.46,0.0,0.0,1459
7143386000130,2018-12-13,0.0,0.141905936127,321256.55,0.0,0.0,1459
7143386000130,2018-12-14,0.0,0.141883423722,321251.48,0.0,0.0,1459
7143386000130,2018-12-17,0.0,0.141860911318,321242.39,0.0,0.0,1459
7143386000130,2018-12-18,0.0,0.141838398914,321233.3,0.0,0.0,1459
7143386000130,2018-12-19,0.0,0.14181588651000002,321224.21,0.0,0.0,1459
7143386000130,2018-12-21,0.0,0.14177086170199998,321206.03,0.0,0.0,1459
7143386000130,2018-12-24,0.0,0.141748349298,321196.95,0.0,0.0,1459
7143386000130,2018-12-26,0.0,0.14172586165999998,321187.87,0.0,0.0,1459
7143386000130,2018-12-27,0.0,0.141703374022,321178.79,0.0,0.0,1459
7143386000130,2018-12-28,0.0,0.141680886384,321169.71,0.0,0.0,1459
7143386000130,2018-12-31,0.0,0.141658398746,320992.73,0.0,0.0,1459
7143386000130,2019-01-02,0.0,0.141635911108,321001.79,0.0,0.02,1459
7143386000130,2019-01-03,0.0,0.141613423462,321010.87,0.0,0.0,1459
7143386000130,2019-01-07,0.0,0.141568472936,321029.01,0.0,0.0,1459
7143386000130,2019-01-08,0.0,0.141546010057,321038.08,0.0,0.0,1459
7143386000130,2019-01-09,0.0,0.141523547177,321047.15,0.0,0.0,1459
7143386000130,2019-01-10,0.0,0.141501084297,321056.22,0.0,0.0,1459
7143386000130,2019-01-11,0.0,0.141478621418,321065.29,0.0,0.0,1459
7143386000130,2019-01-14,0.0,0.141456158538,321074.36,0.0,0.0,1459
7143386000130,2019-01-15,0.0,0.14143369565799999,321069.9,0.0,0.0,1459
7143386000130,2019-01-16,0.0,0.141411257545,321060.84,0.0,0.0,1459
7143386000130,2019-01-17,0.0,0.14138881943099998,321051.78,0.0,0.0,1459
7143386000130,2019-01-18,0.0,0.141366381317,321042.72,0.0,0.0,1459
7143386000130,2019-01-21,0.0,0.14134394320399998,321033.66,0.0,0.0,1459
7143386000130,2019-01-22,0.0,0.14132150509000002,321024.6,0.0,0.0,1459
7143386000130,2019-01-23,0.0,0.14129906697699998,321015.54,0.0,0.0,1459
7143386000130,2019-01-24,0.0,0.141276628863,321006.49,0.0,0.0,1459
7143386000130,2019-01-25,0.0,0.141254215516,320997.44,0.0,0.0,1459
7143386000130,2019-01-28,0.0,0.141231802168,320988.39,0.0,0.0,1459
7143386000130,2019-01-29,0.0,0.14120938882099998,320979.34,0.0,0.0,1459
7143386000130,2019-01-30,0.0,0.141186975473,320970.29,0.0,0.0,1459
7143386000130,2019-01-31,0.0,0.141164562126,320793.28,0.0,0.0,1459
7143386000130,2019-02-01,0.0,0.141142148779,320802.29,0.0,0.04,1459
7143386000130,2019-02-04,0.0,0.141119735415,320811.33,0.0,0.0,1459
7143386000130,2019-02-05,0.0,0.141097346818,320820.37,0.0,0.0,1459
7143386000130,2019-02-06,0.0,0.141074958221,320829.41,0.0,0.0,1459
7143386000130,2019-02-07,0.0,0.141052569624,320838.45,0.0,0.0,1459
7143386000130,2019-02-08,0.0,0.141030181026,320847.49,0.0,0.0,1459
7143386000130,2019-02-11,0.0,0.141007792429,320856.53,0.0,0.0,1459
7143386000130,2019-02-12,0.0,0.14098540383199998,320865.57,0.0,0.0,1459
7143386000130,2019-02-13,0.0,0.140963015235,320874.6,0.0,0.0,1459
7143386000130,2019-02-14,0.0,0.140940651405,320870.81,0.0,0.0,1459
7143386000130,2019-02-15,0.0,0.14091828757400002,320861.78,0.0,0.0,1459
7143386000130,2019-02-18,0.0,0.140895923743,320852.75,0.0,0.0,1459
7143386000130,2019-02-19,0.0,0.140873559912,320843.72,0.0,0.0,1459
7143386000130,2019-02-20,0.0,0.140851196081,320834.69,0.0,0.0,1459
7143386000130,2019-02-21,0.0,0.14082883225,320825.66,0.0,0.0,1459
7143386000130,2019-02-22,0.0,0.140806468419,320816.64,0.0,0.0,1459
7143386000130,2019-02-25,0.0,0.140784129355,320807.62,0.0,0.0,1459
7143386000130,2019-02-26,0.0,0.14076179029000002,320798.6,0.0,0.0,1459
7143386000130,2019-02-27,0.0,0.140739451225,320789.58,0.0,0.0,1459
7143386000130,2019-02-28,0.0,0.14071711216,320612.54,0.0,0.0,1459
7143386000130,2019-03-01,0.0,0.14069477309599998,320621.51,0.0,0.05,1459
7143386000130,2019-03-06,0.0,0.14067243401,320630.53,0.0,0.0,1459
7143386000130,2019-03-07,0.0,0.140650094925,320639.54,0.0,0.0,1459
7143386000130,2019-03-08,0.0,0.14062778060699999,320648.55,0.0,0.0,1459
7143386000130,2019-03-11,0.0,0.140605466289,320657.56,0.0,0.0,1459
7143386000130,2019-03-12,0.0,0.140583151971,320666.57,0.0,0.0,1459
7143386000130,2019-03-13,0.0,0.140560837652,320675.58,0.0,0.0,1459
7143386000130,2019-03-14,0.0,0.140538523334,319744.78,0.0,0.0,1459
7143386000130,2019-03-15,0.0,0.14051620901599998,319753.79,0.0,0.0,1459
7143386000130,2019-03-18,0.0,0.140493894698,319750.59,0.0,0.0,1459
7143386000130,2019-03-19,0.0,0.140471605146,319741.59,0.0,0.0,1459
7143386000130,2019-03-20,0.0,0.140449315594,319732.59,0.0,0.0,1459
7143386000130,2019-03-21,0.0,0.140427026042,319723.59,0.0,0.0,1459
7143386000130,2019-03-22,0.0,0.14040473649000001,319714.59,0.0,0.0,1459
7143386000130,2019-03-25,0.0,0.140382446938,319705.59,0.0,0.0,1459
7143386000130,2019-03-26,0.0,0.14036015738500002,319696.59,0.0,0.0,1459
7143386000130,2019-03-27,0.0,0.14033786783299998,319687.6,0.0,0.0,1459
7143386000130,2019-03-28,0.0,0.140315603048,319678.61,0.0,0.0,1459
7143386000130,2019-03-29,0.0,0.140293338262,319501.54,0.0,0.0,1459
7143386000130,2019-04-01,0.0,0.140271073476,319510.49,0.0,0.04,1459
7143386000130,2019-04-02,0.0,0.140248808673,319519.48,0.0,0.0,1459
7143386000130,2019-04-03,0.0,0.140226543872,319058.56,0.0,0.0,1459
7143386000130,2019-04-04,0.0,0.14020427907,319067.55,0.0,0.0,1459
7143386000130,2019-04-05,0.0,0.14018201426899998,319076.53,0.0,0.0,1459
7143386000130,2019-04-08,0.0,0.140159774233,319085.51,0.0,0.0,1459
7143386000130,2019-04-09,0.0,0.140137534198,319094.49,0.0,0.0,1459
7143386000130,2019-04-10,0.0,0.140115294162,319103.47,0.0,0.0,1459
7143386000130,2019-04-11,0.0,0.140093054127,349796.4,0.0,0.0,1459
7143386000130,2019-04-12,0.0,0.140070812364,349782.55,0.0,0.0,1459
7143386000130,2019-04-15,0.0,0.140070346646,349768.71,0.0,0.0,1459
7143386000130,2019-04-16,0.0,0.140048120655,349754.87,0.0,0.0,1459
7143386000130,2019-04-17,0.0,0.140025894664,349741.03,0.0,0.0,1459
7143386000130,2019-04-18,0.0,0.140003668673,349727.19,0.0,0.0,1459
7143386000130,2019-04-22,0.0,0.139981442683,336126.59,0.0,13588.92,1459
7143386000130,2019-04-23,0.0,0.139972071915,336114.91,0.0,0.0,1459
7143386000130,2019-04-24,0.0,0.139949848406,335163.42,0.0,0.0,1459
7143386000130,2019-04-25,0.0,0.139927624896,335151.75,0.0,0.0,1459
7143386000130,2019-04-26,0.0,0.139905420414,335140.08,0.0,0.0,1459
7143386000130,2019-04-29,0.0,0.139883215932,335128.41,0.0,0.0,1459
7143386000130,2019-04-30,0.0,0.13986101144899998,334954.02,0.0,0.0,1459
7143386000130,2019-05-02,0.0,0.139838806967,317896.75,0.0,17066.23,1459
7143386000130,2019-05-03,0.0,0.13981752093699998,317905.71,0.0,0.0,1459
7143386000130,2019-05-06,0.0,0.139795316599,317914.66,0.0,0.0,1459
7143386000130,2019-05-07,0.0,0.139773137042,317923.61,0.0,0.0,1459
7143386000130,2019-05-08,0.0,0.139750957485,317932.56,0.0,0.0,1459
7143386000130,2019-05-09,0.0,0.139728777929,317941.51,0.0,0.0,1459
7143386000130,2019-05-10,0.0,0.139706598372,317950.46,0.0,0.0,1459
7143386000130,2019-05-13,0.0,0.139684418816,317959.41,0.0,0.0,1459
7143386000130,2019-05-14,0.0,0.13966223925899998,317968.36,0.0,0.0,1459
7143386000130,2019-05-15,0.0,0.139640059702,317961.0,0.0,0.0,1459
7143386000130,2019-05-16,0.0,0.139617904927,317952.06,0.0,0.0,1459
7143386000130,2019-05-17,0.0,0.13959575015200001,317943.12,0.0,0.0,1459
7143386000130,2019-05-20,0.0,0.13957359537699998,317934.18,0.0,0.0,1459
7143386000130,2019-05-21,0.0,0.139551440603,317925.24,0.0,0.0,1459
7143386000130,2019-05-22,0.0,0.139529285828,317916.3,0.0,0.0,1459
7143386000130,2019-05-23,0.0,0.139507131053,317907.36,0.0,0.0,1459
7143386000130,2019-05-24,0.0,0.139484976278,317898.43,0.0,0.0,1459
7143386000130,2019-05-27,0.0,0.139462846284,317889.5,0.0,0.0,1459
7143386000130,2019-05-28,0.0,0.139440716291,317880.57,0.0,0.0,1459
7143386000130,2019-05-29,0.0,0.139418586298,317871.64,0.0,0.0,1459
7143386000130,2019-05-30,0.0,0.139396456304,317862.71,0.0,0.0,1459
7143386000130,2019-05-31,0.0,0.139374326311,317685.58,0.0,0.0,1459
7143386000130,2019-06-03,0.0,0.139352196318,317691.72,0.0,2.79,1459
7143386000130,2019-06-04,0.0,0.139330065201,317700.64,0.0,0.0,1459
7143386000130,2019-06-05,0.0,0.139307958893,317709.56,0.0,0.0,1459
7143386000130,2019-06-06,0.0,0.139285852584,317718.48,0.0,0.0,1459
7143386000130,2019-06-07,0.0,0.139263746276,317727.4,0.0,0.0,1459
7143386000130,2019-06-10,0.0,0.139241639967,317736.32,0.0,0.0,1459
7143386000130,2019-06-11,0.0,0.139219533659,317745.24,0.0,0.0,1459
7143386000130,2019-06-12,0.0,0.13919742735,317754.16,0.0,0.0,1459
7143386000130,2019-06-13,0.0,0.139175321042,317763.07,0.0,0.0,1459
7143386000130,2019-06-14,0.0,0.139153239516,317761.8,0.0,0.0,1459
7143386000130,2019-06-17,0.0,0.13913115799,317752.89,0.0,0.0,1459
7143386000130,2019-06-18,0.0,0.139109076465,317743.98,0.0,0.0,1459
7143386000130,2019-06-19,0.0,0.13908699493899998,317735.07,0.0,0.0,1459
7143386000130,2019-06-21,0.0,0.139064913413,317726.16,0.0,0.0,1459
7143386000130,2019-06-24,0.0,0.13904283188799998,317717.25,0.0,0.0,1459
7143386000130,2019-06-25,0.0,0.139020750362,317708.35,0.0,0.0,1459
7143386000130,2019-06-26,0.0,0.138998693619,317699.45,0.0,0.0,1459
7143386000130,2019-06-27,0.0,0.138976636876,317690.55,0.0,0.0,1459
7143386000130,2019-06-28,0.0,0.138954580134,317513.39,0.0,0.0,1459
7143386000130,2019-07-01,0.0,0.13893252339099998,317521.96,0.0,0.33,1459
7143386000130,2019-07-02,0.0,0.138910466514,317530.86,0.0,0.0,1459
7143386000130,2019-07-03,0.0,0.138888409641,317539.76,0.0,0.0,1459
7143386000130,2019-07-04,0.0,0.138866352768,317548.65,0.0,0.0,1459
7143386000130,2019-07-05,0.0,0.138844320679,317557.54,0.0,0.0,1459
7143386000130,2019-07-08,0.0,0.138822288589,317566.43,0.0,0.0,1459
7143386000130,2019-07-09,0.0,0.13880025649900002,317575.32,0.0,0.0,1459
7143386000130,2019-07-10,0.0,0.13877822440999998,317584.21,0.0,0.0,1459
7143386000130,2019-07-11,0.0,0.13875619232,317593.1,0.0,0.0,1459
7143386000130,2019-07-12,0.0,0.13873416023000001,317592.39,0.0,0.0,1459
7143386000130,2019-07-15,0.0,0.13871212814099998,317583.51,0.0,0.0,1459
7143386000130,2019-07-16,0.0,0.138690120834,317574.63,0.0,0.0,1459
7143386000130,2019-07-17,0.0,0.13866811352800001,317565.75,0.0,0.0,1459
7143386000130,2019-07-18,0.0,0.138646106221,317556.87,0.0,0.0,1459
7143386000130,2019-07-19,0.0,0.138624098914,317547.99,0.0,0.0,1459
7143386000130,2019-07-22,0.0,0.138602091608,317539.11,0.0,0.0,1459
7143386000130,2019-07-23,0.0,0.138580084301,317530.23,0.0,0.0,1459
7143386000130,2019-07-24,0.0,0.138558076994,317521.36,0.0,0.0,1459
7143386000130,2019-07-25,0.0,0.13853609447100002,317512.49,0.0,0.0,1459
7143386000130,2019-07-26,0.0,0.138514111947,317503.62,0.0,0.0,1459
7143386000130,2019-07-29,0.0,0.138492129423,317494.75,0.0,0.0,1459
7143386000130,2019-07-30,0.0,0.1384701469,317485.88,0.0,0.0,1459
7143386000130,2019-07-31,0.0,0.138448164376,317308.69,0.0,0.0,1459
7143386000130,2019-08-01,0.0,0.138426181852,317317.35,0.0,0.21,1459
7143386000130,2019-08-02,0.0,0.138404199241,317326.21,0.0,0.0,1459
7143386000130,2019-08-05,0.0,0.13838224141799998,317335.07,0.0,0.0,1459
7143386000130,2019-08-06,0.0,0.138360283595,317343.93,0.0,0.0,1459
7143386000130,2019-08-07,0.0,0.138338325772,317352.79,0.0,0.0,1459
7143386000130,2019-08-08,0.0,0.138316367949,317361.65,0.0,0.0,1459
7143386000130,2019-08-09,0.0,0.138294410125,317370.51,0.0,0.0,1459
7143386000130,2019-08-12,0.0,0.138272452302,317379.37,0.0,0.0,1459
7143386000130,2019-08-13,0.0,0.13825049447899998,317388.22,0.0,0.0,1459
7143386000130,2019-08-14,0.0,0.138228561439,317388.21,0.0,0.0,1459
7143386000130,2019-08-15,0.0,0.138206628399,317379.36,0.0,0.0,1459
7143386000130,2019-08-16,0.0,0.138184695359,317370.51,0.0,0.0,1459
7143386000130,2019-08-19,0.0,0.138162762319,317361.66,0.0,0.0,1459
7143386000130,2019-08-20,0.0,0.138140829278,317352.81,0.0,0.0,1459
7143386000130,2019-08-21,0.0,0.138118896238,317343.96,0.0,0.0,1459
7143386000130,2019-08-22,0.0,0.138096963198,317335.12,0.0,0.0,1459
7143386000130,2019-08-23,0.0,0.138075054941,317326.28,0.0,0.0,1459
7143386000130,2019-08-26,0.0,0.138053146684,317317.44,0.0,0.0,1459
7143386000130,2019-08-27,0.0,0.13803123842700002,317308.6,0.0,0.0,1459
7143386000130,2019-08-28,0.0,0.13800933017,317299.76,0.0,0.0,1459
7143386000130,2019-08-29,0.0,0.13798742191299998,317290.92,0.0,0.0,1459
7143386000130,2019-08-30,0.0,0.137965513656,317113.7,0.0,0.0,1459
7143386000130,2019-09-02,0.0,0.137943605399,317122.44,0.0,0.09,1459
7143386000130,2019-09-03,0.0,0.13792172188899998,317131.27,0.0,0.0,1459
7143386000130,2019-09-04,0.0,0.137899838379,317140.1,0.0,0.0,1459
7143386000130,2019-09-05,0.0,0.13787795486999999,317148.93,0.0,0.0,1459
7143386000130,2019-09-06,0.0,0.137856071361,317157.76,0.0,0.0,1459
7143386000130,2019-09-09,0.0,0.137834187852,317166.59,0.0,0.0,1459
7143386000130,2019-09-10,0.0,0.137812304342,317175.42,0.0,0.0,1459
7143386000130,2019-09-11,0.0,0.137790420833,317184.25,0.0,0.0,1459
7143386000130,2019-09-12,0.0,0.137768537324,317193.07,0.0,0.0,1459
7143386000130,2019-09-13,0.0,0.137746678598,317193.71,0.0,0.0,1459
7143386000130,2019-09-16,0.0,0.137724819871,317184.89,0.0,0.0,1459
7143386000130,2019-09-17,0.0,0.137702961145,317176.07,0.0,0.0,1459
7143386000130,2019-09-18,0.0,0.137681102419,317167.25,0.0,0.0,1459
7143386000130,2019-09-19,0.0,0.137659243693,316218.62,0.0,0.0,1459
7143386000130,2019-09-20,0.0,0.137637384967,316209.8,0.0,0.0,1459
7143386000130,2019-09-23,0.0,0.13761552624099999,316200.99,0.0,0.0,1459
7143386000130,2019-09-24,0.0,0.137593692298,316192.18,0.0,0.0,1459
7143386000130,2019-09-25,0.0,0.137571858355,316183.37,0.0,0.0,1459
7143386000130,2019-09-26,0.0,0.13755002441199998,316174.56,0.0,0.0,1459
7143386000130,2019-09-27,0.0,0.137528190469,316165.75,0.0,0.0,1459
7143386000130,2019-09-30,0.0,0.137506356526,315988.5,0.0,0.0,1459
7143386000130,2019-10-01,0.0,0.137484522583,315997.26,0.0,0.05,1459
7143386000130,2019-10-02,0.0,0.137462688619,316006.06,0.0,0.0,1459
7143386000130,2019-10-03,0.0,0.13744087944,316014.86,0.0,0.0,1459
7143386000130,2019-10-04,0.0,0.13741907026,316023.66,0.0,0.0,1459
7143386000130,2019-10-07,0.0,0.13739726108,316032.46,0.0,0.0,1459
7143386000130,2019-10-08,0.0,0.137375451901,316041.26,0.0,0.0,1459
7143386000130,2019-10-09,0.0,0.137353642721,316050.06,0.0,0.0,1459
7143386000130,2019-10-10,0.0,0.137331833542,316058.86,0.0,0.0,1459
7143386000130,2019-10-11,0.0,0.13731002436200002,315127.84,0.0,0.0,1459
7143386000130,2019-10-14,0.0,0.137288239966,315129.09,0.0,0.0,1459
7143386000130,2019-10-15,0.0,0.13726645557,315120.3,0.0,0.0,1459
7143386000130,2019-10-16,0.0,0.137244671173,315111.51,0.0,0.0,1459
7143386000130,2019-10-17,0.0,0.137222886777,73392.42,0.0,0.0,1459
7143386000130,2019-10-18,0.0,0.13720110238,73383.63,0.0,0.0,1459
7143386000130,2019-10-21,0.0,0.137179317984,73374.84,0.0,0.0,1459
7143386000130,2019-10-22,0.0,0.137157533588,73366.06,0.0,0.0,1459
7143386000130,2019-10-23,0.0,0.13713577397399998,73357.28,0.0,0.0,1459
7143386000130,2019-10-24,0.0,0.137114014361,73348.5,0.0,0.0,1459
7143386000130,2019-10-25,0.0,0.137092254748,73339.72,0.0,0.0,1459
7143386000130,2019-10-28,0.0,0.137070495135,73330.94,0.0,0.0,1459
7143386000130,2019-10-29,0.0,0.137048735522,73322.16,0.0,0.0,1459
7143386000130,2019-10-30,0.0,0.137026975908,73313.38,0.0,0.0,1459
7143386000130,2019-10-31,0.0,0.137005216295,73304.61,0.0,0.0,1459
7143386000130,2019-11-01,0.0,0.136983481465,73295.75,0.0,0.09,1459
7143386000130,2019-11-04,0.0,0.136961746598,73286.98,0.0,0.0,1459
7143386000130,2019-11-05,0.0,0.136940011733,73278.21,0.0,0.0,1459
7143386000130,2019-11-06,0.0,0.136918276867,73269.44,0.0,0.0,1459
7143386000130,2019-11-07,0.0,0.13689654200200002,73260.67,0.0,0.0,1459
7143386000130,2019-11-08,0.0,0.136874807136,73251.9,0.0,0.0,1459
7143386000130,2019-11-11,0.0,0.136853072271,73243.13,0.0,0.0,1459
7143386000130,2019-11-12,0.0,0.136831337405,73234.37,0.0,0.0,1459
7143386000130,2019-11-13,0.0,0.136809627323,73225.61,0.0,0.0,1459
7143386000130,2019-11-14,0.0,0.136787917241,73216.85,0.0,0.0,1459
7143386000130,2019-11-18,0.0,0.136766207159,73208.09,0.0,0.0,1459
7143386000130,2019-11-19,0.0,0.136744497076,73199.33,0.0,0.0,1459
7143386000130,2019-11-20,0.0,0.136722786994,73190.57,0.0,0.0,1459
7143386000130,2019-11-21,0.0,0.13670107691199998,73181.81,0.0,0.0,1459
7143386000130,2019-11-22,0.0,0.13667936683,73173.06,0.0,0.0,1459
7143386000130,2019-11-25,0.0,0.13665768153000002,73164.31,0.0,0.0,1459
7143386000130,2019-11-26,0.0,0.136635996231,73155.56,0.0,0.0,1459
7143386000130,2019-11-27,0.0,0.136614310932,73146.81,0.0,0.0,1459
7143386000130,2019-11-28,0.0,0.136592625633,73138.06,0.0,0.0,1459
7143386000130,2019-11-29,0.0,0.136570940334,73129.31,0.0,0.0,1459
7143386000130,2019-12-02,0.0,0.13654925503499998,73120.54,0.0,0.02,1459
7143386000130,2019-12-03,0.0,0.136527569728,73111.8,0.0,0.0,1459
7143386000130,2019-12-04,0.0,0.136505909204,73103.06,0.0,0.0,1459
7143386000130,2019-12-05,0.0,0.13648424867999998,73094.32,0.0,0.0,1459
7143386000130,2019-12-06,0.0,0.136462588157,73085.58,0.0,0.0,1459
7143386000130,2019-12-09,0.0,0.136440927633,73076.84,0.0,0.0,1459
7143386000130,2019-12-10,0.0,0.136419267109,73068.1,0.0,0.0,1459
7143386000130,2019-12-11,0.0,0.136397606586,73059.36,0.0,0.0,1459
7143386000130,2019-12-12,0.0,0.136375946062,73050.63,0.0,0.0,1459
7143386000130,2019-12-13,0.0,0.13635431032099998,73041.9,0.0,0.0,1459
7143386000130,2019-12-16,0.0,0.136332674581,73033.17,0.0,0.0,1459
7143386000130,2019-12-17,0.0,0.13631103884,73024.44,0.0,0.0,1459
7143386000130,2019-12-18,0.0,0.1362894031,73015.71,0.0,0.0,1459
7143386000130,2019-12-19,0.0,0.136267767359,73006.98,0.0,0.0,1459
7143386000130,2019-12-20,0.0,0.136246131619,72998.25,0.0,0.0,1459
7143386000130,2019-12-23,0.0,0.136224495878,72591.64,0.0,0.0,1459
7143386000130,2019-12-24,0.0,0.136202884921,72582.92,0.0,0.0,1459
7143386000130,2019-12-26,0.0,0.136181273964,72574.2,0.0,0.0,1459
7143386000130,2019-12-27,0.0,0.136159663006,72565.48,0.0,0.0,1459
7143386000130,2019-12-30,0.0,0.136138052049,72556.76,0.0,0.0,1459
7143386000130,2019-12-31,0.0,0.136116441092,72548.04,0.0,0.0,1459
07143386000130,2020-01-02,0.0,0.136094830134,72539.32,0.0,0.0,1459
07143386000130,2020-01-03,0.0,0.136073219177,72530.6,0.0,0.0,1459
07143386000130,2020-01-06,0.0,0.13605160822,72521.89,0.0,0.0,1459
07143386000130,2020-01-07,0.0,0.136030022046,72513.18,0.0,0.0,1459
07143386000130,2020-01-08,0.0,0.136008435872,72504.47,0.0,0.0,1459
07143386000130,2020-01-09,0.0,0.13598684969799998,72495.76,0.0,0.0,1459
07143386000130,2020-01-10,0.0,0.135965263523,72487.05,0.0,0.0,1459
07143386000130,2020-01-13,0.0,0.135943677349,72478.34,0.0,0.0,1459
07143386000130,2020-01-14,0.0,0.135922091175,72469.63,0.0,0.0,1459
07143386000130,2020-01-15,0.0,0.135900505001,72460.93,0.0,0.0,1459
07143386000130,2020-01-16,0.0,0.13587894361,72452.23,0.0,0.0,1459
07143386000130,2020-01-17,0.0,0.13585738221899998,72443.53,0.0,0.0,1459
07143386000130,2020-01-20,0.0,0.135835820828,72434.83,0.0,0.0,1459
07143386000130,2020-01-21,0.0,0.13581425943800002,72426.13,0.0,0.0,1459
07143386000130,2020-01-22,0.0,0.135792698047,72417.43,0.0,0.0,1459
