CNPJ_FUNDO,DT_COMPTC,VL_TOTAL,VL_QUOTA,VL_PATRIM_LIQ,CAPTC_DIA,RESG_DIA,NR_COTST
8608370000118,2007-02-26,9500000.0,1.0,9500000.0,9500000.0,0.0,1
8608370000118,2007-02-27,9503989.89,1.0003952,9503754.71,0.0,0.0,1
8608370000118,2007-02-28,9508914.35,1.000876,9508321.71,0.0,0.0,1
8608370000118,2007-03-01,9511680.35,1.0011295,9510730.16,0.0,0.0,1
8608370000118,2007-03-02,9517005.15,1.0016523000000002,9515697.2,0.0,0.0,1
8608370000118,2007-03-05,9522332.93,1.0021755,9520667.03,0.0,0.0,1
8608370000118,2007-03-06,9527663.7,1.0026989,9525639.64,0.0,0.0,1
8608370000118,2007-03-07,9531471.13,1.0031244,9529681.35,0.0,0.0,1
8608370000118,2007-03-08,9536796.76,1.0036472,9534648.43,0.0,0.0,1
8608370000118,2007-03-09,9542041.2,1.0041615,9539534.11,0.0,0.0,1
8608370000118,2007-03-12,9547295.46,1.0046768,9544429.42,0.0,0.0,1
8608370000118,2007-03-13,9552549.15,1.005192,9549323.96,0.0,0.0,1
8608370000118,2007-03-14,9557795.32,1.0057064,9554210.78,0.0,0.0,1
8608370000118,2007-03-15,9563047.84,1.0062214,9559103.75,0.0,0.0,1
8608370000118,2007-03-16,9568303.24,1.0067368,9563999.4,0.0,0.0,1
8608370000118,2007-03-19,9573568.52,1.0072531,9568904.73,0.0,0.0,1
8608370000118,2007-03-20,9578836.68,1.0077698,9573812.74,0.0,0.0,1
8608370000118,2007-03-21,9584104.26,1.0082863000000002,9578719.98,0.0,0.0,1
8608370000118,2007-03-22,9589378.24,1.0088037,9583635.43,0.0,0.0,1
8608370000118,2007-03-23,9594648.14,1.0093203000000002,9588542.57,0.0,0.0,1
8608370000118,2007-03-26,9599913.95,1.0098366,9593447.43,0.0,0.0,1
8608370000118,2007-03-27,9605179.17,1.0103528,9598351.51,0.0,0.0,1
8608370000118,2007-03-28,9610447.27,1.0108693000000002,9603258.26,0.0,0.0,1
8608370000118,2007-03-29,9615721.96,1.0113865,9608171.41,0.0,0.0,1
8608370000118,2007-03-30,9621003.04,1.0119043,9613090.74,0.0,0.0,1
8608370000118,2007-04-02,9626300.27,1.0124249,9618037.01,0.0,0.0,1
8608370000118,2007-04-03,9631580.14,1.0129438,9622965.73,0.0,0.0,1
8608370000118,2007-04-04,9636856.12,1.0134621,9627890.36,0.0,0.0,1
8608370000118,2007-04-05,9642131.6,1.0139805,9632814.29,0.0,0.0,1
8608370000118,2007-04-09,9647417.06,1.0144998,9637748.02,0.0,0.0,1
8608370000118,2007-04-10,11151346.61,1.0150184000000002,11142674.88,1500000.0,0.0,1
8608370000118,2007-04-11,11158916.81,1.0156668,11149793.01,0.0,0.0,1
8608370000118,2007-04-12,11165019.38,1.0161837,11155467.0,0.0,0.0,1
8608370000118,2007-04-13,11171353.21,1.0167216000000001,11161372.0,0.0,0.0,1
8608370000118,2007-04-16,11169349.78,1.0172208,11166851.84,0.0,0.0,1
8608370000118,2007-04-17,11175169.28,1.0177118,11172242.09,0.0,0.0,1
8608370000118,2007-04-18,11181327.72,1.0182335999999998,11177971.07,0.0,0.0,1
8608370000118,2007-04-19,11187466.82,1.0187537,11183680.48,0.0,0.0,1
8608370000118,2007-04-20,11193650.53,1.0192779,11189434.27,0.0,0.0,1
8608370000118,2007-04-23,11199720.87,1.0197916,11195074.48,0.0,0.0,1
8608370000118,2007-04-24,11205395.76,1.0202693999999999,11200319.01,0.0,0.0,1
8608370000118,2007-04-25,11211335.34,1.0207712,11205828.03,0.0,0.0,1
8608370000118,2007-04-26,11217467.04,1.0212905,11211528.93,0.0,0.0,1
8608370000118,2007-04-27,11223804.58,1.0218286,11217435.45,0.0,0.0,1
8608370000118,2007-04-30,11229666.23,1.0223232,11222865.86,0.0,0.0,1
8608370000118,2007-05-02,11235873.14,1.0228493,11228641.31,0.0,0.0,1
8608370000118,2007-05-03,11241831.45,1.0233528,11234167.92,0.0,0.0,1
8608370000118,2007-05-04,11237955.29,1.0229604,11229860.24,0.0,0.0,1
8608370000118,2007-05-07,11253936.0,1.0243767,11245408.82,0.0,0.0,1
8608370000118,2007-05-08,11260431.18,1.024929,11251471.63,0.0,0.0,1
8608370000118,2007-05-10,11265763.18,1.0259587,11262775.13,0.0,0.0,1
8608370000118,2007-05-11,11271954.04,1.0264832,11268532.97,0.0,0.0,1
8608370000118,2007-05-14,11277942.51,1.0269892,11274088.21,0.0,0.0,1
8608370000118,2007-05-15,15777766.85,1.0276945,15781830.86,4500000.0,0.0,2
8608370000118,2007-05-16,15786436.57,1.0282958,15791063.93,0.0,0.0,2
8608370000118,2007-05-17,15794943.21,1.0281781,15789256.79,0.0,0.0,2
8608370000118,2007-05-18,15803435.16,1.0286913,15797137.39,0.0,0.0,2
8608370000118,2007-05-21,15811891.47,1.0292021,15804982.04,0.0,0.0,2
8608370000118,2007-05-22,15820091.24,1.0296962,15812569.84,0.0,0.0,2
8608370000118,2007-05-23,15828260.25,1.0301883,15820126.58,0.0,0.0,2
8608370000118,2007-05-24,15836788.06,1.0307037,15828041.8,0.0,0.0,2
8608370000118,2007-05-25,15844416.79,1.0311606,15835057.65,0.0,0.0,2
8608370000118,2007-05-28,15852573.9,1.0316518,15842601.59,0.0,0.0,2
8608370000118,2007-05-29,15860715.14,1.032142,15850129.33,0.0,0.0,2
8608370000118,2007-05-30,15869362.45,1.0326652,15858162.84,0.0,0.0,2
8608370000118,2007-05-31,15878007.93,1.0331882,15866194.17,0.0,0.0,2
8608370000118,2007-06-01,15886295.55,1.0336878,15873867.36,0.0,0.0,2
8608370000118,2007-06-04,15894874.02,1.0342064,15881831.05,0.0,0.0,2
8608370000118,2007-06-05,15902866.38,1.0346868,15889208.35,0.0,0.0,2
8608370000118,2007-06-06,15911197.83,1.0351893,15896924.42,0.0,0.0,2
8608370000118,2007-06-08,15907513.3,1.0357094,15904911.66,0.0,0.0,2
8608370000118,2007-06-11,20915499.22,1.0361879999999999,20912261.8,5000000.0,0.0,2
8608370000118,2007-06-12,20959206.15,1.0383159,20955207.4,0.0,0.0,2
8608370000118,2007-06-13,20969464.44,1.0387865,20964704.01,0.0,0.0,2
8608370000118,2007-06-14,20982658.68,1.0394025,20977136.09,0.0,0.0,2
8608370000118,2007-06-15,20993596.14,1.0399067,20987310.97,0.0,0.0,2
8608370000118,2007-06-18,21004306.67,1.0403996,20997258.54,0.0,0.0,2
8608370000118,2007-06-19,21014580.35,1.0408708,21006768.91,0.0,0.0,2
8608370000118,2007-06-20,28135495.58,1.0413616,28126673.87,7110000.0,0.0,2
8608370000118,2007-06-21,28147963.92,1.0417858,28138131.48,0.0,0.0,2
8608370000118,2007-06-22,28170272.84,1.0425743,28159428.83,0.0,0.0,2
8608370000118,2007-06-25,28135066.08,1.0412334,28123211.97,0.0,0.0,2
8608370000118,2007-06-26,28147102.15,1.0416781,28135224.35,0.0,0.0,2
8608370000118,2007-06-27,28169400.22,1.0424284,28155488.7,0.0,0.0,2
8608370000118,2007-06-28,28180526.01,1.0428016,28165567.2,0.0,0.0,2
8608370000118,2007-06-29,28193065.57,1.0432270000000001,28177059.04,0.0,0.0,2
8608370000118,2007-07-02,29240830.81,1.044951,29223622.74,1000000.0,0.0,2
8608370000118,2007-07-03,29252709.33,1.0453342,29234338.71,0.0,0.0,2
8608370000118,2007-07-04,29261735.74,1.0456154,29242202.27,0.0,0.0,2
8608370000118,2007-07-05,29276292.39,1.0460943,29255595.47,0.0,0.0,2
8608370000118,2007-07-06,29296696.23,1.0467822,29274835.06,0.0,0.0,2
8608370000118,2007-07-09,29293712.44,1.0472062,29286693.11,0.0,0.0,2
8608370000118,2007-07-10,29292613.35,1.0471896,29286229.32,0.0,0.0,2
8608370000118,2007-07-11,29318671.35,1.0480797,29311121.59,0.0,0.0,2
8608370000118,2007-07-12,29346047.86,1.0490169,29337331.31,0.0,0.0,2
8608370000118,2007-07-13,29364511.42,1.0496354,29354627.36,0.0,0.0,2
8608370000118,2007-07-16,31874692.66,1.0499573,31863630.76,2500000.0,0.0,2
8608370000118,2007-07-17,31895891.86,1.050617,31883651.35,0.0,0.0,2
8608370000118,2007-07-18,31910917.21,1.0510703,31897408.74,0.0,0.0,2
8608370000118,2007-07-19,31899525.23,1.0506532,31884749.24,0.0,0.0,2
8608370000118,2007-07-20,31910411.03,1.0509701,31894367.12,0.0,0.0,2
8608370000118,2007-07-23,31925562.66,1.0514276000000002,31908250.25,0.0,0.0,2
8608370000118,2007-07-24,31914630.63,1.0510256000000002,31896050.14,0.0,0.0,2
8608370000118,2007-07-25,31932872.7,1.0515849,31913023.42,0.0,0.0,2
8608370000118,2007-07-26,31880321.67,1.0498115,31859205.7,0.0,0.0,2
8608370000118,2007-07-27,34417761.5,1.0510031000000002,34395367.44,2500000.0,0.0,2
8608370000118,2007-07-30,34436004.22,1.0515217,34412341.5,0.0,0.0,2
8608370000118,2007-07-31,36195100.34,1.0517576000000002,36170061.14,1750000.0,0.0,2
8608370000118,2007-08-01,36193033.67,1.0516557,36166555.74,0.0,0.0,2
8608370000118,2007-08-02,36216274.78,1.0522896000000002,36188357.22,0.0,0.0,2
8608370000118,2007-08-03,36215523.89,1.0522258999999998,36186166.72,0.0,0.0,2
8608370000118,2007-08-06,36229116.33,1.0525792999999999,36198319.02,0.0,0.0,2
8608370000118,2007-08-07,36229638.3,1.053315,36223620.35,0.0,0.0,2
8608370000118,2007-08-08,36247220.46,1.0537843999999998,36239760.74,0.0,0.0,2
8608370000118,2007-08-09,36245165.2,1.0536827,36236263.8,0.0,0.0,2
8608370000118,2007-08-10,36266745.88,1.0542681999999999,36256401.95,0.0,0.0,2
8608370000118,2007-08-13,36293094.75,1.0549925,36281308.71,0.0,0.0,2
8608370000118,2007-08-14,36292471.94,1.0549323999999998,36279242.8,0.0,0.0,2
8608370000118,2007-08-15,36270928.1,1.0542639999999999,36256255.94,0.0,0.0,2
8608370000118,2007-08-16,36209224.83,1.0524278999999999,36193110.57,0.0,0.0,2
8608370000118,2007-08-17,36280063.23,1.0544458,36262509.39,0.0,0.0,2
8608370000118,2007-08-20,36292305.1,1.0547598999999999,36273308.9,0.0,0.0,2
8608370000118,2007-08-21,36306163.8,1.0550798000000001,36284310.66,0.0,0.0,2
8608370000118,2007-08-22,36367095.69,1.0568096000000002,36343799.37,0.0,0.0,2
8608370000118,2007-08-23,36418080.93,1.0582501,36393339.08,0.0,0.0,2
8608370000118,2007-08-24,36436441.55,1.0587795,36411545.57,0.0,0.0,2
8608370000118,2007-08-27,36451650.88,1.0591796999999998,36425306.71,0.0,0.0,2
8608370000118,2007-08-28,36446409.45,1.0589851000000001,36418616.55,0.0,0.0,2
8608370000118,2007-08-29,36514061.7,1.0609102,36484820.37,0.0,0.0,2
8608370000118,2007-08-30,36537089.03,1.0615376,36506396.63,0.0,0.0,2
8608370000118,2007-08-31,36561458.79,1.0622040000000001,36529314.5,0.0,0.0,2
8608370000118,2007-09-03,36591604.58,1.0630383999999995,36558007.49,0.0,0.0,2
8608370000118,2007-09-04,36618845.58,1.0637885,36583804.95,0.0,0.0,2
8608370000118,2007-09-05,36616098.94,1.0636666,36579613.76,0.0,0.0,2
8608370000118,2007-09-06,36644750.9,1.0644578000000002,36606821.35,0.0,0.0,2
8608370000118,2007-09-10,36645937.83,1.0644503,36606562.83,0.0,0.0,2
8608370000118,2007-09-11,36646153.93,1.0653648,36638012.19,0.0,0.0,2
8608370000118,2007-09-12,36672327.96,1.0660837,36662738.41,0.0,0.0,2
8608370000118,2007-09-13,36708734.29,1.0671002,36697694.72,0.0,0.0,2
8608370000118,2007-09-14,36742892.15,1.0680514,36730406.02,0.0,0.0,2
8608370000118,2007-09-17,36757795.21,1.0684426,36743861.27,0.0,0.0,2
8608370000118,2007-09-18,36801678.14,1.0696766000000002,36786295.86,0.0,0.0,2
8608370000118,2007-09-19,36867607.52,1.0715515,36850775.24,0.0,0.0,2
8608370000118,2007-09-20,39388110.42,1.0721055,39369825.6,2500000.0,0.0,2
8608370000118,2007-09-21,39423645.41,1.0730309,39403808.82,0.0,0.0,2
8608370000118,2007-09-24,39440465.41,1.0734466,39419075.75,0.0,0.0,2
8608370000118,2007-09-25,39468003.01,1.0741542,39445059.67,0.0,0.0,2
8608370000118,2007-09-26,39488336.9,1.0746656,39463838.89,0.0,0.0,2
8608370000118,2007-09-27,39518910.09,1.0754558,39492856.66,0.0,0.0,2
8608370000118,2007-09-28,39549941.65,1.0762585,39522331.68,0.0,0.0,2
8608370000118,2007-10-01,39552609.79,1.0770403,39551041.51,0.0,0.0,2
8608370000118,2007-10-02,39549266.47,1.076907,39546147.51,0.0,0.0,2
8608370000118,2007-10-03,39567189.27,1.0773528,39562519.88,0.0,0.0,2
8608370000118,2007-10-04,39587744.21,1.0778703,39581523.73,0.0,0.0,2
8608370000118,2007-10-05,39614265.08,1.0785503,39606492.81,0.0,0.0,2
8608370000118,2007-10-08,39634832.97,1.0790681,39625507.92,0.0,0.0,2
8608370000118,2007-10-09,39666928.59,1.0798998,39656050.03,0.0,0.0,2
8608370000118,2007-10-10,39675937.29,1.0801681,39665902.98,0.0,0.0,2
8608370000118,2007-10-11,39701355.35,1.0808178999999998,39689764.97,0.0,0.0,2
8608370000118,2007-10-15,39730254.49,1.0815625,39717107.06,0.0,0.0,2
8608370000118,2007-10-16,39745498.26,1.0819352,39730792.71,0.0,0.0,2
8608370000118,2007-10-17,39762446.75,1.0823543,39746182.56,0.0,0.0,2
8608370000118,2007-10-18,39772516.97,1.082586,39754693.54,0.0,0.0,2
8608370000118,2007-10-19,39776960.54,1.0826646,39757577.57,0.0,0.0,2
8608370000118,2007-10-22,39762248.36,1.0822215,39741305.75,0.0,0.0,2
8608370000118,2007-10-23,39811292.1,1.0835146,39788790.52,0.0,0.0,2
8608370000118,2007-10-24,39817700.87,1.0836466,39793638.45,0.0,0.0,2
8608370000118,2007-10-25,40834087.72,1.0840503000000001,40808464.31,1000000.0,0.0,2
8608370000118,2007-10-26,42865402.06,1.0849049,42840635.78,2000000.0,0.0,2
8608370000118,2007-10-29,42899480.26,1.0856667,42870716.62,0.0,0.0,2
8608370000118,2007-10-30,42936679.06,1.0865661,42906233.04,0.0,0.0,2
8608370000118,2007-10-31,42959539.1,1.0871024,42927409.32,0.0,0.0,2
8608370000118,2007-11-01,42974713.82,1.087444,42940899.45,0.0,0.0,2
8608370000118,2007-11-05,42990895.57,1.0878111,42955396.13,0.0,0.0,2
8608370000118,2007-11-06,43027337.53,1.0886913,42990152.45,0.0,0.0,2
8608370000118,2007-11-07,43037303.24,1.088901,42998431.17,0.0,0.0,2
8608370000118,2007-11-08,42924383.54,1.0859986,42883824.17,0.0,0.0,2
8608370000118,2007-11-09,43088372.02,1.0901089,43046129.89,0.0,0.0,2
8608370000118,2007-11-12,43070809.51,1.0904742,43060556.37,0.0,0.0,2
8608370000118,2007-11-13,43087372.87,1.0908508999999995,43075428.86,0.0,0.0,2
8608370000118,2007-11-14,43043077.57,1.0896863,43029442.09,0.0,0.0,2
8608370000118,2007-11-16,43147318.19,1.0922833,43131993.08,0.0,0.0,2
8608370000118,2007-11-19,43169514.61,1.0928025,43152495.83,0.0,0.0,2
8608370000118,2007-11-20,43191517.96,1.0933168,43172804.74,0.0,0.0,2
8608370000118,2007-11-21,43214194.19,1.0938482,43193785.73,0.0,0.0,2
8608370000118,2007-11-22,43284783.18,1.0955928,43262678.69,0.0,0.0,2
8608370000118,2007-11-23,43265867.67,1.0950708,43242064.43,0.0,0.0,2
8608370000118,2007-11-26,43288160.14,1.0955923,43262659.0,0.0,0.0,2
8608370000118,2007-11-27,43306888.64,1.0960236,43279688.79,0.0,0.0,2
8608370000118,2007-11-28,43329826.47,1.0965614,43300927.26,0.0,0.0,2
8608370000118,2007-11-29,43352860.58,1.0971017,43322261.2,0.0,0.0,2
8608370000118,2007-11-30,43383491.55,1.0978343000000002,43351191.18,0.0,0.0,2
8608370000118,2007-12-03,43405668.42,1.0983528,43371665.93,0.0,0.0,2
8608370000118,2007-12-04,43419763.51,1.0986669,43384068.74,0.0,0.0,2
8608370000118,2007-12-05,43432321.9,1.0989421,43394934.39,0.0,0.0,2
8608370000118,2007-12-06,43464142.03,1.099705,43425061.37,0.0,0.0,2
8608370000118,2007-12-07,43494113.08,1.1004211000000002,43453338.11,0.0,0.0,2
8608370000118,2007-12-10,43510387.95,1.0998028,43428920.24,0.0,0.0,2
8608370000118,2007-12-11,43541439.92,1.1012405,43485693.15,0.0,0.0,2
8608370000118,2007-12-12,43529456.06,1.1017388000000001,43505370.09,0.0,0.0,2
8608370000118,2007-12-13,43565230.51,1.102516,43536060.06,0.0,0.0,2
8608370000118,2007-12-14,43598170.38,1.1032393,43564623.57,0.0,0.0,2
8608370000118,2007-12-17,43626313.22,1.1038716,43589590.71,0.0,0.0,2
8608370000118,2007-12-18,43664868.99,1.1047017,43622368.82,0.0,0.0,2
8608370000118,2007-12-19,45704033.39,1.1055435,45655608.73,2000000.0,0.0,2
8608370000118,2007-12-20,45725642.42,1.1060337,45675853.03,0.0,0.0,2
8608370000118,2007-12-21,49280404.97,1.1071258999999998,49220959.79,3500000.0,0.0,2
8608370000118,2007-12-24,49315383.33,1.1078139999999999,49251549.3,0.0,0.0,2
8608370000118,2007-12-26,49348187.14,1.1084653999999998,49280509.43,0.0,0.0,2
8608370000118,2007-12-27,49289166.48,1.1075826000000002,49241262.55,0.0,0.0,2
8608370000118,2007-12-28,49306230.64,1.1079426,49257268.89,0.0,0.0,2
8608370000118,2007-12-31,49406590.79,1.1097671999999998,49338388.03,0.0,0.0,2
8608370000118,2008-01-02,49459468.26,1.1107569,49382388.03,0.0,0.0,2
8608370000118,2008-01-03,49498530.55,1.1115133,49416014.47,0.0,0.0,2
8608370000118,2008-01-04,49521332.68,1.1119954,49437446.67,0.0,0.0,2
8608370000118,2008-01-07,49528984.54,1.1126513,49466608.83,0.0,0.0,2
8608370000118,2008-01-08,49556538.13,1.1132135,49491603.32,0.0,0.0,2
8608370000118,2008-01-09,49581426.8,1.1137309,49514605.96,0.0,0.0,2
8608370000118,2008-01-10,49601131.41,1.1142258,49536606.45,0.0,0.0,2
8608370000118,2008-01-11,49629788.91,1.114807,49562447.84,0.0,0.0,2
8608370000118,2008-01-14,49664858.45,1.1155191999999998,49594110.91,0.0,0.0,2
8608370000118,2008-01-15,49693673.29,1.11608,49619044.37,0.0,0.0,2
8608370000118,2008-01-16,49717252.95,1.1165754,49641068.94,0.0,0.0,2
8608370000118,2008-01-17,49739671.67,1.1170513000000002,49662224.32,0.0,0.0,2
8608370000118,2008-01-18,49769166.06,1.1176464,49688684.09,0.0,0.0,2
8608370000118,2008-01-21,49782465.08,1.1179684,49702997.93,0.0,0.0,2
8608370000118,2008-01-22,49829724.46,1.1188632,49742779.67,0.0,0.0,2
8608370000118,2008-01-23,49851502.69,1.1193282,49763452.29,0.0,0.0,2
8608370000118,2008-01-24,49899478.25,1.1202352,49803774.09,0.0,0.0,2
8608370000118,2008-01-25,49928797.67,1.1208275,49830110.35,0.0,0.0,2
8608370000118,2008-01-28,49962724.13,1.1214977,49859903.71,0.0,0.0,2
8608370000118,2008-01-29,49989498.75,1.1220472,49884335.0,0.0,0.0,2
8608370000118,2008-01-30,50018645.66,1.1226367,49910542.01,0.0,0.0,2
8608370000118,2008-01-31,50050756.17,1.1232763,49938978.61,0.0,0.0,2
8608370000118,2008-02-01,49991151.71,1.1237892,49961780.79,0.0,0.0,2
8608370000118,2008-02-06,50014975.86,1.1242898000000001,49984037.84,0.0,0.0,2
8608370000118,2008-02-07,50048372.36,1.1249521,50013480.65,0.0,0.0,2
8608370000118,2008-02-08,50073661.57,1.1254775,50036839.13,0.0,0.0,2
8608370000118,2008-02-11,50104573.46,1.1260976999999999,50064412.34,0.0,0.0,2
8608370000118,2008-02-12,50139418.24,1.1267855,50094992.06,0.0,0.0,2
8608370000118,2008-02-13,50172466.52,1.1274421000000001,50124183.21,0.0,0.0,2
8608370000118,2008-02-14,50197967.55,1.1279714,50147712.27,0.0,0.0,2
8608370000118,2008-02-15,50225274.8,1.128531,50172592.12,0.0,0.0,2
8608370000118,2008-02-18,50266276.02,1.1293226,50207786.9,0.0,0.0,2
8608370000118,2008-02-19,50299240.56,1.1299788,50236961.66,0.0,0.0,2
8608370000118,2008-02-20,50298112.68,1.1301622,50245115.67,0.0,0.0,2
8608370000118,2008-02-21,50340525.65,1.1307771999999998,50272455.55,0.0,0.0,2
8608370000118,2008-02-22,50358912.7,1.1313645,50298563.82,0.0,0.0,2
8608370000118,2008-02-25,50382805.78,1.1316891000000002,50312994.99,0.0,0.0,2
8608370000118,2008-02-26,50427696.04,1.1325105,50349514.74,0.0,0.0,2
8608370000118,2008-02-27,50462757.58,1.1331868,50379582.72,0.0,0.0,2
8608370000118,2008-02-28,50515860.21,1.1339101,50411739.25,0.0,0.0,2
8608370000118,2008-02-29,50539424.27,1.1342192,50425480.42,0.0,0.0,2
8608370000118,2008-03-03,50579716.67,1.135033,50461661.76,0.0,0.0,2
8608370000118,2008-03-04,50608521.09,1.13555,50484647.32,0.0,0.0,2
8608370000118,2008-03-05,50686139.48,1.1368408,50542032.41,0.0,0.0,2
8608370000118,2008-03-06,50678360.35,1.1368216999999998,50541181.88,0.0,0.0,2
8608370000118,2008-03-07,50671427.27,1.1368268,50541409.75,0.0,0.0,2
8608370000118,2008-03-10,50619209.44,1.1370101,50549558.88,0.0,0.0,2
8608370000118,2008-03-11,50660512.91,1.1378044,50584870.69,0.0,0.0,2
8608370000118,2008-03-12,50689928.59,1.138418,50612153.32,0.0,0.0,2
8608370000118,2008-03-13,50699953.06,1.1388002000000002,50629143.64,0.0,0.0,2
8608370000118,2008-03-14,50701295.37,1.1389608,50636283.64,0.0,0.0,2
8608370000118,2008-03-17,52713555.82,1.1392178,52647710.59,2000000.0,0.0,2
8608370000118,2008-03-18,52761585.19,1.1400683,52687016.36,0.0,0.0,2
8608370000118,2008-03-19,49767593.7,1.1401747,52691931.55,0.0,0.0,2
8608370000118,2008-03-20,49804907.3,1.1410107,52730569.43,0.0,0.0,2
8608370000118,2008-03-24,49828549.45,1.1415631000000002,52756095.01,0.0,0.0,2
8608370000118,2008-03-25,49845334.58,1.1419099,52772123.37,0.0,0.0,2
8608370000118,2008-03-26,49856707.73,1.1422356000000002,52787173.59,0.0,0.0,2
8608370000118,2008-03-27,49859357.65,1.1423858999999998,52794119.02,0.0,0.0,2
8608370000118,2008-03-28,49892403.82,1.1431948,52831504.39,0.0,0.0,2
8608370000118,2008-03-31,49937153.16,1.1439718,52867412.16,0.0,0.0,2
8608370000118,2008-04-01,49974571.04,1.1447486,52903308.34,0.0,0.0,2
8608370000118,2008-04-02,50001138.83,1.1453613,52931626.82,0.0,0.0,2
8608370000118,2008-04-03,50041236.6,1.1461398999999999,52967609.61,0.0,0.0,2
8608370000118,2008-04-04,53078712.26,1.1465087,52984652.66,0.0,0.0,2
8608370000118,2008-04-07,53071039.9,1.1469897,53006878.06,0.0,0.0,2
8608370000118,2008-04-08,53096563.4,1.1475066,53030768.07,0.0,0.0,2
8608370000118,2008-04-09,53130196.03,1.1480613000000002,53056404.99,0.0,0.0,2
8608370000118,2008-04-10,53156417.75,1.1485033000000002,53076831.04,0.0,0.0,2
8608370000118,2008-04-11,53183132.34,1.1487808000000002,53089655.51,0.0,0.0,2
8608370000118,2008-04-14,53212394.63,1.1493296999999998,53115020.96,0.0,0.0,2
8608370000118,2008-04-15,53244216.96,1.149905,53141608.28,0.0,0.0,2
8608370000118,2008-04-16,53272569.55,1.1504105,53164968.78,0.0,0.0,2
8608370000118,2008-04-17,53316410.71,1.1510948,53196594.67,0.0,0.0,2
8608370000118,2008-04-18,53331147.43,1.1514669,53213789.37,0.0,0.0,2
8608370000118,2008-04-22,53335131.99,1.151376,53209587.07,0.0,0.0,2
8608370000118,2008-04-23,53391001.51,1.1523367,53253986.59,0.0,0.0,2
8608370000118,2008-04-24,53398864.74,1.1526541000000001,53268652.08,0.0,0.0,2
8608370000118,2008-04-25,53444515.71,1.1534341000000001,53304700.2,0.0,0.0,2
8608370000118,2008-04-28,53460991.24,1.1538225,53322649.82,0.0,0.0,2
8608370000118,2008-04-29,53514795.57,1.1546858,53362546.2,0.0,0.0,2
8608370000118,2008-04-30,53600796.8,1.1558248,53415186.26,0.0,0.0,2
8608370000118,2008-05-02,53676041.33,1.1574222,53489005.98,0.0,0.0,2
8608370000118,2008-05-05,53688772.13,1.1577707,53505112.55,0.0,0.0,2
8608370000118,2008-05-06,53686830.13,1.157706,53502120.43,0.0,0.0,2
8608370000118,2008-05-07,53700829.84,1.1577619,53504705.13,0.0,0.0,2
8608370000118,2008-05-08,53747202.8,1.1583473999999998,53531765.91,0.0,0.0,2
8608370000118,2008-05-09,53801703.36,1.1583483,53531807.01,0.0,0.0,2
8608370000118,2008-05-12,53878156.8,1.1597006,53594301.16,0.0,0.0,2
8608370000118,2008-05-13,53980423.14,1.1614977,53677353.07,0.0,0.0,2
8608370000118,2008-05-14,53980221.57,1.1616472,53684261.55,0.0,0.0,2
8608370000118,2008-05-15,54010773.37,1.1627374,53734641.09,0.0,0.0,2
8608370000118,2008-05-16,54062513.37,1.1637314,53780579.35,0.0,0.0,2
8608370000118,2008-05-19,54083164.5,1.1640678,53796127.9,0.0,0.0,2
8608370000118,2008-05-20,54125019.03,1.1648233,53831040.0,0.0,0.0,2
8608370000118,2008-05-21,57163321.59,1.1656053,56867179.07,3000000.0,0.0,2
8608370000118,2008-05-23,57196798.62,1.1662013999999998,56896261.65,0.0,0.0,2
8608370000118,2008-05-26,57225805.1,1.1668745,56929103.15,0.0,0.0,2
8608370000118,2008-05-27,57251910.26,1.1672702,56948404.74,0.0,0.0,2
8608370000118,2008-05-28,57294642.38,1.1680725,56987547.32,0.0,0.0,2
8608370000118,2008-05-29,57362156.41,1.1693129,57048063.04,0.0,0.0,2
8608370000118,2008-05-30,57445924.05,1.1707332,57117359.56,0.0,0.0,2
8608370000118,2008-06-02,57421750.34,1.1704315,57102640.31,0.0,0.0,2
8608370000118,2008-06-03,57436361.98,1.1709041,57125696.24,0.0,0.0,2
8608370000118,2008-06-04,57481014.8,1.1716919,57164129.99,0.0,0.0,2
8608370000118,2008-06-05,57504688.72,1.1719492,57176682.76,0.0,0.0,2
8608370000118,2008-06-06,57490272.82,1.1721211,57185072.16,0.0,0.0,2
8608370000118,2008-06-09,57458436.05,1.1712548999999999,57142810.72,0.0,0.0,2
8608370000118,2008-06-10,57500798.52,1.1719088,57174712.72,0.0,0.0,2
8608370000118,2008-06-11,57576730.36,1.1723566,57196558.39,0.0,0.0,2
8608370000118,2008-06-12,59131925.45,1.1732605,58740659.99,1500000.0,0.0,2
8608370000118,2008-06-13,59164310.06,1.1738882,58772087.93,0.0,0.0,2
8608370000118,2008-06-16,59248836.62,1.1752093000000001,58838230.07,0.0,0.0,2
8608370000118,2008-06-17,59293092.82,1.1757773999999999,58866668.68,0.0,0.0,2
8608370000118,2008-06-18,59326491.32,1.1763777,58896724.03,0.0,0.0,2
8608370000118,2008-06-19,59366337.08,1.1770666,58931215.6,0.0,0.0,2
8608370000118,2008-06-20,59393180.23,1.1775803,58956937.64,0.0,0.0,2
8608370000118,2008-06-23,59183897.08,1.179851,59070623.88,0.0,0.0,2
8608370000118,2008-06-24,59206960.81,1.1803194,59094074.02,0.0,0.0,2
8608370000118,2008-06-25,59239201.49,1.1809657,59126431.73,0.0,0.0,2
8608370000118,2008-06-26,57822340.84,1.182334,59194935.43,0.0,0.0,2
8608370000118,2008-06-27,64359798.46,1.183024,64229484.19,5000000.0,0.0,2
8608370000118,2008-06-30,64389941.43,1.1836598999999999,64264008.28,0.0,0.0,2
8608370000118,2008-07-01,64208210.05,1.1840249,64283824.66,0.0,0.0,2
8608370000118,2008-07-02,64206202.02,1.1841667,64291524.93,0.0,0.0,2
8608370000118,2008-07-03,64237632.04,1.1823576999999998,64193305.26,0.0,0.0,2
8608370000118,2008-07-04,64106746.41,1.1825527,64203896.86,0.0,0.0,2
8608370000118,2008-07-07,64100978.95,1.1833013,64244539.01,0.0,0.0,2
8608370000118,2008-07-08,64152387.45,1.1841188,64288922.64,0.0,0.0,2
8608370000118,2008-07-09,64190146.42,1.1847659,64324056.99,0.0,0.0,2
8608370000118,2008-07-10,64368122.87,1.1852835,64352157.05,0.0,0.0,2
8608370000118,2008-07-11,64414803.59,1.1860598,64394302.15,0.0,0.0,2
8608370000118,2008-07-14,64481028.33,1.1871056999999998,64451087.37,0.0,0.0,2
8608370000118,2008-07-15,64388083.47,1.1872499,64458920.15,0.0,0.0,2
8608370000118,2008-07-16,64328771.32,1.1882006,64510532.85,0.0,0.0,2
8608370000118,2008-07-17,64388621.0,1.189172,64563271.56,0.0,0.0,2
8608370000118,2008-07-18,64634190.09,1.1901446000000002,64616078.25,0.0,0.0,2
8608370000118,2008-07-21,64702058.92,1.1915114,64690286.86,0.0,0.0,2
8608370000118,2008-07-22,64775248.41,1.1921493,64724919.32,0.0,0.0,2
8608370000118,2008-07-23,67820532.76,1.1929023,67765803.12,3000000.0,0.0,2
8608370000118,2008-07-24,66187427.5,1.1939253,67823914.1,0.0,0.0,2
8608370000118,2008-07-25,68754941.54,1.1947405,67870223.53,0.0,0.0,2
8608370000118,2008-07-28,67832475.93,1.1945956,67861993.59,0.0,0.0,2
8608370000118,2008-07-29,67896458.56,1.1955682,67917245.32,0.0,0.0,2
8608370000118,2008-07-30,67923690.66,1.1960684,67945660.98,0.0,0.0,2
8608370000118,2008-07-31,67881066.26,1.195551,67916267.72,0.0,0.0,2
8608370000118,2008-08-01,67984893.54,1.1970662,68002342.4,0.0,0.0,2
8608370000118,2008-08-04,68073810.52,1.1983714,68076489.68,0.0,0.0,2
8608370000118,2008-08-05,68175613.41,1.1998556,68160804.18,0.0,0.0,2
8608370000118,2008-08-06,68239326.32,1.200828,68216041.88,0.0,0.0,2
8608370000118,2008-08-07,68283460.34,1.201554,68257283.36,0.0,0.0,2
8608370000118,2008-08-08,68363878.79,1.202747,68325055.62,0.0,0.0,2
8608370000118,2008-08-11,68378875.31,1.2030883999999995,68344447.23,0.0,0.0,2
8608370000118,2008-08-12,68413344.35,1.2036745,68377746.06,0.0,0.0,2
8608370000118,2008-08-13,68444068.12,1.2042247,68408998.56,0.0,0.0,2
8608370000118,2008-08-14,68456434.86,1.2045344,68426595.33,0.0,0.0,2
8608370000118,2008-08-15,67426777.81,1.2042773,68411988.2,0.0,0.0,2
8608370000118,2008-08-18,67309269.51,1.2044523,68421926.72,0.0,0.0,2
8608370000118,2008-08-19,68436340.73,1.204956,68450541.16,0.0,0.0,2
8608370000118,2008-08-20,68438685.84,1.2051298000000001,68460418.11,0.0,0.0,2
8608370000118,2008-08-21,68433689.68,1.2050333999999998,68454938.23,0.0,0.0,2
8608370000118,2008-08-22,68469676.47,1.2056593,68490492.67,0.0,0.0,2
8608370000118,2008-08-25,68492075.78,1.2063247,68528292.72,0.0,0.0,2
8608370000118,2008-08-26,68532032.14,1.2069447,68563513.15,0.0,0.0,2
8608370000118,2008-08-27,68584402.04,1.2077806,68611002.01,0.0,0.0,2
8608370000118,2008-08-28,68584566.08,1.2077811,68611028.85,0.0,0.0,2
8608370000118,2008-08-29,68616352.16,1.2084933,68651487.73,0.0,0.0,2
8608370000118,2008-09-01,67905495.5,1.208984,68679360.92,0.0,0.0,2
8608370000118,2008-09-02,67928524.73,1.2094684,68706880.08,0.0,0.0,2
8608370000118,2008-09-03,68576558.1,1.2102832,68753169.31,0.0,0.0,2
8608370000118,2008-09-04,68638247.65,1.2113771,68815310.76,0.0,0.0,2
8608370000118,2008-09-05,68675923.12,1.2120257,68852156.14,0.0,0.0,2
8608370000118,2008-09-08,68715221.79,1.2125157,68879990.26,0.0,0.0,2
8608370000118,2008-09-09,68891880.55,1.2130546,68910602.29,0.0,0.0,2
8608370000118,2008-09-10,68918313.74,1.2135503,68938763.58,0.0,0.0,2
8608370000118,2008-09-11,68921113.14,1.2137359,68949305.5,0.0,0.0,2
8608370000118,2008-09-12,68933127.75,1.2139468999999998,68961292.94,0.0,0.0,2
8608370000118,2008-09-15,68765751.86,1.2146334,69000289.64,0.0,0.0,2
8608370000118,2008-09-16,68980436.84,1.2160826,69082615.6,0.0,0.0,2
8608370000118,2008-09-17,69018385.62,1.2159606,69075686.01,0.0,0.0,2
8608370000118,2008-09-18,69032792.11,1.2161985,69089198.93,0.0,0.0,2
8608370000118,2008-09-19,68774680.61,1.2156878999999998,69060193.15,0.0,0.0,2
8608370000118,2008-09-22,68796777.91,1.2160732,69082084.53,0.0,0.0,2
8608370000118,2008-09-23,69084770.14,1.2167395,69119933.79,0.0,0.0,2
8608370000118,2008-09-24,69096979.48,1.2169567,69132271.84,0.0,0.0,2
8608370000118,2008-09-25,69123221.18,1.2174196000000002,69158571.34,0.0,0.0,2
8608370000118,2008-09-26,69157626.63,1.2180351,69193534.67,0.0,0.0,2
8608370000118,2008-09-29,69167746.11,1.2182133999999998,69203660.88,0.0,0.0,2
8608370000118,2008-09-30,69133255.04,1.2175971,69168650.9,0.0,0.0,2
8608370000118,2008-10-01,68669589.62,1.2178383999999998,69182358.21,0.0,0.0,2
8608370000118,2008-10-02,66989312.11,1.2181606000000005,69200663.55,0.0,0.0,2
8608370000118,2008-10-03,69083392.81,1.2183805,69213152.48,0.0,0.0,2
8608370000118,2008-10-06,69205460.49,1.2187624,69234850.4,0.0,0.0,2
8608370000118,2008-10-07,69160121.81,1.2179526000000005,69188844.34,0.0,0.0,2
8608370000118,2008-10-08,69170742.78,1.2181428,69199652.1,0.0,0.0,2
8608370000118,2008-10-09,69077986.23,1.2182607,69206350.5,0.0,0.0,2
8608370000118,2008-10-10,67420077.26,1.2056772,68491512.47,0.0,0.0,2
8608370000118,2008-10-13,68504419.68,1.2063586000000002,68530223.15,0.0,0.0,2
8608370000118,2008-10-14,68536169.81,1.2069031000000001,68561152.13,0.0,0.0,2
8608370000118,2008-10-15,68118832.31,1.2073446,68586233.79,0.0,0.0,2
8608370000118,2008-10-16,68046298.96,1.20824,68637095.75,0.0,0.0,2
8608370000118,2008-10-17,68641232.02,1.2090671,68684082.0,0.0,0.0,2
8608370000118,2008-10-20,68670247.63,1.2095652,68712381.63,0.0,0.0,2
8608370000118,2008-10-21,70367465.41,1.2051305,70360458.03,1950000.0,50000.0,1
8608370000118,2008-10-22,70492294.35,1.2062076000000002,70523431.69,0.0,0.0,1
8608370000118,2008-10-23,70339072.71,1.2073418,70589744.01,0.0,0.0,1
8608370000118,2008-10-24,70598758.3,1.2079673,70626313.12,0.0,0.0,1
8608370000118,2008-10-27,70632624.55,1.2085168,70658445.37,0.0,0.0,1
8608370000118,2008-10-28,70656383.5,1.208895,70680557.58,0.0,0.0,1
8608370000118,2008-10-29,70697716.18,1.2095871999999999,70721024.59,0.0,0.0,1
8608370000118,2008-10-30,70745593.23,1.2103705,70766825.07,0.0,0.0,1
8608370000118,2008-10-31,70818704.54,1.2116133,70839484.18,0.0,0.0,1
8608370000118,2008-11-03,70866213.64,1.2123918,70885002.95,0.0,0.0,1
8608370000118,2008-11-04,70920147.16,1.2132966,70937902.16,0.0,0.0,1
8608370000118,2008-11-05,71019751.28,1.2149652,71035461.21,0.0,0.0,1
8608370000118,2008-11-06,71061278.82,1.2156599,71076076.58,0.0,0.0,1
8608370000118,2008-11-07,71098025.08,1.2162532,71110768.58,0.0,0.0,1
8608370000118,2008-11-10,71123868.03,1.2166733,71135329.85,0.0,0.0,1
8608370000118,2008-11-11,71168884.97,1.2174181,71178876.39,0.0,0.0,1
8608370000118,2008-11-12,71215425.35,1.2181912,71224076.1,0.0,0.0,1
8608370000118,2008-11-13,71244190.48,1.2186563,71251271.01,0.0,0.0,1
8608370000118,2008-11-14,71313915.97,1.2198219,71319419.14,0.0,0.0,1
8608370000118,2008-11-17,70355377.26,1.2233553999999998,71526014.64,0.0,0.0,1
8608370000118,2008-11-18,70248811.22,1.2215054,71417847.34,0.0,0.0,1
8608370000118,2008-11-19,71394071.59,1.2222558,71461720.77,0.0,0.0,1
8608370000118,2008-11-20,71438504.36,1.2230053,71505543.73,0.0,0.0,1
8608370000118,2008-11-21,71496745.87,1.2239911,71563179.8,0.0,0.0,1
8608370000118,2008-11-24,71543541.26,1.2247636999999998,71608353.76,0.0,0.0,1
8608370000118,2008-11-25,71586011.47,1.2254802,71650242.59,0.0,0.0,1
8608370000118,2008-11-26,71625843.09,1.2261957,71692074.77,0.0,0.0,1
8608370000118,2008-11-27,71659243.25,1.2266967,71721369.93,0.0,0.0,1
8608370000118,2008-11-28,71657071.61,1.2266486,71718555.82,0.0,0.0,1
8608370000118,2008-12-01,71359734.81,1.2276098,71774752.18,0.0,0.0,1
8608370000118,2008-12-02,71399195.29,1.2282582,71812665.85,0.0,0.0,1
8608370000118,2008-12-03,71795731.83,1.2290386999999998,71858299.65,0.0,0.0,1
8608370000118,2008-12-04,71848736.66,1.2299347,71910687.15,0.0,0.0,1
8608370000118,2008-12-05,71910741.82,1.230692,71954958.8,0.0,0.0,1
8608370000118,2008-12-08,72035899.93,1.2331153,72096644.89,0.0,0.0,1
8608370000118,2008-12-09,72079326.06,1.2338468,72139414.21,0.0,0.0,1
8608370000118,2008-12-10,72122229.21,1.2345705,72181728.68,0.0,0.0,1
8608370000118,2008-12-11,72147797.37,1.2350212,72208075.53,0.0,0.0,1
8608370000118,2008-12-12,72067860.85,1.2355713,72240239.16,0.0,0.0,1
8608370000118,2008-12-15,72060482.15,1.2363197,72283999.66,0.0,0.0,1
8608370000118,2008-12-16,72104551.1,1.2370463,72326478.81,0.0,0.0,1
8608370000118,2008-12-17,72342061.09,1.2376622,72362491.07,0.0,0.0,1
8608370000118,2008-12-18,72371348.7,1.2381993,72393890.22,0.0,0.0,1
8608370000118,2008-12-19,72375364.73,1.2382407,72396310.15,0.0,0.0,1
8608370000118,2008-12-22,72360563.44,1.2379603000000001,72379915.95,0.0,0.0,1
8608370000118,2008-12-23,72398544.33,1.2385826000000002,72416304.88,0.0,0.0,1
8608370000118,2008-12-24,72441695.15,1.2392936,72457871.52,0.0,0.0,1
8608370000118,2008-12-26,72477659.04,1.2399448,72495946.58,0.0,0.0,1
8608370000118,2008-12-29,72513563.07,1.2405339,72530389.05,0.0,0.0,1
8608370000118,2008-12-30,72544813.41,1.243226,72687788.47,0.0,0.0,1
8608370000118,2008-12-31,72454231.42,1.2416496000000001,72595618.78,0.0,0.0,1
8608370000118,2009-01-02,72514301.55,1.2422841,72632720.39,0.0,0.0,1
8608370000118,2009-01-05,72594322.85,1.2436599,72713157.94,0.0,0.0,1
8608370000118,2009-01-06,72683612.57,1.2434695,72702027.58,0.0,0.0,1
8608370000118,2009-01-07,71730953.57,1.2443952,72756149.63,0.0,0.0,1
8608370000118,2009-01-08,72744348.18,1.2446103000000002,72768722.36,0.0,0.0,1
8608370000118,2009-01-09,72776178.12,1.2451916,72802709.24,0.0,0.0,1
8608370000118,2009-01-12,72588747.54,1.2459159,72845061.24,0.0,0.0,1
8608370000118,2009-01-13,72818339.39,1.2464309,72875166.81,0.0,0.0,1
8608370000118,2009-01-14,72858689.98,1.2471058000000002,72914630.0,0.0,0.0,1
8608370000118,2009-01-15,72804331.67,1.2479003,72961083.56,0.0,0.0,1
8608370000118,2009-01-16,72963944.22,1.2485778,73000694.27,0.0,0.0,1
8608370000118,2009-01-19,72998075.09,1.2491345,73033239.08,0.0,0.0,1
8608370000118,2009-01-20,73047129.69,1.2499463,73080706.87,0.0,0.0,1
8608370000118,2009-01-21,73089045.04,1.2507002,73124780.3,0.0,0.0,1
8608370000118,2009-01-22,73088554.33,1.2506646,73122702.28,0.0,0.0,1
8608370000118,2009-01-23,73136581.85,1.2515231000000002,73172893.3,0.0,0.0,1
8608370000118,2009-01-26,73176507.48,1.2521788,73211230.01,0.0,0.0,1
8608370000118,2009-01-27,73185361.15,1.2523672,73222247.04,0.0,0.0,1
8608370000118,2009-01-28,73222052.25,1.2529676,73257349.47,0.0,0.0,1
8608370000118,2009-01-29,73271670.26,1.253789,73305376.92,0.0,0.0,1
8608370000118,2009-01-30,73250898.87,1.2534708,73286772.4,0.0,0.0,1
8608370000118,2009-02-02,73296229.39,1.2542196,73330549.44,0.0,0.0,1
8608370000118,2009-02-03,73338668.81,1.2549831,73375189.75,0.0,0.0,1
8608370000118,2009-02-04,73379418.02,1.2556565,73414563.25,0.0,0.0,1
8608370000118,2009-02-05,73421867.8,1.2563559,73455457.19,0.0,0.0,1
8608370000118,2009-02-06,73330613.51,1.2548325,73366386.22,0.0,0.0,1
8608370000118,2009-02-09,73382882.74,1.2556994,73417072.6,0.0,0.0,1
8608370000118,2009-02-10,73396121.21,1.2559633,73432498.29,0.0,0.0,1
8608370000118,2009-02-11,73451990.2,1.2568917,73486782.8,0.0,0.0,1
8608370000118,2009-02-12,73499805.4,1.2576824,73533012.44,0.0,0.0,1
8608370000118,2009-02-13,73533022.25,1.2582878,73568408.05,0.0,0.0,1
8608370000118,2009-02-16,72507482.13,1.2590762,73614502.77,0.0,0.0,1
8608370000118,2009-02-17,72690183.12,1.2599755,73667080.07,0.0,0.0,1
8608370000118,2009-02-18,73681525.36,1.2608627000000001,73718956.93,0.0,0.0,1
8608370000118,2009-02-19,73757922.18,1.2616888000000002,73767256.17,0.0,0.0,1
8608370000118,2009-02-20,73815295.2,1.2626425,73823015.0,0.0,0.0,1
8608370000118,2009-02-25,73857219.03,1.2633967,73867109.57,0.0,0.0,1
8608370000118,2009-02-26,73904215.39,1.2641729,73912489.9,0.0,0.0,1
8608370000118,2009-02-27,73943178.41,1.2648765,73953627.28,0.0,0.0,1
8608370000118,2009-03-02,73700239.01,1.2657053,74002084.24,0.0,0.0,1
8608370000118,2009-03-03,74023654.32,1.2660886999999998,74024503.01,0.0,0.02,1
8608370000118,2009-03-04,74061537.59,1.2667744,74064593.11,0.0,0.0,1
8608370000118,2009-03-05,73415672.12,1.2674112,74101823.34,0.0,0.0,1
8608370000118,2009-03-06,74048080.02,1.2679973999999998,74136099.48,0.0,0.0,1
8608370000118,2009-03-09,74141580.87,1.2687243,74178601.23,0.0,0.0,1
8608370000118,2009-03-10,74148379.83,1.2688786,74187623.23,0.0,0.0,1
8608370000118,2009-03-11,74208491.14,1.2698793,74246126.64,0.0,0.0,1
8608370000118,2009-03-12,74222936.1,1.2701438,74261592.38,0.0,0.0,1
8608370000118,2009-03-13,74253223.02,1.2707108,74294746.68,0.0,0.0,1
8608370000118,2009-03-16,74181727.8,1.2712087,74323856.04,0.0,0.0,1
8608370000118,2009-03-17,74076882.62,1.2710241000000002,74313060.11,0.0,0.0,1
8608370000118,2009-03-18,74143921.88,1.2721428999999995,74378476.93,0.0,0.0,1
8608370000118,2009-03-19,74154996.81,1.2725314,74401188.05,0.0,0.0,1
8608370000118,2009-03-20,74118103.33,1.2729073999999998,74423172.91,0.0,0.0,1
8608370000118,2009-03-23,74709024.21,1.2733212,74447368.98,0.0,0.0,1
8608370000118,2009-03-24,74736605.4,1.2737651,74473321.23,0.0,0.0,1
8608370000118,2009-03-25,74762403.91,1.2742439,74501311.57,0.0,0.0,1
8608370000118,2009-03-26,74488561.32,1.2868408000000002,75237819.59,0.0,0.0,1
8608370000118,2009-03-27,75524728.5,1.2873835,75269545.91,0.0,0.0,1
8608370000118,2009-03-30,75533163.91,1.2875641000000002,75280108.41,0.0,0.0,1
8608370000118,2009-03-31,75573182.66,1.2882881000000002,75322438.27,0.0,0.0,1
8608370000118,2009-04-01,74789206.12,1.2887544,75349701.07,0.0,0.0,1
8608370000118,2009-04-02,74818351.98,1.2893206,75382806.65,0.0,0.0,1
8608370000118,2009-04-03,75609261.22,1.2891841,75374824.23,0.0,0.0,1
8608370000118,2009-04-06,75640124.07,1.2897541000000001,75408148.16,0.0,0.0,1
8608370000118,2009-04-07,75684087.38,1.2905440000000001,75454330.27,0.0,0.0,1
8608370000118,2009-04-08,75710591.22,1.2910331,75482927.93,0.0,0.0,1
8608370000118,2009-04-09,75741434.14,1.2915986000000002,75515989.83,0.0,0.0,1
8608370000118,2009-04-13,75822542.59,1.2930232,66999286.71,0.0,8600000.0,1
8608370000118,2009-04-14,67148005.09,1.2929511999999999,66995552.71,0.0,0.0,1
8608370000118,2009-04-15,66127811.5,1.2935553,67026853.25,0.0,0.0,1
8608370000118,2009-04-16,66791981.03,1.2941163999999998,67280927.12,225000.0,0.0,1
8608370000118,2009-04-17,67270827.91,1.2947033000000001,67311444.76,0.0,0.0,1
8608370000118,2009-04-20,67333834.08,1.2952226999999998,67338444.7,0.0,0.0,1
8608370000118,2009-04-22,67508337.88,1.2956607,67861215.1,500000.0,0.0,1
8608370000118,2009-04-23,68043640.18,1.2963639,67898046.66,0.0,0.0,1
8608370000118,2009-04-24,68089978.27,1.2970757,67935330.7,0.0,0.0,1
8608370000118,2009-04-27,68121829.63,1.2976508999999998,67965456.16,0.0,0.0,1
8608370000118,2009-04-28,68150711.22,1.2979388,67980534.88,0.0,0.0,1
8608370000118,2009-04-29,68191973.72,1.2986986,68020328.2,0.0,0.0,1
8608370000118,2009-04-30,68198867.91,1.2987812,68024655.95,0.0,0.0,1
8608370000118,2009-05-04,68204198.05,1.2994086,68057515.12,0.0,0.0,1
8608370000118,2009-05-05,68238294.96,1.3000298,68090052.48,0.0,0.0,1
8608370000118,2009-05-06,68263003.53,1.3004688,68113044.65,0.0,0.0,1
8608370000118,2009-05-07,68294770.6,1.3010618,68144105.88,0.0,0.0,1
8608370000118,2009-05-08,68258413.73,1.3006686,68123511.69,0.0,0.0,1
8608370000118,2009-05-11,68318618.31,1.3018126,68183425.86,0.0,0.0,1
8608370000118,2009-05-12,68380178.92,1.3019969,68193079.96,0.0,0.0,1
8608370000118,2009-05-13,68411858.64,1.3025915,68224222.9,0.0,0.0,1
8608370000118,2009-05-14,68448671.9,1.3032633999999998,68259414.53,0.0,0.0,1
8608370000118,2009-05-15,67120390.64,1.3038546999999998,68290384.43,0.0,0.0,1
8608370000118,2009-05-18,67785122.81,1.3042566999999998,68311441.84,0.0,0.0,1
8608370000118,2009-05-19,68516826.56,1.3048461999999998,68342315.24,0.0,0.0,1
8608370000118,2009-05-20,68547693.0,1.3054215,68372444.22,0.0,0.0,1
8608370000118,2009-05-21,68597209.38,1.3063283,68419939.92,0.0,0.0,1
8608370000118,2009-05-22,68631158.05,1.3077384,68493798.06,0.0,0.0,1
8608370000118,2009-05-25,68664603.3,1.3083453,68525583.44,0.0,0.0,1
8608370000118,2009-05-26,67445250.52,1.3088997,68554619.83,0.0,0.0,1
8608370000118,2009-05-27,68781391.86,1.3095736999999998,68589923.49,0.0,0.0,1
8608370000118,2009-05-28,68796485.67,1.3098301,68603352.24,0.0,0.0,1
8608370000118,2009-05-29,68838527.19,1.3106186000000002,68644648.99,0.0,0.0,1
8608370000118,2009-06-01,68354493.31,1.310997,68664467.8,0.0,0.0,1
8608370000118,2009-06-02,68782542.12,1.3115225000000001,68691991.79,0.0,0.0,1
8608370000118,2009-06-03,68853089.51,1.3118936,68711429.08,0.0,0.0,1
8608370000118,2009-06-04,68971658.54,1.313175,68778540.86,0.0,0.0,1
8608370000118,2009-06-05,68800564.49,1.3134202,68791383.77,0.0,0.0,1
8608370000118,2009-06-08,68817286.22,1.3140626,68825030.74,0.0,0.0,1
8608370000118,2009-06-09,68853055.13,1.3147348,68860240.07,0.0,0.0,1
8608370000118,2009-06-10,68888361.05,1.3153883,68894464.94,0.0,0.0,1
8608370000118,2009-06-12,68755119.9,1.3209269,69184551.32,0.0,0.0,1
8608370000118,2009-06-15,68463332.72,1.3233028,69308992.45,0.0,0.0,1
8608370000118,2009-06-16,68550184.76,1.3224672,69265227.24,0.0,0.0,1
8608370000118,2009-06-17,69086369.33,1.3231795,69302535.61,0.0,0.0,1
8608370000118,2009-06-18,69297405.87,1.3233814,69313111.5,0.0,0.0,1
8608370000118,2009-06-19,69303365.88,1.3234687,69317680.84,0.0,0.0,1
8608370000118,2009-06-22,69333699.32,1.3240163999999999,69346367.02,0.0,0.0,1
8608370000118,2009-06-23,69400565.16,1.3253278999999998,69415061.5,0.0,0.0,1
8608370000118,2009-06-24,69399260.33,1.3259152,69445821.19,0.0,0.0,1
8608370000118,2009-06-25,69443246.41,1.3266969,69486763.29,0.0,0.0,1
8608370000118,2009-06-26,69484222.06,1.3274456000000001,69525975.34,0.0,0.0,1
8608370000118,2009-06-29,69494031.29,1.3276794,69538223.56,0.0,0.0,1
8608370000118,2009-06-30,69508771.3,1.3279326,69551480.85,0.0,0.0,1
8608370000118,2009-07-01,69294715.76,1.3306973,69696283.71,0.0,0.0,1
8608370000118,2009-07-02,69346533.91,1.3321016,69769838.8,0.0,0.0,1
8608370000118,2009-07-03,69799051.86,1.3331466,69824571.73,0.0,0.0,1
8608370000118,2009-07-06,69851181.27,1.3341069,69874863.96,0.0,0.0,1
8608370000118,2009-07-07,69792825.45,1.3329615,69814872.64,0.0,0.0,1
8608370000118,2009-07-08,69924869.79,1.3338941999999998,69863726.04,0.0,0.0,1
8608370000118,2009-07-09,70029309.17,1.3358584999999998,69966605.85,0.0,0.0,1
8608370000118,2009-07-10,69877490.16,1.3365857,70004696.05,0.0,0.0,1
8608370000118,2009-07-13,70018500.01,1.3354431,69944848.96,0.0,0.0,1
8608370000118,2009-07-14,70064339.99,1.3377422,70065265.74,0.0,0.0,1
8608370000118,2009-07-15,70106551.48,1.3402396,70196073.34,0.0,0.0,1
8608370000118,2009-07-16,70064196.38,1.3394278999999998,70153559.88,0.0,0.0,1
8608370000118,2009-07-17,70265936.1,1.340453,70207246.21,0.0,0.0,1
8608370000118,2009-07-20,69949709.3,1.3344493999999998,69892805.46,0.0,0.0,1
8608370000118,2009-07-21,70059178.29,1.3365541,70003039.23,0.0,0.0,1
8608370000118,2009-07-22,70054796.72,1.3371797,70035804.03,0.0,0.0,1
8608370000118,2009-07-23,70089169.03,1.3377839,70067451.11,0.0,0.0,1
8608370000118,2009-07-24,70143481.43,1.3388586999999998,70123745.16,0.0,0.0,1
8608370000118,2009-07-27,70616445.32,1.3463134,70514191.48,0.0,0.0,1
8608370000118,2009-07-28,70699220.14,1.3476476000000002,70584073.35,0.0,0.0,1
8608370000118,2009-07-29,70717119.76,1.3479951,70602268.94,0.0,0.0,1
8608370000118,2009-07-30,70601314.83,1.3466788,70533328.97,0.0,0.0,1
8608370000118,2009-07-31,69379416.9,1.3253146,69414364.5,0.0,0.0,1
8608370000118,2009-08-03,69466018.28,1.3269293,69498936.26,0.0,0.0,1
8608370000118,2009-08-04,69574469.21,1.3289576,69605167.76,0.0,0.0,1
8608370000118,2009-08-05,69566552.12,1.3291788,69616754.66,0.0,0.0,1
8608370000118,2009-08-06,69600785.3,1.3298012,69649351.54,0.0,0.0,1
8608370000118,2009-08-07,69525417.2,1.3283475,69573215.2,0.0,0.0,1
8608370000118,2009-08-10,69631287.75,1.3307361999999998,69698321.74,0.0,0.0,1
8608370000118,2009-08-11,69661752.59,1.3312865,69727147.33,0.0,0.0,1
8608370000118,2009-08-12,69670671.7,1.3314270000000001,69734505.82,0.0,0.0,1
8608370000118,2009-08-13,69710313.36,1.3322264,69776374.96,0.0,0.0,1
8608370000118,2009-08-14,69752109.57,1.3329933999999999,69816547.63,0.0,0.0,1
8608370000118,2009-08-17,68890304.48,1.3351932,69931763.8,0.0,0.0,1
8608370000118,2009-08-18,68829708.8,1.3340187,69870247.85,0.0,0.0,1
8608370000118,2009-08-19,68883347.12,1.3350078,69922052.9,0.0,0.0,1
8608370000118,2009-08-20,70020391.31,1.3347854,69910401.22,0.0,0.0,1
8608370000118,2009-08-21,70047365.85,1.335343,69939606.74,0.0,0.0,1
8608370000118,2009-08-24,70064710.61,1.3356445,69955398.54,0.0,0.0,1
8608370000118,2009-08-25,70098241.59,1.3363278,69991190.24,0.0,0.0,1
8608370000118,2009-08-26,70084007.22,1.3363988000000002,69994904.15,0.0,0.0,1
8608370000118,2009-08-27,70102894.34,1.3367295,70012224.67,0.0,0.0,1
8608370000118,2009-08-28,70099879.38,1.3367206,70011762.53,0.0,0.0,1
8608370000118,2009-08-31,70223752.95,1.3390399,70133237.67,0.0,0.0,1
8608370000118,2009-09-01,70289529.8,1.3402112,70194584.37,0.0,0.0,1
8608370000118,2009-09-02,70291918.92,1.340295,70198971.34,0.0,0.0,1
8608370000118,2009-09-03,70506726.13,1.3443211000000002,70409845.06,0.0,0.0,1
8608370000118,2009-09-04,70354448.89,1.3415035,70262267.71,0.0,0.0,1
8608370000118,2009-09-08,70286282.28,1.3404711,70208196.61,0.0,0.0,1
8608370000118,2009-09-09,70301164.44,1.3408126,70226082.46,0.0,0.0,1
8608370000118,2009-09-10,70346100.97,1.3417133,70273259.01,0.0,0.0,1
8608370000118,2009-09-11,70432687.27,1.3433273,70357791.89,0.0,0.0,1
8608370000118,2009-09-14,69971241.34,1.344428,70415442.62,0.0,0.0,1
8608370000118,2009-09-15,69548185.66,1.3456382,70478826.25,0.0,0.0,1
8608370000118,2009-09-16,69933729.28,1.3452083,70456309.68,0.0,0.0,1
8608370000118,2009-09-17,70602507.46,1.3465568,70526938.22,0.0,0.0,1
8608370000118,2009-09-18,70636404.5,1.347248,70563141.72,0.0,0.0,1
8608370000118,2009-09-21,70407018.13,1.346557,70526948.08,0.0,0.0,1
8608370000118,2009-09-22,70499731.88,1.3482848,70617443.65,0.0,0.0,1
8608370000118,2009-09-23,70716807.95,1.3486524,70636696.81,0.0,0.0,1
8608370000118,2009-09-24,70742786.86,1.3491987,70665310.37,0.0,0.0,1
8608370000118,2009-09-25,70782759.79,1.3500002,70707288.0,0.0,0.0,1
8608370000118,2009-09-28,70759570.36,1.3495373,70683045.99,0.0,0.0,1
8608370000118,2009-09-29,70722565.03,1.3488869,70648980.73,0.0,0.0,1
8608370000118,2009-09-30,70768141.32,1.3498001,70696808.27,0.0,0.0,1
8608370000118,2009-10-01,68560485.7,1.348962,70652913.47,0.0,0.0,1
8608370000118,2009-10-02,70831785.87,1.350354,70725819.26,0.0,0.0,1
8608370000118,2009-10-05,70874977.9,1.3512226999999999,70771318.0,0.0,0.0,1
8608370000118,2009-10-06,70876047.07,1.3512943000000002,70775071.82,0.0,0.0,1
8608370000118,2009-10-07,70895399.23,1.3517124,70796965.23,0.0,0.0,1
8608370000118,2009-10-08,70934850.05,1.3527479,70851205.11,0.0,0.0,1
8608370000118,2009-10-09,70932293.02,1.3527511,70851368.84,0.0,0.0,1
8608370000118,2009-10-13,70955474.03,1.3532416999999999,70877067.51,0.0,0.0,1
8608370000118,2009-10-14,71017070.3,1.3544631999999999,70941045.32,0.0,0.0,1
8608370000118,2009-10-15,70819949.02,1.357302,71089727.48,0.0,0.0,1
8608370000118,2009-10-16,70952660.46,1.3569093,71069158.71,0.0,0.0,1
8608370000118,2009-10-19,70973524.47,1.3573481,71092141.16,0.0,0.0,1
8608370000118,2009-10-20,71188224.8,1.3580146999999998,71127057.45,0.0,0.0,1
8608370000118,2009-10-21,71204965.38,1.3578289,71117323.87,0.0,0.0,1
8608370000118,2009-10-22,71235934.61,1.3584673,71150761.47,0.0,0.0,1
8608370000118,2009-10-23,71300278.27,1.3596908,71214842.15,0.0,0.0,1
8608370000118,2009-10-26,71328445.88,1.3602735000000001,71245364.39,0.0,0.0,1
8608370000118,2009-10-27,71367985.29,1.3610386,71285432.61,0.0,0.0,1
8608370000118,2009-10-28,71292568.68,1.3612360000000001,71295773.46,0.0,0.0,1
8608370000118,2009-10-29,71200437.92,1.3610681,71286977.54,0.0,0.0,1
8608370000118,2009-10-30,71275357.09,1.3606387,71264487.56,0.0,0.0,1
8608370000118,2009-11-03,71490829.02,1.3609596000000002,71281299.14,0.0,0.0,1
8608370000118,2009-11-04,71384052.57,1.3608789,71277072.28,0.0,0.0,1
8608370000118,2009-11-05,71414301.08,1.3614782,71308460.2,0.0,0.0,1
8608370000118,2009-11-06,71453113.97,1.3622094,71346757.11,0.0,0.0,1
8608370000118,2009-11-09,70249630.8,1.3587199,71163990.63,0.0,0.0,1
8608370000118,2009-11-10,70287667.55,1.3594536,71202421.51,0.0,0.0,1
8608370000118,2009-11-11,70592187.15,1.3606334999999998,71264218.74,0.0,0.0,1
8608370000118,2009-11-12,71256521.17,1.3610025,71283544.26,0.0,0.0,1
8608370000118,2009-11-13,71307285.09,1.3619381000000002,71332544.51,0.0,0.0,1
8608370000118,2009-11-16,69959108.12,1.3636837,71423973.03,0.0,0.0,1
8608370000118,2009-11-17,68910590.8,1.3645663,71470202.48,0.0,0.0,1
8608370000118,2009-11-18,71498640.64,1.3649476,71490171.44,0.0,0.0,1
8608370000118,2009-11-19,71517286.04,1.3658656,71538253.66,0.0,0.0,1
8608370000118,2009-11-20,71559502.58,1.3666396,71578789.17,0.0,0.0,1
8608370000118,2009-11-23,71605322.98,1.3675559,71626783.15,0.0,0.0,1
8608370000118,2009-11-24,71627753.5,1.3679546,71647668.0,0.0,0.0,1
8608370000118,2009-11-25,71679918.26,1.3689915,71701976.29,0.0,0.0,1
8608370000118,2009-11-26,71741771.33,1.370139,71762077.18,0.0,0.0,1
8608370000118,2009-11-27,71853153.52,1.371374,71826761.29,0.0,0.0,1
8608370000118,2009-11-30,71797608.5,1.3702994,71770477.5,0.0,0.0,1
8608370000118,2009-12-01,71756061.7,1.3697295,71740626.55,0.0,0.0,1
8608370000118,2009-12-02,71725211.41,1.3691229999999999,71708861.28,0.0,0.0,1
8608370000118,2009-12-03,71761071.87,1.3697848999999995,71743526.62,0.0,0.0,1
8608370000118,2009-12-04,71796157.29,1.3704991000000002,71780933.45,0.0,0.0,1
8608370000118,2009-12-07,71642194.54,1.3682558,71663441.23,0.0,0.0,1
8608370000118,2009-12-08,71715778.51,1.3699386,71751577.4,0.0,0.0,1
8608370000118,2009-12-09,71704872.15,1.3697796,71743250.33,0.0,0.0,1
8608370000118,2009-12-10,71743787.03,1.3705085,71781429.14,0.0,0.0,1
8608370000118,2009-12-11,71777575.2,1.3711964,71817454.64,0.0,0.0,1
8608370000118,2009-12-14,71851571.84,1.3725688,71889339.02,0.0,0.0,1
8608370000118,2009-12-15,71871585.27,1.3733336,71929393.86,0.0,0.0,1
8608370000118,2009-12-16,71862790.36,1.3740219,71965445.14,0.0,0.0,1
8608370000118,2009-12-17,71976012.64,1.3742879,71979374.24,0.0,0.0,1
8608370000118,2009-12-18,71989464.05,1.3751027,72022050.98,0.0,0.0,1
8608370000118,2009-12-21,72015001.54,1.3755572,72045856.68,0.0,0.0,1
8608370000118,2009-12-22,72047050.55,1.3762121999999999,72080162.18,0.0,0.0,1
8608370000118,2009-12-23,72053105.92,1.376823,72112155.28,0.0,0.0,1
8608370000118,2009-12-24,72071140.51,1.3771457,72129054.82,0.0,0.0,1
8608370000118,2009-12-28,70151959.45,1.3781761000000001,72183025.37,0.0,0.0,1
8608370000118,2009-12-29,72156965.56,1.3776372,72154799.04,0.0,0.0,1
8608370000118,2009-12-30,72171227.55,1.3778757,72167289.1,0.0,0.0,1
8608370000118,2009-12-31,72260058.27,1.3795374,72254323.47,0.0,0.0,1
8608370000118,2010-01-04,72125447.27,1.3808551000000002,72323337.3,0.0,0.0,1
8608370000118,2010-01-05,72180638.73,1.3818931,72377704.53,0.0,0.0,1
8608370000118,2010-01-06,72490668.03,1.3839692,72486443.95,0.0,0.0,1
8608370000118,2010-01-07,72492620.52,1.3839996,72488034.27,0.0,0.0,1
8608370000118,2010-01-08,72520938.75,1.3851783000000002,72549769.94,0.0,0.0,1
8608370000118,2010-01-11,72391068.54,1.3856793,72576008.8,0.0,0.0,1
8608370000118,2010-01-12,72732781.21,1.3884006000000002,72718538.89,0.0,0.0,1
8608370000118,2010-01-13,72796123.33,1.3895323999999998,72777819.69,0.0,0.0,1
8608370000118,2010-01-14,72747296.49,1.3897693000000002,72790228.76,0.0,0.0,1
8608370000118,2010-01-15,72771082.81,1.3919975,72906929.37,0.0,0.0,1
8608370000118,2010-01-18,69785592.27,1.3911440000000002,72862229.64,0.0,0.0,1
8608370000118,2010-01-19,72738026.65,1.3921183,72913255.69,0.0,0.0,1
8608370000118,2010-01-20,73039681.16,1.394075,73015741.35,0.0,0.0,1
8608370000118,2010-01-21,73000832.77,1.3942504,73024928.95,0.0,0.0,1
8608370000118,2010-01-22,73145293.61,1.3969537,73166517.66,0.0,0.0,1
8608370000118,2010-01-25,73182599.17,1.3976328000000002,73202082.66,0.0,0.0,1
8608370000118,2010-01-26,73230007.56,1.3985776,73251567.08,0.0,0.0,1
8608370000118,2010-01-27,73276951.32,1.3994412,73296802.42,0.0,0.0,1
8608370000118,2010-01-28,73337420.63,1.4005578,73355284.69,0.0,0.0,1
8608370000118,2010-01-29,73327054.25,1.4001837,73335687.07,0.0,0.0,1
8608370000118,2010-02-01,71242520.13,1.4002873,73341113.76,0.0,0.0,1
8608370000118,2010-02-02,71209667.1,1.3996281000000002,73306588.51,0.0,0.0,1
8608370000118,2010-02-03,73362733.45,1.4006652,73360907.37,0.0,0.0,1
8608370000118,2010-02-04,73364717.9,1.400671,73361212.55,0.0,0.0,1
8608370000118,2010-02-05,73396946.19,1.4015961000000001,73409665.64,0.0,0.0,1
8608370000118,2010-02-08,73442817.62,1.4028180000000001,73473664.27,0.0,0.0,1
8608370000118,2010-02-09,73482940.19,1.4035506000000002,73512032.88,0.0,0.0,1
8608370000118,2010-02-10,73531408.96,1.4044511999999998,73559200.99,0.0,0.0,1
8608370000118,2010-02-11,73612030.91,1.4060561000000005,73643262.57,0.0,0.0,1
8608370000118,2010-02-12,73688897.42,1.4074815,73717915.66,0.0,0.0,1
8608370000118,2010-02-17,73648466.28,1.4083917,73765590.62,0.0,0.0,1
8608370000118,2010-02-18,73646332.65,1.4102441000000001,73862611.75,0.0,0.0,1
8608370000118,2010-02-19,73841829.89,1.4110902,73906927.44,0.0,0.0,1
8608370000118,2010-02-22,73916315.18,1.4124705,73979219.04,0.0,0.0,1
8608370000118,2010-02-23,73958434.28,1.4133173,74023570.11,0.0,0.0,1
8608370000118,2010-02-24,74007013.84,1.4141271999999998,74065989.6,0.0,0.0,1
8608370000118,2010-02-25,74085423.04,1.4153475,74129904.14,0.0,0.0,1
8608370000118,2010-02-26,73991465.17,1.4139386,74056110.72,0.0,0.0,1
8608370000118,2010-03-01,72816963.32,1.4119181,73950288.19,0.0,0.0,1
8608370000118,2010-03-02,73886461.5,1.4122528,73967815.72,0.0,0.0,1
8608370000118,2010-03-03,73960488.48,1.4137031,74043779.13,0.0,0.0,1
8608370000118,2010-03-04,74015480.33,1.4147156,73414990.91,0.0,681818.0,1
8608370000118,2010-03-05,73268311.42,1.4141671999999998,73386533.43,0.0,0.0,1
8608370000118,2010-03-08,73236038.56,1.413783,73366594.22,0.0,0.0,1
8608370000118,2010-03-09,73319017.18,1.4154174,73451410.17,0.0,0.0,1
8608370000118,2010-03-10,73429668.43,1.4165525,73510312.71,0.0,0.0,1
8608370000118,2010-03-11,73495363.12,1.4177783000000002,73573927.81,0.0,0.0,1
8608370000118,2010-03-12,73553257.34,1.4183133,73601690.0,0.0,0.0,1
8608370000118,2010-03-15,68771218.6,1.42066,73723468.87,0.0,0.0,1
8608370000118,2010-03-16,70459106.08,1.4214143999999995,73762618.62,0.0,0.0,1
8608370000118,2010-03-17,73666793.85,1.4223521,73811275.46,0.0,0.0,1
8608370000118,2010-03-18,73775088.06,1.4240541000000002,73899600.0,0.0,0.0,1
8608370000118,2010-03-19,73674987.38,1.4251638999999998,73957190.83,0.0,0.0,1
8608370000118,2010-03-22,73770603.04,1.4252002,73959078.27,0.0,0.0,1
8608370000118,2010-03-23,73846087.97,1.4264492,74023892.99,0.0,0.0,1
8608370000118,2010-03-24,73956128.24,1.4266931,74036550.34,0.0,0.0,1
8608370000118,2010-03-25,73988725.38,1.4272622,74066080.06,0.0,0.0,1
8608370000118,2010-03-26,74029345.33,1.4280073,74104746.1,0.0,0.0,1
8608370000118,2010-03-29,74092248.52,1.4290141,74156993.46,0.0,0.0,1
8608370000118,2010-03-30,74173671.01,1.4302881,74223104.42,0.0,0.0,1
8608370000118,2010-03-31,74282132.1,1.4319532,74309517.56,0.0,0.0,1
8608370000118,2010-04-01,73824992.8,1.4323525,74330234.22,0.0,0.0,1
8608370000118,2010-04-05,73908952.23,1.4336636,74398272.26,0.0,0.0,1
8608370000118,2010-04-06,74289419.04,1.4343071000000005,74431669.56,0.0,0.0,1
8608370000118,2010-04-07,74441250.1,1.4352114,74478596.8,0.0,0.0,1
8608370000118,2010-04-08,74497273.66,1.4366318,74552308.06,0.0,0.0,1
8608370000118,2010-04-09,74522678.81,1.4371199,74577633.96,0.0,0.0,1
8608370000118,2010-04-12,74544147.34,1.4375878,74601914.91,0.0,0.0,1
8608370000118,2010-04-13,74483511.28,1.4368087999999999,74561492.4,0.0,0.0,1
8608370000118,2010-04-14,74400783.14,1.4357105,74504497.2,0.0,0.0,1
8608370000118,2010-04-15,73493130.98,1.4347758999999998,74455993.83,0.0,0.0,1
8608370000118,2010-04-16,73455755.42,1.4357623,74507183.92,0.0,0.0,1
8608370000118,2010-04-19,74321671.07,1.4353639999999999,74486512.61,0.0,0.0,1
8608370000118,2010-04-20,74288584.04,1.4350453,74469974.67,0.0,0.0,1
8608370000118,2010-04-22,74334471.61,1.4358073999999998,74509526.15,0.0,0.0,1
8608370000118,2010-04-23,74456207.96,1.437656,74605453.41,0.0,0.0,1
8608370000118,2010-04-26,73729768.36,1.4218262,73783987.1,0.0,0.0,1
8608370000118,2010-04-27,73684858.45,1.4209285,73737399.67,0.0,0.0,1
8608370000118,2010-04-28,73678967.26,1.4208635,73734025.8,0.0,0.0,1
8608370000118,2010-04-29,73781362.75,1.4232247,73856559.63,0.0,0.0,1
8608370000118,2010-04-30,73895817.29,1.4253978999999999,73969337.19,0.0,0.0,1
8608370000118,2010-05-03,73828220.72,1.4266541,74034525.84,0.0,0.0,1
8608370000118,2010-05-04,73833125.05,1.4267526,71721455.39,0.0,2318182.0,1
8608370000118,2010-05-05,71510900.47,1.4262534,71696358.27,0.0,0.0,1
8608370000118,2010-05-06,71513103.72,1.4262633999999998,71696863.06,0.0,0.0,1
8608370000118,2010-05-07,71359468.83,1.427057,71736754.23,0.0,0.0,1
8608370000118,2010-05-10,71811653.24,1.4293813999999998,71853602.73,0.0,0.0,1
8608370000118,2010-05-11,71894103.24,1.4309877,71934350.68,0.0,0.0,1
8608370000118,2010-05-12,71890802.6,1.4309721000000002,71933563.64,0.0,0.0,1
8608370000118,2010-05-13,71959901.13,1.4323127,72000955.96,0.0,0.0,1
8608370000118,2010-05-14,72055622.29,1.4341829,72094968.91,0.0,0.0,1
8608370000118,2010-05-17,71862912.8,1.4353479,72153532.13,0.0,0.0,1
8608370000118,2010-05-18,71797894.81,1.4360038,72186503.73,0.0,0.0,1
8608370000118,2010-05-19,72199851.33,1.4359805,72185333.53,0.0,0.0,1
8608370000118,2010-05-20,72305400.69,1.4380256,72288134.52,0.0,0.0,1
8608370000118,2010-05-21,72360073.11,1.4389499,72334600.07,0.0,0.0,1
8608370000118,2010-05-24,72371870.96,1.4392976999999998,72352081.87,0.0,0.0,1
8608370000118,2010-05-25,72364223.28,1.4392923999999998,72351817.33,0.0,0.0,1
8608370000118,2010-05-26,72386456.33,1.4397748,72376069.05,0.0,0.0,1
8608370000118,2010-05-27,72400320.18,1.4400166,72388220.02,0.0,0.0,1
8608370000118,2010-05-28,72446016.07,1.4408915,72432201.78,0.0,0.0,1
8608370000118,2010-05-31,72511985.57,1.4421046999999998,72493190.54,0.0,0.0,1
8608370000118,2010-06-01,72117117.74,1.442879,72532110.68,0.0,0.0,1
8608370000118,2010-06-02,72199099.49,1.4441711000000002,72597065.78,0.0,0.0,1
8608370000118,2010-06-04,72707933.3,1.4456628,72672048.76,0.0,0.0,1
8608370000118,2010-06-07,72740284.03,1.446369,72707549.52,0.0,0.0,1
8608370000118,2010-06-08,72674323.06,1.4462171,72699916.79,0.0,0.0,1
8608370000118,2010-06-09,72686717.92,1.4463105,72704611.76,0.0,0.0,1
8608370000118,2010-06-10,72696166.98,1.4466623,72722293.93,0.0,0.0,1
8608370000118,2010-06-11,72683735.07,1.4468738,72732927.6,0.0,0.0,1
8608370000118,2010-06-14,72080228.44,1.4476053999999998,72769705.93,0.0,0.0,1
8608370000118,2010-06-15,71840926.83,1.4475106000000002,72764939.31,0.0,0.0,1
8608370000118,2010-06-16,72602878.63,1.4485983999999998,72819618.96,0.0,0.0,1
8608370000118,2010-06-17,72822550.87,1.4490818,72843923.19,0.0,0.0,1
8608370000118,2010-06-18,72868940.66,1.4498565,72882865.06,0.0,0.0,1
8608370000118,2010-06-21,72874489.74,1.4501,72895103.46,0.0,0.0,1
8608370000118,2010-06-22,72898494.41,1.4505337999999999,72916910.4,0.0,0.0,1
8608370000118,2010-06-23,72907700.28,1.4506313999999998,72921819.51,0.0,0.0,1
8608370000118,2010-06-24,72923858.34,1.4509912,72939903.97,0.0,0.0,1
8608370000118,2010-06-25,72946339.46,1.4514878999999998,72964874.0,0.0,0.0,1
8608370000118,2010-06-28,71929134.57,1.4526081,73021183.65,0.0,0.0,1
8608370000118,2010-06-29,73059938.65,1.4542096000000002,73101689.81,0.0,0.0,1
8608370000118,2010-06-30,73143827.9,1.4545032,73116451.51,0.0,0.0,1
8608370000118,2010-07-01,73046481.25,1.4562792,73205726.85,0.0,0.0,1
8608370000118,2010-07-02,73114854.44,1.4573381,73258957.24,0.0,0.0,1
8608370000118,2010-07-05,73442325.2,1.45918,73351546.36,0.0,0.0,1
8608370000118,2010-07-06,73428637.43,1.459727,73379043.47,0.0,0.0,1
8608370000118,2010-07-07,73375836.88,1.4593163,73358397.61,0.0,0.0,1
8608370000118,2010-07-08,73443778.68,1.4600252,73394033.23,0.0,0.0,1
8608370000118,2010-07-09,73430844.79,1.460027,73394125.2,0.0,0.0,1
8608370000118,2010-07-12,73377129.93,1.4596106000000002,73373193.17,0.0,0.0,1
8608370000118,2010-07-13,73489919.7,1.4612375,73454976.25,0.0,0.0,1
8608370000118,2010-07-14,73527742.74,1.4619506000000002,73490820.77,0.0,0.0,1
8608370000118,2010-07-15,73221440.4,1.4625493,73520917.53,0.0,0.0,1
8608370000118,2010-07-16,73330144.75,1.464123,73600029.86,0.0,0.0,1
8608370000118,2010-07-19,73333396.15,1.4642274,73605276.96,0.0,0.0,1
8608370000118,2010-07-20,66344286.32,1.4647428,73631186.4,0.0,0.0,1
8608370000118,2010-07-21,73449230.17,1.465715,73680055.02,0.0,0.0,1
8608370000118,2010-07-22,73521737.47,1.4668008,73734636.17,0.0,0.0,1
8608370000118,2010-07-23,73479322.71,1.4664393,73716467.05,0.0,0.0,1
8608370000118,2010-07-26,73861551.37,1.4670801000000002,73748678.69,0.0,0.0,1
8608370000118,2010-07-27,73963738.85,1.4685334,73821733.99,0.0,0.0,1
8608370000118,2010-07-28,73945006.62,1.4684788,73818991.57,0.0,0.0,1
8608370000118,2010-07-29,73996375.93,1.469275,73859015.05,0.0,0.0,1
8608370000118,2010-07-30,73977437.78,1.4709718,73944308.52,0.0,0.0,1
8608370000118,2010-08-02,74067445.64,1.4722228000000002,74007196.16,0.0,0.0,1
8608370000118,2010-08-03,73998475.33,1.4712575,73958672.3,0.0,0.0,1
8608370000118,2010-08-04,74034292.27,1.4719358999999999,73992773.29,0.0,0.0,1
8608370000118,2010-08-05,74129541.14,1.4733604999999999,74064389.48,0.0,0.0,1
8608370000118,2010-08-06,74139727.5,1.4738098,74086975.21,0.0,0.0,1
8608370000118,2010-08-09,74119336.35,1.4740149999999999,74097290.75,0.0,0.0,1
8608370000118,2010-08-10,74134507.94,1.474389,74116090.02,0.0,0.0,1
8608370000118,2010-08-11,74256339.48,1.4761893,74206590.53,0.0,0.0,1
8608370000118,2010-08-12,74343894.27,1.4774956,74272257.19,0.0,0.0,1
8608370000118,2010-08-13,74455641.52,1.4791315,74354490.86,0.0,0.0,1
8608370000118,2010-08-16,74653639.76,1.4818697,74492136.89,0.0,0.0,1
8608370000118,2010-08-17,74655385.43,1.4820703000000002,74502222.47,0.0,0.0,1
8608370000118,2010-08-18,74777283.31,1.4832466,74561351.54,0.0,0.0,1
8608370000118,2010-08-19,74847877.67,1.484338,74616215.61,0.0,0.0,1
8608370000118,2010-08-20,74916184.3,1.4853999,74669596.6,0.0,0.0,1
8608370000118,2010-08-23,74894124.21,1.4845197,74625350.88,0.0,0.0,1
8608370000118,2010-08-24,74953045.78,1.4857280000000002,74686088.8,0.0,0.0,1
8608370000118,2010-08-25,75041958.53,1.4872687,74763537.86,0.0,0.0,1
8608370000118,2010-08-26,74998157.11,1.4868282,74741393.29,0.0,0.0,1
8608370000118,2010-08-27,75003584.55,1.487171,74758629.54,0.0,0.0,1
8608370000118,2010-08-30,74939589.79,1.4864872,74724253.03,0.0,0.0,1
8608370000118,2010-08-31,75059722.85,1.4881843000000001,74809565.27,0.0,0.0,1
8608370000118,2010-09-01,73026398.31,1.4883139,75349256.73,533177.91,0.0,1
8608370000118,2010-09-02,80722165.03,1.4896686,82841660.99,7423816.46,0.0,1
8608370000118,2010-09-03,80697076.62,1.4895231000000002,82833568.8,0.0,0.0,1
8608370000118,2010-09-06,83197335.16,1.4911652,82924889.05,0.0,0.0,1
8608370000118,2010-09-08,83222651.22,1.491877,82964472.91,0.0,0.0,1
8608370000118,2010-09-09,83272858.07,1.4930319,83028695.59,0.0,0.0,1
8608370000118,2010-09-10,83330495.06,1.4940204,83083667.1,0.0,0.0,1
8608370000118,2010-09-13,83410311.96,1.4945855,83115091.75,0.0,0.0,1
8608370000118,2010-09-14,83470279.84,1.4955036,83166148.15,0.0,0.0,1
8608370000118,2010-09-15,82896458.96,1.4963846,83215141.85,0.0,0.0,1
8608370000118,2010-09-16,82820239.47,1.4957200000000002,83178185.39,0.0,0.0,1
8608370000118,2010-09-17,83364091.62,1.4952999,83154819.33,0.0,0.0,1
8608370000118,2010-09-20,83188184.44,1.4957698,83180953.37,0.0,0.0,1
8608370000118,2010-09-21,83185293.83,1.4953408,83157094.0,0.0,0.0,1
8608370000118,2010-09-22,83383866.29,1.4969629999999998,83247309.56,0.0,0.0,1
8608370000118,2010-09-23,83493009.91,1.4984716,83331202.3,0.0,0.0,1
8608370000118,2010-09-24,83300560.95,1.4993803,83381735.58,0.0,0.0,1
8608370000118,2010-09-27,83665026.76,1.4997792,83403916.97,0.0,0.0,1
8608370000118,2010-09-28,83663835.16,1.4999973,83416045.26,0.0,0.0,1
8608370000118,2010-09-29,83859412.53,1.5019235,83523165.05,0.0,0.0,1
8608370000118,2010-09-30,83881201.08,1.5024111999999998,83550288.42,0.0,0.0,1
8608370000118,2010-10-01,83466171.34,1.503699,83621903.24,0.0,0.0,1
8608370000118,2010-10-04,83525173.6,1.5046781,83676348.78,0.0,0.0,1
8608370000118,2010-10-05,84032991.12,1.5050011,83694311.01,0.0,0.0,1
8608370000118,2010-10-06,84132503.99,1.5072336000000002,83818463.6,0.0,0.0,1
8608370000118,2010-10-07,84071524.78,1.5080254,83862494.09,0.0,0.0,1
8608370000118,2010-10-08,84111598.37,1.50882,83906683.36,0.0,0.0,1
8608370000118,2010-10-11,84206808.39,1.5102079,83983866.14,0.0,0.0,1
8608370000118,2010-10-13,84366916.38,1.5111677,84037242.57,0.0,0.0,1
8608370000118,2010-10-14,84656439.42,1.5148278,84240784.68,0.0,0.0,1
8608370000118,2010-10-15,84449561.03,1.5157553999999998,84292368.52,0.0,0.0,1
8608370000118,2010-10-18,84427991.54,1.5157797,84293717.46,0.0,0.0,1
8608370000118,2010-10-19,84545376.03,1.5142943000000002,84211114.51,0.0,0.0,1
8608370000118,2010-10-20,84722257.34,1.5166383999999995,84341472.97,0.0,0.0,1
8608370000118,2010-10-21,84723908.28,1.5170081,84362029.94,0.0,0.0,1
8608370000118,2010-10-22,84762317.2,1.5177593999999999,84403811.21,0.0,0.0,1
8608370000118,2010-10-25,84763889.13,1.5180791999999999,84421593.85,0.0,0.0,1
8608370000118,2010-10-26,84968961.77,1.5207761,84571571.85,0.0,0.0,1
8608370000118,2010-10-27,84955196.66,1.5209181999999999,84579472.47,0.0,0.0,1
8608370000118,2010-10-28,84998079.41,1.5217791999999999,84627354.16,0.0,0.0,1
8608370000118,2010-10-29,85170535.68,1.5240686,84754671.29,0.0,0.0,1
8608370000118,2010-11-01,85280018.54,1.5256733999999998,84843916.43,0.0,0.0,1
8608370000118,2010-11-03,84849403.03,1.5262536,84876183.29,0.0,0.0,1
8608370000118,2010-11-04,85027271.49,1.5273709,84938316.29,0.0,0.0,1
8608370000118,2010-11-05,85211667.7,1.5258731,84855018.68,0.0,0.0,1
8608370000118,2010-11-08,85148107.27,1.5265927,84895036.33,0.0,0.0,1
8608370000118,2010-11-09,85111895.02,1.5266082,84895899.14,0.0,0.0,1
8608370000118,2010-11-10,85220119.12,1.528154,84981861.09,0.0,0.0,1
8608370000118,2010-11-11,85389590.64,1.5292775,85044343.01,0.0,0.0,1
8608370000118,2010-11-12,85463554.87,1.5304768999999998,85111041.82,0.0,0.0,1
8608370000118,2010-11-16,85154262.28,1.5297953000000002,85073140.05,0.0,0.0,1
8608370000118,2010-11-17,85279098.57,1.5309695,85138437.44,0.0,0.0,1
8608370000118,2010-11-18,85440022.24,1.530858,85132233.57,0.0,0.0,1
8608370000118,2010-11-19,85453687.4,1.5316882,85178405.13,0.0,0.0,1
8608370000118,2010-11-22,85224716.4,1.5293482,85048276.21,0.0,0.0,1
8608370000118,2010-11-23,85292607.56,1.5304539,85109762.0,0.0,0.0,1
8608370000118,2010-11-24,85394574.89,1.5333006,85268068.17,0.0,0.0,1
8608370000118,2010-11-25,85493826.41,1.5348558,85354557.83,0.0,0.0,1
8608370000118,2010-11-26,85419616.43,1.5343839,85328310.74,0.0,0.0,1
8608370000118,2010-11-29,85555445.92,1.5339802,85305864.38,0.0,0.0,1
8608370000118,2010-11-30,85657119.79,1.5355407,85392641.36,0.0,0.0,1
8608370000118,2010-12-01,85185764.69,1.5359317,85414390.04,0.0,0.0,1
8608370000118,2010-12-02,85119710.01,1.5357239,85402833.47,0.0,0.0,1
8608370000118,2010-12-03,81917717.37,1.5372537,81841905.11,0.0,3646000.0,1
8608370000118,2010-12-06,81905013.45,1.5377991000000002,81870943.94,0.0,0.0,1
8608370000118,2010-12-07,81857779.93,1.5374747,81853671.6,0.0,0.0,1
8608370000118,2010-12-08,81831520.93,1.5374181999999998,81850664.96,0.0,0.0,1
8608370000118,2010-12-09,82002365.13,1.5386312,81915243.33,0.0,0.0,1
8608370000118,2010-12-10,82223828.21,1.5417468,82081110.44,0.0,0.0,1
8608370000118,2010-12-13,82253386.0,1.5424158000000001,82116729.19,0.0,0.0,1
8608370000118,2010-12-14,82386120.1,1.5443444,82219409.04,0.0,0.0,1
8608370000118,2010-12-15,82298103.79,1.5453878,82274958.58,0.0,0.0,1
8608370000118,2010-12-16,82393254.13,1.5473811000000002,82381079.13,0.0,0.0,1
8608370000118,2010-12-17,82610248.09,1.5483432,82432298.4,0.0,0.0,1
8608370000118,2010-12-20,80217286.53,1.5491527,82475396.0,0.0,0.0,1
8608370000118,2010-12-21,82522090.41,1.5482223,82425864.76,0.0,0.0,1
8608370000118,2010-12-22,82323734.84,1.5459029,82302377.8,0.0,0.0,1
8608370000118,2010-12-23,82491214.96,1.5470811000000002,82365106.47,0.0,0.0,1
8608370000118,2010-12-24,82535458.49,1.5478851,82407908.68,0.0,0.0,1
8608370000118,2010-12-27,82546390.9,1.5483171999999998,82430917.23,0.0,0.0,1
8608370000118,2010-12-28,82579754.89,1.5503981000000002,82541701.56,0.0,0.0,1
8608370000118,2010-12-29,82672139.91,1.5518548,82619250.81,0.0,0.0,1
8608370000118,2010-12-30,82734620.65,1.552952,82677665.5,0.0,0.0,1
8608370000118,2010-12-31,82746493.32,1.5533409,82698371.84,0.0,0.0,1
8608370000118,2011-01-03,82600236.18,1.55469,82770194.28,0.0,0.0,1
8608370000118,2011-01-04,82717025.2,1.5551663999999998,82795556.94,0.0,0.0,1
8608370000118,2011-01-05,82851468.28,1.5559496000000002,75602339.69,0.0,7234914.0,1
8608370000118,2011-01-06,75724226.43,1.5571351999999998,75659950.18,0.0,0.0,1
8608370000118,2011-01-07,75636865.99,1.5578541,75694881.71,0.0,0.0,1
8608370000118,2011-01-10,75623117.32,1.5579411,75699107.12,0.0,0.0,1
8608370000118,2011-01-11,75815848.77,1.559455,75772666.25,0.0,0.0,1
8608370000118,2011-01-12,75878143.91,1.5606487,75830666.25,0.0,0.0,1
8608370000118,2011-01-13,76021950.59,1.5629311,75941565.32,0.0,0.0,1
8608370000118,2011-01-14,75983922.94,1.5626373,75927291.57,0.0,0.0,1
8608370000118,2011-01-17,75626301.55,1.5624048,75915996.54,0.0,0.0,1
8608370000118,2011-01-18,75728456.99,1.5644725,76016461.84,0.0,0.0,1
8608370000118,2011-01-19,76140451.56,1.565381,76060608.46,0.0,0.0,1
8608370000118,2011-01-20,76073165.15,1.5639797,75992516.67,0.0,0.0,1
8608370000118,2011-01-21,76095637.65,1.5644072,76013291.0,0.0,0.0,1
8608370000118,2011-01-24,75983626.76,1.5620671,75899586.67,0.0,0.0,1
8608370000118,2011-01-25,75939532.17,1.5611251,75853813.68,0.0,0.0,1
8608370000118,2011-01-26,75967721.7,1.5617633999999998,75884830.0,0.0,0.0,1
8608370000118,2011-01-27,76041694.2,1.5620903,75900711.67,0.0,0.0,1
8608370000118,2011-01-28,76120510.96,1.5636762,75977772.03,0.0,0.0,1
8608370000118,2011-01-31,76159866.25,1.5646614,76025639.95,0.0,0.0,1
8608370000118,2011-02-01,76233211.07,1.5661413999999998,76097553.91,0.0,0.0,1
8608370000118,2011-02-02,76261157.19,1.5680124,76188465.9,0.0,0.0,1
8608370000118,2011-02-03,76276657.94,1.5683006000000002,76202467.6,0.0,0.0,1
8608370000118,2011-02-04,76120347.87,1.5671113,76144680.08,0.0,0.0,1
8608370000118,2011-02-07,76041395.95,1.5676489,76170800.59,0.0,0.0,1
8608370000118,2011-02-08,76243448.23,1.5717732,76371199.52,0.0,0.0,1
8608370000118,2011-02-09,76392566.44,1.5727528,76418794.97,0.0,0.0,1
8608370000118,2011-02-10,76403975.29,1.5729575,76428742.24,0.0,0.0,1
8608370000118,2011-02-11,76398892.46,1.5728228000000002,76422198.53,0.0,0.0,1
8608370000118,2011-02-14,76343157.49,1.5717397,76369572.37,0.0,0.0,1
8608370000118,2011-02-15,76388503.86,1.5726507,76413834.66,0.0,0.0,1
8608370000118,2011-02-16,76448774.2,1.5738607,76472626.15,0.0,0.0,1
8608370000118,2011-02-17,76527616.6,1.5754525,76549971.61,0.0,0.0,1
8608370000118,2011-02-18,76591290.38,1.5767331,76612197.4,0.0,0.0,1
8608370000118,2011-02-21,76508202.93,1.5758815000000002,76570814.98,0.0,0.0,1
8608370000118,2011-02-22,76642953.83,1.5765568,76603627.63,0.0,0.0,1
8608370000118,2011-02-23,76749740.87,1.5787013,76707828.91,0.0,0.0,1
8608370000118,2011-02-24,76716006.97,1.5779763,76672602.66,0.0,0.0,1
8608370000118,2011-02-25,76751046.17,1.5787622,76710789.74,0.0,0.0,1
8608370000118,2011-02-28,76846639.53,1.5806989,76804890.31,0.0,0.0,1
8608370000118,2011-03-01,76992374.98,1.5836594,76948740.38,0.0,0.0,1
8608370000118,2011-03-02,76945719.6,1.5840364,76967055.27,0.0,0.0,1
8608370000118,2011-03-03,76941173.34,1.5839222,76961507.15,0.0,0.0,1
8608370000118,2011-03-04,77139139.06,1.5823727,76886219.05,0.0,0.0,1
8608370000118,2011-03-09,77093495.05,1.5834795,76939996.65,0.0,0.0,1
8608370000118,2011-03-10,77248913.48,1.586634,77093273.54,0.0,0.0,1
8608370000118,2011-03-11,77455654.4,1.5877367,77146851.35,0.0,0.0,1
8608370000118,2011-03-14,77470830.4,1.588108,77164891.91,0.0,0.0,1
8608370000118,2011-03-15,77478527.53,1.5882345,77171040.79,0.0,0.0,1
8608370000118,2011-03-16,77479598.15,1.5894732,77231226.29,0.0,0.0,1
8608370000118,2011-03-17,77488395.23,1.5896339,77239035.48,0.0,0.0,1
8608370000118,2011-03-18,77636732.47,1.5927693,77391383.94,0.0,0.0,1
8608370000118,2011-03-21,77581426.22,1.592974,77401328.34,0.0,0.0,1
8608370000118,2011-03-22,77547248.45,1.592488,77377713.34,0.0,0.0,1
8608370000118,2011-03-23,77737041.8,1.5944659,77473818.9,0.0,0.0,1
8608370000118,2011-03-24,77788438.43,1.595588,77528341.92,0.0,0.0,1
8608370000118,2011-03-25,77808384.62,1.5960576000000002,77551156.62,0.0,0.0,1
8608370000118,2011-03-28,77967896.87,1.5994007,77713597.99,0.0,0.0,1
8608370000118,2011-03-29,77968206.52,1.5994648,77716710.8,0.0,0.0,1
8608370000118,2011-03-30,78087049.05,1.6021747,77848384.88,0.0,0.0,1
8608370000118,2011-03-31,78191460.26,1.6043964,77956334.37,0.0,0.0,1
8608370000118,2011-04-01,77799205.88,1.6064885,78057985.18,0.0,0.0,1
8608370000118,2011-04-04,77928968.5,1.6080881999999999,78135716.76,0.0,0.0,1
8608370000118,2011-04-05,78387216.16,1.6073127,78098033.16,0.0,0.0,1
8608370000118,2011-04-06,78445744.55,1.6085778,78159506.3,0.0,0.0,1
8608370000118,2011-04-07,77369514.76,1.6091319,78186427.4,0.0,0.0,1
8608370000118,2011-04-08,78421478.38,1.6102761,78242020.93,0.0,0.0,1
8608370000118,2011-04-11,78435009.33,1.6105737,78256483.41,0.0,0.0,1
8608370000118,2011-04-12,78596666.96,1.6119059999999998,78321220.29,0.0,0.0,1
8608370000118,2011-04-13,78623739.95,1.6125188999999998,78351001.29,0.0,0.0,1
8608370000118,2011-04-14,78641029.78,1.6129533,78372106.99,0.0,0.0,1
8608370000118,2011-04-15,78063877.91,1.6126411,78356935.93,0.0,0.0,1
8608370000118,2011-04-18,77992132.92,1.6128659,78367860.47,0.0,0.0,1
8608370000118,2011-04-19,78552666.4,1.6141246999999999,78429024.69,0.0,0.0,1
8608370000118,2011-04-20,78635440.07,1.6137998,78413236.76,0.0,0.0,1
8608370000118,2011-04-25,78521063.9,1.6115231,78302614.76,0.0,0.0,1
8608370000118,2011-04-26,78630917.11,1.6137878,78412652.8,0.0,0.0,1
8608370000118,2011-04-27,78794348.97,1.6150485,78473910.45,0.0,0.0,1
8608370000118,2011-04-28,76892149.78,1.6162435,78531973.52,0.0,0.0,1
8608370000118,2011-04-29,78681545.42,1.6173507,78585770.79,0.0,0.0,1
8608370000118,2011-05-02,78846097.89,1.6197255,78701159.46,0.0,0.0,1
8608370000118,2011-05-03,78774018.13,1.6215417,78789409.17,0.0,0.0,1
8608370000118,2011-05-04,79073738.73,1.6225975,78840712.3,0.0,0.0,1
8608370000118,2011-05-05,79127503.69,1.623633,78891025.04,0.0,0.0,1
8608370000118,2011-05-06,78998062.39,1.6230573,78863050.28,0.0,0.0,1
8608370000118,2011-05-09,79049954.09,1.6241408000000002,78915696.24,0.0,0.0,1
8608370000118,2011-05-10,79241601.85,1.6250269,78958753.31,0.0,0.0,1
8608370000118,2011-05-11,79260318.53,1.6266013,79035249.93,0.0,0.0,1
8608370000118,2011-05-12,79302280.45,1.6274548,79076721.89,0.0,0.0,1
8608370000118,2011-05-13,79373662.97,1.6290479,79154130.4,0.0,0.0,1
8608370000118,2011-05-16,78891313.6,1.6306533,79232137.17,0.0,0.0,1
8608370000118,2011-05-17,78977997.77,1.6314553,79271103.46,0.0,0.0,1
8608370000118,2011-05-18,78963077.95,1.6312136000000002,79259357.19,0.0,0.0,1
8608370000118,2011-05-19,79582240.89,1.6316094,79278592.71,0.0,0.0,1
8608370000118,2011-05-20,79571500.02,1.6314496,79270827.72,0.0,0.0,1
8608370000118,2011-05-23,79351930.55,1.6318507,79290316.76,0.0,0.0,1
8608370000118,2011-05-24,79383167.03,1.6324267,79318304.79,0.0,0.0,1
8608370000118,2011-05-25,79680747.45,1.6334776000000002,79369366.02,0.0,0.0,1
8608370000118,2011-05-26,79739649.51,1.6346403,79425861.67,0.0,0.0,1
8608370000118,2011-05-27,79823538.56,1.636437,79513161.29,0.0,0.0,1
8608370000118,2011-05-30,79832596.39,1.6371593999999998,79548261.77,0.0,0.0,1
8608370000118,2011-05-31,79889692.19,1.6383427,79605758.46,0.0,0.0,1
8608370000118,2011-06-01,79912372.61,1.6389015,79632906.05,0.0,0.0,1
8608370000118,2011-06-02,79940948.63,1.6394205000000002,79658127.04,0.0,0.0,1
8608370000118,2011-06-03,79968021.59,1.6399506999999998,79683888.91,0.0,0.0,1
8608370000118,2011-06-06,79972019.06,1.6400034,79686448.19,0.0,0.0,1
8608370000118,2011-06-07,79940573.0,1.6413647,79752595.06,0.0,0.0,1
8608370000118,2011-06-08,80007892.74,1.6427613999999997,79820459.62,0.0,0.0,1
8608370000118,2011-06-09,79561817.28,1.6336540000000002,79377936.28,0.0,0.0,1
8608370000118,2011-06-10,79567694.98,1.6337799,79384055.34,0.0,0.0,1
8608370000118,2011-06-13,79641644.71,1.6352817,79457024.74,0.0,0.0,1
8608370000118,2011-06-14,79783574.8,1.6369808000000001,79539582.01,0.0,0.0,1
8608370000118,2011-06-15,79698022.56,1.6385211,79614425.48,0.0,0.0,1
8608370000118,2011-06-16,79734293.78,1.6391767,79646281.21,0.0,0.0,1
8608370000118,2011-06-17,79586164.18,1.6383867,79607893.31,0.0,0.0,1
8608370000118,2011-06-20,79770031.59,1.6412901999999998,79748974.51,0.0,0.0,1
8608370000118,2011-06-21,80023195.83,1.642351,79800517.71,0.0,0.0,1
8608370000118,2011-06-22,80055077.34,1.6430150000000001,79832780.98,0.0,0.0,1
8608370000118,2011-06-24,80080703.91,1.6435427,79858421.85,0.0,0.0,1
8608370000118,2011-06-27,80147718.46,1.6440767,79884364.61,0.0,0.0,1
8608370000118,2011-06-28,80155636.97,1.6442397000000002,79892289.21,0.0,0.0,1
8608370000118,2011-06-29,80206807.93,1.6452188,79939861.62,0.0,0.0,1
8608370000118,2011-06-30,80206831.6,1.6451512,79936575.75,0.0,0.0,1
8608370000118,2011-07-01,80065427.85,1.6462878,79991800.18,0.0,0.0,1
8608370000118,2011-07-04,80310770.68,1.647186,80035443.05,0.0,0.0,1
8608370000118,2011-07-05,79623667.9,1.6474223,80046926.54,0.0,0.0,1
8608370000118,2011-07-06,80221755.08,1.6483082999999998,80089977.82,0.0,0.0,1
8608370000118,2011-07-07,80171872.4,1.6492682,80136617.05,0.0,0.0,1
8608370000118,2011-07-08,80292558.98,1.6516268,80251221.0,0.0,0.0,1
8608370000118,2011-07-11,80525261.98,1.6520966,80274046.33,0.0,0.0,1
8608370000118,2011-07-12,80574158.31,1.653072,80321439.82,0.0,0.0,1
8608370000118,2011-07-13,80600960.27,1.6547122,80401136.83,0.0,0.0,1
8608370000118,2011-07-14,79438354.1,1.6556754,80447938.7,0.0,0.0,1
8608370000118,2011-07-15,81277515.44,1.6598529999999998,82250924.69,1600000.0,0.0,1
8608370000118,2011-07-18,82542737.22,1.6616176,82338364.52,0.0,0.0,1
8608370000118,2011-07-19,82597128.91,1.6627116999999998,82392582.19,0.0,0.0,1
8608370000118,2011-07-20,82619135.92,1.6631248,82413053.92,0.0,0.0,1
8608370000118,2011-07-21,82729297.95,1.664132,82462961.35,0.0,0.0,1
8608370000118,2011-07-22,82776900.87,1.6650633999999995,82509116.01,0.0,0.0,1
8608370000118,2011-07-25,82785198.0,1.6652243000000002,82517091.36,0.0,0.0,1
8608370000118,2011-07-26,82871263.98,1.6669261999999998,82601424.84,0.0,0.0,1
8608370000118,2011-07-27,82930149.0,1.6680761999999998,82658411.65,0.0,0.0,1
8608370000118,2011-07-28,83039194.3,1.6701400000000002,82760679.9,0.0,0.0,1
8608370000118,2011-07-29,83095489.69,1.671247,82815535.04,0.0,0.0,1
8608370000118,2011-08-01,83179378.32,1.6729517,82900004.46,0.0,0.0,1
8608370000118,2011-08-02,83237533.28,1.6740929,82956554.29,0.0,0.0,1
8608370000118,2011-08-03,83289059.04,1.6751054,83006728.35,0.0,0.0,1
8608370000118,2011-08-04,83366471.69,1.6772346000000002,83112237.55,0.0,0.0,1
8608370000118,2011-08-05,83287381.25,1.6775997999999999,83130332.53,0.0,0.0,1
8608370000118,2011-08-08,83394726.14,1.6797143,83235114.17,0.0,0.0,1
8608370000118,2011-08-09,83589067.83,1.681584,83327762.12,0.0,0.0,1
8608370000118,2011-08-10,83588655.41,1.6830264,83399241.46,0.0,0.0,1
8608370000118,2011-08-11,83599855.22,1.6832462,83410131.81,0.0,0.0,1
8608370000118,2011-08-12,83783416.77,1.6865013,83571432.35,0.0,0.0,1
8608370000118,2011-08-15,83894517.52,1.6882343,83657306.6,0.0,0.0,1
8608370000118,2011-08-16,84045889.61,1.6905175,83770447.88,0.0,0.0,1
8608370000118,2011-08-17,84296600.66,1.6935101000000001,83918740.0,0.0,0.0,1
8608370000118,2011-08-18,84471758.6,1.6961214,84048136.94,0.0,0.0,1
8608370000118,2011-08-19,84597919.17,1.6980267,84142551.01,0.0,0.0,1
8608370000118,2011-08-22,84497840.49,1.698639,84172893.09,0.0,0.0,1
8608370000118,2011-08-23,84650738.13,1.7008531000000002,84282606.75,0.0,0.0,1
8608370000118,2011-08-24,84842038.81,1.702306,84354603.14,0.0,0.0,1
8608370000118,2011-08-25,84638593.74,1.7002138,84250927.89,0.0,0.0,1
8608370000118,2011-08-26,84911216.05,1.7040428,84440666.45,0.0,0.0,1
8608370000118,2011-08-29,85194786.01,1.7079365000000002,84633610.84,0.0,0.0,1
8608370000118,2011-08-30,85236297.82,1.708796,84676202.22,0.0,0.0,1
8608370000118,2011-08-31,85359717.12,1.7114435000000001,84807397.37,0.0,0.0,1
8608370000118,2011-09-01,84225496.41,1.7217557,85318396.61,0.0,0.0,1
8608370000118,2011-09-02,84070630.07,1.7193017,85196796.6,0.0,0.0,1
8608370000118,2011-09-05,85902420.78,1.7206709,85264643.0,0.0,0.0,1
8608370000118,2011-09-06,85840635.17,1.7221011000000002,85335512.07,0.0,0.0,1
8608370000118,2011-09-08,85750308.52,1.7210741000000005,85284620.2,0.0,0.0,1
8608370000118,2011-09-09,85996673.02,1.7226283,85361637.19,0.0,0.0,1
8608370000118,2011-09-12,86137602.93,1.7243604,85447467.09,0.0,0.0,1
8608370000118,2011-09-13,86132185.67,1.7245698,85457844.44,0.0,0.0,1
8608370000118,2011-09-14,86186120.65,1.7249063999999998,85474524.38,0.0,0.0,1
8608370000118,2011-09-15,85545591.4,1.7256565,85511692.99,0.0,0.0,1
8608370000118,2011-09-16,85638229.41,1.7272383000000002,85590078.47,0.0,0.0,1
8608370000118,2011-09-19,86344670.51,1.7276039,85608193.74,0.0,0.0,1
8608370000118,2011-09-20,86380756.31,1.7283818,85646740.6,0.0,0.0,1
8608370000118,2011-09-21,86207950.61,1.7276631999999998,85611132.62,0.0,0.0,1
8608370000118,2011-09-22,86241252.45,1.727727,85614294.21,0.0,0.0,1
8608370000118,2011-09-23,86541527.47,1.7313125,85791967.82,0.0,0.0,1
8608370000118,2011-09-26,86455606.64,1.7311194,85782397.57,0.0,0.0,1
8608370000118,2011-09-27,86372074.89,1.7301269,85733216.83,0.0,0.0,1
8608370000118,2011-09-28,84987666.53,1.7136296999999998,84915727.32,0.0,0.0,1
8608370000118,2011-09-29,85012717.86,1.714652,84966387.4,0.0,0.0,1
8608370000118,2011-09-30,85107239.67,1.7162668,85046405.24,0.0,0.0,1
8608370000118,2011-10-03,84832888.0,1.7197249,85217764.58,0.0,0.0,1
8608370000118,2011-10-04,84822431.03,1.7198711,85225008.1,0.0,0.0,1
8608370000118,2011-10-05,84931110.33,1.7221141,85336157.21,0.0,0.0,1
8608370000118,2011-10-06,85437726.44,1.72184,85322577.34,0.0,0.0,1
8608370000118,2011-10-07,85362887.15,1.720969,85279416.13,0.0,0.0,1
8608370000118,2011-10-10,85385799.34,1.7231288,85386441.27,0.0,0.0,1
8608370000118,2011-10-11,85591396.29,1.7255096999999997,85504418.49,0.0,0.0,1
8608370000118,2011-10-13,85499149.08,1.7246708,85462848.35,0.0,0.0,1
8608370000118,2011-10-14,85486167.64,1.7247404999999998,85466302.57,0.0,0.0,1
8608370000118,2011-10-17,84940656.23,1.7251925,85488703.76,0.0,0.0,1
8608370000118,2011-10-18,85016760.35,1.7264602999999998,85551523.54,0.0,0.0,1
8608370000118,2011-10-19,85652977.55,1.7272186999999999,85589106.68,0.0,0.0,1
8608370000118,2011-10-20,85287453.69,1.7244941000000005,85454091.78,0.0,0.0,1
8608370000118,2011-10-21,85337916.82,1.7264635,85551683.64,0.0,0.0,1
8608370000118,2011-10-24,85615851.51,1.7269929,85577917.02,0.0,0.0,1
8608370000118,2011-10-25,85620272.97,1.7271165000000002,85584041.02,0.0,0.0,1
8608370000118,2011-10-26,85721013.4,1.7291458,85684601.32,0.0,0.0,1
8608370000118,2011-10-27,85589763.28,1.7303747999999999,85745500.43,0.0,0.0,1
8608370000118,2011-10-28,85856584.38,1.7314585999999998,85799208.55,0.0,0.0,1
8608370000118,2011-10-31,83235718.81,1.7327303,85862224.04,0.0,0.0,1
8608370000118,2011-11-01,83188686.58,1.7322474,85838296.46,0.0,0.0,1
8608370000118,2011-11-03,85712971.01,1.7334937,85900053.41,0.0,0.0,1
8608370000118,2011-11-04,85754344.87,1.7350483,85977085.53,0.0,0.0,1
8608370000118,2011-11-07,86060276.73,1.7367918999999998,86063488.1,0.0,0.0,1
8608370000118,2011-11-08,86042319.19,1.7381616999999998,86131366.38,0.0,0.0,1
8608370000118,2011-11-09,86184225.85,1.740441,86244313.97,0.0,0.0,1
8608370000118,2011-11-10,84356399.76,1.7410263,86273315.79,0.0,0.0,1
8608370000118,2011-11-11,86435284.18,1.7423734,86340070.14,0.0,0.0,1
8608370000118,2011-11-14,86601918.89,1.7448376,86462178.33,0.0,0.0,1
8608370000118,2011-11-16,86498177.14,1.7464695,86543043.56,0.0,0.0,1
8608370000118,2011-11-17,86739585.06,1.7473577,86587057.2,0.0,0.0,1
8608370000118,2011-11-18,86771736.28,1.7481197,86624814.75,0.0,0.0,1
8608370000118,2011-11-21,86531918.44,1.7482916000000002,86633334.13,0.0,0.0,1
8608370000118,2011-11-22,86399918.97,1.7484548999999998,86641427.87,0.0,0.0,1
8608370000118,2011-11-23,86474125.65,1.7497917,86707671.53,0.0,0.0,1
8608370000118,2011-11-24,86934404.86,1.7515686999999998,86795724.84,0.0,0.0,1
8608370000118,2011-11-25,87003925.84,1.7528498,86859208.82,0.0,0.0,1
8608370000118,2011-11-28,87035474.16,1.7535715,86894970.4,0.0,0.0,1
8608370000118,2011-11-29,86319390.44,1.7550172,86966609.47,0.0,0.0,1
8608370000118,2011-11-30,87239896.34,1.7569971999999998,87064725.82,0.0,0.0,1
8608370000118,2011-12-01,87139431.93,1.7559156000000002,87011126.12,0.0,0.0,1
8608370000118,2011-12-02,87169990.11,1.7566325,87046651.82,0.0,0.0,1
8608370000118,2011-12-05,87175465.37,1.7569905,87064390.35,0.0,0.0,1
8608370000118,2011-12-06,87250244.56,1.7583034,87129451.2,0.0,0.0,1
8608370000118,2011-12-07,87200932.52,1.7602214,87224494.39,0.0,0.0,1
8608370000118,2011-12-08,87220569.52,1.7609144,87258833.84,0.0,0.0,1
8608370000118,2011-12-09,87424096.68,1.7612493999999999,87275436.39,0.0,0.0,1
8608370000118,2011-12-12,87487448.16,1.7624191000000002,87333397.3,0.0,0.0,1
8608370000118,2011-12-13,87543178.84,1.7634203000000002,87383009.46,0.0,0.0,1
8608370000118,2011-12-14,87569904.33,1.7641265,87418002.12,0.0,0.0,1
8608370000118,2011-12-15,87216687.69,1.7644294999999999,87433018.5,0.0,0.0,1
8608370000118,2011-12-16,87143988.89,1.7648417,87453446.18,0.0,0.0,1
8608370000118,2011-12-19,87600074.48,1.7654827000000002,87485207.15,0.0,0.0,1
8608370000118,2011-12-20,87704731.53,1.7671485,87567752.81,0.0,0.0,1
8608370000118,2011-12-21,87611185.21,1.7683779999999998,87628680.61,0.0,0.0,1
8608370000118,2011-12-22,87681642.05,1.7673488000000002,87577676.43,0.0,0.0,1
8608370000118,2011-12-23,85052784.28,1.7672157,87571083.59,0.0,0.0,1
8608370000118,2011-12-26,87525978.11,1.7670668,87563707.15,0.0,0.0,1
8608370000118,2011-12-27,87698855.82,1.7683554,89627557.72,2000000.0,0.0,1
8608370000118,2011-12-28,88299223.42,1.7693608,89678518.51,0.0,0.0,1
8608370000118,2011-12-29,89831242.64,1.7707392,89748381.84,0.0,0.0,1
8608370000118,2011-12-30,89830929.01,1.7709946,89761325.51,0.0,0.0,1
8608370000118,2012-01-02,89655092.19,1.7718870999999998,89806559.21,0.0,0.0,5
8608370000118,2012-01-03,89918223.77,1.7726066000000005,89843026.71,0.0,0.0,5
8608370000118,2012-01-04,89851772.63,1.7726669999999998,89846090.17,0.0,0.0,5
8608370000118,2012-01-05,89847652.76,1.7727265,89849102.8,0.0,0.0,5
8608370000118,2012-01-06,89961351.71,1.7744322,89935558.86,0.0,0.0,5
8608370000118,2012-01-09,90018013.03,1.7753601000000003,89982584.18,0.0,0.0,5
8608370000118,2012-01-10,90120873.28,1.7769081999999998,90061048.42,0.0,0.0,5
8608370000118,2012-01-11,90153816.54,1.7776637,90099344.64,0.0,0.0,5
8608370000118,2012-01-12,90163639.47,1.7780681,90119838.51,0.0,0.0,5
8608370000118,2012-01-13,90237252.24,1.779363,90185471.04,0.0,0.0,5
8608370000118,2012-01-16,90244354.29,1.7806165,90249002.37,0.0,0.0,5
8608370000118,2012-01-17,90250304.48,1.7803182,90233881.24,0.0,0.0,5
8608370000118,2012-01-18,90308689.18,1.7819098999999998,90314555.27,0.0,0.0,5
8608370000118,2012-01-19,90451802.08,1.7839585,90418390.54,0.0,0.0,5
8608370000118,2012-01-20,90585804.84,1.7860748,90525651.71,0.0,0.0,5
8608370000118,2012-01-23,90409637.61,1.7861428,90529096.55,0.0,0.0,5
8608370000118,2012-01-24,90534649.63,1.7856481,90504024.06,0.0,0.0,5
8608370000118,2012-01-25,90564210.72,1.7867133000000002,90558012.33,0.0,0.0,5
8608370000118,2012-01-26,90710998.8,1.7888408,90665845.54,0.0,0.0,5
8608370000118,2012-01-27,90858264.72,1.7911191999999998,90781324.38,0.0,0.0,5
8608370000118,2012-01-30,90918705.53,1.7920343,90827703.73,0.0,0.0,5
8608370000118,2012-01-31,91056718.54,1.7941766,90936286.69,0.0,0.0,5
8608370000118,2012-02-01,91141926.47,1.7955838,91007608.4,0.0,0.0,5
8608370000118,2012-02-02,91216860.84,1.7969166,91075159.85,0.0,0.0,5
8608370000118,2012-02-03,91099032.14,1.7968547,91072023.34,0.0,0.0,5
8608370000118,2012-02-06,91022480.2,1.7949508,90975526.23,0.0,0.0,5
8608370000118,2012-02-07,90969251.92,1.7957723,91017162.92,0.0,0.0,5
8608370000118,2012-02-08,91089402.34,1.801034,91283844.92,0.0,0.0,5
8608370000118,2012-02-09,91525267.53,1.8030528000000001,91386165.8,0.0,0.0,5
8608370000118,2012-02-10,91656237.81,1.8050996,91489905.33,0.0,0.0,5
8608370000118,2012-02-13,91696444.87,1.8056765,91519144.91,0.0,0.0,5
8608370000118,2012-02-14,91660765.59,1.8057870999999999,91524752.9,0.0,0.0,5
8608370000118,2012-02-15,91692704.94,1.8064425,91557970.27,0.0,0.0,5
8608370000118,2012-02-16,93092964.09,1.8118625,92832678.49,1000000.0,0.0,5
8608370000118,2012-02-17,93205620.8,1.8136139,92922415.46,0.0,0.0,5
8608370000118,2012-02-22,93106048.02,1.8144265,92964048.41,0.0,0.0,5
8608370000118,2012-02-23,93149259.88,1.8152508,93006283.33,0.0,0.0,5
8608370000118,2012-02-24,93258061.66,1.8150959,92998344.44,0.0,0.0,5
8608370000118,2012-02-27,93269979.92,1.8155811999999998,93023209.1,0.0,0.0,5
8608370000118,2012-02-28,93367085.33,1.8179668999999998,93145442.64,0.0,0.0,5
8608370000118,2012-02-29,93496152.4,1.8190456000000002,93200710.32,0.0,0.0,5
8608370000118,2012-03-01,93384052.9,1.8178601000000003,93139974.52,0.0,0.0,5
8608370000118,2012-03-02,93596590.79,1.8207952,93290354.87,0.0,0.0,5
8608370000118,2012-03-05,93638514.09,1.8220016,93352163.59,0.0,0.0,5
8608370000118,2012-03-06,93673398.1,1.8227214,93389046.63,0.0,0.0,5
8608370000118,2012-03-07,92522502.62,1.8250559,93508658.16,0.0,0.0,5
8608370000118,2012-03-08,94047584.11,1.8282164,93670587.18,0.0,0.0,5
8608370000118,2012-03-09,94160041.12,1.8310979,93818224.05,0.0,0.0,5
8608370000118,2012-03-12,94310354.09,1.8319744,93863130.86,0.0,0.0,5
8608370000118,2012-03-13,94323826.41,1.8324377,93886869.02,0.0,0.0,5
8608370000118,2012-03-14,94282383.8,1.8322,93874690.17,0.0,0.0,5
8608370000118,2012-03-15,94163328.09,1.8311251,93819615.94,0.0,5.0,1
8608370000118,2012-03-16,93443958.87,1.8311495,93820865.96,0.0,0.0,1
8608370000118,2012-03-19,93977253.59,1.8307748,93801670.56,0.0,0.0,1
8608370000118,2012-03-20,94131765.84,1.8314927,93838452.6,0.0,0.0,1
8608370000118,2012-03-21,94052900.08,1.8326585,93898181.45,0.0,0.0,1
8608370000118,2012-03-22,94242476.99,1.8277734,93647888.39,0.0,0.0,1
8608370000118,2012-03-23,94301518.98,1.8340485,93969400.48,0.0,0.0,1
8608370000118,2012-03-26,94333612.87,1.8347197,94003788.87,0.0,0.0,1
8608370000118,2012-03-27,94408614.78,1.8360585,94072386.36,0.0,0.0,1
8608370000118,2012-03-28,94487752.08,1.8372018,94130964.46,0.0,0.0,1
8608370000118,2012-03-29,91146510.12,1.8376145,94152107.62,0.0,0.0,1
8608370000118,2012-03-30,94558629.5,1.8385795,94201552.5,0.0,0.0,1
8608370000118,2012-04-02,94160872.23,1.8396782999999999,94257851.09,0.0,0.0,1
8608370000118,2012-04-03,94649585.13,1.8402325000000002,94286242.99,0.0,0.0,1
8608370000118,2012-04-04,92800102.9,1.8417633000000002,94364676.83,0.0,0.0,1
8608370000118,2012-04-05,94733768.02,1.8413618000000005,94344108.58,0.0,0.0,1
8608370000118,2012-04-09,94726241.77,1.8415831999999999,94355452.12,0.0,0.0,1
8608370000118,2012-04-10,94849838.69,1.8438473000000002,94471453.48,0.0,0.0,1
8608370000118,2012-04-11,94856026.09,1.8438994999999998,94474130.43,0.0,0.0,1
8608370000118,2012-04-12,94940239.44,1.8452515,94543396.96,0.0,0.0,1
8608370000118,2012-04-13,95008786.1,1.8464353,94604051.59,0.0,0.0,1
8608370000118,2012-04-16,94513040.38,1.8471313999999999,94639718.35,0.0,0.0,1
8608370000118,2012-04-17,94563161.65,1.8482199000000001,94695486.76,0.0,0.0,1
8608370000118,2012-04-18,95130341.15,1.8490872,94739925.16,0.0,0.0,1
8608370000118,2012-04-19,95359264.1,1.8522834,94903686.54,0.0,0.0,1
8608370000118,2012-04-20,95149840.31,1.8537023000000001,94976385.51,0.0,0.0,1
8608370000118,2012-04-23,95030634.67,1.8544391,95014136.63,0.0,0.0,1
8608370000118,2012-04-24,95641672.07,1.8571968,95155429.07,0.0,0.0,1
8608370000118,2012-04-25,95752447.72,1.8589103,95243220.63,0.0,0.0,1
8608370000118,2012-04-26,104434744.34,1.8602566000000005,103912198.65,8600000.0,0.0,1
8608370000118,2012-04-27,103078301.85,1.8621819,104019747.36,0.0,0.0,1
8608370000118,2012-04-30,103714302.17,1.8632296000000002,104078272.87,2525235.76,2525235.76,1
8608370000118,2012-05-02,102447408.46,1.8662726000000005,104248251.78,0.0,0.0,1
8608370000118,2012-05-03,104499517.64,1.8686335,104380124.58,0.0,0.0,1
8608370000118,2012-05-04,104476791.19,1.8719195,104563678.3,0.0,0.0,1
8608370000118,2012-05-07,104985368.94,1.8744312,104703982.65,0.0,0.0,1
8608370000118,2012-05-08,104810714.64,1.8726626,104605187.48,0.0,0.0,1
8608370000118,2012-05-09,104977436.93,1.8735205,104653111.93,0.0,0.0,1
8608370000118,2012-05-10,104906146.51,1.8756475,104771922.55,0.0,0.0,1
8608370000118,2012-05-11,104822950.57,1.8763205000000005,104809514.71,0.0,0.0,1
8608370000118,2012-05-14,103858743.57,1.8779746,104901910.5,0.0,0.0,1
8608370000118,2012-05-15,103425654.64,1.8796327,104994530.39,0.0,0.0,1
8608370000118,2012-05-16,104106455.81,1.8814644,105096849.91,0.0,0.0,1
8608370000118,2012-05-17,104173313.45,1.88254,105156932.64,0.0,0.0,1
8608370000118,2012-05-18,106034650.3,1.8841881,105248992.02,0.0,0.0,1
8608370000118,2012-05-21,105837845.42,1.8838869,105232165.69,0.0,0.0,1
8608370000118,2012-05-22,105652024.15,1.8802802,105030700.2,0.0,0.0,1
8608370000118,2012-05-23,105684824.66,1.8808638,105063303.08,0.0,0.0,1
8608370000118,2012-05-24,105468099.38,1.8785096,104931797.55,0.0,0.0,1
8608370000118,2012-05-25,105995066.61,1.8844136,105261589.44,0.0,0.0,1
8608370000118,2012-05-28,106029943.24,1.8850594,105297661.03,0.0,0.0,1
8608370000118,2012-05-29,106176038.44,1.887056,105409191.92,0.0,0.0,1
8608370000118,2012-05-30,106234497.42,1.8880203,105463054.63,0.0,0.0,1
8608370000118,2012-05-31,106281020.16,1.8892303,105530646.17,0.0,0.0,1
8608370000118,2012-06-01,106318687.48,1.8899127,105568765.67,0.0,0.0,1
8608370000118,2012-06-04,105953225.72,1.8855749,105326459.13,0.0,0.0,1
8608370000118,2012-06-05,105945004.77,1.8862212999999999,105362566.05,0.0,0.0,1
8608370000118,2012-06-06,105907741.31,1.8867338,105391194.06,0.0,0.0,1
8608370000118,2012-06-08,106136472.15,1.8878119,105451413.28,0.0,0.0,1
8608370000118,2012-06-11,106110911.62,1.8889098999999998,105512750.35,0.0,0.0,1
8608370000118,2012-06-12,106209630.83,1.8900731,105577721.15,0.0,0.0,1
8608370000118,2012-06-13,106262048.11,1.8911137999999998,105635855.62,0.0,0.0,1
8608370000118,2012-06-14,106360219.93,1.8922488999999998,105699260.65,0.0,0.0,1
8608370000118,2012-06-15,106296233.73,1.8919417,105682103.59,0.0,0.0,1
8608370000118,2012-06-18,106397427.24,1.8932015,105752473.11,0.0,0.0,1
8608370000118,2012-06-19,106507426.58,1.8905832999999999,105606221.34,0.0,0.0,1
8608370000118,2012-06-20,106593577.27,1.8958351000000002,105899582.13,0.0,0.0,1
8608370000118,2012-06-21,106648753.56,1.8967497,105950670.01,0.0,0.0,1
8608370000118,2012-06-22,106654083.73,1.8967285,105949489.85,0.0,0.0,1
8608370000118,2012-06-25,106778879.74,1.8983831999999998,106041915.34,0.0,0.0,1
8608370000118,2012-06-26,106808666.29,1.8989003,106070800.93,0.0,0.0,1
8608370000118,2012-06-27,106838725.21,1.8993849999999999,106097880.04,0.0,0.0,1
8608370000118,2012-06-28,106888817.64,1.9002109,106144009.12,0.0,0.0,1
8608370000118,2012-06-29,106841041.12,1.9021218,106250752.42,0.0,0.0,1
8608370000118,2012-07-02,106560156.64,1.9040842,106360368.98,0.0,0.0,1
8608370000118,2012-07-03,107115930.01,1.9044937,106383243.31,0.0,0.0,1
8608370000118,2012-07-04,107115976.74,1.9047275,106396305.52,0.0,0.0,1
8608370000118,2012-07-05,107142456.15,1.9046619,106392639.8,0.0,0.0,1
8608370000118,2012-07-06,106371640.4,1.9064893,106494716.09,0.0,0.0,1
8608370000118,2012-07-09,106414084.46,1.9071821,106533413.93,0.0,0.0,1
8608370000118,2012-07-10,106659493.44,1.9085897,106612043.86,0.0,0.0,1
8608370000118,2012-07-11,106850931.6,1.9107432,106732335.73,0.0,0.0,1
8608370000118,2012-07-12,106911706.89,1.9115622,106778082.55,0.0,0.0,1
8608370000118,2012-07-13,106993110.11,1.9126933,106841267.73,0.0,0.0,1
8608370000118,2012-07-16,105672851.55,1.9145294,106943827.87,0.0,0.0,1
8608370000118,2012-07-17,107060621.54,1.9150156000000005,106970989.11,0.0,0.0,1
8608370000118,2012-07-18,107207178.11,1.9161788,107035964.28,0.0,0.0,1
8608370000118,2012-07-19,107344316.14,1.9179349,107134058.78,0.0,0.0,1
8608370000118,2012-07-20,107528946.71,1.9203062,107266514.15,0.0,0.0,1
8608370000118,2012-07-23,107662192.75,1.9227228,107401507.32,0.0,0.0,1
8608370000118,2012-07-24,107614450.64,1.9224695,107387355.44,0.0,0.0,1
8608370000118,2012-07-25,107677594.65,1.9235903000000003,107449961.19,0.0,0.0,1
8608370000118,2012-07-26,107663432.59,1.9235757,107449145.97,0.0,0.0,1
8608370000118,2012-07-27,105050979.97,1.9221601,107370071.94,0.0,0.0,1
8608370000118,2012-07-30,107590704.92,1.9233629,107437259.64,0.0,0.0,1
8608370000118,2012-07-31,107680578.18,1.924543,107503181.43,0.0,0.0,1
8608370000118,2012-08-01,107837753.25,1.9266187,107619127.75,0.0,0.0,1
8608370000118,2012-08-02,107894170.21,1.9275616000000002,107671793.27,0.0,0.0,1
8608370000118,2012-08-03,107876859.81,1.9278810000000002,107689636.27,0.0,0.0,1
8608370000118,2012-08-06,107936751.01,1.9290022,107752266.86,0.0,0.0,1
8608370000118,2012-08-07,108014022.44,1.9315518,107894685.99,0.0,0.0,1
8608370000118,2012-08-08,108195955.89,1.9329923999999998,107975153.4,0.0,0.0,1
8608370000118,2012-08-09,108283619.8,1.9343203999999998,108049337.36,0.0,0.0,1
8608370000118,2012-08-10,107603752.77,1.9334508000000001,108000763.49,0.0,0.0,1
8608370000118,2012-08-13,107518675.26,1.9343814,108052741.42,0.0,0.0,1
8608370000118,2012-08-14,107684470.3,1.9348333,108077985.76,0.0,0.0,1
8608370000118,2012-08-15,107700248.73,1.9353647,108107670.1,0.0,0.0,1
8608370000118,2012-08-16,107573274.77,1.933989,108030825.32,0.0,0.0,1
8608370000118,2012-08-17,107547326.05,1.9350403000000005,108089546.84,0.0,0.0,1
8608370000118,2012-08-20,107544102.31,1.9343179,108049195.32,0.0,0.0,1
8608370000118,2012-08-21,107671240.66,1.9364720000000002,108169522.9,0.0,0.0,1
8608370000118,2012-08-22,107757175.61,1.9371363999999998,108206634.11,0.0,0.0,1
8608370000118,2012-08-23,107695279.57,1.9369667000000002,108197153.96,0.0,0.0,1
8608370000118,2012-08-24,107754442.88,1.9379103,108249864.69,0.0,0.0,1
8608370000118,2012-08-27,107859785.67,1.9394276000000001,108334621.74,0.0,0.0,1
8608370000118,2012-08-28,107949881.4,1.9407296000000005,108407350.64,0.0,0.0,1
8608370000118,2012-08-29,107943933.74,1.9409331000000003,108418713.4,0.0,0.0,1
8608370000118,2012-08-30,108002542.84,1.9418810000000002,108471662.0,0.0,0.0,1
8608370000118,2012-08-31,107877793.63,1.9430101999999998,108534738.16,0.0,0.0,1
8608370000118,2012-09-03,107298266.26,1.9440461,108592607.19,0.0,0.0,1
8608370000118,2012-09-04,108192960.59,1.9449954,108645634.16,0.0,0.0,1
8608370000118,2012-09-05,108212340.62,1.9468154,108747294.49,0.0,0.0,1
8608370000118,2012-09-06,108228190.59,1.9469848,108756755.83,0.0,0.0,1
8608370000118,2012-09-10,108222102.08,1.9472532,108771753.05,0.0,0.0,1
8608370000118,2012-09-11,108217055.88,1.9486129,108847701.51,0.0,0.0,1
8608370000118,2012-09-12,108437554.54,1.95006,108928533.78,0.0,0.0,1
8608370000118,2012-09-13,108502231.23,1.9512086,108992693.2,0.0,0.0,1
8608370000118,2012-09-14,108548834.44,1.9519791,109035734.63,0.0,0.0,1
8608370000118,2012-09-17,107887698.96,1.953321,109110692.62,0.0,0.0,1
8608370000118,2012-09-18,108650928.12,1.953972,109147056.87,0.0,0.0,1
8608370000118,2012-09-19,108703220.22,1.9548939,109198551.13,0.0,0.0,1
8608370000118,2012-09-20,109013538.79,1.9568956,109310367.81,0.0,0.0,1
8608370000118,2012-09-21,109076210.98,1.958497,109399819.53,0.0,0.0,1
8608370000118,2012-09-24,109585856.76,1.960231,109496679.07,0.0,0.0,1
8608370000118,2012-09-25,109749189.18,1.9620094,109596016.49,0.0,0.0,1
8608370000118,2012-09-26,109732058.61,1.962524,109624760.77,0.0,0.0,1
8608370000118,2012-09-27,109710335.12,1.9626,109629006.82,0.0,0.0,1
8608370000118,2012-09-28,109627340.5,1.9640686,109711041.89,0.0,0.0,1
8608370000118,2012-10-01,109913253.44,1.96547,109789323.02,0.0,0.0,1
8608370000118,2012-10-02,110015518.01,1.9668511999999998,109866478.49,0.0,0.0,1
8608370000118,2012-10-03,110038085.25,1.9679058,109925385.46,0.0,0.0,1
8608370000118,2012-10-04,110163038.56,1.9699366000000005,110038823.48,0.0,0.0,1
8608370000118,2012-10-05,110569921.75,1.974891,110315574.47,0.0,0.0,1
8608370000118,2012-10-08,110422300.69,1.9739537,110263213.73,0.0,0.0,1
8608370000118,2012-10-09,110510580.35,1.9749318999999999,110317853.96,0.0,0.0,1
8608370000118,2012-10-10,110559242.36,1.9759650000000002,98775563.21,0.0,11600000.0,1
8608370000118,2012-10-11,99428448.73,1.9821793999999997,99086212.44,0.0,0.0,1
8608370000118,2012-10-15,98381517.85,1.9795788,98956213.24,0.0,0.0,1
8608370000118,2012-10-16,98693343.72,1.9803803,98996279.71,0.0,0.0,1
8608370000118,2012-10-17,99226584.97,1.9802964,98992084.06,0.0,0.0,1
8608370000118,2012-10-18,99289413.27,1.9813249,99043499.31,0.0,0.0,1
8608370000118,2012-10-19,98344493.77,1.9825540000000001,99104939.99,0.0,0.0,1
8608370000118,2012-10-22,99258506.41,1.9843471000000001,99194571.42,0.0,0.0,1
8608370000118,2012-10-23,99489926.18,1.9854543999999998,99249925.91,0.0,0.0,1
8608370000118,2012-10-24,99500409.45,1.9855577000000002,99255090.07,0.0,0.0,1
8608370000118,2012-10-25,99514054.75,1.9863282,99293606.51,0.0,0.0,1
8608370000118,2012-10-26,99541715.23,1.9874228999999999,99348330.29,0.0,0.0,1
8608370000118,2012-10-29,99635716.22,1.9883401000000005,99394175.94,0.0,0.0,1
8608370000118,2012-10-30,99659258.21,1.9891313000000002,99433728.71,0.0,0.0,1
8608370000118,2012-10-31,99527995.5,1.9901877000000001,99486535.19,0.0,0.0,1
8608370000118,2012-11-01,99761168.49,1.9908853,99521408.52,0.0,0.0,1
8608370000118,2012-11-05,99815272.68,1.9920783,99581045.67,0.0,0.0,1
8608370000118,2012-11-06,99748240.14,1.9927749,99615868.14,0.0,0.0,1
8608370000118,2012-11-07,99804885.24,1.994066,99680405.5,0.0,0.0,1
8608370000118,2012-11-08,99849451.57,1.9949289,99723539.7,0.0,0.0,1
8608370000118,2012-11-09,99870913.15,1.9955749,99755834.47,0.0,0.0,1
8608370000118,2012-11-12,99769236.2,1.9962838,99791269.23,0.0,0.0,1
8608370000118,2012-11-13,99978898.31,1.9977999,99867057.95,0.0,0.0,1
8608370000118,2012-11-14,99938995.29,1.9974328,99848710.2,0.0,0.0,1
8608370000118,2012-11-16,99856201.9,1.9996329,99958685.94,0.0,0.0,1
8608370000118,2012-11-19,100176540.43,2.0009118000000004,100022618.08,0.0,0.0,1
8608370000118,2012-11-20,100220165.69,2.001764,100065219.55,0.0,0.0,1
8608370000118,2012-11-21,100201270.35,2.0021243,100083227.24,0.0,0.0,1
8608370000118,2012-11-22,100246572.21,2.0029022000000003,100122117.32,0.0,0.0,1
8608370000118,2012-11-23,100333760.67,2.0042859,100191285.97,0.0,0.0,1
8608370000118,2012-11-26,100375739.27,2.0057041,100262178.15,0.0,0.0,1
8608370000118,2012-11-27,100552611.02,2.0078416,100369030.5,0.0,0.0,1
8608370000118,2012-11-28,100593273.6,2.0086479,100409334.99,0.0,0.0,1
8608370000118,2012-11-29,100585143.02,2.0089556,100424716.49,0.0,0.0,1
8608370000118,2012-11-30,100670326.13,2.0127175,100612766.33,0.0,0.0,1
8608370000118,2012-12-03,100761304.95,2.0140985000000002,100681803.35,0.0,0.0,1
8608370000118,2012-12-04,101100717.09,2.0165357,100803632.85,0.0,0.0,1
8608370000118,2012-12-05,101115055.5,2.0173604,100844860.52,0.0,0.0,1
8608370000118,2012-12-06,101070307.74,2.022092,101081386.47,0.0,0.0,1
8608370000118,2012-12-07,101316187.78,2.0214028,101046931.7,0.0,0.0,1
8608370000118,2012-12-10,101315363.37,2.0221357,101083568.25,0.0,0.0,1
8608370000118,2012-12-11,101315221.6,2.0226276000000003,101108160.98,0.0,0.0,1
8608370000118,2012-12-12,101441654.38,2.024625,101208005.72,0.0,0.0,1
8608370000118,2012-12-13,101842746.49,2.0302095000000002,101487167.24,0.0,0.0,1
8608370000118,2012-12-14,101956973.31,2.0318603,101569688.62,0.0,0.0,1
8608370000118,2012-12-17,99242320.25,2.0328458,101618950.36,0.0,0.0,1
8608370000118,2012-12-18,101671464.13,2.0335669,101654996.35,0.0,0.0,1
8608370000118,2012-12-19,102128133.46,2.0353299,101743127.71,0.0,0.0,1
8608370000118,2012-12-20,101726360.45,2.036196,101786424.26,0.0,0.0,1
8608370000118,2012-12-21,96784204.13,2.032882,101620759.04,0.0,0.0,1
8608370000118,2012-12-24,96831604.41,2.0339267,101672984.77,0.0,0.0,1
8608370000118,2012-12-26,101911819.68,2.0351555,101734409.06,0.0,0.0,1
8608370000118,2012-12-27,101982904.49,2.0362516999999998,101789207.45,0.0,0.0,1
8608370000118,2012-12-28,102003004.89,2.0371688000000003,101835051.38,0.0,0.0,1
8608370000118,2012-12-31,101816753.62,2.0376436,101858784.06,0.0,0.0,1
8608370000118,2013-01-02,101938856.87,2.0396049,101956827.41,0.0,0.0,1
8608370000118,2013-01-03,102220670.09,2.0415791000000003,102055515.51,0.0,0.0,1
8608370000118,2013-01-04,102235383.64,2.0425678,102104940.83,0.0,0.0,1
8608370000118,2013-01-07,102318872.52,2.043511,102152091.31,0.0,0.0,1
8608370000118,2013-01-08,102189542.36,2.0441667000000003,102184865.66,0.0,0.0,1
8608370000118,2013-01-09,102304357.72,2.0459457,102273795.42,0.0,0.0,1
8608370000118,2013-01-10,102430103.56,2.0481769,102385331.92,0.0,0.0,1
8608370000118,2013-01-11,102498891.82,2.0496361000000003,102458275.83,0.0,0.0,1
8608370000118,2013-01-14,102531213.08,2.0506674,94525448.32,0.0,7984377.34,1
8608370000118,2013-01-15,92483022.83,2.0512071,94550327.24,0.0,0.0,1
8608370000118,2013-01-16,94596019.17,2.0519545,94584777.08,0.0,0.0,1
8608370000118,2013-01-17,94604409.25,2.0521937,94595802.63,0.0,0.0,1
8608370000118,2013-01-18,94615548.62,2.0523315,94602154.9,0.0,0.0,1
8608370000118,2013-01-21,94757702.45,2.0554451,94745678.64,0.0,0.0,1
8608370000118,2013-01-22,94740589.87,2.0550464,94727301.18,0.0,0.0,1
8608370000118,2013-01-23,94825028.5,2.0567484,94805752.55,0.0,0.0,1
8608370000118,2013-01-24,94619999.1,2.0521867,94595481.5,0.0,0.0,1
8608370000118,2013-01-25,94645016.97,2.0531833,94641421.02,0.0,0.0,1
8608370000118,2013-01-28,94747072.07,2.055394,94743319.52,0.0,0.0,1
8608370000118,2013-01-29,94787081.56,2.0562234,94781551.25,0.0,0.0,1
8608370000118,2013-01-30,94796544.13,2.0564363,94791366.88,0.0,0.0,1
8608370000118,2013-01-31,94686896.19,2.0585951,94890874.98,0.0,0.0,1
8608370000118,2013-02-01,94944457.4,2.0590645,94912511.78,0.0,0.0,1
8608370000118,2013-02-04,94920099.5,2.0584968,94886343.24,0.0,0.0,1
8608370000118,2013-02-05,94766720.83,2.0563266,94786311.39,0.0,0.0,1
8608370000118,2013-02-06,94801351.78,2.0568207999999997,94809090.62,0.0,0.0,1
8608370000118,2013-02-07,94831403.62,2.0574265,94837011.21,0.0,0.0,1
8608370000118,2013-02-08,94861869.82,2.0580447,94865505.25,0.0,0.0,1
8608370000118,2013-02-13,93485744.32,2.0597871,94945823.04,0.0,0.0,1
8608370000118,2013-02-14,94818804.09,2.0600702,94958871.09,0.0,0.0,1
8608370000118,2013-02-15,94766920.96,2.0592169,94919535.91,0.0,0.0,1
8608370000118,2013-02-18,94885828.12,2.0584892,94885992.98,0.0,0.0,1
8608370000118,2013-02-19,94928622.71,2.0594306000000002,94929387.74,0.0,0.0,1
8608370000118,2013-02-20,94940297.48,2.059869,94949598.47,0.0,0.0,1
8608370000118,2013-02-21,94936409.84,2.0621492,95054703.37,0.0,0.0,1
8608370000118,2013-02-22,94809474.86,2.0600124,94956207.21,0.0,0.0,1
8608370000118,2013-02-25,93342165.75,2.0632613,95105965.15,0.0,0.0,1
8608370000118,2013-02-26,95029241.83,2.0644133,95159065.07,0.0,0.0,1
8608370000118,2013-02-27,95115614.46,2.065803,97223124.1,2000000.0,0.0,1
8608370000118,2013-02-28,96248564.19,2.0662512,97244219.1,0.0,0.0,1
8608370000118,2013-03-01,96369002.2,2.0687815,97363302.68,0.0,0.0,1
8608370000118,2013-03-04,96918718.3,2.0697855,97410553.29,0.0,0.0,1
8608370000118,2013-03-05,96999493.71,2.0715065,97491548.76,0.0,0.0,1
8608370000118,2013-03-06,96167501.36,2.0727406000000004,97549629.86,0.0,0.0,1
8608370000118,2013-03-07,96514255.12,2.0713422,97483814.57,0.0,0.0,1
8608370000118,2013-03-08,97276147.75,2.0705113,97444712.63,0.0,0.0,1
8608370000118,2013-03-11,97349273.32,2.0720151,97515483.49,0.0,0.0,1
8608370000118,2013-03-12,97360252.97,2.0722468000000003,97526387.29,0.0,0.0,1
8608370000118,2013-03-13,97274113.74,2.0705762,97447763.98,0.0,0.0,1
8608370000118,2013-03-14,97350251.18,2.0743286,97624363.2,0.0,0.0,1
8608370000118,2013-03-15,97458317.6,2.0769041,97745575.98,0.0,0.0,1
8608370000118,2013-03-18,94753208.33,2.0767239,97737095.11,0.0,0.0,1
8608370000118,2013-03-19,97606192.23,2.0798135,97882501.0,0.0,0.0,1
8608370000118,2013-03-20,97491041.13,2.0799143,97887248.16,0.0,0.0,1
8608370000118,2013-03-21,97472574.39,2.0789966,97844054.63,0.0,0.0,1
8608370000118,2013-03-22,97748047.46,2.0779076,97792805.34,0.0,0.0,1
8608370000118,2013-03-25,97741737.6,2.081726,97972508.46,0.0,0.0,1
8608370000118,2013-03-26,97715700.29,2.082129,97991478.52,0.0,0.0,1
8608370000118,2013-03-27,98102849.09,2.0839512,98077234.17,0.0,0.0,1
8608370000118,2013-03-28,97761263.82,2.0813714,97955821.31,0.0,0.0,1
8608370000118,2013-04-01,97267121.68,2.0807318,97925721.9,0.0,0.0,1
8608370000118,2013-04-02,97425809.6,2.0840348,98081171.69,0.0,0.0,1
8608370000118,2013-04-03,97356757.76,2.0825426,98010944.17,0.0,0.0,1
8608370000118,2013-04-04,97927054.24,2.0840014,98079596.72,0.0,0.0,1
8608370000118,2013-04-05,98145769.59,2.0886044999999998,98296233.15,0.0,0.0,1
8608370000118,2013-04-08,98237146.02,2.0883979,98286510.85,0.0,0.0,1
8608370000118,2013-04-09,98224921.28,2.0880651,98270847.1,0.0,0.0,1
8608370000118,2013-04-10,98233781.45,2.0882191000000003,98278097.6,0.0,0.0,1
8608370000118,2013-04-11,98220042.39,2.087899,98263029.45,0.0,0.0,1
8608370000118,2013-04-12,98052376.23,2.0843105,98094147.02,0.0,0.0,1
8608370000118,2013-04-15,97352251.06,2.0765477999999997,97728808.11,0.0,0.0,1
8608370000118,2013-04-16,97500156.99,2.0851344,98132921.27,0.0,0.0,1
8608370000118,2013-04-17,97475114.76,2.0866962,98206421.34,0.0,0.0,1
8608370000118,2013-04-18,98444743.01,2.096654,98675067.64,0.0,0.0,1
8608370000118,2013-04-19,98429384.14,2.0962869,98657791.0,0.0,0.0,1
8608370000118,2013-04-22,98485778.47,2.0974135,98710814.04,0.0,0.0,1
8608370000118,2013-04-23,98664469.43,2.0990556000000002,98788094.56,0.0,0.0,1
8608370000118,2013-04-24,98648757.6,2.0984576,98759953.59,0.0,0.0,1
8608370000118,2013-04-25,98568710.71,2.0971435,98698107.9,0.0,0.0,1
8608370000118,2013-04-26,98496425.24,2.0992658,98797988.85,0.0,0.0,1
8608370000118,2013-04-29,98503993.07,2.1016555,98910456.19,0.0,0.0,1
8608370000118,2013-04-30,98945079.58,2.1022414,98938029.05,0.0,0.0,1
8608370000118,2013-05-02,99104787.7,2.105618,99096943.23,0.0,0.0,1
8608370000118,2013-05-03,98961816.19,2.1046507,99051416.84,0.0,0.0,1
8608370000118,2013-05-06,99035247.93,2.106213,99124945.12,0.0,0.0,1
8608370000118,2013-05-07,99172585.69,2.1080393,99210898.06,0.0,0.0,1
8608370000118,2013-05-08,99250150.41,2.1096607999999994,99287207.36,0.0,0.0,1
8608370000118,2013-05-09,99267128.93,2.1099807,99302262.24,0.0,0.0,1
8608370000118,2013-05-10,99197587.49,2.1084761000000003,99231454.61,0.0,0.0,1
8608370000118,2013-05-13,99208354.56,2.1106451,99333532.79,0.0,0.0,1
8608370000118,2013-05-14,99260069.4,2.1095828,99283540.01,0.0,0.0,1
8608370000118,2013-05-15,98149052.13,2.1121954,99406494.12,0.0,0.0,1
8608370000118,2013-05-16,99299785.01,2.1132378,99455553.22,0.0,0.0,1
8608370000118,2013-05-17,99228078.35,2.1116741,96895813.66,0.0,2486146.21,1
8608370000118,2013-05-20,96198475.31,2.1110086,96865277.63,0.0,0.0,1
8608370000118,2013-05-21,96916353.75,2.1123621,96927383.85,0.0,0.0,1
8608370000118,2013-05-22,96917147.27,2.1123491000000003,96926787.29,0.0,0.0,1
8608370000118,2013-05-23,96919290.39,2.112361,96927334.67,0.0,0.0,1
8608370000118,2013-05-24,96561597.16,2.1113604,96881418.84,0.0,0.0,1
8608370000118,2013-05-27,96562373.63,2.1115006000000003,96887854.46,0.0,0.0,1
8608370000118,2013-05-28,96760676.28,2.1106462,96848649.04,0.0,0.0,1
8608370000118,2013-05-29,96870821.76,2.1132024,96965940.68,0.0,0.0,1
8608370000118,2013-05-31,96298763.57,2.100398,96378403.48,0.0,0.0,1
8608370000118,2013-06-03,96349408.47,2.1014397000000002,96426203.4,0.0,0.0,1
8608370000118,2013-06-04,96542654.11,2.1056277999999997,96618373.98,0.0,0.0,1
8608370000118,2013-06-05,96490336.25,2.1044422000000003,96563974.62,0.0,0.0,1
8608370000118,2013-06-06,96462793.32,2.1038411,96536389.27,0.0,0.0,1
8608370000118,2013-06-07,96431999.79,2.1031317000000005,96503838.15,0.0,0.0,1
8608370000118,2013-06-10,96178514.86,2.0975652,96248415.37,0.0,0.0,1
8608370000118,2013-06-11,96173245.13,2.0963144000000002,96191022.84,0.0,0.0,1
8608370000118,2013-06-12,96068738.04,2.0940355,96086455.13,0.0,0.0,1
8608370000118,2013-06-13,96340879.17,2.1001057999999997,96364994.19,0.0,0.0,1
8608370000118,2013-06-14,96122869.49,2.0953011000000004,96144527.75,0.0,0.0,1
8608370000118,2013-06-17,95227254.15,2.08917,95863198.36,0.0,0.0,1
8608370000118,2013-06-18,95479959.9,2.0826279999999997,95563011.88,0.0,0.0,1
8608370000118,2013-06-19,95200748.77,2.0765296,95283182.79,0.0,0.0,1
8608370000118,2013-06-20,94809258.75,2.0767363000000003,95292665.38,0.0,0.0,1
8608370000118,2013-06-21,95097404.18,2.0840249,95627107.29,0.0,0.0,1
8608370000118,2013-06-24,95460108.19,2.0919327,95989963.95,0.0,0.0,1
8608370000118,2013-06-25,95764909.59,2.0949033,97526275.5,1400000.0,0.0,1
8608370000118,2013-06-26,95887016.3,2.0960329,97578861.75,0.0,0.0,1
8608370000118,2013-06-27,95860864.29,2.0999748,97762372.94,0.0,0.0,1
8608370000118,2013-06-28,95453722.92,2.0970255,97625072.51,0.0,0.0,1
8608370000118,2013-07-01,93623418.84,2.0989235,97713430.18,0.0,0.0,1
8608370000118,2013-07-02,95611621.11,2.1029367000000003,97900260.94,0.0,0.0,1
8608370000118,2013-07-03,95425107.35,2.1020567000000003,97859294.7,0.0,0.0,1
8608370000118,2013-07-04,97714700.06,2.0994121,97736175.94,0.0,0.0,1
8608370000118,2013-07-05,97683654.2,2.0989913,97716586.58,0.0,0.0,1
8608370000118,2013-07-08,97799649.3,2.1012292,97820772.03,0.0,0.0,1
8608370000118,2013-07-09,98199895.15,2.1084754,98158108.47,0.0,0.0,1
8608370000118,2013-07-10,111250792.84,2.1040202,111237180.45,13286480.06,0.0,1
8608370000118,2013-07-11,111244071.08,2.1039317000000004,111232500.09,0.0,0.0,1
8608370000118,2013-07-12,111307086.73,2.1053444,111307189.14,0.0,0.0,1
8608370000118,2013-07-15,108285690.78,2.1066901,111378331.58,0.0,0.0,1
8608370000118,2013-07-16,107299294.73,2.106167,111350675.64,0.0,0.0,1
8608370000118,2013-07-17,108362174.49,2.1082683,111461772.53,0.0,0.0,1
8608370000118,2013-07-18,110485098.0,2.1097491,111540059.57,0.0,0.0,1
8608370000118,2013-07-19,108558066.07,2.1116467,111640382.78,0.0,0.0,1
8608370000118,2013-07-22,101650697.1,2.1137163,111749799.82,0.0,0.0,1
8608370000118,2013-07-23,110865407.62,2.1163562,111889370.2,0.0,0.0,1
8608370000118,2013-07-24,111931521.17,2.1155719,111847902.62,0.0,0.0,1
8608370000118,2013-07-25,111596019.39,2.1157696,111858356.47,0.0,0.0,1
8608370000118,2013-07-26,111580238.28,2.1162899,111885865.13,0.0,0.0,1
8608370000118,2013-07-29,111463286.48,2.1144331000000003,111787698.75,0.0,0.0,1
8608370000118,2013-07-30,111438023.62,2.1129567,111709641.16,0.0,0.0,1
8608370000118,2013-07-31,111438915.6,2.1156087,111849849.56,0.0,0.0,1
8608370000118,2013-08-01,111359854.87,2.1124,111680207.08,0.0,0.0,1
8608370000118,2013-08-02,109057134.9,2.1151153999999996,111823770.22,0.0,0.0,1
8608370000118,2013-08-05,111943968.53,2.1174058,111944858.96,0.0,0.0,1
8608370000118,2013-08-06,110938528.88,2.1161566,111878819.21,0.0,0.0,1
8608370000118,2013-08-07,110936528.56,2.1179076,111971388.13,0.0,0.0,1
8608370000118,2013-08-08,111892673.14,2.1206911,112118550.62,0.0,0.0,1
8608370000118,2013-08-09,112188928.98,2.1225287,112215702.66,0.0,0.0,1
8608370000118,2013-08-12,111782853.81,2.1172063999999997,111934316.22,0.0,0.0,1
8608370000118,2013-08-13,111703241.79,2.1159573,111868282.05,0.0,0.0,1
8608370000118,2013-08-14,111658726.89,2.1131847,111721697.95,0.0,0.0,1
8608370000118,2013-08-15,111544197.64,2.1138212000000003,111755348.06,0.0,0.0,1
8608370000118,2013-08-16,111513642.8,2.1131791,111721398.21,0.0,0.0,1
8608370000118,2013-08-19,111564362.91,2.1103452000000003,111571574.19,0.0,0.0,1
8608370000118,2013-08-20,111074231.79,2.1180782000000002,111980407.08,0.0,0.0,1
8608370000118,2013-08-21,110791749.54,2.1130322,111713632.38,0.0,0.0,1
8608370000118,2013-08-22,111790130.88,2.1148990000000003,111812326.41,0.0,0.0,1
8608370000118,2013-08-23,111917942.12,2.1234087,109262227.46,0.0,3000000.0,1
8608370000118,2013-08-26,108764348.92,2.1210255,109139597.38,0.0,0.0,1
8608370000118,2013-08-27,109180540.31,2.1221791000000003,109198956.12,0.0,0.0,1
8608370000118,2013-08-28,109329532.88,2.1241207,109298864.28,0.0,0.0,1
8608370000118,2013-08-29,109049849.53,2.1182872,108998693.8,0.0,0.0,1
8608370000118,2013-08-30,107875870.72,2.1181235000000003,108990271.58,0.0,0.0,1
8608370000118,2013-09-02,107246126.85,2.1194264,109057311.26,0.0,0.0,1
8608370000118,2013-09-03,108123327.62,2.1199196,109082693.13,0.0,0.0,1
8608370000118,2013-09-04,108223475.29,2.1209101,109133657.08,0.0,0.0,1
8608370000118,2013-09-05,108282472.7,2.1212484000000003,109151065.18,0.0,0.0,1
8608370000118,2013-09-06,108411700.52,2.1237204,109278268.13,0.0,0.0,1
8608370000118,2013-09-09,108377224.69,2.1250102,109344633.21,0.0,0.0,1
8608370000118,2013-09-10,108379017.26,2.1259863,109394861.25,0.0,0.0,1
8608370000118,2013-09-11,108538391.22,2.127124,109453403.32,0.0,0.0,1
8608370000118,2013-09-12,108536534.81,2.1260891,109400151.56,0.0,0.0,1
8608370000118,2013-09-13,108593835.12,2.1273008,109462499.57,0.0,0.0,1
8608370000118,2013-09-16,105543029.69,2.1278951,109493080.36,0.0,0.0,1
8608370000118,2013-09-17,108725997.9,2.1294395,109572548.21,0.0,0.0,1
8608370000118,2013-09-18,109108099.91,2.1369944,109961291.96,0.0,0.0,1
8608370000118,2013-09-19,109079206.47,2.1364625,109933923.79,0.0,0.0,1
8608370000118,2013-09-20,108182672.11,2.1222379,109201980.76,0.0,0.0,1
8608370000118,2013-09-23,103822037.74,2.1307505,109640005.17,0.0,0.0,1
8608370000118,2013-09-24,103892383.02,2.1321784,109713480.54,0.0,0.0,1
8608370000118,2013-09-25,108407101.1,2.1313601,109671376.68,0.0,0.0,1
8608370000118,2013-09-26,108800133.73,2.1310111000000003,109653414.48,0.0,0.0,1
8608370000118,2013-09-27,108839498.26,2.1318627999999995,109697239.71,0.0,0.0,1
8608370000118,2013-09-30,108653481.06,2.1320217,109705417.67,0.0,0.0,1
8608370000118,2013-10-01,108342183.32,2.1313521,109670961.08,0.0,0.0,1
8608370000118,2013-10-02,108581439.47,2.1322096,109715086.05,0.0,0.0,1
8608370000118,2013-10-03,108979413.42,2.1343582999999997,109825648.57,0.0,0.0,1
8608370000118,2013-10-04,108920277.81,2.1350411,109860783.37,0.0,0.0,1
8608370000118,2013-10-07,108918262.59,2.1369142000000005,109957169.18,0.0,0.0,1
8608370000118,2013-10-08,109147320.12,2.1384904,110038272.13,0.0,0.0,1
8608370000118,2013-10-09,109290250.01,2.1414441,110190255.2,0.0,0.0,1
8608370000118,2013-10-10,108887683.4,2.1393972999999997,110084938.03,0.0,0.0,1
8608370000118,2013-10-11,108909145.64,2.1398606,110108777.44,0.0,0.0,1
8608370000118,2013-10-14,108137931.06,2.1410479,110169872.66,0.0,0.0,1
8608370000118,2013-10-15,108181951.84,2.1417257999999997,110204752.31,0.0,0.0,1
8608370000118,2013-10-16,108176938.58,2.1426418,110251885.65,0.0,0.0,1
8608370000118,2013-10-17,109066730.59,2.1430303,110271875.45,0.0,0.0,1
8608370000118,2013-10-18,110154877.63,2.1425189,110245560.43,0.0,0.0,1
8608370000118,2013-10-21,109878150.76,2.1422323,110230815.91,0.0,0.0,1
8608370000118,2013-10-22,110125739.59,2.1458437000000004,110416641.48,0.0,0.0,1
8608370000118,2013-10-23,110234349.92,2.1480982,110532652.73,0.0,0.0,1
8608370000118,2013-10-24,110217029.04,2.1477682000000002,110515669.41,0.0,0.0,1
8608370000118,2013-10-25,110554160.98,2.148932,110575552.91,0.0,0.0,1
8608370000118,2013-10-28,110494753.12,2.1494945,110604496.86,0.0,0.0,1
8608370000118,2013-10-29,110616924.31,2.1509836,110681119.99,0.0,0.0,1
8608370000118,2013-10-30,110724571.26,2.1522187,110744673.29,0.0,0.0,1
8608370000118,2013-10-31,110427645.44,2.1509993,110681931.9,0.0,0.0,1
8608370000118,2013-11-01,110550240.44,2.1486701,110562080.21,0.0,0.0,1
8608370000118,2013-11-04,108738410.88,2.149209,110589808.09,0.0,0.0,1
8608370000118,2013-11-05,110457752.73,2.1476805,110511155.5,0.0,0.0,1
8608370000118,2013-11-06,110486947.76,2.1476225,110508172.2,0.0,0.0,1
8608370000118,2013-11-07,110183573.95,2.1440711,110092631.3,0.0,232803.4,1
8608370000118,2013-11-08,110038812.27,2.1433731,110056790.96,0.0,0.0,1
8608370000118,2013-11-11,109929319.16,2.1437524,110076263.27,0.0,0.0,1
8608370000118,2013-11-12,110254470.43,2.1475994,110273798.58,0.0,0.0,1
8608370000118,2013-11-13,110385953.34,2.1516091,110479688.86,0.0,0.0,1
8608370000118,2013-11-14,110753805.95,2.1569117,110751963.03,0.0,0.0,1
8608370000118,2013-11-18,110714680.1,2.1593583,110877587.71,0.0,0.0,1
8608370000118,2013-11-19,110522810.17,2.156646,110738320.08,0.0,0.0,1
8608370000118,2013-11-20,110431075.82,2.1577156000000004,110793241.86,0.0,0.0,1
8608370000118,2013-11-21,110725332.42,2.1566616,110739119.76,0.0,0.0,1
8608370000118,2013-11-22,110751038.49,2.1572378,110768705.34,0.0,0.0,1
8608370000118,2013-11-25,110758812.04,2.1562698,102718999.14,0.0,8000000.0,1
8608370000118,2013-11-26,102860002.38,2.1589096000000003,102844755.45,0.0,0.0,1
8608370000118,2013-11-27,102880846.89,2.1593425,96865375.65,0.0,6000000.0,1
8608370000118,2013-11-28,97011236.11,2.1631751,97007303.91,0.0,30000.0,1
8608370000118,2013-11-29,96664570.39,2.1602582000000004,96876492.2,0.0,0.0,1
8608370000118,2013-12-02,96709918.78,2.1556889999999997,96671586.89,0.0,0.0,1
8608370000118,2013-12-03,96726230.33,2.1560276000000003,96686775.08,0.0,0.0,1
8608370000118,2013-12-04,96801469.02,2.1587775000000002,96734390.12,0.0,75700.86,1
8608370000118,2013-12-05,96827339.85,2.1615938,96860588.98,0.0,0.0,1
8608370000118,2013-12-06,96864689.66,2.1626325,96907131.56,0.0,0.0,1
8608370000118,2013-12-09,96959315.56,2.1651337,97019209.92,0.0,0.0,1
8608370000118,2013-12-10,97218953.98,2.1686869,97178429.77,0.0,0.0,1
8608370000118,2013-12-11,97312513.08,2.1707611,97271372.24,0.0,0.0,1
8608370000118,2013-12-12,97431362.63,2.1734273999999996,97390848.89,0.0,0.0,1
8608370000118,2013-12-13,97515684.75,2.1751637,97468654.81,0.0,0.0,1
8608370000118,2013-12-16,97558074.42,2.1762661,97518052.26,0.0,0.0,1
8608370000118,2013-12-17,97583378.74,2.17689,97546009.13,0.0,0.0,1
8608370000118,2013-12-18,97247404.93,2.1832256,99329905.41,1500000.0,0.0,1
8608370000118,2013-12-19,97875731.22,2.1825477,99299062.44,0.0,0.0,1
8608370000118,2013-12-20,98078456.93,2.1801473999999996,99189859.5,0.0,0.0,1
8608370000118,2013-12-23,99346136.34,2.1828971,99314958.22,0.0,0.0,1
8608370000118,2013-12-24,99406472.4,2.1842451,99376290.06,0.0,0.0,1
8608370000118,2013-12-26,99354843.95,2.1834995999999998,99342372.22,0.0,0.0,1
8608370000118,2013-12-27,99519817.58,2.1858272999999997,99448275.71,0.0,0.0,1
8608370000118,2013-12-30,99164695.82,2.1889877999999996,99592069.61,0.0,0.0,1
8608370000118,2013-12-31,99018753.09,2.1900869,99642075.29,0.0,0.0,1
8608370000118,2014-01-02,99622185.71,2.1891301,99598542.51,0.0,0.0,1
8608370000118,2014-01-03,99738435.41,2.1916748,99714318.96,0.0,0.0,1
8608370000118,2014-01-06,99868230.07,2.1923345000000003,99744330.14,0.0,0.0,1
8608370000118,2014-01-07,99825581.67,2.1951067,99870457.96,0.0,0.0,1
8608370000118,2014-01-08,99720630.64,2.1949951000000003,99865381.47,0.0,0.0,1
8608370000118,2014-01-09,99890440.42,2.1964523,95731677.17,0.0,4200000.0,1
8608370000118,2014-01-10,100126967.43,2.2017927000000004,100164439.81,4200000.0,0.0,1
8608370000118,2014-01-13,100089034.15,2.2009628,100126686.72,0.0,0.0,1
8608370000118,2014-01-14,99008758.62,2.1992149,100047170.98,0.0,0.0,1
8608370000118,2014-01-15,98830916.74,2.2027652,100208681.58,0.0,0.0,1
8608370000118,2014-01-16,100209171.98,2.2022958,100187325.23,0.0,0.0,1
8608370000118,2014-01-17,100360707.11,2.2056353,100339245.16,0.0,0.0,1
8608370000118,2014-01-20,100035783.1,2.2032664,100231481.5,0.0,0.0,1
8608370000118,2014-01-21,100115431.39,2.2008453,100121337.32,0.0,0.0,1
8608370000118,2014-01-22,100203984.6,2.202045,100175914.66,0.0,0.0,1
8608370000118,2014-01-23,100174087.3,2.2013779,100145566.41,0.0,0.0,1
8608370000118,2014-01-24,100237972.05,2.2028408,100212118.4,0.0,0.0,1
8608370000118,2014-01-27,100162502.3,2.2011946,100137230.79,0.0,0.0,1
8608370000118,2014-01-28,100571312.07,2.2092856,100505309.58,0.0,0.0,1
8608370000118,2014-01-29,100546047.3,2.2084997000000004,100469554.6,0.0,0.0,1
8608370000118,2014-01-30,100428817.26,2.2059775,100354814.83,0.0,0.0,1
8608370000118,2014-01-31,100270016.38,2.2067393,100389472.47,0.0,0.0,1
8608370000118,2014-02-03,100437721.39,2.2063542000000003,100371949.5,0.0,0.0,1
8608370000118,2014-02-04,100570232.25,2.2103741,100554827.76,0.0,0.0,1
8608370000118,2014-02-05,100885352.5,2.2171109,100861297.14,0.0,0.0,1
8608370000118,2014-02-06,100986084.93,2.2202816000000003,101005539.51,0.0,0.0,1
8608370000118,2014-02-07,102333062.18,2.226681,102296661.23,1000000.0,0.0,1
8608370000118,2014-02-10,102310550.44,2.2272776000000003,102324070.02,0.0,0.0,1
8608370000118,2014-02-11,102121096.24,2.2262451000000003,102276635.5,0.0,0.0,1
8608370000118,2014-02-12,102147713.42,2.2257296,102252954.87,0.0,0.0,1
8608370000118,2014-02-13,102279013.51,2.2285732000000005,102383591.63,0.0,0.0,1
8608370000118,2014-02-14,102619603.4,2.2326616,102571421.04,0.0,0.0,1
8608370000118,2014-02-17,102453855.63,2.2378841,102811348.28,0.0,0.0,1
8608370000118,2014-02-18,103076404.18,2.2425706,103026653.98,0.0,0.0,1
8608370000118,2014-02-19,103023268.42,2.2414734,102976246.74,0.0,0.0,1
8608370000118,2014-02-20,103275375.28,2.2504357999999995,103387989.13,0.0,0.0,1
8608370000118,2014-02-21,103601956.38,2.2541805,103560024.41,0.0,0.0,1
8608370000118,2014-02-24,103630584.4,2.2548142,103589138.16,0.0,0.0,1
8608370000118,2014-02-25,101072845.75,2.2558922999999997,103638668.55,0.0,0.0,1
8608370000118,2014-02-26,101327813.47,2.2612362,103884172.95,0.0,0.0,1
8608370000118,2014-02-27,101576107.19,2.2666963,104135016.35,0.0,0.0,1
8608370000118,2014-02-28,101237327.4,2.263907,104006872.93,0.0,0.0,1
8608370000118,2014-03-05,101367634.02,2.262428,103938928.09,0.0,0.0,1
8608370000118,2014-03-06,101331099.65,2.2646789000000003,104042335.59,0.0,0.0,1
8608370000118,2014-03-07,101278557.0,2.2625812,103945964.87,0.0,0.0,1
8608370000118,2014-03-10,101169897.81,2.2603026,103841281.56,0.0,0.0,1
8608370000118,2014-03-11,101221979.64,2.2603795,103844815.21,0.0,0.0,1
8608370000118,2014-03-12,104116307.56,2.2645866000000003,104038094.8,0.0,0.0,1
8608370000118,2014-03-13,104058178.81,2.2675933999999995,104176230.33,0.0,0.0,1
8608370000118,2014-03-14,104337691.79,2.269285,104253945.61,0.0,0.0,1
8608370000118,2014-03-17,104188573.71,2.2702486,104298214.61,0.0,0.0,1
8608370000118,2014-03-18,104329066.88,2.2696837000000003,104272262.92,0.0,0.0,1
8608370000118,2014-03-19,104241310.32,2.2673915,104166956.5,0.0,0.0,1
8608370000118,2014-03-20,104152918.37,2.2685628,104220766.13,0.0,0.0,1
8608370000118,2014-03-21,104448494.87,2.2716594,104363029.04,0.0,0.0,1
8608370000118,2014-03-24,104592726.22,2.2747822,104506497.49,0.0,0.0,1
8608370000118,2014-03-25,104755290.25,2.2779444,104651770.24,0.0,0.0,1
8608370000118,2014-03-26,104876425.8,2.2807556,104780921.42,0.0,0.0,1
8608370000118,2014-03-27,105105049.54,2.2856279,105004761.66,0.0,0.0,1
8608370000118,2014-03-28,105114474.82,2.2858279,105013951.06,0.0,0.0,1
8608370000118,2014-03-31,104951952.43,2.2864656,105043244.68,0.0,0.0,1
8608370000118,2014-04-01,104546915.6,2.2875626000000002,105093642.01,0.0,0.0,1
8608370000118,2014-04-02,105305321.11,2.2898579,105199092.28,0.0,0.0,1
8608370000118,2014-04-03,105369279.24,2.2925056,105320731.24,0.0,0.0,1
8608370000118,2014-04-04,105452426.3,2.2946598,105419699.77,0.0,0.0,1
8608370000118,2014-04-07,105486206.11,2.2964189,105500515.75,0.0,0.0,1
8608370000118,2014-04-08,105676443.99,2.298756,105607882.2,0.0,0.0,1
8608370000118,2014-04-09,105764103.25,2.3006728,105695941.62,0.0,0.0,1
8608370000118,2014-04-10,105884304.9,2.3032265,105813264.84,0.0,0.0,1
8608370000118,2014-04-11,105927290.99,2.3041475,105855574.57,0.0,0.0,1
8608370000118,2014-04-14,105960006.45,2.3048467999999995,105887703.3,0.0,0.0,1
8608370000118,2014-04-15,106445665.92,2.3063964,105958891.7,0.0,0.0,1
8608370000118,2014-04-16,106154633.73,2.308624,106061234.44,0.0,0.0,1
8608370000118,2014-04-17,106221416.63,2.3100676,106127552.21,0.0,0.0,1
8608370000118,2014-04-22,106053751.05,2.3104429,106144793.04,0.0,0.0,1
8608370000118,2014-04-23,106431757.98,2.3144376,106328316.91,0.0,0.0,1
8608370000118,2014-04-24,106513317.62,2.3161533,106407136.85,0.0,0.0,1
8608370000118,2014-04-25,106594580.76,2.3178326,106484288.2,0.0,0.0,1
8608370000118,2014-04-28,106614810.34,2.3187453,106526218.33,0.0,0.0,1
8608370000118,2014-04-29,106662412.76,2.3197394,106571887.7,0.0,0.0,1
8608370000118,2014-04-30,106546293.32,2.3213728,106646930.44,0.0,0.0,1
8608370000118,2014-05-02,106855062.44,2.3236922000000004,106753484.31,0.0,0.0,1
8608370000118,2014-05-05,106818635.64,2.3229122,106717650.13,0.0,0.0,1
8608370000118,2014-05-06,106985778.2,2.3271282,106911338.87,0.0,0.0,1
8608370000118,2014-05-07,107075353.72,2.3290497,106999617.55,0.0,0.0,1
8608370000118,2014-05-08,108154968.15,2.3297747,108132925.32,1100000.0,0.0,1
8608370000118,2014-05-09,108148518.8,2.3295424,108122143.17,0.0,0.0,1
8608370000118,2014-05-12,108012413.24,2.3294502,108117861.18,0.0,0.0,1
8608370000118,2014-05-13,108269774.56,2.3308373,108182240.38,0.0,0.0,1
8608370000118,2014-05-14,108422559.08,2.3341897,108337838.8,0.0,0.0,1
8608370000118,2014-05-15,108045719.7,2.3340201,108329968.99,0.0,0.0,1
8608370000118,2014-05-16,108482746.13,2.3352365,108386422.82,0.0,0.0,1
8608370000118,2014-05-19,108566114.58,2.3371298,108474299.69,0.0,0.0,1
8608370000118,2014-05-20,108597682.85,2.3376617000000004,108498985.98,0.0,0.0,1
8608370000118,2014-05-21,108760912.76,2.3410786,108657576.25,0.0,0.0,1
8608370000118,2014-05-22,108917807.77,2.343935,108790150.64,0.0,0.0,1
8608370000118,2014-05-23,108943630.89,2.3447,108825658.22,0.0,0.0,1
8608370000118,2014-05-26,109009605.29,2.345956,108883955.23,0.0,0.0,1
8608370000118,2014-05-27,108981427.88,2.3453827,108857345.37,0.0,0.0,1
8608370000118,2014-05-28,109172525.09,2.3497398,109059570.8,0.0,0.0,1
8608370000118,2014-05-29,109380443.2,2.3540817,109261096.15,0.0,0.0,1
8608370000118,2014-05-30,111452586.97,2.355465,111325297.29,2000000.0,0.0,1
8608370000118,2014-06-02,111331794.78,2.3538883999999998,111250785.63,0.0,0.0,1
8608370000118,2014-06-03,111251472.67,2.352235,111172640.96,0.0,0.0,1
8608370000118,2014-06-04,111268643.11,2.3536496,111239499.99,0.0,0.0,1
8608370000118,2014-06-05,111325822.01,2.3566157000000003,111379685.98,0.0,0.0,1
8608370000118,2014-06-06,111567842.3,2.3460944,110882419.6,0.0,0.0,1
8608370000118,2014-06-09,111737417.62,2.3625013,111657850.89,0.0,0.0,1
8608370000118,2014-06-10,111738969.56,2.3625123,111658372.76,0.0,0.0,1
8608370000118,2014-06-11,111835575.02,2.3644707,111750930.44,0.0,0.0,1
8608370000118,2014-06-12,111869148.06,2.3651372999999998,111782438.04,0.0,0.0,1
8608370000118,2014-06-13,112078792.53,2.3690456,111967153.23,0.0,0.0,1
8608370000118,2014-06-16,111718100.7,2.3682513,111929614.74,0.0,0.0,1
8608370000118,2014-06-17,111931758.08,2.3664382,111843921.63,0.0,0.0,1
8608370000118,2014-06-18,112097520.19,2.3698148,112003506.41,0.0,0.0,1
8608370000118,2014-06-20,111994399.11,2.3700602,112015108.05,0.0,0.0,1
8608370000118,2014-06-23,112058097.24,2.3713453999999996,112075846.38,0.0,0.0,1
8608370000118,2014-06-24,112288447.04,2.3732019,112163592.06,0.0,0.0,1
8608370000118,2014-06-25,112423886.23,2.3750987,112253240.26,0.0,0.0,1
8608370000118,2014-06-26,112442518.98,2.3763062,112310306.06,0.0,0.0,1
8608370000118,2014-06-27,112347419.3,2.3743389,112217325.73,0.0,0.0,1
8608370000118,2014-06-30,112324867.33,2.3737485,112189424.41,0.0,0.0,1
8608370000118,2014-07-01,112469343.94,2.3768395,112335511.47,0.0,0.0,1
8608370000118,2014-07-02,114369589.68,2.3754657000000003,114270584.34,2000000.0,0.0,1
8608370000118,2014-07-03,114414156.33,2.376934,114341213.34,0.0,0.0,1
8608370000118,2014-07-04,114496841.46,2.3779532000000003,114390243.96,0.0,0.0,1
8608370000118,2014-07-07,114506979.43,2.3793316000000004,114456552.13,0.0,0.0,1
8608370000118,2014-07-08,114483479.49,2.3804932,114512429.28,0.0,0.0,1
8608370000118,2014-07-09,114525975.74,2.3818009,114575335.49,0.0,0.0,1
8608370000118,2014-07-10,114548761.72,2.3801836,114497535.63,0.0,0.0,1
8608370000118,2014-07-11,114533409.59,2.3798237,114480223.21,0.0,0.0,1
8608370000118,2014-07-14,113598451.02,2.3811014,114541688.12,0.0,0.0,1
8608370000118,2014-07-15,113780749.34,2.3805429,114514819.75,0.0,0.0,1
8608370000118,2014-07-16,114627170.25,2.3819904,114584450.99,0.0,0.0,1
8608370000118,2014-07-17,114740847.83,2.383659,114664716.17,0.0,0.0,1
8608370000118,2014-07-18,114896535.49,2.3868473,114818089.53,0.0,0.0,1
8608370000118,2014-07-21,114879425.59,2.3886783,114906166.65,0.0,0.0,1
8608370000118,2014-07-22,116032467.5,2.4092234,115894479.25,0.0,0.0,1
8608370000118,2014-07-23,115979720.96,2.4083958,115854668.16,0.0,0.0,1
8608370000118,2014-07-24,115870087.84,2.4063312000000003,115755354.0,0.0,0.0,1
8608370000118,2014-07-25,116098715.86,2.4102688,115944768.17,0.0,0.0,1
8608370000118,2014-07-28,116058645.84,2.4107933,115970001.53,0.0,0.0,1
8608370000118,2014-07-29,116042678.49,2.4105087000000003,115956310.47,0.0,0.0,1
8608370000118,2014-07-30,116022508.26,2.4101603,115939548.38,0.0,0.0,1
8608370000118,2014-07-31,115989744.37,2.4091012000000003,115888602.96,0.0,0.0,1
8608370000118,2014-08-01,115829848.59,2.4067839,115777128.46,0.0,0.0,1
8608370000118,2014-08-04,115925612.57,2.4097851,115921499.09,0.0,0.0,1
8608370000118,2014-08-05,115618624.78,2.4041488999999996,115650374.11,0.0,0.0,1
8608370000118,2014-08-06,116896861.16,2.4096764999999998,116916278.35,1000000.0,0.0,1
8608370000118,2014-08-07,116801006.02,2.4086235,116865185.18,0.0,0.0,1
8608370000118,2014-08-08,117105622.39,2.4124396,117050339.93,0.0,0.0,1
8608370000118,2014-08-11,117234952.78,2.4147592999999996,117162889.72,0.0,0.0,1
8608370000118,2014-08-12,117237182.93,2.4148207999999998,117165876.93,0.0,0.0,1
8608370000118,2014-08-13,117232619.02,2.4146035,117155332.82,0.0,0.0,1
8608370000118,2014-08-14,117364469.32,2.4170795,117275464.86,0.0,0.0,1
8608370000118,2014-08-15,117289870.49,2.4194242999999998,117389236.02,0.0,0.0,1
8608370000118,2014-08-18,117722335.13,2.4236963,117596509.23,0.0,0.0,1
8608370000118,2014-08-19,117786080.66,2.4249267999999997,117656211.4,0.0,0.0,1
8608370000118,2014-08-20,117654415.78,2.4249438,117657040.56,0.0,0.0,1
8608370000118,2014-08-21,117780098.69,2.424532,117637059.19,0.0,0.0,1
8608370000118,2014-08-22,117953757.49,2.4278144,117796319.07,0.0,0.0,1
8608370000118,2014-08-25,118037763.66,2.4297527999999997,117890371.03,0.0,0.0,1
8608370000118,2014-08-26,116346555.5,2.4316516,117982495.47,0.0,0.0,1
8608370000118,2014-08-27,116450557.47,2.4336282000000002,118078402.71,0.0,0.0,1
8608370000118,2014-08-28,118326496.63,2.4353111000000003,118160054.19,0.0,0.0,1
8608370000118,2014-08-29,119797073.61,2.4635107000000005,119528284.63,0.0,0.0,1
8608370000118,2014-09-01,120047099.55,2.4653572999999995,119617882.57,0.0,0.0,1
8608370000118,2014-09-02,120241283.18,2.4690186,119795527.2,0.0,0.0,1
8608370000118,2014-09-03,120275021.57,2.4697555,119831280.61,0.0,0.0,1
8608370000118,2014-09-04,120270239.85,2.4697059,119828873.02,0.0,0.0,1
8608370000118,2014-09-05,120196412.71,2.4700283,119844513.37,0.0,0.0,1
8608370000118,2014-09-08,120114897.31,2.467715,119732272.9,0.0,0.0,1
8608370000118,2014-09-09,119971472.36,2.4650607000000004,119603490.53,0.0,0.0,1
8608370000118,2014-09-10,120046003.17,2.4664884,119672762.09,0.0,0.0,1
8608370000118,2014-09-11,120269902.34,2.4697854,119832728.15,0.0,0.0,1
8608370000118,2014-09-12,119909699.22,2.4630807,119507421.79,0.0,0.0,1
8608370000118,2014-09-15,124033328.16,2.4642479,123564053.67,4000000.0,0.0,1
8608370000118,2014-09-16,124209396.88,2.4685875,123781651.7,0.0,0.0,1
8608370000118,2014-09-17,124244027.16,2.469266,123815673.84,0.0,0.0,1
8608370000118,2014-09-18,124144175.61,2.467567,123730480.43,0.0,0.0,1
8608370000118,2014-09-19,124260809.58,2.4697265,123838763.13,0.0,0.0,1
8608370000118,2014-09-22,124080397.24,2.4672274,123713454.06,0.0,0.0,1
8608370000118,2014-09-23,124240447.35,2.4701774,123861374.74,0.0,0.0,1
8608370000118,2014-09-24,124567005.02,2.4760028,124153473.37,0.0,0.0,1
8608370000118,2014-09-25,124092701.93,2.4766595,124186404.36,0.0,0.0,1
8608370000118,2014-09-26,124678726.35,2.4789971,124303620.22,0.0,0.0,1
8608370000118,2014-09-29,124239120.54,2.4713998,123922669.87,0.0,0.0,1
8608370000118,2014-09-30,124332598.18,2.4757533,124140967.3,0.0,0.0,1
8608370000118,2014-10-01,124482224.97,2.4760229,124154485.62,0.0,0.0,1
8608370000118,2014-10-02,124597215.82,2.4781668999999997,124261991.89,0.0,0.0,1
8608370000118,2014-10-03,124804147.51,2.4828582000000003,124497222.09,0.0,0.0,1
8608370000118,2014-10-06,124941024.0,2.4860647,124658005.18,0.0,0.0,1
8608370000118,2014-10-07,125273308.41,2.4906853,124889697.61,0.0,0.0,1
8608370000118,2014-10-08,125385093.36,2.4931987,125015722.86,0.0,0.0,1
8608370000118,2014-10-09,125412840.81,2.4937707000000002,125044408.48,0.0,0.0,1
8608370000118,2014-10-10,125209135.29,2.4901834,124864530.21,0.0,0.0,1
8608370000118,2014-10-13,125499771.1,2.4954782000000004,125130025.08,0.0,0.0,1
8608370000118,2014-10-14,125652520.24,2.4981506,125264026.28,0.0,0.0,1
8608370000118,2014-10-15,125255578.96,2.4962849,125170475.59,0.0,0.0,1
8608370000118,2014-10-16,125544314.69,2.4962172000000002,125167083.03,0.0,0.0,1
8608370000118,2014-10-17,125706625.26,2.4992052000000005,125316905.43,0.0,0.0,1
8608370000118,2014-10-20,125250985.42,2.4973964,125226210.76,0.0,0.0,1
8608370000118,2014-10-21,125348160.49,2.4929197999999997,125001739.38,0.0,0.0,1
8608370000118,2014-10-22,125450532.39,2.4948067000000003,125096353.72,0.0,0.0,1
8608370000118,2014-10-23,125460308.25,2.4950357000000003,125107835.57,0.0,0.0,1
8608370000118,2014-10-24,125753283.82,2.5003927000000004,125376449.61,0.0,0.0,1
8608370000118,2014-10-27,125822338.48,2.5020214,125458120.25,0.0,0.0,1
8608370000118,2014-10-28,126053092.39,2.5063054,125672931.65,0.0,0.0,1
8608370000118,2014-10-29,125976551.81,2.5050024,125607593.05,0.0,0.0,1
8608370000118,2014-10-30,125791890.95,2.5017652999999997,125445278.27,0.0,0.0,1
8608370000118,2014-10-31,125837778.3,2.5053278999999997,125623917.67,0.0,0.0,1
8608370000118,2014-11-03,125903231.62,2.5049565,125605290.59,0.0,0.0,1
8608370000118,2014-11-04,125899801.39,2.5040506,125559870.27,0.0,0.0,1
8608370000118,2014-11-05,125933547.48,2.5072235000000003,125718963.72,0.0,0.0,1
8608370000118,2014-11-06,125803863.63,2.5049398,125604452.9,0.0,0.0,1
8608370000118,2014-11-07,125878761.37,2.5051611,125615551.11,0.0,0.0,1
8608370000118,2014-11-10,125993313.74,2.5073097,125723286.25,0.0,0.0,1
8608370000118,2014-11-11,122851115.36,2.507271,125721349.91,0.0,0.0,1
8608370000118,2014-11-12,126093865.57,2.5082776,125771820.12,0.0,0.0,1
8608370000118,2014-11-13,125995057.68,2.5065793,125686662.49,0.0,0.0,1
8608370000118,2014-11-14,126070223.11,2.5080274,125759277.16,0.0,0.0,1
8608370000118,2014-11-17,125262776.19,2.5104737,125881938.88,0.0,0.0,1
8608370000118,2014-11-18,125050910.55,2.5135599,126036691.8,0.0,0.0,1
8608370000118,2014-11-19,125248395.72,2.5172653,126222491.03,0.0,0.0,1
8608370000118,2014-11-20,125227909.83,2.5186112,126289978.69,0.0,0.0,1
8608370000118,2014-11-21,126986052.59,2.5252471,126622715.77,0.0,0.0,1
8608370000118,2014-11-24,127097247.74,2.527342,126727761.64,0.0,0.0,1
8608370000118,2014-11-25,127197227.85,2.5296058,126841276.02,0.0,0.0,1
8608370000118,2014-11-26,127438323.97,2.5331021,127016587.33,0.0,0.0,1
8608370000118,2014-11-27,127469145.44,2.5337505,127049102.44,0.0,0.0,1
8608370000118,2014-11-28,127181995.15,2.5323851000000004,126980634.33,0.0,0.0,1
8608370000118,2014-12-01,127169634.57,2.5315373,126938128.17,0.0,0.0,1
8608370000118,2014-12-02,127131425.54,2.5291292999999997,126817382.85,0.0,0.0,1
8608370000118,2014-12-03,127263654.27,2.5315415,126938336.25,0.0,0.0,1
8608370000118,2014-12-04,127506377.37,2.5360074,127162267.46,0.0,0.0,1
8608370000118,2014-12-05,127491101.94,2.5373867000000003,127231432.18,0.0,0.0,1
8608370000118,2014-12-08,127462098.55,2.5362171,127172782.64,0.0,0.0,1
8608370000118,2014-12-09,127507317.44,2.5371247,127218291.81,0.0,0.0,1
8608370000118,2014-12-10,127364441.36,2.5346199,127092696.32,0.0,0.0,1
8608370000118,2014-12-11,127278939.47,2.5331485000000002,127018917.2,0.0,0.0,1
8608370000118,2014-12-12,127443143.72,2.5358429,127154019.25,0.0,0.0,1
8608370000118,2014-12-15,127087935.48,2.5337864,127050899.74,0.0,0.0,1
8608370000118,2014-12-16,127323698.96,2.5331354,127018261.21,0.0,0.0,1
8608370000118,2014-12-17,127371224.07,2.5353381,127128708.93,0.0,0.0,1
8608370000118,2014-12-18,127419041.04,2.5367697,127200493.34,0.0,0.0,1
8608370000118,2014-12-19,127527484.56,2.5388674,127305675.5,0.0,0.0,1
8608370000118,2014-12-22,127625234.37,2.5422398,127474778.77,0.0,0.0,1
8608370000118,2014-12-23,127757963.38,2.5430146000000002,127513626.26,0.0,0.0,1
8608370000118,2014-12-24,127835493.0,2.5445074,127588482.74,0.0,0.0,1
8608370000118,2014-12-26,127921236.01,2.5456334,127644944.27,0.0,0.0,1
8608370000118,2014-12-29,127877083.41,2.5460362,127665141.21,0.0,0.0,1
8608370000118,2014-12-30,128087254.3,2.5499955,127863667.6,0.0,0.0,1
8608370000118,2014-12-31,127964169.01,2.5514137000000003,127934780.51,0.0,0.0,1
8608370000118,2015-01-02,128261687.35,2.5526037,127994452.71,0.0,0.0,1
8608370000118,2015-01-05,128337678.72,2.5557886,128154150.0,0.0,0.0,1
8608370000118,2015-01-06,128475275.59,2.5602497000000004,128377843.58,0.0,0.0,1
8608370000118,2015-01-07,128660540.18,2.5643925,128585576.27,0.0,0.0,1
8608370000118,2015-01-08,128746509.72,2.5660789,123170135.76,0.0,5500000.0,1
8608370000118,2015-01-09,128985302.82,2.5707228,123393038.01,0.0,0.0,1
8608370000118,2015-01-12,123387703.22,2.5697888,123348210.07,0.0,0.0,1
8608370000118,2015-01-13,123609527.7,2.5742701,123563307.01,0.0,0.0,1
8608370000118,2015-01-14,123742675.79,2.5765107000000005,123670852.24,0.0,0.0,1
8608370000118,2015-01-15,121070809.37,2.5769283,123690897.09,0.0,0.0,1
8608370000118,2015-01-16,124138750.64,2.5810632,123889372.97,0.0,0.0,1
8608370000118,2015-01-19,124034796.32,2.5831351,123988820.43,0.0,0.0,1
8608370000118,2015-01-20,124113441.61,2.5875988,124203075.38,0.0,0.0,1
8608370000118,2015-01-21,124321641.86,2.5898503,124311148.55,0.0,0.0,1
8608370000118,2015-01-22,124391365.53,2.5885015,124246403.43,0.0,0.0,1
8608370000118,2015-01-23,124591620.06,2.5924815,124437443.49,0.0,0.0,1
8608370000118,2015-01-26,124649182.82,2.5933577000000003,124479501.35,0.0,0.0,1
8608370000118,2015-01-27,124716260.33,2.5947349,124545606.04,0.0,0.0,1
8608370000118,2015-01-28,124566110.08,2.5922748,124427520.44,0.0,0.0,1
8608370000118,2015-01-29,124999950.6,2.6002141,124808603.29,0.0,0.0,1
8608370000118,2015-01-30,121864479.34,2.5740009,123550387.63,0.0,0.0,1
8608370000118,2015-02-02,121966846.62,2.5732387,123513800.54,0.0,0.0,1
8608370000118,2015-02-03,122177579.43,2.5765625,123673340.43,0.0,0.0,1
8608370000118,2015-02-04,122148346.29,2.5769714,123692968.26,0.0,0.0,1
8608370000118,2015-02-05,121903578.45,2.5737722,123539407.53,0.0,0.0,1
8608370000118,2015-02-06,121896828.86,2.5725738999999996,123481892.62,0.0,0.0,1
8608370000118,2015-02-09,121881131.63,2.5716479,123437444.63,0.0,0.0,1
8608370000118,2015-02-10,121709161.84,2.5684085,123281956.15,0.0,0.0,1
8608370000118,2015-02-11,121187663.7,2.5632827999999996,123035923.48,0.0,0.0,1
8608370000118,2015-02-12,121783648.7,2.5694369999999997,123331320.41,0.0,0.0,1
8608370000118,2015-02-13,121859497.15,2.5719743,123453109.34,0.0,0.0,1
8608370000118,2015-02-18,121929507.37,2.5715035,123430513.49,0.0,0.0,1
8608370000118,2015-02-19,122014366.78,2.5738901000000003,123545067.4,0.0,0.0,1
8608370000118,2015-02-20,121942494.0,2.5743978,123569434.37,0.0,0.0,1
8608370000118,2015-02-23,122102765.5,2.5756981,123631848.4,0.0,0.0,1
8608370000118,2015-02-24,122290296.06,2.5796074,123819494.69,0.0,0.0,1
8608370000118,2015-02-25,122381098.19,2.5808424,123878771.4,0.0,0.0,1
8608370000118,2015-02-26,122457420.74,2.5832051,123992180.84,0.0,0.0,1
8608370000118,2015-02-27,122826898.76,2.5938893,124505016.28,0.0,0.0,1
8608370000118,2015-03-02,122873558.95,2.5931717,124470573.99,0.0,0.0,1
8608370000118,2015-03-03,123022515.74,2.5941864,124519274.45,0.0,0.0,1
8608370000118,2015-03-04,122819632.87,2.5930405,124464274.24,0.0,0.0,1
8608370000118,2015-03-05,122739860.44,2.5915124,124390924.65,0.0,0.0,1
8608370000118,2015-03-06,122929100.85,2.5929905,124461873.6,0.0,0.0,1
8608370000118,2015-03-09,122701192.39,2.5889648,124268641.71,0.0,0.0,1
8608370000118,2015-03-10,122826552.16,2.5942652,124523060.84,0.0,0.0,1
8608370000118,2015-03-11,122914393.86,2.5960546,124608947.96,0.0,0.0,1
8608370000118,2015-03-12,123354154.47,2.602052,124896820.21,0.0,0.0,1
8608370000118,2015-03-13,123551550.72,2.6061246,125092304.8,0.0,0.0,1
8608370000118,2015-03-16,123189361.84,2.6102864,125292065.56,0.0,0.0,1
8608370000118,2015-03-17,123482619.07,2.6169825,125613476.77,0.0,0.0,1
8608370000118,2015-03-18,124177205.25,2.6198961,125753324.58,0.0,0.0,1
8608370000118,2015-03-19,123977468.68,2.6158294,125558127.38,0.0,0.0,1
8608370000118,2015-03-20,123679424.77,2.6120539000000003,125376906.45,0.0,0.0,1
8608370000118,2015-03-23,124044832.62,2.6154371,125539296.61,0.0,0.0,1
8608370000118,2015-03-24,124107325.73,2.6166961,125599725.53,0.0,0.0,1
8608370000118,2015-03-25,124174527.42,2.6184205,125682496.83,0.0,0.0,1
8608370000118,2015-03-26,124137475.66,2.6187099,125696390.49,0.0,0.0,1
8608370000118,2015-03-27,124181753.93,2.6185434,125688399.18,0.0,0.0,1
8608370000118,2015-03-30,124286012.37,2.6208444,125798845.41,0.0,0.0,1
8608370000118,2015-03-31,124207048.18,2.6232512000000003,125914369.86,0.0,0.0,1
8608370000118,2015-04-01,124639584.43,2.6293392000000004,126206589.79,0.0,0.0,1
8608370000118,2015-04-02,124763555.75,2.6308195,126277643.69,0.0,0.0,1
8608370000118,2015-04-06,124759421.42,2.6307722,126275373.63,0.0,0.0,1
8608370000118,2015-04-07,124797979.34,2.6340803,126434156.91,0.0,0.0,1
8608370000118,2015-04-08,125135441.97,2.6389902000000003,126669832.5,0.0,0.0,1
8608370000118,2015-04-09,125066402.82,2.6492647000000002,127162999.57,0.0,0.0,1
8608370000118,2015-04-10,125120147.84,2.6530783,127346048.38,0.0,0.0,1
8608370000118,2015-04-13,125208817.26,2.6548137,127429347.97,0.0,0.0,1
8608370000118,2015-04-14,125498443.09,2.6597366,127665645.24,0.0,0.0,1
8608370000118,2015-04-15,125710821.41,2.6640609,127873205.96,0.0,0.0,1
8608370000118,2015-04-16,125811301.7,2.6646699000000003,127902440.72,0.0,0.0,1
8608370000118,2015-04-17,125311889.97,2.6635582,127849079.63,0.0,0.0,1
8608370000118,2015-04-20,123924932.15,2.6554427000000005,127459541.14,0.0,0.0,1
8608370000118,2015-04-22,125226418.76,2.6524617999999998,127316457.97,0.0,0.0,1
8608370000118,2015-04-23,125282897.95,2.6536123,127371679.94,0.0,0.0,1
8608370000118,2015-04-24,125304453.98,2.6540098999999997,127390768.54,0.0,0.0,1
8608370000118,2015-04-27,125606458.57,2.6596186,127659982.35,0.0,0.0,1
8608370000118,2015-04-28,125660309.04,2.661036,127728015.24,0.0,0.0,1
8608370000118,2015-04-29,125808920.39,2.6641208,127876082.28,0.0,0.0,1
8608370000118,2015-04-30,125347692.87,2.6585193,127607214.62,0.0,0.0,1
8608370000118,2015-05-04,125378157.41,2.6602659,127691050.46,0.0,0.0,1
8608370000118,2015-05-05,125556517.12,2.6641947,127879628.9,0.0,0.0,1
8608370000118,2015-05-06,125807615.59,2.6662688,127979186.28,0.0,0.0,1
8608370000118,2015-05-07,125801413.34,2.6669134,128010126.98,0.0,0.0,1
8608370000118,2015-05-08,126151029.07,2.6730617000000003,128305240.28,0.0,0.0,1
8608370000118,2015-05-11,125761228.7,2.6679111,128058012.72,0.0,0.0,1
8608370000118,2015-05-12,125949926.32,2.6676647,128046189.62,0.0,0.0,1
8608370000118,2015-05-13,126216923.9,2.674019,128351189.31,0.0,0.0,1
8608370000118,2015-05-14,126711594.18,2.6837535,128818441.03,0.0,0.0,1
8608370000118,2015-05-15,126347921.89,2.6893346,129086330.74,0.0,0.0,1
8608370000118,2015-05-18,126761472.72,2.6839767000000005,128829153.03,0.0,0.0,1
8608370000118,2015-05-19,126746649.39,2.6836224,128812145.58,0.0,0.0,1
8608370000118,2015-05-20,126862644.37,2.6895732000000003,129097782.04,0.0,0.0,1
8608370000118,2015-05-21,127121548.05,2.6911217,129172110.34,0.0,0.0,1
8608370000118,2015-05-22,127272787.08,2.6942332,129321460.07,0.0,0.0,1
8608370000118,2015-05-25,127263721.91,2.6943813,129328568.14,0.0,0.0,1
8608370000118,2015-05-26,127356453.05,2.6973921,129473083.43,0.0,0.0,1
8608370000118,2015-05-27,127414195.68,2.6975283,129479621.47,0.0,0.0,1
8608370000118,2015-05-28,127584041.99,2.7012842,129659902.58,0.0,0.0,1
8608370000118,2015-05-29,127300051.69,2.6993687,129567960.21,0.0,0.0,1
8608370000118,2015-06-01,127446177.16,2.7005842999999996,129626307.07,0.0,0.0,1
8608370000118,2015-06-02,127532830.76,2.7001751,129606666.27,0.0,0.0,1
8608370000118,2015-06-03,127502582.11,2.6994354,129571159.21,0.0,0.0,1
8608370000118,2015-06-05,127447734.93,2.7014827,129669429.56,0.0,0.0,1
8608370000118,2015-06-08,127659013.96,2.7066199,129916012.38,0.0,0.0,1
8608370000118,2015-06-09,127807121.0,2.7085936,130010747.27,0.0,0.0,1
8608370000118,2015-06-10,127695457.04,2.7050713,129841681.54,0.0,0.0,1
8608370000118,2015-06-11,127759797.39,2.706433,129907041.52,0.0,0.0,1
8608370000118,2015-06-12,131330055.82,2.7122892999999997,123188141.5,0.0,7000000.0,1
8608370000118,2015-06-15,123618305.63,2.7105813999999997,123110571.45,0.0,0.0,1
8608370000118,2015-06-16,124377558.75,2.7136411,123249534.93,0.0,0.0,1
8608370000118,2015-06-17,124339456.12,2.7167661,123391470.58,0.0,0.0,1
8608370000118,2015-06-18,124633199.02,2.7187924999999997,123483505.26,0.0,0.0,1
8608370000118,2015-06-19,124762482.83,2.7216324,123612487.28,0.0,0.0,1
8608370000118,2015-06-22,124882876.78,2.7256334,123794209.79,0.0,0.0,1
8608370000118,2015-06-23,125052511.91,2.7282333999999997,123912296.69,0.0,0.0,1
8608370000118,2015-06-24,124744759.1,2.7212251,123593990.34,0.0,0.0,1
8608370000118,2015-06-25,124634097.24,2.7190827,123496686.38,0.0,0.0,1
8608370000118,2015-06-26,124707830.82,2.7206155,123566305.55,0.0,0.0,1
8608370000118,2015-06-29,124667819.59,2.7199777999999997,123537340.44,0.0,0.0,1
8608370000118,2015-06-30,124532082.41,2.7201406,123544732.73,0.0,0.0,1
8608370000118,2015-07-01,124628394.39,2.7192078,123502367.41,0.0,0.0,1
8608370000118,2015-07-02,124928729.43,2.7257774,123800746.95,0.0,0.0,1
8608370000118,2015-07-03,125152016.58,2.7306511,124022104.54,0.0,0.0,1
8608370000118,2015-07-06,125083421.1,2.7313224,124052593.96,0.0,0.0,1
8608370000118,2015-07-07,125272896.99,2.7337641,124163493.19,0.0,0.0,1
8608370000118,2015-07-08,125342325.3,2.7352549,124231202.53,0.0,0.0,1
8608370000118,2015-07-09,125419019.13,2.7368818,124305096.39,0.0,0.0,1
8608370000118,2015-07-10,125406780.38,2.7394407000000003,124421317.2,0.0,0.0,1
8608370000118,2015-07-13,125450997.98,2.7403426,124462278.32,0.0,0.0,1
8608370000118,2015-07-14,125634158.82,2.742128,124543369.48,0.0,0.0,1
8608370000118,2015-07-15,125516443.77,2.7447796,124663800.66,0.0,0.0,1
8608370000118,2015-07-16,125950402.3,2.7478162,124801717.16,0.0,0.0,1
8608370000118,2015-07-17,126005746.35,2.7491646,122794895.65,0.0,2068063.19,1
8608370000118,2015-07-20,124053909.73,2.7549972,123055416.5,0.0,0.0,1
8608370000118,2015-07-21,124334410.77,2.7589765,123233159.77,0.0,0.0,1
8608370000118,2015-07-22,124231951.91,2.75563,123083684.01,0.0,0.0,1
8608370000118,2015-07-23,123765465.86,2.7451593,122615997.39,0.0,0.0,1
8608370000118,2015-07-24,123668874.44,2.7429961,122519373.96,0.0,0.0,1
8608370000118,2015-07-27,123726368.37,2.7445154,122587234.94,0.0,0.0,1
8608370000118,2015-07-28,123764829.27,2.745911,122649570.85,0.0,0.0,1
8608370000118,2015-07-29,123948014.61,2.7499862,122831595.87,0.0,0.0,1
8608370000118,2015-07-30,124405395.1,2.7602036,123287967.48,0.0,0.0,1
8608370000118,2015-07-31,124359561.82,2.7635788,123438724.9,0.0,0.0,1
8608370000118,2015-08-03,124403818.09,2.7603781,123295760.88,0.0,0.0,1
8608370000118,2015-08-04,124494452.78,2.7612633,123335302.32,0.0,0.0,1
8608370000118,2015-08-05,124300124.39,2.7591938,123242864.47,0.0,0.0,1
8608370000118,2015-08-06,123893358.18,2.7489689999999998,122786161.7,0.0,0.0,1
8608370000118,2015-08-07,123742141.26,2.7461636,119660853.09,0.0,3000000.0,1
8608370000118,2015-08-10,120827519.6,2.7512822999999997,119883896.34,0.0,0.0,1
8608370000118,2015-08-11,120915365.06,2.753028,119959962.11,0.0,0.0,1
8608370000118,2015-08-12,121225515.87,2.7566569,120118088.58,0.0,0.0,1
8608370000118,2015-08-13,121224607.88,2.75655,120113429.24,0.0,0.0,1
8608370000118,2015-08-14,121242870.3,2.7575232999999995,120155837.71,0.0,0.0,1
8608370000118,2015-08-17,120701400.06,2.7584097,120194465.42,0.0,0.0,1
8608370000118,2015-08-18,121513743.84,2.7632406,120404963.84,0.0,0.0,1
8608370000118,2015-08-19,121635593.11,2.7660014,120525264.96,0.0,0.0,1
8608370000118,2015-08-20,121612849.01,2.7675937999999998,120594650.12,0.0,0.0,1
8608370000118,2015-08-21,121580250.77,2.7645003,120459852.34,0.0,0.0,1
8608370000118,2015-08-24,121434565.64,2.7611323,120313096.63,0.0,0.0,1
8608370000118,2015-08-25,121564839.31,2.7632871,120406991.62,0.0,0.0,1
8608370000118,2015-08-26,121703333.6,2.7675377999999995,120592211.2,0.0,0.0,1
8608370000118,2015-08-27,121703019.31,2.7669900000000003,120568339.89,0.0,0.0,1
8608370000118,2015-08-28,121752564.62,2.7686377,120640137.87,0.0,0.0,1
8608370000118,2015-08-31,121948732.66,2.7762529,120971958.58,0.0,0.0,1
8608370000118,2015-09-01,122025060.21,2.7751413,120923522.67,0.0,0.0,1
8608370000118,2015-09-02,121884494.99,2.7695621,120680414.94,0.0,0.0,1
8608370000118,2015-09-03,121970673.96,2.7737831,120864340.51,0.0,0.0,1
8608370000118,2015-09-04,121622261.78,2.7691883,120664129.35,0.0,0.0,1
8608370000118,2015-09-08,121863387.05,2.7754633,120937554.39,0.0,0.0,1
8608370000118,2015-09-09,122231928.86,2.7792724,121103533.24,0.0,0.0,1
8608370000118,2015-09-10,121937239.9,2.7724912999999995,120808052.63,0.0,0.0,1
8608370000118,2015-09-11,122225058.65,2.7797493,121124313.07,0.0,0.0,1
8608370000118,2015-09-14,122491684.1,2.7858728,121391135.32,0.0,0.0,1
8608370000118,2015-09-15,122163729.42,2.7862786,121408818.03,0.0,0.0,1
8608370000118,2015-09-16,122667403.95,2.7886136,121510564.75,0.0,0.0,1
8608370000118,2015-09-17,122702371.36,2.7893851,121544180.21,0.0,0.0,1
8608370000118,2015-09-18,122265214.46,2.7799745,121134126.29,0.0,0.0,1
8608370000118,2015-09-21,122154581.23,2.7786675,121077171.99,0.0,0.0,1
8608370000118,2015-09-22,122189645.65,2.7783003,121061170.99,0.0,0.0,1
8608370000118,2015-09-23,122055404.87,2.7751939,120925813.89,0.0,0.0,1
8608370000118,2015-09-24,123036902.56,2.7977048,121906700.44,0.0,0.0,1
8608370000118,2015-09-25,122909096.65,2.7939723,121744062.24,0.0,0.0,1
8608370000118,2015-09-28,122192488.96,2.7780147,121048726.64,0.0,0.0,1
8608370000118,2015-09-29,122641866.44,2.7883043,121497087.16,0.0,0.0,1
8608370000118,2015-09-30,122890532.07,2.7973063,121889339.25,0.0,0.0,1
8608370000118,2015-10-01,123037508.01,2.7997717,121996764.92,0.0,0.0,1
8608370000118,2015-10-02,123736538.14,2.8134874,122594411.23,0.0,0.0,1
8608370000118,2015-10-05,123601659.67,2.8133952,122590391.59,0.0,0.0,1
8608370000118,2015-10-06,123632941.13,2.8140953,122620896.08,0.0,0.0,1
8608370000118,2015-10-07,123557992.55,2.8113542000000002,122501458.37,0.0,0.0,1
8608370000118,2015-10-08,123868776.36,2.8184802,122811963.86,0.0,0.0,1
8608370000118,2015-10-09,123747932.97,2.8156642999999995,122689265.75,0.0,0.0,1
8608370000118,2015-10-13,123551809.38,2.8123994999999997,122547006.74,0.0,0.0,1
8608370000118,2015-10-14,123719276.99,2.8151312,122666036.47,0.0,0.0,1
8608370000118,2015-10-15,123922517.91,2.8215347,122945061.99,0.0,0.0,1
8608370000118,2015-10-16,124034985.92,2.8218148999999997,122957271.83,0.0,0.0,1
8608370000118,2015-10-19,123950027.81,2.8198868,122873254.71,0.0,0.0,1
8608370000118,2015-10-20,123817363.09,2.8223138,122979010.83,0.0,0.0,1
8608370000118,2015-10-21,124186658.3,2.8241658,123059706.15,0.0,0.0,1
8608370000118,2015-10-22,124566438.6,2.8329056,123440533.78,0.0,0.0,1
8608370000118,2015-10-23,124209914.6,2.8337252,123476248.41,0.0,0.0,1
8608370000118,2015-10-26,124750996.07,2.8373347,123633526.92,0.0,0.0,1
8608370000118,2015-10-27,124978749.77,2.8436083,119706892.95,0.0,4200000.0,1
8608370000118,2015-10-28,120700489.2,2.8423448,119653701.45,0.0,0.0,1
8608370000118,2015-10-29,120728491.28,2.8429792000000003,119680408.79,0.0,0.0,1
8608370000118,2015-10-30,120645459.58,2.8443077999999997,119736337.12,0.0,0.0,1
8608370000118,2015-11-03,121155792.08,2.8538496,120138016.91,0.0,0.0,1
8608370000118,2015-11-04,121421317.18,2.8577352000000005,120301589.46,0.0,0.0,1
8608370000118,2015-11-05,121267110.15,2.8572083,120279409.42,0.0,0.0,1
8608370000118,2015-11-06,121030263.61,2.8574541,120289755.08,0.0,0.0,1
8608370000118,2015-11-09,121454676.81,2.8608616,120433200.36,0.0,0.0,1
8608370000118,2015-11-10,121488803.87,2.86395,120563214.82,0.0,0.0,1
8608370000118,2015-11-11,121715816.09,2.8704873,120838413.92,0.0,0.0,1
8608370000118,2015-11-12,121915425.24,2.8716399,120886934.89,0.0,0.0,1
8608370000118,2015-11-13,121927161.22,2.8719101,120898308.12,0.0,0.0,1
8608370000118,2015-11-16,122165354.72,2.8726679,120930207.39,0.0,0.0,1
8608370000118,2015-11-17,122117670.63,2.8747883,121019473.37,0.0,0.0,1
8608370000118,2015-11-18,122365470.97,2.8794818,121217053.8,0.0,0.0,1
8608370000118,2015-11-19,122674297.72,2.8868163,121525812.37,0.0,0.0,1
8608370000118,2015-11-20,122719322.18,2.8892748,117129307.21,0.0,4500000.0,1
8608370000118,2015-11-23,118384605.69,2.8909493,117197189.58,0.0,0.0,1
8608370000118,2015-11-24,118211047.46,2.8866234,117021819.84,0.0,0.0,1
8608370000118,2015-11-25,118020442.0,2.8822755,116845559.78,0.0,0.0,1
8608370000118,2015-11-26,117715669.06,2.8746151,116535011.87,0.0,0.0,1
8608370000118,2015-11-27,117631858.92,2.8725004000000003,116449283.94,0.0,0.0,1
8608370000118,2015-11-30,117669680.05,2.8731524,116475714.32,0.0,0.0,1
8608370000118,2015-12-01,117772031.09,2.8771972999999997,116639695.04,0.0,0.0,1
8608370000118,2015-12-02,117982808.35,2.8823274,116847662.76,0.0,0.0,1
8608370000118,2015-12-03,117934578.95,2.8810816000000004,116797158.34,0.0,0.0,1
8608370000118,2015-12-04,118033520.99,2.8834607000000005,116893607.22,0.0,0.0,1
8608370000118,2015-12-07,118041865.35,2.8849992,116955975.84,0.0,0.0,1
8608370000118,2015-12-08,118104938.16,2.8864968999999996,117016692.5,0.0,0.0,1
8608370000118,2015-12-09,118281115.53,2.8908169999999997,117191827.87,0.0,0.0,1
8608370000118,2015-12-10,118069980.17,2.886859,117031371.23,0.0,0.0,1
8608370000118,2015-12-11,118254126.61,2.8888786,117113246.82,0.0,0.0,1
8608370000118,2015-12-14,118317395.86,2.8902986,117170810.15,0.0,0.0,1
8608370000118,2015-12-15,118039457.37,2.8915006,117219539.36,0.0,0.0,1
8608370000118,2015-12-16,118140229.36,2.8939282000000004,117317953.12,0.0,0.0,1
8608370000118,2015-12-17,117242442.16,2.9014252000000003,117621878.24,0.0,0.0,1
8608370000118,2015-12-18,118902966.97,2.9045302000000004,117747749.69,0.0,0.0,1
8608370000118,2015-12-21,118846386.43,2.9030899,117689361.03,0.0,0.0,1
8608370000118,2015-12-22,118955325.54,2.9072076,117856292.16,0.0,0.0,1
8608370000118,2015-12-23,119178025.74,2.9101698,117976374.85,0.0,0.0,1
8608370000118,2015-12-24,119277182.59,2.9125419999999997,118072544.72,0.0,0.0,1
8608370000118,2015-12-28,119336021.08,2.9151036,118176391.43,0.0,0.0,1
8608370000118,2015-12-29,119503866.49,2.9191596,118340816.03,0.0,0.0,1
8608370000118,2015-12-30,119534917.77,2.9198667,118369480.9,0.0,0.0,1
8608370000118,2015-12-31,119450869.23,2.9224339,118473554.08,0.0,0.0,1
8608370000118,2016-01-04,119730590.3,2.92626,118628662.83,0.0,0.0,1
8608370000118,2016-01-05,120200480.13,2.936689,119051449.24,0.0,0.0,1
8608370000118,2016-01-06,120368335.72,2.9419249,119263706.88,0.0,0.0,1
8608370000118,2016-01-07,120476557.39,2.9438638,119342310.81,0.0,0.0,1
8608370000118,2016-01-08,120461526.17,2.9446692000000003,119374958.82,0.0,0.0,1
8608370000118,2016-01-11,120522975.74,2.9463175,119441780.76,0.0,0.0,1
8608370000118,2016-01-12,120663107.39,2.9497158,119579546.23,0.0,0.0,1
8608370000118,2016-01-13,120832894.28,2.9538443,119746913.24,0.0,0.0,1
8608370000118,2016-01-14,120866343.28,2.9546237,119778510.03,0.0,0.0,1
8608370000118,2016-01-15,120788316.48,2.952531,119693671.53,0.0,0.0,1
8608370000118,2016-01-18,121118935.39,2.9594275000000003,119973249.45,0.0,0.0,1
8608370000118,2016-01-19,121186020.2,2.9610513,120039078.95,0.0,0.0,1
8608370000118,2016-01-20,121218242.15,2.9623470000000003,120091605.53,0.0,0.0,1
8608370000118,2016-01-21,121744732.64,2.9778377000000003,120719589.92,0.0,0.0,1
8608370000118,2016-01-22,122008273.9,2.9818575000000003,120882548.66,0.0,0.0,1
8608370000118,2016-01-25,122100568.5,2.9845643,120992281.35,0.0,0.0,1
8608370000118,2016-01-26,122328288.56,2.9889644,118085656.09,0.0,3085000.0,1
8608370000118,2016-01-27,118860962.18,2.9796442,117717442.94,0.0,0.0,1
8608370000118,2016-01-28,118983900.91,2.9834758,117868817.37,0.0,0.0,1
8608370000118,2016-01-29,118718380.28,2.9814915,117790423.14,0.0,0.0,1
8608370000118,2016-02-01,119223963.25,2.9907872,118157670.76,0.0,0.0,1
8608370000118,2016-02-02,118980073.64,2.9832746,117860871.01,0.0,0.0,1
8608370000118,2016-02-03,119054813.76,2.9863767999999995,117983429.51,0.0,0.0,1
8608370000118,2016-02-04,118695537.99,2.9772227000000004,117621777.04,0.0,0.0,1
8608370000118,2016-02-05,119031020.04,2.9856625,117955207.2,0.0,0.0,1
8608370000118,2016-02-10,119161977.05,2.9923848,118220788.72,0.0,0.0,1
8608370000118,2016-02-11,119168384.7,2.9927946,118236977.97,0.0,0.0,1
8608370000118,2016-02-12,119670776.7,3.0016514,118586886.4,0.0,0.0,1
8608370000118,2016-02-15,119187211.55,3.0068841,118793614.95,0.0,0.0,1
8608370000118,2016-02-16,120063709.06,3.0112853,118967496.39,0.0,0.0,1
8608370000118,2016-02-17,120196465.86,3.0146083999999997,119098782.46,0.0,0.0,1
8608370000118,2016-02-18,120066845.89,3.0112707999999997,118966923.36,0.0,0.0,1
8608370000118,2016-02-19,120137224.12,3.0130021,119035318.87,0.0,0.0,1
8608370000118,2016-02-22,120090788.28,3.0154237,119130992.89,0.0,0.0,1
8608370000118,2016-02-23,120281636.87,3.0164044,119169736.52,0.0,0.0,1
8608370000118,2016-02-24,120455344.2,3.0207553,119341626.19,0.0,0.0,1
8608370000118,2016-02-25,120543023.34,3.023399,119446073.22,0.0,0.0,1
8608370000118,2016-02-26,120501272.72,3.0222799,119401860.79,0.0,0.0,1
8608370000118,2016-02-29,120460808.56,3.0267907000000003,119580069.26,0.0,0.0,1
8608370000118,2016-03-01,120857674.38,3.0335393,119846686.24,0.0,0.0,1
8608370000118,2016-03-02,121005930.33,3.0359532,119942053.89,0.0,0.0,1
8608370000118,2016-03-03,121067489.4,3.0387201,120051365.62,0.0,0.0,1
8608370000118,2016-03-04,120795785.5,3.0411585,120147700.93,0.0,0.0,1
8608370000118,2016-03-07,120953790.75,3.0354984,119924088.04,0.0,0.0,1
8608370000118,2016-03-08,121241513.77,3.0427441,120210345.59,0.0,0.0,1
8608370000118,2016-03-09,121430817.7,3.0474996,120398219.02,0.0,0.0,1
8608370000118,2016-03-10,121588887.4,3.0514825,120555572.22,0.0,0.0,1
8608370000118,2016-03-11,121886014.03,3.0604636000000003,120910393.33,0.0,0.0,1
8608370000118,2016-03-14,121860410.29,3.0586932,120840447.78,0.0,0.0,1
8608370000118,2016-03-15,121379227.99,3.0738146,121437851.84,0.0,0.0,1
8608370000118,2016-03-16,121800730.28,3.057405,120789557.0,0.0,0.0,1
8608370000118,2016-03-17,122453381.14,3.0724839,121385280.88,0.0,0.0,1
8608370000118,2016-03-18,122582993.56,3.0749016,121480798.61,0.0,0.0,1
8608370000118,2016-03-21,122630147.16,3.0772836,121574901.87,0.0,0.0,1
8608370000118,2016-03-22,123074276.57,3.0859452000000003,121917101.01,0.0,0.0,1
8608370000118,2016-03-23,119719269.83,3.0667836,121160077.79,0.0,0.0,1
8608370000118,2016-03-24,122072223.02,3.0604962,120911680.08,0.0,0.0,1
8608370000118,2016-03-28,122418893.47,3.0704322,121304225.6,0.0,0.0,1
8608370000118,2016-03-29,122524566.76,3.0744574,121463250.06,0.0,0.0,1
8608370000118,2016-03-30,122408376.4,3.0689392000000004,121245239.98,0.0,0.0,1
8608370000118,2016-03-31,122017694.71,3.0592939,120864181.73,0.0,0.0,1
8608370000118,2016-04-01,122419849.78,3.0712979,121338426.58,0.0,0.0,1
8608370000118,2016-04-04,122280936.55,3.0664386,121146448.32,0.0,0.0,1
8608370000118,2016-04-05,122297762.17,3.0681902,121215649.89,0.0,0.0,1
8608370000118,2016-04-06,122204787.83,3.0657938,121120972.91,0.0,0.0,1
8608370000118,2016-04-07,122075735.24,3.0631663,121017167.8,0.0,0.0,1
8608370000118,2016-04-08,122310039.34,3.0690362,121249069.84,0.0,0.0,1
8608370000118,2016-04-11,122469320.67,3.0743807999999997,121460221.64,0.0,0.0,1
8608370000118,2016-04-12,122629917.84,3.0758558999999996,121518497.7,0.0,0.0,1
8608370000118,2016-04-13,122920418.51,3.0831671000000003,121807346.09,0.0,0.0,1
8608370000118,2016-04-14,122877015.43,3.0820326000000002,121762522.41,0.0,0.0,1
8608370000118,2016-04-15,122119395.04,3.0848343999999996,121873212.94,0.0,0.0,1
8608370000118,2016-04-18,123190145.08,3.0916424,122142180.3,0.0,0.0,1
8608370000118,2016-04-19,123180406.72,3.0913654,122131234.58,0.0,0.0,1
8608370000118,2016-04-20,122486308.28,3.0902291,122086342.55,0.0,0.0,1
8608370000118,2016-04-22,123220094.04,3.0910162,122117442.15,0.0,0.0,1
8608370000118,2016-04-25,123270498.0,3.0927119,122184430.88,0.0,0.0,1
8608370000118,2016-04-26,123274892.82,3.0914398999999997,122134181.18,0.0,0.0,1
8608370000118,2016-04-27,123451695.26,3.0958718999999997,122309275.55,0.0,0.0,1
8608370000118,2016-04-28,123287845.88,3.0924261000000004,122173143.0,0.0,0.0,1
8608370000118,2016-04-29,123893821.74,3.1076937,122776320.04,0.0,0.0,1
8608370000118,2016-05-02,123772704.3,3.1084052000000004,122804433.15,0.0,0.0,1
8608370000118,2016-05-03,123860488.69,3.1080322,122789694.76,0.0,0.0,1
8608370000118,2016-05-04,124003209.49,3.1115807,122929887.75,0.0,0.0,1
8608370000118,2016-05-05,124211542.3,3.1167906000000003,123135713.58,0.0,0.0,1
8608370000118,2016-05-06,124246454.18,3.117625,123168678.94,0.0,0.0,1
8608370000118,2016-05-09,124171656.25,3.1161409,123110048.36,0.0,0.0,1
8608370000118,2016-05-10,124491997.59,3.1242816,123431662.32,0.0,0.0,1
8608370000118,2016-05-11,124632470.61,3.1319072999999995,123732933.61,0.0,0.0,1
8608370000118,2016-05-12,125121459.9,3.1402915,124064169.22,0.0,0.0,1
8608370000118,2016-05-13,124886903.96,3.1418176,124124462.0,0.0,0.0,1
8608370000118,2016-05-16,124925880.86,3.1358752,123889694.56,0.0,0.0,1
8608370000118,2016-05-17,125022662.16,3.1440699,124213442.56,0.0,0.0,1
8608370000118,2016-05-18,123656962.47,3.1412294,124101225.75,0.0,0.0,1
8608370000118,2016-05-19,125254888.67,3.143666,124197486.94,0.0,0.0,1
8608370000118,2016-05-20,125033052.11,3.1429442,124168971.84,0.0,0.0,1
8608370000118,2016-05-23,125026273.12,3.1364233,123911347.51,0.0,0.0,1
8608370000118,2016-05-24,125010818.92,3.1360179,123895333.0,0.0,0.0,1
8608370000118,2016-05-25,125004358.03,3.1362693,123905263.66,0.0,0.0,1
8608370000118,2016-05-27,124921699.56,3.1340513,123817637.25,0.0,0.0,1
8608370000118,2016-05-30,125031269.35,3.1395576000000003,124035175.81,0.0,0.0,1
8608370000118,2016-05-31,125044226.97,3.1367295,123923446.61,0.0,0.0,1
8608370000118,2016-06-01,125153002.81,3.1411257999999997,124097129.76,0.0,0.0,1
8608370000118,2016-06-02,125382859.21,3.1469082000000004,124325575.59,0.0,0.0,1
8608370000118,2016-06-03,125690649.73,3.1546884,124632951.92,0.0,0.0,1
8608370000118,2016-06-06,125852139.07,3.1575001,124744033.24,0.0,0.0,1
8608370000118,2016-06-07,125836516.68,3.1577251,124752924.77,0.0,0.0,1
8608370000118,2016-06-08,126017073.83,3.1622651000000004,124932286.31,0.0,0.0,1
8608370000118,2016-06-09,126050449.22,3.1630938,124965026.05,0.0,0.0,1
8608370000118,2016-06-10,126021137.01,3.1636083999999998,124985354.06,0.0,0.0,1
8608370000118,2016-06-13,126148929.21,3.1655655,125062676.45,0.0,0.0,1
8608370000118,2016-06-14,126151196.99,3.1655982999999996,125063970.53,0.0,0.0,1
8608370000118,2016-06-15,125937957.73,3.1569342999999996,126947259.99,0.0,0.0,1
8608370000118,2016-06-16,127972821.41,3.154023,126830188.94,0.0,0.0,1
8608370000118,2016-06-17,128196106.33,3.1595907000000003,127054077.71,0.0,0.0,1
8608370000118,2016-06-20,128121593.85,3.1615499,127132860.27,0.0,0.0,1
8608370000118,2016-06-21,128346016.73,3.1646428,127257233.58,0.0,0.0,1
8608370000118,2016-06-22,128484029.19,3.1673659,127366735.95,0.0,0.0,1
8608370000118,2016-06-23,128604322.08,3.1703644,127487310.66,0.0,0.0,1
8608370000118,2016-06-24,128651945.03,3.1715536,127535133.67,0.0,0.0,1
8608370000118,2016-06-27,128936014.85,3.1777261,127783341.1,0.0,0.0,1
8608370000118,2016-06-28,128612402.29,3.1708417,127506505.29,0.0,0.0,1
8608370000118,2016-06-29,128260778.19,3.1621216,127155851.34,0.0,0.0,1
8608370000118,2016-06-30,128304231.68,3.1631897,127198802.67,0.0,0.0,1
8608370000118,2016-07-01,128547675.03,3.170914,127509413.42,0.0,0.0,1
8608370000118,2016-07-04,128632242.94,3.1717594,127543407.28,0.0,0.0,1
8608370000118,2016-07-05,128643021.45,3.1720776,127556202.47,0.0,0.0,1
8608370000118,2016-07-06,128853799.09,3.178577,127817557.08,0.0,0.0,1
8608370000118,2016-07-07,128648110.7,3.1728862,127588720.51,0.0,0.0,1
8608370000118,2016-07-08,128956549.59,3.1805772,127897990.42,0.0,0.0,1
8608370000118,2016-07-11,129155093.52,3.1866864,128143653.92,0.0,0.0,1
8608370000118,2016-07-12,129041983.11,3.1826704,127982163.68,0.0,0.0,1
8608370000118,2016-07-13,129350101.84,3.1903272,128290058.81,0.0,0.0,1
8608370000118,2016-07-14,129276072.78,3.1894744,128255767.34,0.0,0.0,1
8608370000118,2016-07-15,128160123.15,3.1937386,128427239.5,0.0,0.0,1
8608370000118,2016-07-18,129744882.47,3.1995227,128659830.27,0.0,0.0,1
8608370000118,2016-07-19,129703291.58,3.1980150000000003,128599204.37,0.0,0.0,1
8608370000118,2016-07-20,129322465.57,3.199449,128656868.18,0.0,0.0,1
8608370000118,2016-07-21,129697781.34,3.1975839,128581867.5,0.0,0.0,1
8608370000118,2016-07-22,129730290.64,3.1983881000000003,128614208.33,0.0,0.0,1
8608370000118,2016-07-25,129986538.33,3.2001845,128686441.92,0.0,0.0,1
8608370000118,2016-07-26,129912904.82,3.2024756,128778574.2,0.0,0.0,1
8608370000118,2016-07-27,130012504.68,3.2049387,128877621.87,0.0,0.0,1
8608370000118,2016-07-28,130106773.81,3.2079919,129000396.92,0.0,0.0,1
8608370000118,2016-07-29,130188562.25,3.2100317000000005,129082422.61,0.0,0.0,1
8608370000118,2016-08-01,130241181.78,3.212989,129201339.99,0.0,0.0,1
8608370000118,2016-08-02,130373438.81,3.2149946,129281988.65,0.0,0.0,1
8608370000118,2016-08-03,130511589.98,3.2196564,129469452.3,0.0,0.0,1
8608370000118,2016-08-04,130732988.14,3.2251172,129689042.88,0.0,0.0,1
8608370000118,2016-08-05,130793601.33,3.2303772,129900558.2,0.0,0.0,1
8608370000118,2016-08-08,129921556.95,3.2227944,129595637.11,0.0,0.0,1
8608370000118,2016-08-09,130780775.72,3.2266993999999998,129752667.55,0.0,0.0,1
8608370000118,2016-08-10,131230536.88,3.2394596,130265781.58,0.0,0.0,1
8608370000118,2016-08-11,131459087.38,3.243031,130409394.4,0.0,0.0,1
8608370000118,2016-08-12,131409480.25,3.2454306,130505887.9,0.0,0.0,1
8608370000118,2016-08-15,130890574.51,3.2454232999999997,130505595.89,0.0,0.0,1
8608370000118,2016-08-16,131528917.09,3.2451252,130493605.93,0.0,0.0,1
8608370000118,2016-08-17,131610940.88,3.2469592,130567355.22,0.0,0.0,1
8608370000118,2016-08-18,131431463.98,3.2515042000000003,130750122.9,0.0,0.0,1
8608370000118,2016-08-19,131719213.7,3.2547658,130881276.6,0.0,0.0,1
8608370000118,2016-08-22,131882935.19,3.2548876,130886174.81,0.0,0.0,1
8608370000118,2016-08-23,132021844.08,3.2571034,125475277.45,0.0,5500000.01,1
8608370000118,2016-08-24,126504437.86,3.2566856,125459182.08,0.0,0.0,1
8608370000118,2016-08-25,126527993.94,3.2576565,125496586.05,0.0,0.0,1
8608370000118,2016-08-26,126274095.68,3.2500612,125203986.54,0.0,0.0,1
8608370000118,2016-08-29,126449307.33,3.2552793999999996,125405011.56,0.0,0.0,1
8608370000118,2016-08-30,126473111.92,3.2558305,125426241.02,0.0,0.0,1
8608370000118,2016-08-31,126566010.62,3.2581715,125516424.0,0.0,0.0,1
8608370000118,2016-09-01,126778242.66,3.2654321,125796129.83,0.0,0.0,1
8608370000118,2016-09-02,126991993.79,3.2703715,125986411.5,0.0,0.0,1
8608370000118,2016-09-05,127007769.31,3.2713221000000003,126023033.57,0.0,0.0,1
8608370000118,2016-09-06,127136226.77,3.2745863,126148781.69,0.0,0.0,1
8608370000118,2016-09-08,127156264.96,3.2750292,126165845.02,0.0,0.0,1
8608370000118,2016-09-09,126888680.94,3.2705258,125992356.89,0.0,0.0,1
8608370000118,2016-09-12,126829876.12,3.2680717999999995,125897818.39,0.0,0.0,1
8608370000118,2016-09-13,126500824.16,3.2616197,125649262.3,0.0,0.0,1
8608370000118,2016-09-14,126518563.0,3.261979,125663102.78,0.0,0.0,1
8608370000118,2016-09-15,126159122.52,3.2602701,125597268.71,0.0,0.0,1
8608370000118,2016-09-16,126577875.54,3.2606894,125613421.03,0.0,0.0,1
8608370000118,2016-09-19,126673169.01,3.2625732000000003,125685994.6,0.0,0.0,1
8608370000118,2016-09-20,126334612.4,3.2654317,125796113.2,0.0,0.0,1
8608370000118,2016-09-21,126831977.25,3.2681169,125899556.8,0.0,0.0,1
8608370000118,2016-09-22,127053588.01,3.2712597000000003,126020626.81,0.0,0.0,1
8608370000118,2016-09-23,127073669.18,3.2717456,126039348.59,0.0,0.0,1
8608370000118,2016-09-26,127028026.31,3.2710015,126010682.58,0.0,0.0,1
8608370000118,2016-09-27,127109727.97,3.2734165,126103717.18,0.0,0.0,1
8608370000118,2016-09-28,127161154.65,3.2755077,126184278.42,0.0,0.0,1
8608370000118,2016-09-29,127170906.19,3.2752329,126173689.28,0.0,0.0,1
8608370000118,2016-09-30,127350534.49,3.2798689,126352287.53,0.0,0.0,1
8608370000118,2016-10-03,127437665.5,3.283817,126504381.73,0.0,0.0,1
8608370000118,2016-10-04,127497745.54,3.2827852999999996,126464636.32,0.0,0.0,1
8608370000118,2016-10-05,127573960.38,3.2873851999999997,126641842.41,0.0,0.0,1
8608370000118,2016-10-06,127575633.58,3.2874303,126643576.23,0.0,0.0,1
8608370000118,2016-10-07,127588358.32,3.2866582,126613835.55,0.0,0.0,1
8608370000118,2016-10-10,127477115.07,3.2855207,126570014.64,0.0,0.0,1
8608370000118,2016-10-11,127578581.72,3.2868392999999996,126620809.41,0.0,0.0,1
8608370000118,2016-10-13,127429520.96,3.2830131000000002,126473412.47,0.0,0.0,1
8608370000118,2016-10-14,127409575.0,3.2911717000000005,126787709.39,0.0,0.0,1
8608370000118,2016-10-17,125491856.72,3.2893762000000004,126718539.74,0.0,0.0,1
8608370000118,2016-10-18,127778415.54,3.2916198,126804971.88,0.0,0.0,1
8608370000118,2016-10-19,126975316.33,3.2944527999999997,126914108.64,0.0,0.0,1
8608370000118,2016-10-20,127200772.71,3.2925947,126842528.95,0.0,0.0,1
8608370000118,2016-10-21,127859807.84,3.2938871,126892315.34,0.0,0.0,1
8608370000118,2016-10-24,128006966.48,3.2980176,127051437.09,0.0,0.0,1
8608370000118,2016-10-25,127932796.49,3.2965532,126995026.46,0.0,0.0,1
8608370000118,2016-10-26,127944736.69,3.2958992,126969829.19,0.0,0.0,1
8608370000118,2016-10-27,127865546.66,3.2938754,126891866.92,0.0,0.0,1
8608370000118,2016-10-28,127959731.83,3.2971311,127017286.45,0.0,0.0,1
8608370000118,2016-10-31,128014027.1,3.2987594,127080014.06,0.0,0.0,1
8608370000118,2016-11-01,128095585.72,3.3013392999999995,127179402.84,0.0,0.0,1
8608370000118,2016-11-03,128076639.51,3.3019681000000003,127203627.07,0.0,0.0,1
8608370000118,2016-11-04,128217781.3,3.3056349000000003,127344884.11,0.0,0.0,1
8608370000118,2016-11-07,128346750.2,3.3083561,127449713.14,0.0,0.0,1
8608370000118,2016-11-08,128343214.58,3.3095769,127496742.67,0.0,0.0,1
8608370000118,2016-11-09,128130735.33,3.3041121,127286220.73,0.0,0.0,1
8608370000118,2016-11-10,127707907.82,3.2949617999999994,126933717.33,0.0,0.0,1
8608370000118,2016-11-11,127566286.77,3.2929718,126857057.38,0.0,0.0,1
8608370000118,2016-11-14,126966373.25,3.2827307,126462530.88,0.0,0.0,1
8608370000118,2016-11-16,127498001.54,3.2902643,126752754.38,0.0,0.0,1
8608370000118,2016-11-17,127604791.23,3.2904737,126760821.7,0.0,0.0,1
8608370000118,2016-11-18,127675097.66,3.2923394,126832693.97,0.0,0.0,1
8608370000118,2016-11-21,127661401.63,3.3016314,127190656.57,0.0,0.0,1
8608370000118,2016-11-22,128336156.62,3.307501,127416774.45,0.0,0.0,1
8608370000118,2016-11-23,128260269.82,3.3056029,127343651.04,0.0,0.0,1
8608370000118,2016-11-24,128171161.91,3.3059187999999997,127355822.63,0.0,0.0,1
8608370000118,2016-11-25,127887997.76,3.3090957000000003,127478207.47,0.0,0.0,1
8608370000118,2016-11-28,128499586.52,3.3143648,127681191.65,0.0,0.0,1
8608370000118,2016-11-29,127895993.27,3.3182156000000003,127829538.52,0.0,0.0,1
8608370000118,2016-11-30,127794342.9,3.319792,127890265.48,0.0,0.0,1
8608370000118,2016-12-01,128224898.85,3.3091435,127480047.14,0.0,0.0,1
8608370000118,2016-12-02,128385432.19,3.3107849000000003,115543279.96,0.0,12000000.0,1
8608370000118,2016-12-05,116621029.73,3.317192,115766882.61,0.0,0.0,1
8608370000118,2016-12-06,116399411.28,3.3143107000000005,115666327.37,0.0,0.0,1
8608370000118,2016-12-07,116395651.89,3.3154498999999995,115706086.22,0.0,0.0,1
8608370000118,2016-12-08,116574601.62,3.3176763,115783783.34,0.0,0.0,1
8608370000118,2016-12-09,116492915.06,3.3151572,115695869.54,0.0,0.0,1
8608370000118,2016-12-12,116409620.74,3.3146440000000004,115677961.06,0.0,0.0,1
8608370000118,2016-12-13,116485451.82,3.3152977999999997,115700777.63,0.0,0.0,1
8608370000118,2016-12-14,115702877.1,3.3121727999999995,115591717.02,0.0,0.0,1
8608370000118,2016-12-15,115376837.07,3.3115753,115570864.61,0.0,0.0,1
8608370000118,2016-12-16,116421184.1,3.3127591,115612177.24,0.0,0.0,1
8608370000118,2016-12-19,116527950.96,3.3158357000000005,115719548.29,0.0,0.0,1
8608370000118,2016-12-20,116298819.22,3.3159489,115723499.2,0.0,0.0,1
8608370000118,2016-12-21,116582667.14,3.3184417,115810495.1,0.0,0.0,1
8608370000118,2016-12-22,116671685.98,3.3195101,115847783.28,0.0,0.0,1
8608370000118,2016-12-23,116667497.32,3.3201581,115870397.38,0.0,0.0,1
8608370000118,2016-12-26,116720520.23,3.3221044,115938321.24,0.0,0.0,1
8608370000118,2016-12-27,116828527.27,3.3239934,116004244.11,0.0,0.0,1
8608370000118,2016-12-28,116931054.08,3.3277337,116134776.71,0.0,0.0,1
8608370000118,2016-12-29,116981695.54,3.3290705999999997,116181433.69,0.0,0.0,1
8608370000118,2016-12-30,116826037.69,3.3238255,115998384.93,0.0,0.0,1
8608370000118,2017-01-02,114417191.75,3.3299102999999994,116210738.34,0.0,0.0,1
8608370000118,2017-01-03,114627946.25,3.3327391000000004,116309462.04,0.0,0.0,1
8608370000118,2017-01-04,114650820.68,3.3348233,116382196.84,0.0,0.0,1
8608370000118,2017-01-05,114774660.91,3.3394561,116543877.66,0.0,0.0,1
8608370000118,2017-01-06,114747929.23,3.3385738,116513087.32,0.0,0.0,1
8608370000118,2017-01-09,113730588.02,3.3405668,116582640.28,0.0,0.0,1
8608370000118,2017-01-10,114830889.91,3.3424998999999995,116650102.71,0.0,0.0,1
8608370000118,2017-01-11,114948525.5,3.3443547,116714833.45,0.0,0.0,1
8608370000118,2017-01-12,115508219.3,3.3605882000000005,117281367.36,0.0,0.0,1
8608370000118,2017-01-13,113857835.01,3.3624479,117346270.54,0.0,0.0,1
8608370000118,2017-01-16,113150024.19,3.3659988,117470193.15,0.0,0.0,1
8608370000118,2017-01-17,115780897.13,3.3682434000000003,117548529.42,0.0,0.0,1
8608370000118,2017-01-18,115794289.69,3.368618,117561599.98,0.0,0.0,1
8608370000118,2017-01-19,115874879.94,3.3700568,117611813.73,0.0,0.0,1
8608370000118,2017-01-20,115320804.39,3.3711719,117650729.97,0.0,0.0,1
8608370000118,2017-01-23,115923704.25,3.3715053,117662366.12,0.0,0.0,1
8608370000118,2017-01-24,116005118.04,3.3738095,117742778.9,0.0,0.0,1
8608370000118,2017-01-25,116039942.96,3.3753913,117797983.25,0.0,0.0,1
8608370000118,2017-01-26,116063239.71,3.3748375,117778657.72,0.0,0.0,1
8608370000118,2017-01-27,116141613.17,3.3771035000000005,117857738.35,0.0,0.0,1
8608370000118,2017-01-30,116037022.45,3.3749133,117781302.62,0.0,0.0,1
8608370000118,2017-01-31,116033505.06,3.3747910000000005,117777031.6,0.0,0.0,1
8608370000118,2017-02-01,116077773.45,3.3774716000000002,117870583.2,0.0,0.0,1
8608370000118,2017-02-02,116168001.36,3.3800036,117958949.46,0.0,0.0,1
8608370000118,2017-02-03,116281655.79,3.3832678999999994,118072868.07,0.0,0.0,1
8608370000118,2017-02-06,116424890.05,3.3874552,118219001.96,0.0,0.0,1
8608370000118,2017-02-07,116527345.83,3.3909519,118341031.98,0.0,0.0,1
8608370000118,2017-02-08,116844179.21,3.4000288999999997,118657813.81,0.0,0.0,1
8608370000118,2017-02-09,116902539.16,3.4037507000000007,118787699.55,0.0,0.0,1
8608370000118,2017-02-10,116564761.17,3.4070445,118902650.35,0.0,0.0,1
8608370000118,2017-02-13,117149377.37,3.4085644,118955691.63,0.0,0.0,1
8608370000118,2017-02-14,117207084.53,3.4102447,119014334.37,0.0,0.0,1
8608370000118,2017-02-15,116863428.05,3.4107155,119030766.2,0.0,0.0,1
8608370000118,2017-02-16,117008133.0,3.4091105,118974752.12,0.0,0.0,1
8608370000118,2017-02-17,116978297.95,3.4102248,119013639.85,0.0,0.0,1
8608370000118,2017-02-20,116406459.32,3.4113413999999995,119052607.0,0.0,0.0,1
8608370000118,2017-02-21,117066243.0,3.4150187999999995,119180945.86,0.0,0.0,1
8608370000118,2017-02-22,117277199.78,3.41822,119292662.86,0.0,0.0,1
8608370000118,2017-02-23,117547371.47,3.4260713,119566666.78,0.0,0.0,1
8608370000118,2017-02-24,117625997.72,3.4283989000000004,119647900.06,0.0,0.0,1
8608370000118,2017-03-01,117724826.43,3.4328716,119803992.97,0.0,0.0,1
8608370000118,2017-03-02,117739554.73,3.4320108,119773949.37,0.0,0.0,1
8608370000118,2017-03-03,117851836.61,3.436774,119940182.58,0.0,0.0,1
8608370000118,2017-03-06,117933507.27,3.4392134,120025315.08,0.0,0.0,1
8608370000118,2017-03-07,118071149.97,3.4415929,120108357.17,0.0,0.0,1
8608370000118,2017-03-08,118085804.84,3.4419807,120121889.78,0.0,0.0,1
8608370000118,2017-03-09,118030586.17,3.4423816,122135881.91,2000000.0,0.0,1
8608370000118,2017-03-10,120196837.06,3.4478727999999994,122330711.44,0.0,0.0,1
8608370000118,2017-03-13,120407002.47,3.4509558,122440095.58,0.0,0.0,1
8608370000118,2017-03-14,118800483.59,3.4498477,122400779.44,0.0,0.0,1
8608370000118,2017-03-15,118731660.33,3.4554629,122600007.92,0.0,0.0,1
8608370000118,2017-03-16,120740389.48,3.4597763,122753047.13,0.0,0.0,1
8608370000118,2017-03-17,120801232.37,3.4634755,122884295.05,0.0,0.0,1
8608370000118,2017-03-20,120592300.15,3.4641996,122909984.59,0.0,0.0,1
8608370000118,2017-03-21,120913826.61,3.4661451000000003,122979010.32,0.0,0.0,1
8608370000118,2017-03-22,120952114.8,3.4671663,123015245.33,0.0,0.0,1
8608370000118,2017-03-23,120986230.22,3.4680513,123046645.32,0.0,0.0,1
8608370000118,2017-03-24,121194515.25,3.4739407,123255601.61,0.0,0.0,1
8608370000118,2017-03-27,121419013.27,3.4772991,123374755.82,0.0,0.0,1
8608370000118,2017-03-28,121251494.35,3.4749962999999995,123293051.95,0.0,0.0,1
8608370000118,2017-03-29,120773455.19,3.4491404,122375683.47,0.0,0.0,1
8608370000118,2017-03-30,120740055.79,3.4466329,122286717.76,0.0,0.0,1
8608370000118,2017-03-31,120816668.76,3.4487573,122362091.59,0.0,0.0,1
8608370000118,2017-04-03,120840544.48,3.4507934999999996,122434337.63,0.0,0.0,1
8608370000118,2017-04-04,120822304.35,3.4488217000000003,122364376.58,0.0,0.0,1
8608370000118,2017-04-05,120813723.89,3.4513388999999997,122453685.35,0.0,0.0,1
8608370000118,2017-04-06,120755942.55,3.4495772000000002,122391180.66,0.0,0.0,1
8608370000118,2017-04-07,120908230.34,3.4529503,122510858.91,0.0,0.0,1
8608370000118,2017-04-10,120921084.2,3.4567635,122646152.81,0.0,0.0,1
8608370000118,2017-04-11,121032715.08,3.4570488,122656275.34,0.0,0.0,1
8608370000118,2017-04-12,120066107.27,3.4579146,122686995.06,0.0,0.0,1
8608370000118,2017-04-13,120179854.09,3.4580891000000005,122693183.71,0.0,0.0,1
8608370000118,2017-04-17,120937800.25,3.4599502999999996,122759221.07,0.0,0.0,1
8608370000118,2017-04-18,121223124.21,3.4638157999999994,122896366.61,0.0,0.0,1
8608370000118,2017-04-19,121277880.5,3.4653398,122950438.35,0.0,0.0,1
8608370000118,2017-04-20,121237790.05,3.4660617999999994,122976055.64,0.0,0.0,1
8608370000118,2017-04-24,121465600.13,3.4682092000000004,123052245.13,0.0,0.0,1
8608370000118,2017-04-25,121391013.02,3.4666966,122998580.83,0.0,0.0,1
8608370000118,2017-04-26,121471239.92,3.4678382000000005,123039082.75,0.0,0.0,1
8608370000118,2017-04-27,121507819.91,3.468843,123074732.97,0.0,0.0,1
8608370000118,2017-04-28,121550877.83,3.4700790999999995,123118589.55,0.0,0.0,1
8608370000118,2017-05-02,121582586.94,3.4735108,123240347.14,0.0,0.0,1
8608370000118,2017-05-03,121709268.06,3.4741922,123264522.19,0.0,0.0,1
8608370000118,2017-05-04,121584532.6,3.4734197,123237115.17,0.0,0.0,1
8608370000118,2017-05-05,121668179.82,3.4743264,123269284.63,0.0,0.0,1
8608370000118,2017-05-08,121678685.97,3.4750638,123295448.91,0.0,0.0,1
8608370000118,2017-05-09,121777034.44,3.4778355000000003,123393787.36,0.0,0.0,1
8608370000118,2017-05-10,121893678.73,3.4820286,123542560.89,123542560.89,0.0,1
8608370000118,2017-05-11,121914748.82,3.4872557,123728017.17,0.0,0.0,1
8608370000118,2017-05-12,121298352.09,3.4896805,123814048.38,0.0,0.0,1
8608370000118,2017-05-15,120706037.98,3.4956799,124026907.82,0.0,0.0,1
8608370000118,2017-05-16,122487917.02,3.4994419000000003,124160384.96,0.0,0.0,1
8608370000118,2017-05-17,122501348.13,3.5001833,124186690.56,0.0,0.0,1
8608370000118,2017-05-18,120645301.05,3.4450704,122231279.58,0.0,0.0,1
8608370000118,2017-05-19,121158736.79,3.4615515,122816032.39,0.0,0.0,1
8608370000118,2017-05-22,120886006.28,3.4566803,122643200.7,0.0,0.0,1
8608370000118,2017-05-23,123079224.59,3.4699392,123113626.02,0.0,0.0,1
8608370000118,2017-05-24,123264312.52,3.475468,123309788.8,0.0,0.0,1
8608370000118,2017-05-25,123350540.89,3.4764857000000005,123345898.6,0.0,0.0,1
8608370000118,2017-05-26,123407356.76,3.4803050000000004,123481405.1,0.0,0.0,1
8608370000118,2017-05-29,123709191.8,3.4879591,123752975.42,0.0,0.0,1
8608370000118,2017-05-30,123650817.52,3.4841379,123617397.5,0.0,0.0,1
8608370000118,2017-05-31,123835541.75,3.4895851,123810663.6,0.0,0.0,1
8608370000118,2017-06-01,123611379.97,3.4799382000000003,123468392.23,0.0,0.0,1
8608370000118,2017-06-02,123624858.05,3.4796248999999997,123457277.28,0.0,0.0,1
8608370000118,2017-06-05,123593749.93,3.4799455000000004,123468651.82,0.0,0.0,1
8608370000118,2017-06-06,123758988.48,3.4847816,123640236.66,0.0,0.0,1
8608370000118,2017-06-07,123763807.5,3.4851586,123653610.51,0.0,0.0,1
8608370000118,2017-06-08,123807286.47,3.486362,123696307.12,0.0,0.0,1
8608370000118,2017-06-09,123897689.88,3.4888272000000002,123783773.77,0.0,0.0,1
8608370000118,2017-06-12,123882272.73,3.4905355000000005,123844383.24,0.0,0.0,1
8608370000118,2017-06-13,123973792.46,3.4899776,123824591.89,0.0,0.0,1
8608370000118,2017-06-14,123765740.75,3.4941385,123972220.11,0.0,0.0,1
8608370000118,2017-06-16,122066511.24,3.4984087,124123726.46,0.0,0.0,1
8608370000118,2017-06-19,124421795.25,3.5047535000000005,124348839.02,0.0,0.0,1
8608370000118,2017-06-20,124077928.69,3.5014607000000004,124232012.29,0.0,0.0,1
8608370000118,2017-06-21,124065152.56,3.5043843,124335739.6,0.0,0.0,1
8608370000118,2017-06-22,124523479.51,3.5059799,124392351.04,0.0,0.0,1
8608370000118,2017-06-23,124604296.59,3.5082671999999997,124473505.16,0.0,0.0,1
8608370000118,2017-06-26,124270485.14,3.5099561,124533428.3,0.0,0.0,1
8608370000118,2017-06-27,124678547.25,3.5101676,124540933.45,0.0,0.0,1
8608370000118,2017-06-28,124836086.88,3.5146517,124700028.28,0.0,0.0,1
8608370000118,2017-06-29,124339928.53,3.5141285000000004,124681466.93,0.0,0.0,1
8608370000118,2017-06-30,124946238.03,3.5177915,124811429.56,0.0,0.0,1
8608370000118,2017-07-03,125003585.84,3.5201884,124896469.23,0.0,0.0,1
8608370000118,2017-07-04,125189031.07,3.5225209000000004,124979228.38,0.0,0.0,1
8608370000118,2017-07-05,125117156.97,3.5238863,125027671.92,0.0,0.0,1
8608370000118,2017-07-06,125284106.34,3.5271255,125142600.71,0.0,0.0,1
8608370000118,2017-07-07,125310590.55,3.5283925000000003,125187551.22,0.0,0.0,1
8608370000118,2017-07-10,125310223.13,3.5303873999999995,125258332.97,0.0,0.0,1
8608370000118,2017-07-11,125511320.07,3.5331879,125357694.3,0.0,0.0,1
8608370000118,2017-07-12,125685986.0,3.5380174,125529046.27,0.0,0.0,1
8608370000118,2017-07-13,125758884.47,3.5400239,125600234.78,0.0,0.0,1
8608370000118,2017-07-14,125797440.72,3.5444440000000004,125757060.45,0.0,0.0,1
8608370000118,2017-07-17,125008345.34,3.5458885,125808313.35,0.0,0.0,1
8608370000118,2017-07-18,126016034.92,3.5489259,125916077.91,0.0,0.0,1
8608370000118,2017-07-19,126231567.44,3.5549455,126129653.75,0.0,0.0,1
8608370000118,2017-07-20,126236916.0,3.5597948,126301708.7,0.0,0.0,1
8608370000118,2017-07-21,126606290.29,3.5632169,126423125.3,0.0,0.0,1
8608370000118,2017-07-24,126603067.21,3.5630825,126418356.86,0.0,0.0,1
8608370000118,2017-07-25,126637115.45,3.5643034,126461672.14,0.0,0.0,1
8608370000118,2017-07-26,126668933.07,3.5645644999999995,126470938.51,0.0,0.0,1
8608370000118,2017-07-27,127121301.23,3.577196,126919105.23,0.0,0.0,1
8608370000118,2017-07-28,127272907.1,3.5813469,127066379.2,0.0,0.0,1
8608370000118,2017-07-31,127345867.98,3.5833431000000004,127137203.88,0.0,0.0,1
8608370000118,2017-08-01,127437247.47,3.5872087,127274354.08,0.0,0.0,1
8608370000118,2017-08-02,127680194.2,3.5925366999999997,127463392.01,0.0,0.0,1
8608370000118,2017-08-03,127755264.19,3.595098,127554267.3,0.0,0.0,1
8608370000118,2017-08-04,127704564.46,3.5950486000000006,127552516.34,0.0,0.0,1
8608370000118,2017-08-07,127634524.0,3.5942812999999996,127525292.1,0.0,0.0,1
8608370000118,2017-08-08,127774706.82,3.5968277000000004,127615637.87,0.0,0.0,1
8608370000118,2017-08-09,127924357.2,3.6009766000000005,127762841.87,0.0,0.0,1
8608370000118,2017-08-10,127875010.52,3.6004619,127744580.44,0.0,0.0,1
8608370000118,2017-08-11,127832597.3,3.6025817000000004,127819788.81,0.0,0.0,1
8608370000118,2017-08-14,127499131.14,3.6032775000000004,127844475.91,0.0,0.0,1
8608370000118,2017-08-15,127219732.95,3.6053342000000006,127917449.46,0.0,0.0,1
8608370000118,2017-08-16,128182053.46,3.6085192999999998,128030455.71,0.0,0.0,1
8608370000118,2017-08-17,128043642.47,3.6066409,127963809.44,0.0,0.0,1
8608370000118,2017-08-18,128154192.72,3.6097607000000003,128074501.94,0.0,0.0,1
8608370000118,2017-08-21,128272479.69,3.6107508000000004,128109630.27,0.0,0.0,1
8608370000118,2017-08-22,128339542.18,3.6126476999999997,128176933.15,0.0,0.0,1
8608370000118,2017-08-23,128410088.06,3.6144481,128240811.11,0.0,0.0,1
8608370000118,2017-08-24,128497388.1,3.6169159,128328366.4,0.0,0.0,1
8608370000118,2017-08-25,128536766.81,3.6182185,128374582.52,0.0,0.0,1
8608370000118,2017-08-28,128511736.06,3.6175894,128352261.98,0.0,0.0,1
8608370000118,2017-08-29,128567745.13,3.6192187999999996,128410074.56,0.0,0.0,1
8608370000118,2017-08-30,128875662.95,3.627901,128718120.82,0.0,0.0,1
8608370000118,2017-08-31,128944505.23,3.6309519,128826367.12,0.0,0.0,1
8608370000118,2017-09-01,128966115.53,3.6319262,128860934.51,0.0,0.0,1
8608370000118,2017-09-04,132725838.06,3.6250617,128617380.13,0.0,0.0,1
8608370000118,2017-09-05,133325831.72,3.6264396,128666268.22,0.0,0.0,1
8608370000118,2017-09-06,133380904.93,3.630035700000001,128793859.95,0.0,0.0,1
8608370000118,2017-09-08,133355576.0,3.6318241,128857311.45,0.0,0.0,1
8608370000118,2017-09-11,133391926.93,3.6307023,128817510.04,0.0,0.0,1
8608370000118,2017-09-12,133439627.27,3.6306347,128815110.11,0.0,0.0,1
8608370000118,2017-09-13,133488167.79,3.6319627,128862228.81,0.0,0.0,1
8608370000118,2017-09-14,133180671.27,3.6351433,128975078.35,0.0,0.0,1
8608370000118,2017-09-15,133456782.9,3.6367211,129031057.8,0.0,0.0,1
8608370000118,2017-09-18,133600800.38,3.6371027,129044596.86,0.0,0.0,1
8608370000118,2017-09-19,133714486.9,3.6402581,129156551.33,0.0,0.0,1
8608370000118,2017-09-20,133577431.04,3.6424531,129234429.99,0.0,0.0,1
8608370000118,2017-09-21,133214003.03,3.6458118,129353595.18,0.0,0.0,1
8608370000118,2017-09-22,134046828.06,3.6466124,129382000.58,0.0,0.0,1
8608370000118,2017-09-25,134113621.01,3.6488425,129461126.93,0.0,0.0,1
8608370000118,2017-09-26,134325393.16,3.6539981,129644044.7,0.0,0.0,1
8608370000118,2017-09-27,134355491.43,3.6548657,129674830.36,0.0,0.0,1
8608370000118,2017-09-28,134370723.15,3.6553487,129691965.24,0.0,0.0,1
8608370000118,2017-09-29,134406659.19,3.6134022,128203700.02,0.0,0.0,1
8608370000118,2017-10-02,134441232.77,3.6150220999999996,128261177.38,0.0,0.0,1
8608370000118,2017-10-03,134465352.07,3.6143208,128236295.22,0.0,0.0,1
8608370000118,2017-10-04,134454506.71,3.615439,128275968.52,0.0,0.0,1
8608370000118,2017-10-05,134491565.53,3.6164442,128311631.32,0.0,0.0,1
8608370000118,2017-10-06,134689397.44,3.6220762000000004,128511454.24,0.0,0.0,1
8608370000118,2017-10-09,134561918.92,3.6217528,128499980.31,0.0,0.0,1
8608370000118,2017-10-10,134636060.85,3.6246237,128601840.92,0.0,0.0,1
8608370000118,2017-10-11,134817594.61,3.6254567000000004,128631395.65,0.0,0.0,1
8608370000118,2017-10-13,134552402.51,3.6271288,128690720.83,0.0,0.0,1
8608370000118,2017-10-16,133203135.41,3.6266754999999997,128674640.6,0.0,0.0,1
8608370000118,2017-10-17,134923455.38,3.63059,128813524.64,0.0,0.0,1
8608370000118,2017-10-18,134983152.44,3.6322647000000003,128872945.39,0.0,0.0,1
8608370000118,2017-10-19,135095950.34,3.6349104,128966815.11,0.0,0.0,1
8608370000118,2017-10-20,135180922.91,3.6363991,129019632.55,0.0,0.0,1
8608370000118,2017-10-23,135256353.16,3.6372602,129050186.17,0.0,0.0,1
8608370000118,2017-10-24,135289339.13,3.6380516000000003,129078264.7,0.0,0.0,1
8608370000118,2017-10-25,135334191.55,3.6397174,129137364.58,0.0,0.0,1
8608370000118,2017-10-26,135196482.75,3.6354485,128985905.02,0.0,0.0,1
8608370000118,2017-10-27,135250391.55,3.6370451,129042552.67,0.0,0.0,1
8608370000118,2017-10-30,135235720.11,3.6365466,129024865.12,0.0,0.0,1
8608370000118,2017-10-31,135284395.38,3.6378667,129071704.56,0.0,0.0,1
8608370000118,2017-11-01,135181833.31,3.6351454,128975151.52,0.0,0.0,1
8608370000118,2017-11-03,135147999.2,3.63421,128941962.38,0.0,0.0,1
8608370000118,2017-11-06,135254480.01,3.6385583,129096240.12,0.0,0.0,1
8608370000118,2017-11-07,135288165.13,3.6392696,129121478.64,0.0,0.0,1
8608370000118,2017-11-08,135345995.3,3.6401642,129153218.44,0.0,0.0,1
8608370000118,2017-11-09,135362619.54,3.6406286,129169695.56,0.0,0.0,1
8608370000118,2017-11-10,135134366.88,3.6379959,129076285.79,0.0,0.0,1
8608370000118,2017-11-13,135102987.48,3.6381136,129080462.69,0.0,0.0,1
8608370000118,2017-11-14,135120312.46,3.6385206,129094903.29,0.0,0.0,1
8608370000118,2017-11-16,134954430.4,3.6414055,129197260.7,0.0,0.0,1
8608370000118,2017-11-17,135463415.17,3.6450833,129327749.48,0.0,0.0,1
8608370000118,2017-11-20,135323218.09,3.6464315,129375581.41,0.0,0.0,1
8608370000118,2017-11-21,135610381.06,3.6498017,129495157.16,0.0,0.0,1
8608370000118,2017-11-22,135716207.2,3.6500299,129503254.81,0.0,0.0,1
8608370000118,2017-11-23,135760584.1,3.6512187000000007,129545434.23,0.0,0.0,1
8608370000118,2017-11-24,135785644.56,3.6519207,129570339.1,0.0,0.0,1
8608370000118,2017-11-27,135819281.96,3.6532788,129618524.57,0.0,0.0,1
8608370000118,2017-11-28,135871708.77,3.6542658,129653542.9,0.0,0.0,1
8608370000118,2017-11-29,135613702.36,3.6519811,129572482.54,0.0,0.0,1
8608370000118,2017-11-30,135636087.14,3.6520374,129574481.29,0.0,0.0,1
8608370000118,2017-12-01,135846264.64,3.6541633,129649908.84,0.0,0.0,1
8608370000118,2017-12-04,135987021.13,3.6569794,129749821.99,0.0,0.0,1
8608370000118,2017-12-05,136047832.66,3.6597736000000003,129848961.38,0.0,0.0,1
8608370000118,2017-12-06,135601957.62,3.6471726,129401876.25,0.0,0.0,1
8608370000118,2017-12-07,135556553.55,3.6459599999999996,129358852.72,0.0,0.0,1
8608370000118,2017-12-08,135562528.31,3.6461521,129365669.17,0.0,0.0,1
8608370000118,2017-12-11,135626915.55,3.6493117999999996,129477774.36,0.0,0.0,1
8608370000118,2017-12-12,135606354.14,3.6486122,129452953.93,0.0,0.0,1
8608370000118,2017-12-13,135811521.03,3.6535153,129626915.05,0.0,0.0,1
8608370000118,2017-12-14,135552490.14,3.6529189,129605755.35,0.0,0.0,1
8608370000118,2017-12-15,135796170.03,3.6528775999999996,129604289.94,0.0,0.0,1
8608370000118,2017-12-18,135826248.11,3.6555272000000003,129698297.58,0.0,0.0,1
8608370000118,2017-12-19,135848677.08,3.6561415999999998,129720098.09,0.0,0.0,1
8608370000118,2017-12-20,136023850.44,3.659061,129823679.6,0.0,0.0,1
8608370000118,2017-12-21,136274215.68,3.6661523000000003,130075279.02,0.0,0.0,1
8608370000118,2017-12-22,136326283.9,3.6675956,130126485.78,0.0,0.0,1
8608370000118,2017-12-26,136490286.18,3.6719413,130280672.53,0.0,0.0,1
8608370000118,2017-12-27,136541972.93,3.6734091,130332748.91,0.0,0.0,1
8608370000118,2017-12-28,136176791.44,3.6769222000000004,130457394.18,0.0,0.0,1
8608370000118,2017-12-29,136684041.41,3.6775097999999997,130478241.02,0.0,0.0,1
8608370000118,2018-01-02,136837054.23,3.6819618,130636201.04,0.0,0.0,1
8608370000118,2018-01-03,136976940.77,3.6855599,130763861.89,0.0,0.0,1
8608370000118,2018-01-04,135399171.42,3.6882269,130858486.28,0.0,0.0,1
8608370000118,2018-01-05,135685768.23,3.6886846,130874725.87,0.0,0.0,1
8608370000118,2018-01-08,135470452.5,3.690254,130930406.5,0.0,0.0,1
8608370000118,2018-01-09,135538297.29,3.6920609,130994515.5,0.0,0.0,1
8608370000118,2018-01-10,135662788.76,3.6953782,131112212.91,0.0,0.0,1
8608370000118,2018-01-11,135723099.04,3.6970492,131171502.5,0.0,0.0,1
8608370000118,2018-01-12,135794261.65,3.6990116,131241127.83,0.0,0.0,1
8608370000118,2018-01-15,135832724.89,3.6999318,131273776.93,0.0,0.0,1
8608370000118,2018-01-16,135912432.93,3.7020345,131348379.69,0.0,0.0,1
8608370000118,2018-01-17,135885306.02,3.7032451,131391331.98,0.0,0.0,1
8608370000118,2018-01-18,135914275.87,3.7038366,131412320.13,0.0,0.0,1
8608370000118,2018-01-19,136028777.19,3.7050893,131456766.15,0.0,0.0,1
8608370000118,2018-01-22,136047604.74,3.7054364,131469081.24,0.0,0.0,1
8608370000118,2018-01-23,136024202.43,3.7047637,131445213.18,0.0,0.0,1
8608370000118,2018-01-24,136164433.64,3.7087462,131586509.88,0.0,0.0,1
8608370000118,2018-01-25,136192255.07,3.7099669,131629821.52,0.0,0.0,1
8608370000118,2018-01-26,141552846.98,3.7131813,136961744.05,0.0,0.0,1
8608370000118,2018-01-29,141606978.58,3.7147088,137018088.11,0.0,0.0,1
8608370000118,2018-01-30,141689773.91,3.7166972,137091428.43,0.0,0.0,1
8608370000118,2018-01-31,141715122.83,3.7174339,137118602.73,0.0,0.0,1
8608370000118,2018-02-01,141796370.33,3.7194926,137194539.61,0.0,0.0,1
8608370000118,2018-02-02,141760755.13,3.7185221,137158740.25,0.0,0.0,1
8608370000118,2018-02-05,141701656.63,3.7185377999999996,137159318.63,0.0,0.0,1
8608370000118,2018-02-06,141760999.29,3.7200267,137214237.61,0.0,0.0,1
8608370000118,2018-02-07,141800913.55,3.7205758,137234493.21,0.0,0.0,1
8608370000118,2018-02-08,141687105.37,3.7175675999999998,137123532.65,0.0,0.0,1
8608370000118,2018-02-09,141578021.21,3.7142108,136999716.49,0.0,0.0,1
8608370000118,2018-02-14,141815692.29,3.7205661,137234133.57,0.0,0.0,1
8608370000118,2018-02-15,141892454.51,3.7226324999999996,137310354.59,0.0,0.0,1
8608370000118,2018-02-16,142038770.89,3.7262835,137445024.07,0.0,0.0,1
8608370000118,2018-02-19,142021724.86,3.7276455000000004,137495260.95,0.0,0.0,1
8608370000118,2018-02-20,141922754.59,3.728217,137516340.58,0.0,0.0,1
8608370000118,2018-02-21,142138903.57,3.7306812000000007,137607234.39,0.0,0.0,1
8608370000118,2018-02-22,142301505.37,3.7334907,137710861.19,0.0,0.0,1
8608370000118,2018-02-23,142400647.81,3.7358421,137797592.77,0.0,0.0,1
8608370000118,2018-02-26,142509368.85,3.7386593999999995,137901511.89,0.0,0.0,1
8608370000118,2018-02-27,142556071.23,3.7398379999999998,137944982.87,0.0,0.0,1
8608370000118,2018-02-28,142634279.64,3.7418284,138018399.88,0.0,0.0,1
8608370000118,2018-03-01,142683473.3,3.7431425,138066873.0,0.0,0.0,1
8608370000118,2018-03-02,142783359.44,3.7455298,138154928.58,0.0,0.0,1
8608370000118,2018-03-05,142841554.42,3.7479549,138244377.87,0.0,0.0,1
8608370000118,2018-03-06,142900796.16,3.7496201,138305799.6,0.0,0.0,1
8608370000118,2018-03-07,142946928.26,3.7508989,138352967.56,0.0,0.0,1
8608370000118,2018-03-08,142984801.42,3.7518781,138389086.74,0.0,0.0,1
8608370000118,2018-03-09,142783326.94,3.7507606,138347868.35,0.0,0.0,1
8608370000118,2018-03-12,143065459.03,3.753799,138459939.44,0.0,0.0,1
8608370000118,2018-03-13,143139004.13,3.7558008,138533776.82,0.0,0.0,1
8608370000118,2018-03-14,143258615.51,3.7587185,138641397.69,0.0,0.0,1
8608370000118,2018-03-15,143290114.47,3.7595259,138671176.66,0.0,0.0,1
8608370000118,2018-03-16,143402179.44,3.7624711,138779811.42,0.0,0.0,1
8608370000118,2018-03-19,143332679.17,3.7624832,138780257.29,0.0,0.0,1
8608370000118,2018-03-20,143279315.21,3.7609798,138724806.57,0.0,0.0,1
8608370000118,2018-03-21,143409286.33,3.7624875,138780417.63,0.0,0.0,1
8608370000118,2018-03-22,143858027.08,3.7740175,139205705.57,0.0,0.0,1
8608370000118,2018-03-23,133606762.76,3.776653500000001,139302936.27,0.0,0.0,1
8608370000118,2018-03-26,144064011.56,3.7795897,139411238.14,0.0,0.0,1
8608370000118,2018-03-27,144088076.18,3.7801088,139430385.97,0.0,0.0,1
8608370000118,2018-03-28,144114669.98,3.7806851,139451641.18,0.0,0.0,1
8608370000118,2018-03-29,144269019.15,3.7848455,139605097.46,0.0,0.0,1
8608370000118,2018-04-02,144215955.85,3.7834891,139555068.95,0.0,0.0,1
8608370000118,2018-04-03,144269706.73,3.7845987,139595996.23,0.0,0.0,1
8608370000118,2018-04-04,144343021.17,3.7881631000000002,139727468.02,0.0,0.0,1
8608370000118,2018-04-05,144467344.94,3.7915508,139852423.8,0.0,0.0,1
8608370000118,2018-04-06,144491878.17,3.7921547999999996,139874703.51,0.0,0.0,1
8608370000118,2018-04-09,144288400.03,3.7932773999999996,139916110.21,0.0,0.0,1
8608370000118,2018-04-10,144565921.84,3.7941508,139948328.55,0.0,0.0,1
8608370000118,2018-04-11,144644763.24,3.7961687999999993,140022762.48,0.0,0.0,1
8608370000118,2018-04-12,144716819.69,3.7980763999999994,140093124.69,0.0,0.0,1
8608370000118,2018-04-13,144677200.45,3.7976998,140051204.51,0.0,28030.19,1
8608370000118,2018-04-16,144642405.83,3.797039,140026832.8,0.0,0.0,1
8608370000118,2018-04-17,144598401.05,3.7975947999999997,140047330.21,0.0,0.0,1
8608370000118,2018-04-18,144689587.54,3.7994182,140114573.76,0.0,0.0,1
8608370000118,2018-04-19,144784388.72,3.7999167999999997,140132961.67,0.0,0.0,1
8608370000118,2018-04-20,144814979.48,3.8007748999999995,140164605.18,0.0,0.0,1
8608370000118,2018-04-23,144764698.8,3.7999042000000003,140132498.02,0.0,0.0,1
8608370000118,2018-04-24,144836254.88,3.8011856,140179750.11,0.0,0.0,1
8608370000118,2018-04-25,144842176.25,3.8012442,140181911.49,0.0,0.0,1
8608370000118,2018-04-26,144895415.56,3.8026288999999998,140232979.58,0.0,0.0,1
8608370000118,2018-04-27,145029734.34,3.8060888999999998,140360574.95,0.0,0.0,1
8608370000118,2018-04-30,145064796.18,3.8068891000000002,140390084.8,0.0,0.0,1
8608370000118,2018-05-02,145086956.03,3.807448,140410697.35,0.0,0.0,1
8608370000118,2018-05-03,145127238.67,3.8083959,140445651.53,0.0,0.0,1
8608370000118,2018-05-04,145106187.55,3.8096233,140490916.49,0.0,0.0,1
8608370000118,2018-05-07,145228496.65,3.8128159,140608654.76,0.0,0.0,1
8608370000118,2018-05-08,145110905.45,3.8095719,140489019.98,0.0,0.0,1
8608370000118,2018-05-09,144978409.83,3.8077374,140421368.91,0.0,0.0,1
8608370000118,2018-05-10,145175908.48,3.8109644,140540375.04,0.0,0.0,1
8608370000118,2018-05-11,144955244.97,3.8094054,140482881.34,0.0,0.0,1
8608370000118,2018-05-14,145114502.96,3.8090669,140470399.37,0.0,0.0,1
8608370000118,2018-05-15,144589858.38,3.803005,140246847.26,0.0,0.0,1
8608370000118,2018-05-16,144941320.4,3.8042394,140292371.06,0.0,0.0,1
8608370000118,2018-05-17,144624275.43,3.7973464,140038168.51,0.0,0.0,1
8608370000118,2018-05-18,144477323.02,3.7932536,139887237.77,0.0,0.0,1
8608370000118,2018-05-21,144500737.33,3.7950466,139953359.32,0.0,0.0,1
8608370000118,2018-05-22,144755678.61,3.7990938,140102609.59,0.0,0.0,1
8608370000118,2018-05-23,144690540.59,3.7971252,140030012.78,0.0,0.0,1
8608370000118,2018-05-24,144689993.38,3.7969848,140024834.32,0.0,0.0,1
8608370000118,2018-05-25,144700870.8,3.7970585,140027551.44,0.0,0.0,1
8608370000118,2018-05-28,144773053.36,3.7988011,140091815.0,0.0,0.0,1
8608370000118,2018-05-29,144725476.99,3.7972928,140036194.91,0.0,0.0,1
8608370000118,2018-05-30,144860216.71,3.8008728,140168217.42,0.0,0.0,1
8608370000118,2018-06-01,144972141.49,3.8038832,140279234.75,0.0,0.0,1
8608370000118,2018-06-04,145074447.3,3.8065553,140377773.89,0.0,0.0,1
8608370000118,2018-06-05,144779455.01,3.8001758000000003,140142510.98,0.0,0.0,1
8608370000118,2018-06-06,144684163.2,3.7975461999999998,140045537.84,0.0,0.0,1
8608370000118,2018-06-07,144113961.19,3.7821017999999995,139475982.58,0.0,0.0,1
8608370000118,2018-06-08,144140391.87,3.7911383,139809228.99,0.0,0.0,1
8608370000118,2018-06-11,144554831.18,3.7938165,139907994.3,0.0,0.0,1
8608370000118,2018-06-12,144738905.93,3.7987537000000002,140090070.23,0.0,0.0,1
8608370000118,2018-06-13,144612989.18,3.7945327000000004,139934407.48,0.0,0.0,1
8608370000118,2018-06-14,144168201.66,3.7824318999999997,139488155.68,0.0,0.0,1
8608370000118,2018-06-15,144749769.34,3.7982176,140070298.96,0.0,0.0,1
8608370000118,2018-06-18,144882475.59,3.8036297999999995,140269888.03,0.0,0.0,1
8608370000118,2018-06-19,145167345.03,3.8113169,140553372.64,0.0,0.0,1
8608370000118,2018-06-20,145443298.35,3.8167377,140753281.6,0.0,0.0,1
8608370000118,2018-06-21,145486197.86,3.8177207,140789533.27,0.0,0.0,1
8608370000118,2018-06-22,145530436.4,3.8189914,140836390.89,0.0,0.0,1
8608370000118,2018-06-25,145684480.25,3.8231949999999997,140991413.69,0.0,0.0,1
8608370000118,2018-06-26,145813523.97,3.8263596,141108115.16,0.0,0.0,1
8608370000118,2018-06-27,145688290.65,3.8229254999999998,140981473.35,0.0,0.0,1
8608370000118,2018-06-28,145924977.1,3.8292377,141214253.73,0.0,0.0,1
8608370000118,2018-06-29,145984725.2,3.8310442000000013,141280872.88,0.0,0.0,1
8608370000118,2018-07-02,146082850.34,3.8334242,141368643.18,0.0,0.0,1
8608370000118,2018-07-03,146158137.32,3.8353176,141438469.13,0.0,0.0,1
8608370000118,2018-07-04,146233109.37,3.8390414,141575796.01,0.0,0.0,1
8608370000118,2018-07-05,146219004.47,3.8378925,141533423.98,0.0,0.0,1
8608370000118,2018-07-06,146415063.65,3.8431436,141727076.76,0.0,0.0,1
8608370000118,2018-07-09,146316463.59,3.8455184,141814651.47,0.0,0.0,1
8608370000118,2018-07-10,146692941.06,3.850705000000002,142005922.37,0.0,0.0,1
8608370000118,2018-07-11,146582288.5,3.8475141,141888251.09,0.0,0.0,1
8608370000118,2018-07-12,146505002.55,3.8553563,142177453.06,0.0,0.0,1
8608370000118,2018-07-13,146688650.1,3.850238,141988701.85,0.0,0.0,1
8608370000118,2018-07-16,145944473.62,3.8517356,142043930.4,0.0,0.0,1
8608370000118,2018-07-17,146821073.78,3.8554488,142180864.12,0.0,0.0,1
8608370000118,2018-07-18,146852854.29,3.8562336,142209807.24,0.0,0.0,1
8608370000118,2018-07-19,147058479.72,3.8598397000000007,142342791.64,0.0,0.0,1
8608370000118,2018-07-20,147222235.1,3.8656946,142558709.28,0.0,0.0,1
8608370000118,2018-07-23,147244777.46,3.8656663,142557665.44,0.0,0.0,1
8608370000118,2018-07-24,147402895.24,3.8681287,142648473.94,0.0,0.0,1
8608370000118,2018-07-25,147586635.55,3.873085,142831252.61,0.0,0.0,1
8608370000118,2018-07-26,147672183.48,3.875236,142910575.56,0.0,0.0,1
8608370000118,2018-07-27,147787412.07,3.8782913,143023247.02,0.0,0.0,1
8608370000118,2018-07-30,147839377.65,3.8796004,143071525.18,0.0,0.0,1
8608370000118,2018-07-31,147856764.79,3.8799712,143085198.44,0.0,0.0,1
8608370000118,2018-08-01,147962878.1,3.8827377,143187220.74,0.0,0.0,1
8608370000118,2018-08-02,147949813.05,3.8823701,143173665.65,0.0,0.0,1
8608370000118,2018-08-03,148096736.56,3.8882105000000013,143389046.49,0.0,0.0,1
8608370000118,2018-08-06,148178335.27,3.8901922,143462127.01,0.0,0.0,1
8608370000118,2018-08-07,148080559.91,3.8875385000000002,143364266.47,0.0,0.0,1
8608370000118,2018-08-08,148150944.86,3.8893674,143431712.28,0.0,0.0,1
8608370000118,2018-08-09,148003649.87,3.8852318999999995,143279202.11,0.0,0.0,1
8608370000118,2018-08-10,147637255.13,3.8751937999999995,142909017.69,0.0,0.0,1
8608370000118,2018-08-13,147772748.31,3.8790192,143050093.37,0.0,0.0,1
8608370000118,2018-08-14,148254160.35,3.8919525,143527043.72,0.0,0.0,1
8608370000118,2018-08-15,148328523.15,3.8939235,143599729.87,0.0,0.0,1
8608370000118,2018-08-16,144199529.42,3.8951540999999996,143645112.17,0.0,0.0,1
8608370000118,2018-08-17,144221824.11,3.8973525,143726184.71,0.0,0.0,1
8608370000118,2018-08-20,144135629.84,3.8949038000000002,143635883.22,0.0,0.0,1
8608370000118,2018-08-21,143798994.16,3.8838217000000004,143227198.45,0.0,0.0,1
8608370000118,2018-08-22,144044944.78,3.8904199999999998,143470529.48,0.0,0.0,1
8608370000118,2018-08-23,144007226.97,3.8893355000000014,143430535.45,0.0,0.0,1
8608370000118,2018-08-24,144197984.21,3.8944118999999997,143617741.08,0.0,0.0,1
8608370000118,2018-08-27,144386858.53,3.8994413,143803215.94,0.0,0.0,1
8608370000118,2018-08-28,144335346.67,3.8979074000000002,143746650.32,0.0,0.0,1
8608370000118,2018-08-29,144435407.72,3.8998508000000003,143818315.88,0.0,0.0,1
8608370000118,2018-08-30,144345186.38,3.8973084000000013,143724560.21,0.0,0.0,1
8608370000118,2018-08-31,144499232.77,3.9011571000000003,143866492.69,0.0,0.0,1
8608370000118,2018-09-03,144386811.33,3.898022,143750875.27,0.0,0.0,1
8608370000118,2018-09-04,144242894.34,3.8940137,143603056.62,0.0,0.0,1
8608370000118,2018-09-05,144131785.61,3.8930932,143569109.89,0.0,0.0,1
8608370000118,2018-09-06,144299444.23,3.897379,143727163.38,0.0,0.0,1
8608370000118,2018-09-10,144362096.85,3.9001571,143829613.84,0.0,0.0,1
8608370000118,2018-09-11,144449322.51,3.9013577000000006,143873890.52,0.0,0.0,1
8608370000118,2018-09-12,144686761.67,3.9077221,144108594.52,0.0,0.0,1
8608370000118,2018-09-13,144610542.16,3.9056934,144033781.74,0.0,0.0,1
8608370000118,2018-09-14,144786106.61,3.910564,144213398.64,0.0,0.0,1
8608370000118,2018-09-17,144976967.28,3.9175079,144819473.87,350000.0,0.0,1
8608370000118,2018-09-18,150087741.3,3.9204187999999993,149577081.02,4650000.0,0.0,1
8608370000118,2018-09-19,150179691.33,3.9211406,149604620.99,0.0,0.0,1
8608370000118,2018-09-20,150205257.73,3.9217801,149629022.28,0.0,0.0,1
8608370000118,2018-09-21,150389664.23,3.9262106,149798058.08,0.0,0.0,1
8608370000118,2018-09-24,150392444.45,3.9262006,149797676.7,0.0,0.0,1
8608370000118,2018-09-25,150475330.82,3.9093801,149155918.33,0.0,0.0,1
8608370000118,2018-09-26,150592001.69,3.9310022,149980874.58,0.0,0.0,1
8608370000118,2018-09-27,150728969.25,3.9346013,150118190.58,0.0,0.0,1
8608370000118,2018-09-28,150627055.63,3.909483,149159846.29,0.0,0.0,1
8608370000118,2018-10-01,150714671.46,3.9117197,149245182.84,0.0,0.0,1
8608370000118,2018-10-02,150968578.69,3.9184031000000004,149500176.47,0.0,0.0,1
8608370000118,2018-10-03,151120502.22,3.923956200000001,149712045.27,0.0,0.0,1
8608370000118,2018-10-04,151334579.19,3.9293339,149917222.69,0.0,0.0,1
8608370000118,2018-10-05,151342977.02,3.9296638999999995,149929813.5,0.0,0.0,1
8608370000118,2018-10-08,152008733.97,3.9468011,150583654.69,0.0,0.0,1
8608370000118,2018-10-09,152364100.41,3.9559824999999997,150933955.86,0.0,0.0,1
8608370000118,2018-10-10,152305494.57,3.9546299,150882348.74,0.0,0.0,1
8608370000118,2018-10-11,152421322.77,3.9576211000000003,150996473.88,0.0,0.0,1
8608370000118,2018-10-15,152652094.56,3.9636737,151227402.94,0.0,0.0,1
8608370000118,2018-10-16,152783206.4,3.9663065000000004,151327851.94,0.0,0.0,1
8608370000118,2018-10-17,152941685.94,3.9720362000000002,151546459.33,0.0,0.0,1
8608370000118,2018-10-18,152898915.34,3.9708701,151501966.74,0.0,0.0,1
8608370000118,2018-10-19,153010466.77,3.9720061,151545310.77,0.0,0.0,1
8608370000118,2018-10-22,153276129.97,3.9787432999999996,151802355.36,0.0,0.0,1
8608370000118,2018-10-23,153387963.65,3.9816092000000003,151911698.9,0.0,0.0,1
8608370000118,2018-10-24,153347824.13,3.9805312999999996,151870575.31,0.0,0.0,1
8608370000118,2018-10-25,153339128.11,3.9803148999999998,151862320.17,0.0,0.0,1
8608370000118,2018-10-26,153608363.93,3.9874267999999997,152133660.22,0.0,0.0,1
8608370000118,2018-10-29,153623675.58,3.9873502999999997,152130744.5,0.0,0.0,1
8608370000118,2018-10-30,153714174.49,3.9897266000000013,152221407.3,0.0,0.0,1
8608370000118,2018-10-31,153706435.92,3.9894947999999997,152212564.38,0.0,0.0,1
8608370000118,2018-11-01,153859172.18,3.9934658,152364067.85,0.0,0.0,1
8608370000118,2018-11-05,153974222.57,3.9962052,152468587.91,0.0,0.0,1
8608370000118,2018-11-06,153969177.73,3.9980389,152538547.82,0.0,0.0,1
8608370000118,2018-11-07,153885033.89,3.9958307,152454297.46,0.0,0.0,1
8608370000118,2018-11-08,153899266.8,3.9959554,152459057.57,0.0,0.0,1
8608370000118,2018-11-09,154208765.08,4.0039066,152762422.24,0.0,0.0,1
8608370000118,2018-11-12,154213983.12,4.0040012,152766030.84,0.0,0.0,1
8608370000118,2018-11-13,154247875.3,4.0046599,152791161.8,0.0,0.0,1
8608370000118,2018-11-14,154445998.87,4.0091392,152962061.77,0.0,0.0,1
8608370000118,2018-11-16,154755599.34,4.017191,153269265.63,0.0,0.0,1
8608370000118,2018-11-19,154680179.91,4.0165624,153245283.75,0.0,0.0,1
8608370000118,2018-11-20,154726496.57,4.0177146,153289241.99,0.0,0.0,1
8608370000118,2018-11-21,154984921.17,4.022616,153476248.93,0.0,0.0,1
8608370000118,2018-11-22,155038026.04,4.0239438,153526908.72,0.0,0.0,1
8608370000118,2018-11-23,155088367.44,4.0252596,153577109.8,0.0,0.0,1
8608370000118,2018-11-26,154863093.22,4.0205318,153396726.56,0.0,0.0,1
8608370000118,2018-11-27,154868615.47,4.0201315000000015,153381456.87,0.0,0.0,1
8608370000118,2018-11-28,154986692.74,4.0229163,153487705.14,0.0,0.0,1
8608370000118,2018-11-29,155060453.8,4.0246208,153552735.55,0.0,0.0,1
8608370000118,2018-11-30,155050395.99,4.0241131,153533366.63,0.0,0.0,1
8608370000118,2018-12-03,155128684.77,4.0260708,153608059.21,0.0,0.0,1
8608370000118,2018-12-04,155144359.33,4.0263889,153620196.3,0.0,0.0,1
8608370000118,2018-12-05,155157612.4,4.0283657999999996,153695621.3,0.0,0.0,1
8608370000118,2018-12-06,155250094.82,4.0308136,153789013.2,0.0,0.0,1
8608370000118,2018-12-07,155303951.43,4.0322104,153842306.98,0.0,0.0,1
8608370000118,2018-12-10,155351587.66,4.0330999,153876244.33,0.0,0.0,1
8608370000118,2018-12-11,155416553.64,4.0348308,153942284.26,0.0,0.0,1
8608370000118,2018-12-12,155571317.19,4.0388321000000005,154094944.12,0.0,0.0,1
8608370000118,2018-12-13,155764526.54,4.0439099999999994,154288683.22,0.0,0.0,1
8608370000118,2018-12-14,155867224.02,4.0462474,154377864.57,0.0,0.0,1
8608370000118,2018-12-17,155914928.34,4.0491127,154487184.73,0.0,0.0,1
8608370000118,2018-12-18,155941276.68,4.0498196,154514155.58,0.0,0.0,1
8608370000118,2018-12-19,156186274.08,4.0544847,154692142.74,0.0,0.0,1
8608370000118,2018-12-20,156274027.9,4.0575821,154810319.08,0.0,0.0,1
8608370000118,2018-12-21,156315936.59,4.0576392,154812498.3,0.0,0.0,1
8608370000118,2018-12-24,156352692.5,4.0586723,154851916.71,0.0,0.0,1
8608370000118,2018-12-26,156448939.34,4.0608227,154933960.23,0.0,0.0,1
8608370000118,2018-12-27,156637885.33,4.0629554,155015328.25,0.0,0.0,1
8608370000118,2018-12-28,156727000.87,4.0675701,155191394.86,0.0,0.0,1
8608370000118,2018-12-31,156726834.07,4.0679532,155206011.56,0.0,0.0,1
8608370000118,2019-01-02,157034987.07,4.0754414,155491712.17,0.0,0.0,1
8608370000118,2019-01-03,157217212.84,4.0800775,155668595.6,0.0,0.0,1
8608370000118,2019-01-04,157204257.39,4.0820137,155742467.84,0.0,0.0,1
8608370000118,2019-01-07,157169423.02,4.0808874,155699494.32,0.0,0.0,1
8608370000118,2019-01-08,157248604.05,4.0832144,155788277.18,0.0,0.0,1
8608370000118,2019-01-09,157449035.29,4.0881794000000005,155977709.34,0.0,0.0,1
8608370000118,2019-01-10,157469027.57,4.0888247,134502328.63,0.0,21500000.0,1
8608370000118,2019-01-11,135971754.0,4.0891036,134511503.46,0.0,0.0,1
8608370000118,2019-01-14,136094988.14,4.0926508,134628188.66,0.0,0.0,1
8608370000118,2019-01-15,136029068.04,4.0906505,134562389.06,0.0,0.0,1
8608370000118,2019-01-16,136114600.13,4.0932453,134647746.75,0.0,0.0,1
8608370000118,2019-01-17,136113939.02,4.0950445,134706930.25,0.0,0.0,1
8608370000118,2019-01-18,136140403.28,4.0992791,134846229.07,0.0,0.0,1
8608370000118,2019-01-21,136264829.72,4.0973236,134781903.47,0.0,0.0,1
8608370000118,2019-01-22,136380974.55,4.1008394,134897555.68,0.0,0.0,1
8608370000118,2019-01-23,136501515.01,4.104397799999999,135014608.91,0.0,0.0,1
8608370000118,2019-01-24,136518949.32,4.1049031000000005,135031230.73,0.0,0.0,1
8608370000118,2019-01-25,136568189.1,4.1053633000000005,135046367.92,0.0,0.0,1
8608370000118,2019-01-28,136586243.59,4.1058557,135062565.49,0.0,0.0,1
8608370000118,2019-01-29,136715386.05,4.1099847999999986,135198392.92,0.0,0.0,1
8608370000118,2019-01-30,136842492.05,4.1134016,135310788.57,0.0,0.0,1
8608370000118,2019-01-31,137096699.31,4.1209666,135559640.31,0.0,0.0,1
8608370000118,2019-02-01,137238618.21,4.125198200000002,135698838.75,0.0,0.0,1
8608370000118,2019-02-04,137252878.61,4.1255231,135709526.76,0.0,0.0,1
8608370000118,2019-02-05,137189935.37,4.1257737,135717770.72,0.0,0.0,1
8608370000118,2019-02-06,137323981.63,4.129745,135848406.15,0.0,0.0,1
8608370000118,2019-02-07,137276414.26,4.1279577000000005,135789613.65,0.0,0.0,1
8608370000118,2019-02-08,137212394.36,4.1259511,135723608.19,0.0,0.0,1
8608370000118,2019-02-11,137213737.84,4.1259973,135725128.26,0.0,0.0,1
8608370000118,2019-02-12,137353895.86,4.1301999,135863370.79,0.0,0.0,1
8608370000118,2019-02-13,137501927.58,4.1347371,136012624.57,0.0,0.0,1
8608370000118,2019-02-14,137622133.41,4.1383004,136129839.5,0.0,0.0,1
8608370000118,2019-02-15,137818479.52,4.1441616,136322643.13,0.0,0.0,1
8608370000118,2019-02-18,137705613.09,4.1421705,136257144.69,0.0,0.0,1
8608370000118,2019-02-19,137782114.07,4.1444315000000005,136331523.21,0.0,0.0,1
8608370000118,2019-02-20,137781398.47,4.1425317,136269026.2,0.0,0.0,1
8608370000118,2019-02-21,137817153.19,4.1436085,136304449.2,0.0,0.0,1
8608370000118,2019-02-22,137913410.15,4.1464728,136398670.68,0.0,0.0,1
8608370000118,2019-02-25,137912390.92,4.1464064,136396484.75,0.0,0.0,1
8608370000118,2019-02-26,137940929.22,4.1472388,136423868.26,0.0,0.0,1
8608370000118,2019-02-27,138098316.18,4.1517088,136570910.68,0.0,0.0,1
8608370000118,2019-02-28,138004082.8,4.1488415000000005,136476588.89,0.0,0.0,1
8608370000118,2019-03-01,138008255.33,4.1481436,136453630.89,0.0,0.0,1
8608370000118,2019-03-06,138006983.96,4.148023200000001,136449672.48,0.0,0.0,1
8608370000118,2019-03-07,138014133.43,4.1500869,136517555.97,0.0,0.0,1
8608370000118,2019-03-08,138169795.54,4.1548302,136673589.54,0.0,0.0,1
8608370000118,2019-03-11,138418725.56,4.1620163,136909976.15,0.0,0.0,1
8608370000118,2019-03-12,138529870.0,4.1652794,137017316.62,0.0,0.0,1
8608370000118,2019-03-13,138764532.35,4.1722443,134745219.32,0.0,2501208.16,1
8608370000118,2019-03-14,136235982.0,4.1716159,134724925.55,0.0,0.0,1
8608370000118,2019-03-15,136357097.9,4.1749555,134832779.83,0.0,0.0,1
8608370000118,2019-03-18,136458737.97,4.1827679,135085086.24,0.0,0.0,1
8608370000118,2019-03-19,140560344.14,4.1831252,139096623.57,4000000.0,0.0,1
8608370000118,2019-03-20,140718497.26,4.1857178,139182831.41,0.0,0.0,1
8608370000118,2019-03-21,140705549.97,4.1853428,139170364.76,0.0,0.0,1
8608370000118,2019-03-22,140417817.1,4.1767262,138883843.95,0.0,0.0,1
8608370000118,2019-03-25,140481280.56,4.1784357000000005,138940689.81,0.0,0.0,1
8608370000118,2019-03-26,140457496.89,4.1776709,138915259.53,0.0,0.0,1
8608370000118,2019-03-27,140239285.56,4.171081299999999,138696140.93,0.0,0.0,1
8608370000118,2019-03-28,140540223.77,4.1801489,138997655.38,0.0,0.0,1
8608370000118,2019-03-29,140672691.44,4.1838079,139119323.8,0.0,0.0,1
8608370000118,2019-04-01,140791459.23,4.186476,139208044.51,0.0,0.0,1
8608370000118,2019-04-02,140964163.31,4.1915031,139375205.22,0.0,0.0,1
8608370000118,2019-04-03,140887285.27,4.1909099,139355480.2,0.0,0.0,1
8608370000118,2019-04-04,140999523.98,4.1944832000000005,139474300.04,0.0,0.0,1
8608370000118,2019-04-05,141085683.92,4.1969558,139556516.66,0.0,0.0,1
8608370000118,2019-04-08,141063879.18,4.1963916,139537756.69,0.0,0.0,1
8608370000118,2019-04-09,140996804.26,4.1940073,139458473.95,0.0,0.0,1
8608370000118,2019-04-10,141127316.23,4.1979934000000005,139591020.1,0.0,0.0,1
8608370000118,2019-04-11,141119248.69,4.197619,139578568.39,0.0,0.0,1
8608370000118,2019-04-12,141121620.71,4.2072717000000015,139899540.82,0.0,0.0,1
8608370000118,2019-04-15,141126120.08,4.199339,139635763.28,0.0,0.0,1
8608370000118,2019-04-16,141218122.67,4.2001865,139663944.42,0.0,0.0,1
8608370000118,2019-04-17,141179007.68,4.2005330999999995,139675468.33,0.0,0.0,1
8608370000118,2019-04-18,141344229.37,4.205286599999999,139833530.84,0.0,0.0,1
8608370000118,2019-04-22,141522251.28,4.2089608,139955705.33,0.0,0.0,1
8608370000118,2019-04-23,141717645.71,4.2150615,140158563.47,0.0,0.0,1
8608370000118,2019-04-24,141725198.92,4.213911599999999,140120329.2,0.0,0.0,1
8608370000118,2019-04-25,141785945.91,4.2156538,140178260.16,0.0,0.0,1
8608370000118,2019-04-26,141826194.6,4.216978599999999,140222313.56,0.0,0.0,1
8608370000118,2019-04-29,141920504.04,4.219506900000002,140306383.13,0.0,0.0,1
8608370000118,2019-04-30,142029973.3,4.2218802,140385300.47,0.0,0.0,1
8608370000118,2019-05-02,142082379.02,4.2233782999999985,140435114.56,0.0,0.0,1
8608370000118,2019-05-03,142362633.06,4.231586,140708035.29,0.0,0.0,1
8608370000118,2019-05-06,142422439.27,4.235346,140833061.23,0.0,0.0,1
8608370000118,2019-05-07,142433942.92,4.235810099999999,140848492.8,0.0,0.0,1
8608370000118,2019-05-08,143019654.11,4.2532135,141427189.0,0.0,0.0,1
8608370000118,2019-05-09,143103191.4,4.2556874,141509452.46,0.0,0.0,1
8608370000118,2019-05-10,143210835.19,4.259117400000001,141623505.82,0.0,0.0,1
8608370000118,2019-05-13,143231153.47,4.259221,141626948.18,0.0,0.0,1
8608370000118,2019-05-14,143422544.27,4.265026,141819977.47,0.0,0.0,1
8608370000118,2019-05-15,143387287.22,4.2655541,141837536.02,0.0,0.0,1
8608370000118,2019-05-16,143344970.89,4.2625898,141738968.3,0.0,0.0,1
8608370000118,2019-05-17,143195975.1,4.2595706,141638573.26,0.0,0.0,1
8608370000118,2019-05-20,143318874.98,4.2629127,141749706.41,0.0,0.0,1
8608370000118,2019-05-21,143559183.81,4.2685058,141935687.38,0.0,0.0,1
8608370000118,2019-05-22,143650542.67,4.2702026,141992108.59,0.0,0.0,1
8608370000118,2019-05-23,143703162.55,4.2716684,142040848.54,0.0,0.0,1
8608370000118,2019-05-24,143752755.49,4.273111900000001,142088848.52,0.0,0.0,1
8608370000118,2019-05-27,143597917.3,4.2753183,142162212.97,0.0,0.0,1
8608370000118,2019-05-28,144093315.53,4.2831746,142423449.55,0.0,0.0,1
8608370000118,2019-05-29,144273102.27,4.2882608,142592575.82,0.0,0.0,1
8608370000118,2019-05-30,144367738.85,4.2912365,142691525.29,0.0,0.0,1
8608370000118,2019-05-31,144458692.91,4.2936828,142772867.27,0.0,0.0,1
8608370000118,2019-06-03,144527238.36,4.2956422,142838020.78,0.0,0.0,1
8608370000118,2019-06-04,144612558.7,4.2981249,142920576.42,0.0,0.0,1
8608370000118,2019-06-05,144533550.62,4.2975817,142902512.85,0.0,0.0,1
8608370000118,2019-06-06,144737351.71,4.3035022000000005,143099381.65,0.0,0.0,1
8608370000118,2019-06-07,144933738.57,4.309148599999999,143287134.19,0.0,0.0,1
8608370000118,2019-06-10,145071111.37,4.3131309,143419551.48,0.0,0.0,1
8608370000118,2019-06-11,145170914.39,4.315976099999999,143514161.44,0.0,0.0,1
8608370000118,2019-06-12,145097582.08,4.313914,143445592.17,0.0,0.0,1
8608370000118,2019-06-13,145206151.29,4.3168903,143544560.69,0.0,0.0,1
8608370000118,2019-06-14,145318098.78,4.3201087,143651578.16,0.0,0.0,1
8608370000118,2019-06-17,145275311.93,4.3223245000000015,143725256.35,0.0,0.0,1
8608370000118,2019-06-18,145405130.97,4.324164700000001,143786446.34,0.0,0.0,1
8608370000118,2019-06-19,145516725.62,4.3264048,143860933.81,0.0,0.0,1
8608370000118,2019-06-21,145939098.5,4.337224099999999,144220694.79,0.0,0.0,1
8608370000118,2019-06-24,146024256.78,4.3396292999999995,144300674.4,0.0,0.0,1
8608370000118,2019-06-25,145916438.05,4.3364598,144195282.99,0.0,0.0,1
8608370000118,2019-06-26,145970794.75,4.3380418,144247887.74,0.0,0.0,1
8608370000118,2019-06-27,146088846.19,4.3414265,144360433.34,0.0,0.0,1
8608370000118,2019-06-28,146314215.14,4.3476578,144567637.7,0.0,0.0,1
8608370000118,2019-07-01,146382609.25,4.34984,144640196.84,0.0,0.0,1
8608370000118,2019-07-02,146411280.18,4.3503134,144655939.77,0.0,0.0,1
8608370000118,2019-07-03,146409334.95,4.3536821,144767954.78,0.0,0.0,1
8608370000118,2019-07-04,146531048.65,4.3571709,144883965.35,0.0,0.0,1
8608370000118,2019-07-05,146592225.98,4.3590187999999985,144945411.74,0.0,0.0,1
8608370000118,2019-07-08,146729616.1,4.3626234,145065269.32,0.0,0.0,1
8608370000118,2019-07-09,146761264.72,4.363567400000001,145096660.12,0.0,0.0,1
8608370000118,2019-07-10,146934081.43,4.3682205000000005,145251385.24,0.0,0.0,1
8608370000118,2019-07-11,147064251.83,4.3720869,145379948.16,0.0,0.0,1
8608370000118,2019-07-12,147121081.62,4.373774,145436047.92,0.0,0.0,1
8608370000118,2019-07-15,147091419.42,4.3745838,145462975.23,0.0,0.0,1
8608370000118,2019-07-16,147148226.15,4.3746570999999985,145465413.84,0.0,0.0,1
8608370000118,2019-07-17,147194326.7,4.3774085,145556903.17,0.0,0.0,1
8608370000118,2019-07-18,147255212.9,4.381075599999999,145678839.48,0.0,0.0,1
8608370000118,2019-07-19,147332137.5,4.3817438,145701060.13,0.0,0.0,1
8608370000118,2019-07-22,147348635.77,4.3820242999999985,145710386.97,0.0,0.0,1
8608370000118,2019-07-23,147449607.75,4.3849472999999985,145807579.91,0.0,0.0,1
8608370000118,2019-07-24,147493245.47,4.386166,145848105.49,0.0,0.0,1
8608370000118,2019-07-25,147476742.48,4.3857269,145833505.55,0.0,0.0,1
8608370000118,2019-07-26,147538469.8,4.387521,145893160.23,0.0,0.0,1
8608370000118,2019-07-29,147560172.68,4.3860723,145844989.22,0.0,0.0,1
8608370000118,2019-07-30,147636554.84,4.3879237,145906551.67,0.0,0.0,1
8608370000118,2019-07-31,147581176.12,4.3863415,145853942.16,0.0,0.0,1
8608370000118,2019-08-01,147675986.84,4.3890959,145945530.45,0.0,0.0,1
8608370000118,2019-08-02,147730934.3,4.390626599999999,145996428.2,0.0,0.0,1
8608370000118,2019-08-05,147585696.79,4.386540599999999,145860560.65,0.0,0.0,1
8608370000118,2019-08-06,147716518.4,4.392230400000001,146049757.38,0.0,0.0,1
8608370000118,2019-08-07,147823298.9,4.3954339000000004,146161277.94,5000.0,0.0,1
8608370000118,2019-08-08,147887374.73,4.396957,146211928.34,0.0,0.0,1
8608370000118,2019-08-09,148127366.55,4.4039842,146445602.98,0.0,0.0,1
8608370000118,2019-08-12,148146889.17,4.404562599999998,146464834.41,0.0,0.0,1
8608370000118,2019-08-13,148207345.84,4.4064057,146526124.89,0.0,0.0,1
8608370000118,2019-08-14,148169031.41,4.4051367,146483926.25,0.0,0.0,1
8608370000118,2019-08-15,148208521.75,4.4071937000000005,146552326.36,0.0,0.0,1
8608370000118,2019-08-16,148359880.34,4.4107118,146669315.5,0.0,0.0,1
8608370000118,2019-08-19,148293575.77,4.4103194000000006,146656266.01,0.0,0.0,1
8608370000118,2019-08-20,148305175.18,4.410849400000001,146673889.73,0.0,0.0,1
8608370000118,2019-08-21,148460244.6,4.4139352,146776504.16,0.0,0.0,1
8608370000118,2019-08-22,148457832.91,4.413654,146767151.69,0.0,0.0,1
8608370000118,2019-08-23,148418007.55,4.4114907,146695215.99,0.0,0.0,1
8608370000118,2019-08-26,148338390.39,4.4092712,146621410.56,0.0,0.0,1
8608370000118,2019-08-27,148270438.83,4.4074344000000005,146560330.97,0.0,0.0,1
8608370000118,2019-08-28,148203013.45,4.4049806,146478737.11,0.0,0.0,1
8608370000118,2019-08-29,148242349.96,4.4061095,146516276.73,0.0,0.0,1
8608370000118,2019-08-30,148539214.49,4.414902,146808651.74,0.0,0.0,1
8608370000118,2019-09-02,148537840.52,4.4147826,146804680.57,0.0,0.0,1
8608370000118,2019-09-03,148669602.11,4.418583,146931057.5,0.0,0.0,1
8608370000118,2019-09-04,148830859.81,4.4232682,147086853.02,0.0,0.0,1
8608370000118,2019-09-05,148798839.58,4.4242557,147119688.78,0.0,0.0,1
8608370000118,2019-09-06,148839229.95,4.4255142,147161539.85,0.0,0.0,1
8608370000118,2019-09-09,148866217.84,4.4263163,147188212.44,0.0,0.0,1
8608370000118,2019-09-10,148878163.24,4.4263733,147190107.29,0.0,0.0,1
8608370000118,2019-09-11,148722243.99,4.4247364000000005,147135674.95,0.0,0.0,1
8608370000118,2019-09-12,148790735.94,4.4268768,147206850.87,0.0,0.0,1
8608370000118,2019-09-13,148778157.72,4.4263481,147189267.72,0.0,0.0,1
8608370000118,2019-09-16,148911150.92,4.4290299000000015,147278447.87,0.0,0.0,1
8608370000118,2019-09-17,149051925.6,4.432784099999999,147403285.17,0.0,0.0,1
8608370000118,2019-09-18,149112967.84,4.4345352999999985,147461516.34,0.0,0.0,1
8608370000118,2019-09-19,149438568.19,4.4425021,147726437.3,0.0,0.0,1
8608370000118,2019-09-20,149594220.7,4.446876400000002,147871896.75,0.0,0.0,1
8608370000118,2019-09-23,149632929.98,4.4476462,147897494.35,0.0,0.0,1
8608370000118,2019-09-24,149614067.42,4.4471152,147879836.71,0.0,0.0,1
8608370000118,2019-09-25,149673879.64,4.4490291,147943480.14,0.0,0.0,1
8608370000118,2019-09-26,149781645.14,4.451653599999998,148030753.31,0.0,0.0,1
8608370000118,2019-09-27,149916135.69,4.4554721,148157728.43,0.0,0.0,1
8608370000118,2019-09-30,149919928.59,4.4555767999999984,148161209.08,0.0,0.0,1
8608370000118,2019-10-01,150050502.01,4.397525099999998,146230817.07,0.0,0.0,1
8608370000118,2019-10-02,150105003.65,4.398893599999999,146276324.08,0.0,0.0,1
8608370000118,2019-10-03,150121532.86,4.4015137000000015,146363449.74,0.0,0.0,1
8608370000118,2019-10-04,150103188.81,4.4009176,146343630.18,0.0,0.0,1
8608370000118,2019-10-07,150093295.73,4.4003952,146326256.44,0.0,0.0,1
8608370000118,2019-10-08,150137994.45,4.4017222,146370385.84,0.0,0.0,1
8608370000118,2019-10-09,150228010.66,4.404458900000002,146461386.22,0.0,0.0,1
8608370000118,2019-10-10,150396558.05,4.409394,146625495.36,0.0,0.0,1
8608370000118,2019-10-11,150579854.16,4.454021099999999,148109479.6,0.0,0.0,1
8608370000118,2019-10-14,150731736.92,4.4588895,148271368.65,0.0,0.0,1
8608370000118,2019-10-15,150728501.27,4.4596358,148296184.33,0.0,0.0,1
8608370000118,2019-10-16,150990473.59,4.4649737,148473684.8,0.0,0.0,1
8608370000118,2019-10-17,151121522.75,4.4699677000000015,148639750.09,0.0,0.0,1
8608370000118,2019-10-18,151070053.56,4.4685449,148592437.34,0.0,0.0,1
8608370000118,2019-10-21,151202497.89,4.4707192000000004,148664739.55,0.0,0.0,1
8608370000118,2019-10-22,151096417.11,4.4676029999999995,148561118.58,0.0,0.0,1
8608370000118,2019-10-23,151204779.34,4.470746299999999,148665640.62,0.0,0.0,1
8608370000118,2019-10-24,151225822.46,4.4713657,148686236.96,0.0,0.0,1
8608370000118,2019-10-25,151378353.87,4.4758027,148833781.25,0.0,0.0,1
8608370000118,2019-10-28,151512956.94,4.4793187,148950698.82,0.0,0.0,1
8608370000118,2019-10-29,151638781.78,4.4829169,149070351.23,0.0,0.0,1
8608370000118,2019-10-30,151778750.56,4.486870099999999,149201806.67,0.0,0.0,1
8608370000118,2019-10-31,151696921.59,4.4844908,149122688.21,0.0,0.0,1
8608370000118,2019-11-01,151747430.54,4.4860899000000005,149175861.45,0.0,0.0,1
8608370000118,2019-11-04,151813221.68,4.4879317,149237108.77,0.0,0.0,1
8608370000118,2019-11-05,151779475.65,4.4891744000000005,149278429.91,0.0,0.0,1
8608370000118,2019-11-06,151764279.26,4.4884543,149254483.97,0.0,0.0,1
8608370000118,2019-11-07,151705347.29,4.4869012,149202839.7,0.0,0.0,1
8608370000118,2019-11-08,151682501.26,4.4862628,149181612.82,0.0,0.0,1
8608370000118,2019-11-11,151754619.94,4.4883481,149250954.8,0.0,0.0,1
8608370000118,2019-11-12,151599584.82,4.4837467,149097942.37,0.0,0.0,1
8608370000118,2019-11-13,151521608.43,4.4806104000000015,148993652.09,0.0,0.0,1
8608370000118,2019-11-14,151572943.14,4.4820814,149042566.84,0.0,0.0,1
8608370000118,2019-11-18,153470126.41,4.4814327,151020996.25,2000000.0,0.0,1
8608370000118,2019-11-19,153497992.88,4.4812846,151016004.98,0.0,0.0,1
8608370000118,2019-11-20,153595143.6,4.4825255,151057821.69,0.0,0.0,1
8608370000118,2019-11-21,153419716.01,4.4773586,150883700.31,0.0,0.0,1
8608370000118,2019-11-22,153553923.91,4.481333599999999,151017657.29,0.0,0.0,1
8608370000118,2019-11-25,153539313.47,4.4809483,151004673.57,0.0,0.0,1
8608370000118,2019-11-26,153490406.87,4.4789615,150937717.23,0.0,0.0,1
8608370000118,2019-11-27,153455083.77,4.4777684,150897510.28,0.0,0.0,1
8608370000118,2019-11-28,153658166.16,4.4837278,151098339.82,0.0,0.0,1
8608370000118,2019-11-29,153709788.98,4.4851863,151147489.49,0.0,0.0,1
8608370000118,2019-12-02,153618539.55,4.483634599999999,151095197.95,0.0,0.0,1
8608370000118,2019-12-03,153828753.09,4.4884010000000005,151255821.25,0.0,0.0,1
8608370000118,2019-12-04,153928624.14,4.4934422,151425708.69,0.0,0.0,1
8608370000118,2019-12-05,153994992.61,4.4954059,151491883.97,0.0,0.0,1
8608370000118,2019-12-06,154193224.34,4.501240599999999,151688506.71,0.0,0.0,1
8608370000118,2019-12-09,154278976.01,4.5034564,151763178.11,0.0,0.0,1
8608370000118,2019-12-10,153269806.49,4.473457099999999,150752223.8,0.0,0.0,1
8608370000118,2019-12-11,153358358.17,4.475240400000001,150812321.04,0.0,0.0,1
8608370000118,2019-12-12,153449478.51,4.4780475,150906916.13,0.0,0.0,1
8608370000118,2019-12-13,154417572.34,4.5068969,151879119.87,0.0,0.0,1
8608370000118,2019-12-16,154350165.37,4.5063976,151862295.39,0.0,0.0,1
8608370000118,2019-12-17,154138948.87,4.4998226,151640720.66,0.0,0.0,1
8608370000118,2019-12-18,154158390.81,4.5005434,151665013.23,0.0,0.0,1
8608370000118,2019-12-19,153926557.44,4.4920789,151379764.67,0.0,0.0,1
8608370000118,2019-12-20,154179132.83,4.499503,151629951.96,0.0,0.0,1
8608370000118,2019-12-23,154385506.72,4.5052969,151825202.21,0.0,0.0,1
8608370000118,2019-12-24,154432987.92,4.5066599,151871133.06,0.0,0.0,1
8608370000118,2019-12-26,154656184.6,4.5133676,152097179.56,0.0,0.0,1
8608370000118,2019-12-27,154766429.68,4.5165038,152202867.21,0.0,0.0,1
8608370000118,2019-12-30,154978506.0,4.522416099999999,152402107.54,0.0,0.0,1
8608370000118,2019-12-31,156773659.97,4.5756227,154195129.94,0.0,0.0,1
08608370000118,2020-01-02,156822792.66,4.5760478,154209454.87,0.0,0.0,1
08608370000118,2020-01-03,156883895.39,4.5777636,154267276.63,0.0,0.0,1
08608370000118,2020-01-06,156721809.11,4.5749386,154172074.86,0.0,0.0,1
08608370000118,2020-01-07,156925361.8,4.580695,154366063.99,0.0,0.0,1
08608370000118,2020-01-08,156994727.11,4.5827766,154436212.02,0.0,0.0,1
08608370000118,2020-01-09,157014559.69,4.5833169,154454417.82,0.0,0.0,1
08608370000118,2020-01-10,157103536.73,4.5859905,154544517.97,0.0,0.0,1
08608370000118,2020-01-13,156941233.91,4.5814253,154390672.1,0.0,0.0,1
08608370000118,2020-01-14,157108659.66,4.5865071,154561925.98,0.0,0.0,1
08608370000118,2020-01-15,157329210.97,4.5935145,154798070.56,0.0,0.0,1
08608370000118,2020-01-16,157219237.01,4.5905349,154697660.66,0.0,0.0,1
08608370000118,2020-01-17,157377634.13,4.5944484,154829542.85,0.0,0.0,1
08608370000118,2020-01-20,157316646.42,4.5925171,154764459.68,0.0,0.0,1
08608370000118,2020-01-21,157377957.57,4.5930188,154781365.35,0.0,0.0,1
08608370000118,2020-01-22,157845968.57,4.6065662,155237903.22,0.0,0.0,1
