CNPJ_FUNDO,DT_COMPTC,VL_TOTAL,VL_QUOTA,VL_PATRIM_LIQ,CAPTC_DIA,RESG_DIA,NR_COTST
11087074000123,2010-03-08,0.0,1.0,4200.0,4200.0,0.0,5
11087074000123,2010-03-09,4767.0,0.9990714,4196.1,0.0,0.0,5
11087074000123,2010-03-10,4706.0,0.9844905,5134.86,1000.0,0.0,6
11087074000123,2010-03-11,19138.8,0.9756749,19688.88,14600.0,0.0,23
11087074000123,2010-03-12,42233.1,0.9694944,44464.16,24900.0,0.0,33
11087074000123,2010-03-15,50436.0,0.9748769,50981.02,6270.0,0.0,39
11087074000123,2010-03-16,62179.0,0.9980643,62693.6,10500.0,0.0,42
11087074000123,2010-03-17,62898.0,0.9942788,64055.81,1600.0,0.0,46
11087074000123,2010-03-18,67222.8,0.9878121,67939.2,4300.0,0.0,48
11087074000123,2010-03-19,69732.0,0.976461,70558.5,3400.0,0.0,52
11087074000123,2010-03-22,72872.8,0.9870933,74226.78,2900.0,0.0,54
11087074000123,2010-03-23,78165.5,1.0121928,78314.2,2200.0,0.0,56
11087074000123,2010-03-24,99910.0,1.0110804,100873.62,22645.49,0.0,61
11087074000123,2010-03-25,144991.7,1.003965,146201.75,50154.0,4115.98,69
11087074000123,2010-03-26,180120.5,1.011634,182724.54,35406.0,0.0,87
11087074000123,2010-03-29,203280.6,1.0302024,206818.42,20740.0,0.0,99
11087074000123,2010-03-30,212074.0,1.0319563,213958.99,7000.0,211.53,105
11087074000123,2010-03-31,224461.5,1.0319116,226999.72,13050.0,0.0,114
11087074000123,2010-04-01,351148.5,1.0397973,354074.41,125340.0,0.0,119
11087074000123,2010-04-05,389855.7,1.0363703000000002,394168.79,41261.35,0.0,124
11087074000123,2010-04-06,404757.0,1.039998,406293.54,10745.0,0.0,127
11087074000123,2010-04-07,413648.0,1.0447284,414948.37,6806.82,0.0,130
11087074000123,2010-04-08,457531.0,1.061885,458365.49,36602.8,0.0,138
11087074000123,2010-04-09,458339.2,1.0636940000000001,461813.49,3200.0,532.87,138
11087074000123,2010-04-12,582610.0,1.0574838,586517.27,127400.0,0.0,146
11087074000123,2010-04-13,615476.0,1.0615305,618995.93,30234.25,0.0,154
11087074000123,2010-04-14,653558.2,1.0695033999999999,656156.43,32732.0,220.63,158
11087074000123,2010-04-15,651776.0,1.0752836000000001,658753.68,0.0,949.02,155
11087074000123,2010-04-16,658927.1,1.0621151000000002,665132.02,14645.86,200.04,161
11087074000123,2010-04-19,659519.9,1.0549719,668407.77,7749.05,0.0,164
11087074000123,2010-04-20,747573.3,1.0378369,758951.5,106373.93,4973.8,175
11087074000123,2010-04-22,761747.7,1.0435594000000001,768714.58,5578.33,0.0,178
11087074000123,2010-04-23,755155.8,1.034549,762568.38,1900.0,1408.94,178
11087074000123,2010-04-26,770770.0,1.0290654000000001,777726.38,19200.0,0.0,184
11087074000123,2010-04-27,742019.4,0.9786306999999999,749024.18,9609.3,194.96,188
11087074000123,2010-04-28,737559.0,0.9727450999999999,745661.37,2300.0,1158.09,187
11087074000123,2010-04-29,781390.5,1.0048821,792096.02,22000.0,200.18,191
11087074000123,2010-04-30,759834.9,0.9774777,769445.99,3800.0,4848.55,193
11087074000123,2010-05-03,863010.5,0.9528624,870369.46,120300.0,0.0,196
11087074000123,2010-05-04,911759.5,0.9069234,916372.27,96500.0,8535.32,197
11087074000123,2010-05-05,942786.0,0.9288203000000002,947424.14,10650.0,1723.09,198
11087074000123,2010-05-06,920816.1,0.9072277,926800.05,6150.0,4749.1,200
11087074000123,2010-05-07,920389.5,0.9067562,926626.01,500.0,192.3,199
11087074000123,2010-05-10,972079.5,0.9484393,974748.3,20200.0,14674.24,199
11087074000123,2010-05-11,987012.0,0.9326558,992726.95,34200.0,0.0,202
11087074000123,2010-05-12,995892.0,0.9325949,996772.83,6850.0,2739.34,203
11087074000123,2010-05-13,980191.0,0.9178502,985921.45,4908.02,0.0,207
11087074000123,2010-05-14,984719.7,0.8904255999999999,990463.0,34000.0,0.0,209
11087074000123,2010-05-17,966600.3,0.8740843,973322.43,1450.0,413.29,210
11087074000123,2010-05-18,929200.0,0.8404472,934577.06,500.0,1789.36,210
11087074000123,2010-05-19,878670.0,0.8194947,886699.76,5000.0,29578.15,209
11087074000123,2010-05-20,844875.0,0.7882142,849508.69,905.0,4250.3,209
11087074000123,2010-05-21,867443.7,0.8464671999999999,872581.58,0.0,39710.1,205
11087074000123,2010-05-24,864854.0,0.8361784,869534.84,8600.0,1040.5,206
11087074000123,2010-05-25,873546.0,0.8444866,876174.56,0.0,2000.0,206
11087074000123,2010-05-26,860725.3,0.8320801,865364.11,3000.0,938.36,206
11087074000123,2010-05-27,923253.0,0.8840488000000001,931168.77,11757.15,0.0,210
11087074000123,2010-05-28,945133.5,0.8808601999999999,952510.19,24700.0,0.0,213
11087074000123,2010-05-31,970374.4,0.9001802,974101.75,700.0,0.0,216
11087074000123,2010-06-01,950460.0,0.8817246,955130.55,1000.0,0.0,217
11087074000123,2010-06-02,975117.0,0.9004694999999999,980436.08,5000.0,0.0,217
11087074000123,2010-06-04,929657.0,0.8586662,934920.43,0.0,0.0,217
11087074000123,2010-06-07,905335.9,0.8362790000000001,911745.13,1200.0,0.0,218
11087074000123,2010-06-08,915109.8,0.8451936,920176.53,1000.0,2287.65,217
11087074000123,2010-06-09,963208.6,0.848462,970934.86,47200.0,0.0,219
11087074000123,2010-06-10,1048224.6,0.8650399,1053905.7,64000.0,0.0,221
11087074000123,2010-06-11,1067745.8,0.8741658000000001,1076224.07,11200.0,0.0,223
11087074000123,2010-06-14,1027071.0,0.8749283999999999,1027256.3,500.0,50406.74,223
11087074000123,2010-06-15,1035166.0,0.8853617,1036506.05,0.0,3000.0,223
11087074000123,2010-06-16,1025354.0,0.8769283000000001,1027032.94,400.0,0.0,224
11087074000123,2010-06-17,1011126.6,0.8647210999999999,1012736.2,0.0,0.0,224
11087074000123,2010-06-18,997635.1,0.8531429,1001176.17,2000.0,0.0,224
11087074000123,2010-06-21,1018210.5,0.8777439,1021587.92,0.0,8457.83,223
11087074000123,2010-06-22,1011398.1,0.8718309999999999,1022406.07,7700.0,0.0,224
11087074000123,2010-06-23,1024049.7,0.8825591,1034987.01,0.0,0.0,224
11087074000123,2010-06-24,1007737.5,0.8650698,1014112.42,0.0,364.63,222
11087074000123,2010-06-25,1024105.6,0.8789722,1027141.17,700.0,3968.95,224
11087074000123,2010-06-28,1001874.3,0.8598889000000001,1006340.99,3500.0,2000.0,224
11087074000123,2010-06-29,953502.9,0.8185005,957312.71,0.0,590.8,222
11087074000123,2010-06-30,926141.3,0.7950513000000001,930264.11,1170.0,792.59,221
11087074000123,2010-07-01,932737.4,0.800632,936893.38,250.0,150.54,221
11087074000123,2010-07-02,962540.0,0.7967751000000001,971324.59,38944.48,0.0,222
11087074000123,2010-07-05,952408.0,0.7883825,961093.33,0.0,0.0,222
11087074000123,2010-07-06,968863.5,0.7955688,972373.23,7500.0,4980.75,223
11087074000123,2010-07-07,994393.5,0.8163736999999999,998101.72,300.0,0.0,224
11087074000123,2010-07-08,995925.3,0.8175435000000001,999531.91,0.0,0.0,224
11087074000123,2010-07-09,995925.3,0.8174604,999430.31,0.0,0.0,224
11087074000123,2010-07-12,978564.9,0.8031786,982669.38,700.0,0.0,224
11087074000123,2010-07-13,984181.5,0.8076868,992209.07,4200.0,176.0,223
11087074000123,2010-07-14,985459.0,0.8024051,992920.72,7200.0,0.0,225
11087074000123,2010-07-15,975938.9,0.7946304,983500.0,200.0,0.0,225
11087074000123,2010-07-16,965389.6,0.7860262,975689.89,3000.0,160.83,225
11087074000123,2010-07-19,986755.0,0.8062555,991849.25,500.0,9451.16,224
11087074000123,2010-07-20,1048267.0,0.8561721,1052176.27,0.0,1080.1,223
11087074000123,2010-07-21,1054674.5,0.8613004000000001,1059478.57,1000.0,0.0,224
11087074000123,2010-07-22,1073128.1,0.8762156999999999,1077539.28,2300.0,2586.51,223
11087074000123,2010-07-23,1022748.3,0.8831898000000001,1026164.68,0.0,59951.12,221
11087074000123,2010-07-26,1020083.0,0.8808072,1027141.98,6200.0,2454.34,217
11087074000123,2010-07-27,953523.5,0.8775741,958239.58,550.0,65682.12,214
11087074000123,2010-07-28,957525.0,0.8889267,967750.58,250.0,3135.14,214
11087074000123,2010-07-29,957975.6,0.889249,966971.2,0.0,1130.29,210
11087074000123,2010-07-30,961355.1,0.892265,972750.87,2500.0,0.0,211
11087074000123,2010-08-02,993573.0,0.9217236999999999,1003244.27,1200.0,2822.56,212
11087074000123,2010-08-03,917769.8,0.9207666999999999,920118.76,810.0,82893.83,211
11087074000123,2010-08-04,915270.2,0.9181686,916963.66,441.11,1000.0,212
11087074000123,2010-08-05,825993.0,0.9213613000000002,831834.71,10000.0,98317.42,211
11087074000123,2010-08-06,825618.4,0.9208451999999999,832468.75,1100.0,0.0,211
11087074000123,2010-08-09,906399.5,0.9221488999999999,912817.08,79681.03,511.32,213
11087074000123,2010-08-10,895108.0,0.9106453999999999,901829.95,400.0,0.0,213
11087074000123,2010-08-11,870061.4,0.8852589,879506.59,3000.0,182.63,212
11087074000123,2010-08-12,877041.6,0.8921894,883073.88,7000.0,10318.2,210
11087074000123,2010-08-13,854797.7,0.8956056,860095.94,4000.0,30359.2,210
11087074000123,2010-08-16,864563.4,0.9056769,870267.93,500.0,0.0,210
11087074000123,2010-08-17,876322.1,0.9178158000000002,881932.19,0.0,0.0,210
11087074000123,2010-08-18,882500.4,0.9241468,888015.68,0.0,0.0,210
11087074000123,2010-08-19,848587.0,0.9161520000000001,854635.07,0.0,25698.44,208
11087074000123,2010-08-20,837955.5,0.9046565000000001,843211.44,1300.0,2000.0,209
11087074000123,2010-08-23,817659.0,0.8827834999999999,823824.1,1000.0,0.0,210
11087074000123,2010-08-24,803041.9,0.8625918,806980.92,2000.0,0.0,211
11087074000123,2010-08-25,815734.9,0.8541764000000001,823108.04,24000.0,0.0,212
11087074000123,2010-08-26,790801.0,0.8493136,795561.36,2065.0,24925.77,212
11087074000123,2010-08-27,815088.5,0.8751453000000001,824858.2,5100.0,0.0,213
11087074000123,2010-08-30,798941.0,0.8492765999999999,809206.19,8904.53,174.24,214
11087074000123,2010-08-31,821556.9,0.864215,829565.04,6250.0,124.77,216
11087074000123,2010-09-01,858639.0,0.9027486,866881.96,2500.0,2171.68,216
11087074000123,2010-09-02,849715.5,0.893359,857865.48,0.0,0.0,216
11087074000123,2010-09-03,830049.6,0.8905675999999999,834815.13,10950.0,31319.83,216
11087074000123,2010-09-06,800463.3,0.8861025,830872.09,500.0,257.41,216
11087074000123,2010-09-08,785399.3,0.8699406999999999,814596.59,0.0,1121.09,215
11087074000123,2010-09-09,807414.1,0.8710382,812600.02,0.0,3024.27,213
11087074000123,2010-09-10,821953.5,0.8642989999999999,826312.96,20000.0,0.0,213
11087074000123,2010-09-13,843568.2,0.8868107,850365.33,3000.0,469.96,213
11087074000123,2010-09-14,838015.8,0.8809243,843720.76,0.0,1000.0,213
11087074000123,2010-09-15,842775.0,0.8857968,845734.12,0.0,2653.44,211
11087074000123,2010-09-16,838015.8,0.8807159,841682.97,800.0,0.0,212
11087074000123,2010-09-17,829290.6,0.8714904,832966.31,100.0,0.0,212
11087074000123,2010-09-20,844758.0,0.8875764000000002,850341.31,2000.0,0.0,212
11087074000123,2010-09-21,846344.4,0.8891356,851835.1,0.0,0.0,212
11087074000123,2010-09-22,859630.5,0.902906,864059.69,0.0,968.1,211
11087074000123,2010-09-23,861216.9,0.9044661,863353.95,5900.0,8098.7,213
11087074000123,2010-09-24,885607.8,0.9299192,887650.05,0.0,0.0,213
11087074000123,2010-09-27,904248.0,0.9493465,907694.32,1500.0,0.0,215
11087074000123,2010-09-28,910197.0,0.9554677,913641.4,712.0,617.54,214
11087074000123,2010-09-29,914163.0,0.9595142,919761.03,6350.0,4099.75,219
11087074000123,2010-09-30,918129.0,0.9635505,923205.56,2200.0,2624.47,221
11087074000123,2010-10-01,927052.5,0.9727619000000001,931839.46,200.0,391.81,221
11087074000123,2010-10-04,927250.8,0.9728667999999999,931651.96,2510.0,2798.01,222
11087074000123,2010-10-05,938752.2,0.9847742,945354.89,2300.0,0.0,224
11087074000123,2010-10-06,940735.2,0.9867370000000001,947739.16,500.0,0.0,225
11087074000123,2010-10-07,951224.7,0.9876601999999999,958389.84,17149.16,7385.17,224
11087074000123,2010-10-08,947419.0,0.9836360999999999,953991.79,200.0,693.18,224
11087074000123,2010-10-11,949422.0,0.985599,959885.37,8400.0,4410.17,224
11087074000123,2010-10-13,963757.2,0.9904264000000002,966066.16,4090.0,2610.6,223
11087074000123,2010-10-14,973063.0,0.9998639000000001,976271.53,1000.0,0.0,223
11087074000123,2010-10-15,966589.4,1.0046328000000002,983127.93,2200.0,0.0,224
11087074000123,2010-10-18,993293.0,1.0318157,1010829.0,1100.0,0.0,226
11087074000123,2010-10-19,977466.4,1.0106455,994289.4,4200.0,0.0,226
11087074000123,2010-10-20,1007199.0,1.0357476,1023790.31,5010.0,204.87,227
11087074000123,2010-10-21,987381.9,1.0155957,1001517.87,2700.0,5053.17,229
11087074000123,2010-10-22,975895.2,1.0136216,993001.81,4812.37,11381.74,232
11087074000123,2010-10-25,986005.0,1.0188829,1000461.06,3150.0,845.03,232
11087074000123,2010-10-26,1000236.0,1.0332713,1013788.94,700.0,1500.29,233
11087074000123,2010-10-27,990477.6,1.0232212,1002001.99,2236.3,4162.68,233
11087074000123,2010-10-28,940277.0,1.006076,954038.67,5250.0,36423.65,231
11087074000123,2010-10-29,937332.5,1.0028666,956642.32,6200.0,552.89,233
11087074000123,2010-11-01,973084.2,1.0148891,980710.68,12600.0,0.0,236
11087074000123,2010-11-03,971071.2,1.0127018,976954.9,500.0,2142.15,236
11087074000123,2010-11-04,983545.5,1.0357517,989895.76,2500.0,11795.36,233
11087074000123,2010-11-05,982947.6,1.0350201,983516.43,700.0,6380.16,229
11087074000123,2010-11-08,966836.8,1.0441274,972986.65,1500.0,20683.83,229
11087074000123,2010-11-09,955538.7,1.0425537,961494.65,2187.0,12212.48,227
11087074000123,2010-11-10,943660.5,1.0457723,956425.85,2550.0,10587.1,226
11087074000123,2010-11-11,946310.7,1.0485613,962726.61,3750.0,0.0,229
11087074000123,2010-11-12,939474.3,1.0303035,947063.41,1100.0,0.0,230
11087074000123,2010-11-16,923022.5,1.0122995,927887.58,800.0,3426.33,229
11087074000123,2010-11-17,924170.3,1.0134451999999998,928937.77,0.0,0.0,229
11087074000123,2010-11-18,980593.5,1.0371092,987723.19,43500.0,6405.29,232
11087074000123,2010-11-19,982774.8,1.0392932,990303.18,500.0,0.0,233
11087074000123,2010-11-22,977619.0,1.0337763,982623.08,1700.0,4123.27,234
11087074000123,2010-11-23,955806.0,1.010723,968633.03,9222.93,1300.44,238
11087074000123,2010-11-24,1001385.0,1.0375046,1004311.83,17900.0,7887.46,235
11087074000123,2010-11-25,1030802.5,1.0321556,1037771.58,42150.0,3512.37,235
11087074000123,2010-11-26,1015523.6,1.0168567,1020896.82,610.0,2102.56,233
11087074000123,2010-11-29,1010255.0,1.0163333,1013992.33,4300.0,10679.02,231
11087074000123,2010-11-30,999840.0,1.0057919,1002406.44,290.25,1358.99,229
11087074000123,2010-12-01,1025460.9,1.0313953000000002,1028726.97,1000.0,196.72,229
11087074000123,2010-12-02,1031085.0,1.0369297,1034247.03,0.0,0.0,229
11087074000123,2010-12-03,1040458.5,1.0462274,1043008.99,0.0,511.71,227
11087074000123,2010-12-06,1046290.9,1.0519774,1046218.61,0.0,2522.63,225
11087074000123,2010-12-07,1040646.0,1.0512448,1042999.37,200.0,2690.62,223
11087074000123,2010-12-08,1011102.5,1.03129,1012738.86,0.0,10462.23,219
11087074000123,2010-12-09,1015413.8,1.0355803,1018651.94,1700.0,0.0,220
11087074000123,2010-12-10,1016500.0,1.0467437,1021097.88,2700.0,11235.01,219
11087074000123,2010-12-13,1035203.6,1.065815,1041201.88,1500.0,0.0,220
11087074000123,2010-12-14,1031340.9,1.0617591999999998,1029054.57,5920.0,14105.16,221
11087074000123,2010-12-15,1023412.2,1.0534769,1021027.39,0.0,0.0,221
11087074000123,2010-12-16,1029437.0,1.0441373999999999,1030675.52,18700.0,0.0,223
11087074000123,2010-12-17,1018639.8,1.0431948,1019741.99,1200.0,11203.08,223
11087074000123,2010-12-20,1017414.0,1.0418402,1021186.89,3000.0,230.99,223
11087074000123,2010-12-21,1028650.5,1.0532028,1034774.7,4838.0,2387.53,223
11087074000123,2010-12-22,1006507.5,1.0510110000000001,1010796.38,200.0,22024.84,223
11087074000123,2010-12-23,1002501.5,1.0467441,1007769.83,2080.0,1002.94,224
11087074000123,2010-12-24,1002501.5,1.0466427,1006435.15,0.0,1237.02,223
11087074000123,2010-12-27,983473.0,1.0267537,987310.23,0.0,0.0,223
11087074000123,2010-12-28,967449.0,1.0099903000000001,979438.29,11010.0,2762.5,223
11087074000123,2010-12-29,971655.3,1.0142286,983548.39,0.0,0.0,223
11087074000123,2010-12-30,971455.0,1.0139228999999998,988651.91,5400.0,0.0,225
11087074000123,2010-12-31,971455.0,1.0138239,987081.27,10300.0,11774.14,224
11087074000123,2011-01-03,999497.0,1.0425326,1015032.65,0.0,0.0,224
11087074000123,2011-01-04,1036932.0,1.0615773000000002,1039340.87,6500.0,734.07,225
11087074000123,2011-01-05,1051824.0,1.0766928999999998,1051767.45,1700.0,4072.42,226
11087074000123,2011-01-06,1041796.0,1.0715822,1044203.72,0.0,2571.36,225
11087074000123,2011-01-07,1033270.0,1.0627383999999995,1033333.68,1300.0,3552.16,225
11087074000123,2011-01-10,944425.0,1.065727,949463.61,5150.0,91925.96,223
11087074000123,2011-01-11,952010.0,1.074143,965029.66,8500.0,431.86,224
11087074000123,2011-01-12,980254.0,1.0938052,988694.51,6000.0,0.0,225
11087074000123,2011-01-13,961400.0,1.0901799,966175.59,23200.0,42442.01,225
11087074000123,2011-01-14,1056255.0,1.0962573,1062469.4,90907.71,0.0,229
11087074000123,2011-01-17,1073058.0,1.10922,1083832.56,8800.0,0.0,232
11087074000123,2011-01-18,1068200.0,1.1205393,1073888.03,600.0,21604.77,232
11087074000123,2011-01-19,1053600.0,1.1052077,1058394.19,1100.0,1900.53,233
11087074000123,2011-01-20,1042400.0,1.0934157,1054742.33,8500.0,859.29,236
11087074000123,2011-01-21,1050200.0,1.1014046999999998,1068022.73,8600.0,3026.09,238
11087074000123,2011-01-24,1102266.0,1.1059979,1110526.61,38050.0,0.0,243
11087074000123,2011-01-25,1102266.0,1.1059018,1111027.74,3000.0,2402.43,245
11087074000123,2011-01-26,1106906.0,1.0999747,1121770.57,16697.44,0.0,252
11087074000123,2011-01-27,1099310.0,1.0924315,1117216.96,3350.0,210.94,257
11087074000123,2011-01-28,1112890.0,1.0706553,1121268.94,30350.0,4027.78,257
11087074000123,2011-01-31,1152374.0,1.0692924,1163122.45,43500.0,219.19,264
11087074000123,2011-02-01,1172262.0,1.0874828,1189618.77,7200.0,490.2,265
11087074000123,2011-02-02,1155990.0,1.0725156,1190482.25,17538.0,301.63,270
11087074000123,2011-02-03,1254400.0,1.0733968,1259902.9,70000.0,1557.48,270
11087074000123,2011-02-04,1234555.0,1.0564001,1241952.95,2000.0,0.0,273
11087074000123,2011-02-07,1232840.0,1.0548520000000001,1245168.26,6000.0,964.73,273
11087074000123,2011-02-08,1237768.0,1.0462463,1245518.33,10900.0,391.54,273
11087074000123,2011-02-09,1197774.0,1.0207389999999998,1223940.91,12500.0,3711.86,273
11087074000123,2011-02-10,1217859.0,1.0251583,1229754.65,700.0,185.38,274
11087074000123,2011-02-11,1236783.0,1.040846,1251509.52,7820.0,4883.66,273
11087074000123,2011-02-14,1269809.0,1.0598037,1276904.17,2700.0,100.0,275
11087074000123,2011-02-15,1253500.0,1.0503375,1261930.22,0.0,3568.68,273
11087074000123,2011-02-16,1276638.0,1.0569,1283314.64,13500.0,0.0,274
11087074000123,2011-02-17,1280433.0,1.0599366000000001,1287001.82,0.0,0.0,274
11087074000123,2011-02-18,1261024.0,1.0521337,1270149.44,3000.0,10377.87,273
11087074000123,2011-02-21,1215240.0,1.030414,1221306.66,0.0,22622.5,270
11087074000123,2011-02-22,1193010.0,1.0115722,1201113.79,5153.84,3014.25,270
11087074000123,2011-02-23,1216475.0,1.0312466999999998,1223931.65,0.0,543.13,269
11087074000123,2011-02-24,1231250.0,1.0311519,1235582.24,13400.0,1636.81,272
11087074000123,2011-02-25,1231500.0,1.0312731,1236027.66,1300.0,999.88,273
11087074000123,2011-02-28,1240000.0,1.0382773,1253107.35,23610.0,14925.08,277
11087074000123,2011-03-01,1221250.0,1.0226551,1229360.41,2200.0,7092.34,273
11087074000123,2011-03-02,1236500.0,1.0352534,1244102.25,1850.0,2252.93,274
11087074000123,2011-03-03,1240000.0,1.0380782,1262397.28,15200.0,299.56,275
11087074000123,2011-03-04,1240965.0,1.0266777,1255073.45,6750.0,209.76,275
11087074000123,2011-03-09,1171698.0,0.9971899,1187590.8,1100.0,32535.05,274
11087074000123,2011-03-10,1142288.0,0.9646716,1150263.53,1400.0,0.0,276
11087074000123,2011-03-11,1173174.0,0.9787235,1181797.07,15200.0,421.69,275
11087074000123,2011-03-14,1170664.0,0.9765451,1180790.6,2130.0,506.14,274
11087074000123,2011-03-15,1137328.0,0.9602641,1146962.2,11100.0,25242.13,270
11087074000123,2011-03-16,1108560.0,0.9360972,1114580.15,2000.0,5516.52,269
11087074000123,2011-03-17,1138816.0,0.961425,1144372.27,3905.0,4269.73,269
11087074000123,2011-03-18,1170750.0,0.9802957,1177942.27,12000.0,891.57,266
11087074000123,2011-03-21,1172000.0,0.9812517,1174473.99,0.0,4617.03,264
11087074000123,2011-03-22,1176336.0,0.9769853,1186367.42,17000.0,0.0,266
11087074000123,2011-03-23,1207935.0,0.991213,1217844.32,14200.0,0.0,268
11087074000123,2011-03-24,1195950.0,0.9813746,1208156.45,2400.0,0.0,270
11087074000123,2011-03-25,1195440.0,0.9808767,1208709.4,1165.93,0.0,271
11087074000123,2011-03-28,1194279.0,0.9723045,1199318.82,1360.0,187.29,271
11087074000123,2011-03-29,1216381.0,0.9901387,1221117.0,300.0,500.0,271
11087074000123,2011-03-30,1209699.0,0.9846368,1212811.78,0.0,1519.82,270
11087074000123,2011-03-31,1217923.0,0.9912293,1220931.97,1000.0,1000.01,271
11087074000123,2011-04-01,1211241.0,0.9857205,1215592.4,2000.0,554.19,271
11087074000123,2011-04-04,1239768.0,1.0087677,1248182.2,5200.0,1032.01,272
11087074000123,2011-04-05,1241310.0,1.0099286,1253643.13,5000.0,975.53,271
11087074000123,2011-04-06,1210858.0,1.0007256,1220286.49,1719.24,23651.98,270
11087074000123,2011-04-07,1199726.0,0.9915120000000001,1210151.43,1100.0,0.0,270
11087074000123,2011-04-08,1199979.0,0.9916348,1215834.29,5533.0,0.0,274
11087074000123,2011-04-11,1197449.0,0.9894871,1213800.97,600.0,0.0,275
11087074000123,2011-04-12,1174679.0,0.9708419,1188267.36,480.0,3141.66,274
11087074000123,2011-04-13,1161776.0,0.9602174000000001,1178763.36,5300.0,1800.0,276
11087074000123,2011-04-14,1163574.0,0.9704,1191263.49,0.0,0.0,276
11087074000123,2011-04-15,1159510.0,0.9670065999999999,1235215.37,55100.0,6982.4,274
11087074000123,2011-04-18,1202320.0,0.9579549,1225653.06,2000.0,0.0,276
11087074000123,2011-04-19,1216418.0,0.9688916999999999,1239300.28,0.0,345.86,275
11087074000123,2011-04-20,1236900.0,0.9848216000000001,1260874.73,1600.0,401.4,276
11087074000123,2011-04-25,1253168.0,0.9901207000000001,1278859.15,11200.0,0.0,277
11087074000123,2011-04-26,1253972.0,0.99066,1278732.43,310.0,1133.36,276
11087074000123,2011-04-27,1230782.0,0.9797764999999999,1254623.99,0.0,10060.11,275
11087074000123,2011-04-28,1224930.0,0.9751242,1248666.51,0.0,0.0,275
11087074000123,2011-04-29,1230069.0,0.9754543999999999,1253071.19,5000.0,1018.25,275
11087074000123,2011-05-02,1217494.0,0.9585331,1229515.47,0.0,1818.52,274
11087074000123,2011-05-03,1199471.0,0.9444019,1212289.26,900.0,0.0,274
11087074000123,2011-05-04,1179834.0,0.9290247,1187145.82,700.0,6104.37,272
11087074000123,2011-05-05,1196243.0,0.9417855,1204781.08,1500.0,171.01,272
11087074000123,2011-05-06,1193015.0,0.9391819,1204000.47,2550.0,0.0,273
11087074000123,2011-05-09,1195705.0,0.9412,1209369.54,3300.0,518.0,273
11087074000123,2011-05-10,1206221.0,0.9423714,1210874.66,0.0,0.0,273
11087074000123,2011-05-11,1169907.0,0.9140312,1171360.88,0.0,3098.82,271
11087074000123,2011-05-12,1166655.0,0.9114151,1170308.31,3500.0,1200.0,272
11087074000123,2011-05-13,1145517.0,0.8948468,1163689.94,15000.0,343.72,271
11087074000123,2011-05-16,1150695.0,0.8922648999999999,1161832.38,1500.0,0.0,272
11087074000123,2011-05-17,1164345.0,0.9026703,1175481.36,100.0,0.0,272
11087074000123,2011-05-18,1168713.0,0.9059468,1179669.06,250.0,329.01,271
11087074000123,2011-05-19,1221226.0,0.9194814,1226844.63,30000.0,448.45,271
11087074000123,2011-05-20,1229375.0,0.9255104,1236231.52,2000.0,657.46,270
11087074000123,2011-05-23,1227970.0,0.9243802,1234721.88,0.0,0.0,270
11087074000123,2011-05-24,1240053.0,0.9333473,1245135.99,500.0,2063.53,269
11087074000123,2011-05-25,1237805.0,0.9315835,1242782.86,0.0,0.0,269
11087074000123,2011-05-26,1258318.0,0.9468802,1262899.5,210.0,500.0,269
11087074000123,2011-05-27,1263095.0,0.9503819,1265841.39,0.0,1728.47,268
11087074000123,2011-05-30,1240683.0,0.9469189,1248320.04,5000.0,17908.9,268
11087074000123,2011-05-31,1242068.0,0.9478894,1248318.01,700.0,1981.48,269
11087074000123,2011-06-01,1232096.0,0.9402377000000001,1238641.16,400.0,0.0,270
11087074000123,2011-06-02,1238467.0,0.944994,1245106.9,200.0,0.0,271
11087074000123,2011-06-03,1232373.0,0.9402891999999999,1238407.21,200.0,700.8,270
11087074000123,2011-06-06,1221016.0,0.9315870999999999,1226724.6,200.0,421.45,269
11087074000123,2011-06-07,1221293.0,0.9317184000000001,1226897.45,0.0,0.0,269
11087074000123,2011-06-08,1221016.0,0.9314289000000001,1226133.59,0.0,382.73,267
11087074000123,2011-06-09,1231542.0,0.9393454,1236554.84,0.0,0.0,267
11087074000123,2011-06-10,1220462.0,0.9308495000000001,1225070.78,0.0,300.0,267
11087074000123,2011-06-13,1202180.0,0.9168799999999999,1202435.77,5000.0,9250.08,267
11087074000123,2011-06-14,1200876.0,0.9191224,1205369.01,0.0,7.5,266
11087074000123,2011-06-15,1194252.0,0.9139933000000001,1198742.58,100.0,0.0,266
11087074000123,2011-06-16,1180728.0,0.9036042999999999,1189616.96,4500.0,0.0,267
11087074000123,2011-06-17,1178796.0,0.9020594999999999,1185892.57,200.0,1890.63,266
11087074000123,2011-06-20,1195080.0,0.9143680000000001,1202073.92,0.0,0.0,266
11087074000123,2011-06-21,1187280.0,0.9216299000000001,1196404.73,0.0,15216.0,266
11087074000123,2011-06-22,1179565.0,0.9257354,1189783.6,200.0,12150.69,265
11087074000123,2011-06-24,1186290.0,0.9308884,1196406.3,0.0,0.0,265
11087074000123,2011-06-27,1184676.0,0.9295530000000001,1194393.12,150.0,446.98,264
11087074000123,2011-06-28,1197050.0,0.9391031999999999,1209624.19,2960.0,0.0,266
11087074000123,2011-06-29,1194629.0,0.9371437,1207100.23,0.0,0.0,266
11087074000123,2011-06-30,1200816.0,0.9418668,1212183.9,2000.0,3000.0,266
11087074000123,2011-07-01,1254347.0,0.983378,1265582.03,500.0,526.8,265
11087074000123,2011-07-04,1265645.0,0.9920737,1276773.29,0.0,0.0,265
11087074000123,2011-07-05,1246277.0,0.9769425,1247490.04,2500.0,12309.69,261
11087074000123,2011-07-06,1245739.0,0.976439,1246783.94,1500.0,1563.18,261
11087074000123,2011-07-07,1251119.0,0.98057,1252508.7,450.0,0.0,262
11087074000123,2011-07-08,1240090.0,0.9718537,1242375.11,1000.0,0.0,262
11087074000123,2011-07-11,1217787.0,0.9614571,1223841.38,2000.0,7243.09,261
11087074000123,2011-07-12,1220724.0,0.9636829,1232874.69,6200.0,0.0,262
11087074000123,2011-07-13,1238346.0,0.9773751,1248561.55,0.0,1830.0,262
11087074000123,2011-07-14,1222860.0,0.9651412,1228580.78,1147.51,5500.0,262
11087074000123,2011-07-15,1224996.0,0.9667376,1228095.36,2800.0,5317.48,261
11087074000123,2011-07-18,1229535.0,0.9702287,1232111.26,400.0,819.05,261
11087074000123,2011-07-19,1232205.0,0.9722492,1234877.08,200.0,0.0,262
11087074000123,2011-07-20,1225797.0,0.9671223,1237748.39,9560.0,176.89,263
11087074000123,2011-07-21,1228467.0,0.9691268,1239602.31,0.0,711.56,261
11087074000123,2011-07-22,1232472.0,0.9721761,1246882.78,14000.0,10619.81,262
11087074000123,2011-07-25,1234875.0,0.9739678,1249180.71,0.0,0.0,262
11087074000123,2011-07-26,1232472.0,0.9720124,1243902.45,360.0,3130.35,260
11087074000123,2011-07-27,1224195.0,0.9654631,1236751.21,1230.0,0.0,261
11087074000123,2011-07-28,1221528.0,0.9741289,1227748.61,0.0,20103.44,261
11087074000123,2011-07-29,1204104.0,0.9602228,1210421.92,200.0,0.0,262
11087074000123,2011-08-01,1203312.0,0.9595130999999999,1208995.38,0.0,531.89,260
11087074000123,2011-08-02,1182720.0,0.9430898999999999,1188302.02,0.0,0.0,260
11087074000123,2011-08-03,1151304.0,0.9180778,1153068.96,0.0,3717.62,259
11087074000123,2011-08-04,1076886.0,0.8685995000000001,1087663.89,5000.0,8262.2,257
11087074000123,2011-08-05,1050003.0,0.8470562,1057723.4,0.0,2963.91,256
11087074000123,2011-08-08,939078.0,0.7698522,954239.46,1000.0,8078.86,255
11087074000123,2011-08-09,986880.0,0.8083448000000001,1003976.59,8700.0,6674.87,254
11087074000123,2011-08-10,1004850.0,0.8103341,1014905.08,9600.0,1142.29,254
11087074000123,2011-08-11,1047915.0,0.8446440999999999,1060776.67,2900.0,0.0,255
11087074000123,2011-08-12,1022076.0,0.8433934999999999,1056897.52,1000.0,3308.48,254
11087074000123,2011-08-15,1048055.0,0.8576849,1076806.85,2000.0,0.0,254
11087074000123,2011-08-16,1045425.0,0.8555149,1074182.45,100.0,0.0,254
11087074000123,2011-08-17,1059890.0,0.8669594,1087807.44,500.0,1244.73,252
11087074000123,2011-08-18,1007290.0,0.824965,1035115.41,0.0,0.0,252
11087074000123,2011-08-19,981253.0,0.804142,1006054.46,1000.0,3933.52,250
11087074000123,2011-08-22,986513.0,0.8082739999999999,1016223.89,5000.0,0.0,251
11087074000123,2011-08-23,1015180.0,0.8310011999999999,1044798.28,0.0,0.0,251
11087074000123,2011-08-24,1017547.0,0.8328101000000001,1047072.53,0.0,0.0,251
11087074000123,2011-08-25,1007290.0,0.8245787,1036723.41,0.0,0.0,251
11087074000123,2011-08-26,1026226.0,0.8395655999999999,1060976.13,5410.0,0.0,251
11087074000123,2011-08-29,1077767.0,0.8550857,1080426.48,0.0,162.71,250
11087074000123,2011-08-30,1085084.0,0.8608013000000001,1085102.81,200.0,2745.45,249
11087074000123,2011-08-31,1101615.0,0.8738389999999999,1101537.74,0.0,0.0,249
11087074000123,2011-09-01,1094433.0,0.8810642,1100645.68,0.0,10000.0,249
11087074000123,2011-09-02,1077345.0,0.8673093000000001,1083662.71,200.0,0.0,249
11087074000123,2011-09-05,1059456.0,0.8529167,1065679.82,0.0,0.0,249
11087074000123,2011-09-06,1085622.0,0.8737822000000001,1092250.34,500.0,0.0,250
11087074000123,2011-09-08,1105647.0,0.8897245,1112578.62,400.0,0.0,250
11087074000123,2011-09-09,1092831.0,0.8793989,1099666.66,0.0,0.0,250
11087074000123,2011-09-12,1102176.0,0.8867948,1111015.14,2100.0,0.0,252
11087074000123,2011-09-13,1109652.0,0.8926845999999999,1118221.04,0.0,173.0,251
11087074000123,2011-09-14,1125405.0,0.905182,1134176.0,600.0,300.0,251
11087074000123,2011-09-15,1140624.0,0.9172493,1139396.02,100.0,10000.0,251
11087074000123,2011-09-16,1173900.0,0.9231768,1177174.44,31226.96,811.58,250
11087074000123,2011-09-19,1189734.0,0.9355146,1192906.8,0.0,0.0,250
11087074000123,2011-09-20,1174800.0,0.9443859,1179932.39,2200.0,26486.48,249
11087074000123,2011-09-21,1160115.0,0.9325524,1166147.44,1000.0,0.0,250
11087074000123,2011-09-22,1110186.0,0.8925473,1109477.19,0.0,6644.29,249
11087074000123,2011-09-23,1082400.0,0.8800064000000001,1084950.49,0.0,8937.69,246
11087074000123,2011-09-26,1069200.0,0.8692234000000001,1072156.23,500.0,0.0,247
11087074000123,2011-09-27,1077648.0,0.8759955,1080719.43,210.0,0.0,247
11087074000123,2011-09-28,1071312.0,0.8707832,1074289.01,0.0,0.0,247
11087074000123,2011-09-29,1058640.0,0.8604358,1061523.37,0.0,0.0,247
11087074000123,2011-09-30,1035672.0,0.8417439,1038463.13,0.0,0.0,247
11087074000123,2011-10-03,1009800.0,0.8206991,1012500.04,0.0,0.0,247
11087074000123,2011-10-04,999240.0,0.8120662,1001849.6,0.0,0.0,247
11087074000123,2011-10-05,1021680.0,0.8301809000000001,1026241.47,2200.0,156.32,247
11087074000123,2011-10-06,1037520.0,0.8429196,1042176.29,1000.0,812.28,246
11087074000123,2011-10-07,1011384.0,0.8217068000000001,1020548.98,4600.0,0.0,247
11087074000123,2011-10-10,1044120.0,0.8479892,1053741.41,550.0,0.0,248
11087074000123,2011-10-11,1062072.0,0.8623597,1069861.27,200.0,1937.44,246
11087074000123,2011-10-13,1081080.0,0.8776039000000001,1090273.53,1500.0,0.0,246
11087074000123,2011-10-14,1087152.0,0.8823996,1093058.76,0.0,3172.63,245
11087074000123,2011-10-17,1022736.0,0.8521389000000001,1056053.75,600.0,120.0,246
11087074000123,2011-10-18,1024320.0,0.8533413000000001,1051110.18,0.0,6433.73,244
11087074000123,2011-10-19,995016.0,0.8295213,1026969.67,5200.0,0.0,246
11087074000123,2011-10-20,982344.0,0.8192536,1014258.0,0.0,0.0,246
11087074000123,2011-10-21,1007342.0,0.8332906999999999,1036380.05,10000.0,5256.21,245
11087074000123,2011-10-24,1067192.0,0.8813766,1101935.4,5750.0,0.0,246
11087074000123,2011-10-25,1053110.0,0.8732537,1080124.55,0.0,11655.25,244
11087074000123,2011-10-26,1071199.0,0.8944231,1100018.95,210.0,6500.0,244
11087074000123,2011-10-27,1096447.0,0.9149145000000001,1125220.55,0.0,0.0,244
11087074000123,2011-10-28,1092016.0,0.9146601999999999,1119978.44,0.0,4929.37,243
11087074000123,2011-10-31,1085280.0,0.895826,1089034.74,0.0,7881.63,239
11087074000123,2011-11-01,1074640.0,0.8870378000000001,1077932.19,0.0,418.99,237
11087074000123,2011-11-03,1109220.0,0.9154564,1116166.56,3700.0,0.0,237
11087074000123,2011-11-04,1119625.0,0.9274039,1121504.47,0.0,9228.98,236
11087074000123,2011-11-07,1117168.0,0.9358852,1124060.98,300.0,7999.92,233
11087074000123,2011-11-08,1112190.0,0.931675,1129204.17,10200.0,0.0,234
11087074000123,2011-11-09,1111348.0,0.9171356,1111582.21,0.0,0.0,234
11087074000123,2011-11-10,1106560.0,0.9131207,1106716.13,0.0,0.0,234
11087074000123,2011-11-11,1079040.0,0.925108,1080863.92,0.0,40380.94,232
11087074000123,2011-11-14,1074432.0,0.9210988,1076379.71,200.0,0.0,233
11087074000123,2011-11-16,1082368.0,0.9278243,1085142.3,1765.0,861.71,233
11087074000123,2011-11-17,1058560.0,0.9074035,1061159.01,0.0,100.0,233
11087074000123,2011-11-18,1056000.0,0.905166,1055052.46,0.0,3489.95,232
11087074000123,2011-11-21,1053440.0,0.9028806,1052388.62,0.0,0.0,232
11087074000123,2011-11-22,1046528.0,0.8968869,1046002.38,600.0,0.0,234
11087074000123,2011-11-23,1020160.0,0.8741993,1019353.02,0.0,189.81,233
11087074000123,2011-11-24,1020160.0,0.8741209000000001,1019090.96,0.0,170.53,232
11087074000123,2011-11-25,990600.0,0.8553968000000001,994202.31,200.0,3259.31,231
11087074000123,2011-11-28,1003300.0,0.8662456000000001,1010168.71,3910.0,552.83,230
11087074000123,2011-11-29,990675.0,0.8519926,994747.55,1200.0,0.0,232
11087074000123,2011-11-30,995265.0,0.8558465000000001,999247.24,0.0,0.0,232
11087074000123,2011-12-01,1002150.0,0.8616658000000001,1006042.57,200.0,198.94,232
11087074000123,2011-12-02,1017705.0,0.8749099,1021205.9,0.0,300.0,232
11087074000123,2011-12-05,1032750.0,0.8877203000000001,1032490.71,1600.0,5267.63,232
11087074000123,2011-12-06,1033515.0,0.8882985999999999,1033487.33,324.0,0.0,232
11087074000123,2011-12-07,992124.0,0.8559995000000001,993909.03,0.0,2000.0,232
11087074000123,2011-12-08,977900.0,0.8436724,979745.92,150.0,0.0,232
11087074000123,2011-12-09,993648.0,0.8571556999999999,996903.85,1500.0,0.0,232
11087074000123,2011-12-12,979170.0,0.8446304,983536.57,1200.0,0.0,232
11087074000123,2011-12-13,979424.0,0.8447719000000001,989901.23,6199.9,0.0,234
11087074000123,2011-12-14,965200.0,0.8325575000000001,975276.93,0.0,311.44,233
11087074000123,2011-12-15,953770.0,0.8227181,963466.13,100.0,384.7,232
11087074000123,2011-12-16,951484.0,0.8206909,965092.16,4000.0,0.0,232
11087074000123,2011-12-19,949440.0,0.8062925,950410.34,2500.0,250.0,234
11087074000123,2011-12-20,984012.0,0.8355461999999999,996244.57,12300.0,948.33,235
11087074000123,2011-12-21,996237.0,0.8361390999999999,998357.32,2000.0,594.14,234
11087074000123,2011-12-22,1010070.0,0.8476482,1012099.24,0.0,0.0,234
11087074000123,2011-12-23,1016595.0,0.8530363999999999,1019732.78,1200.0,0.0,235
11087074000123,2011-12-26,1006200.0,0.8475108,1012703.99,0.0,423.44,234
11087074000123,2011-12-27,1009320.0,0.8500455,1013242.7,510.0,3000.0,234
11087074000123,2011-12-28,983060.0,0.8279399,987123.15,230.0,0.0,234
11087074000123,2011-12-29,983320.0,0.8280828000000001,987293.59,0.0,0.0,234
11087074000123,2011-12-30,983320.0,0.8280076999999999,991404.02,4200.0,0.0,234
11087074000123,2012-01-02,1011400.0,0.8513835,1019392.7,0.0,0.0,234
11087074000123,2012-01-03,1052220.0,0.8853975000000001,1060218.9,100.0,0.0,234
11087074000123,2012-01-04,1060540.0,0.8922667999999999,1068444.59,0.0,0.0,234
11087074000123,2012-01-05,1017856.0,0.8698142,1018433.42,500.0,23625.25,234
11087074000123,2012-01-06,1010176.0,0.8631774999999999,1009178.82,400.0,1883.86,234
11087074000123,2012-01-09,1011200.0,0.8639757,1010112.09,0.0,0.0,234
11087074000123,2012-01-10,991701.0,0.8641075,1000385.18,300.0,10180.99,232
11087074000123,2012-01-11,999231.0,0.8705335,1007637.74,0.0,186.87,231
11087074000123,2012-01-12,987936.0,0.8606205,1005648.45,9485.0,0.0,232
11087074000123,2012-01-13,989330.0,0.8517435,995275.52,0.0,0.0,232
11087074000123,2012-01-16,998220.0,0.8592741,1003689.5,2000.0,2385.62,233
11087074000123,2012-01-17,1039114.0,0.8942046,1045090.66,600.0,0.0,234
11087074000123,2012-01-18,1044702.0,0.898906,1051735.45,1150.0,0.0,235
11087074000123,2012-01-19,1042670.0,0.8970896999999999,1047004.09,500.0,3106.11,230
11087074000123,2012-01-20,1041146.0,0.8957044,1045187.27,0.0,200.0,230
11087074000123,2012-01-23,1042670.0,0.8969306999999999,1054886.06,10200.0,1932.23,231
11087074000123,2012-01-24,1056132.0,0.9082968,1068253.79,0.0,0.0,231
11087074000123,2012-01-25,1056132.0,0.9082166,1067985.6,800.0,973.9,232
11087074000123,2012-01-26,1047242.0,0.9005769,1052009.91,4250.0,11241.93,231
11087074000123,2012-01-27,1049528.0,0.9024538,1054202.5,0.0,0.0,231
11087074000123,2012-01-30,1057402.0,0.909114,1061982.59,0.0,0.0,231
11087074000123,2012-01-31,1084326.0,0.9320806,1089811.05,1000.0,0.0,232
11087074000123,2012-02-01,1106170.0,0.9506802,1110028.84,0.0,1529.24,231
11087074000123,2012-02-02,1083264.0,0.9534128000000001,1087516.93,0.0,25702.56,227
11087074000123,2012-02-03,1086984.0,0.9565902000000001,1092079.05,2000.0,1062.19,227
11087074000123,2012-02-06,1106784.0,0.9584524999999999,1115205.15,21000.0,0.0,228
11087074000123,2012-02-07,1108044.0,0.9594519,1117367.93,1000.0,0.0,229
11087074000123,2012-02-08,1099980.0,0.9524444999999999,1109207.14,0.0,0.0,229
11087074000123,2012-02-09,1123542.0,0.9465051999999999,1130662.99,28372.64,0.0,234
11087074000123,2012-02-10,1091328.0,0.9301565999999999,1098595.37,0.0,12538.06,233
11087074000123,2012-02-13,1119488.0,0.9539162,1123647.42,1200.0,4210.11,232
11087074000123,2012-02-14,1097728.0,0.9353614,1101791.1,0.0,0.0,232
11087074000123,2012-02-15,1073040.0,0.9178914,1073659.13,100.0,7653.51,227
11087074000123,2012-02-16,1092888.0,0.9239078000000002,1102246.51,21550.0,0.0,229
11087074000123,2012-02-17,1083342.0,0.915826,1092015.58,600.0,1189.13,230
11087074000123,2012-02-22,1083084.0,0.9155293,1094661.87,3000.0,0.0,231
11087074000123,2012-02-23,1104240.0,0.9331419,1117020.53,1300.0,0.0,232
11087074000123,2012-02-24,1095735.0,0.936718,1099357.02,1000.0,22944.25,230
11087074000123,2012-02-27,1083750.0,0.9264235000000001,1087875.07,600.0,0.0,231
11087074000123,2012-02-28,1093950.0,0.9350265,1094571.24,450.0,3856.18,230
11087074000123,2012-02-29,1083750.0,0.9262306,1083095.89,250.0,1428.56,230
11087074000123,2012-03-01,1095225.0,0.9359604,1094379.06,900.0,994.43,230
11087074000123,2012-03-02,1104150.0,0.9435097,1104579.3,2500.0,1126.79,230
11087074000123,2012-03-05,1072020.0,0.9159828,1073092.82,739.58,0.0,231
11087074000123,2012-03-06,1024335.0,0.8751996999999999,1025314.62,0.0,0.0,231
11087074000123,2012-03-07,1023825.0,0.8746849,1026911.46,2200.0,0.0,233
11087074000123,2012-03-08,1054630.0,0.8735048000000001,1061114.53,36000.0,411.43,232
11087074000123,2012-03-09,1050159.0,0.8697459999999999,1058553.38,3400.0,1395.07,233
11087074000123,2012-03-12,1081478.0,0.8596756999999999,1089796.95,43500.0,0.0,234
11087074000123,2012-03-13,1139566.0,0.9054184,1147584.3,0.0,200.0,234
11087074000123,2012-03-14,1097370.0,0.8947345,1104194.84,2000.0,31848.0,233
11087074000123,2012-03-15,1106715.0,0.902227,1117281.17,5500.0,1660.09,234
11087074000123,2012-03-16,1118730.0,0.911849,1133009.57,4800.0,987.08,234
11087074000123,2012-03-19,1120065.0,0.912843,1134394.75,150.0,0.0,234
11087074000123,2012-03-20,1139840.0,0.9052306,1147224.94,22500.0,209.74,235
11087074000123,2012-03-21,1136004.0,0.9021245,1157548.61,15200.0,939.92,232
11087074000123,2012-03-22,1112440.0,0.8836824000000001,1133158.45,200.0,926.37,232
11087074000123,2012-03-23,1109974.0,0.8816815999999998,1123264.57,200.0,7528.26,231
11087074000123,2012-03-26,1123400.0,0.8921416,1136536.58,130.0,184.02,230
11087074000123,2012-03-27,1132990.0,0.8995904,1146276.02,250.0,0.0,230
11087074000123,2012-03-28,1130348.0,0.8846678,1135461.24,8200.0,0.0,232
11087074000123,2012-03-29,1139800.0,0.8919538,1145827.75,1015.0,0.0,232
11087074000123,2012-03-30,1152588.0,0.9018296,1159664.45,1150.0,0.0,232
11087074000123,2012-04-02,1182890.0,0.9253139000000001,1189863.07,0.0,0.0,232
11087074000123,2012-04-03,1142232.0,0.9098759,1147915.26,2000.0,24095.92,231
11087074000123,2012-04-04,1109160.0,0.8933455,1113835.15,200.0,13425.09,229
11087074000123,2012-04-05,1110240.0,0.8941325999999999,1114816.41,0.0,0.0,229
11087074000123,2012-04-09,1100790.0,0.8864744000000001,1104093.49,0.0,1174.68,228
11087074000123,2012-04-10,1088640.0,0.876641,1096147.68,4500.0,198.4,228
11087074000123,2012-04-11,1137870.0,0.8771903,1147421.51,50586.98,0.0,229
11087074000123,2012-04-12,1206960.0,0.9299286,1217374.38,1500.0,532.12,229
11087074000123,2012-04-13,1135525.0,0.9308966000000001,1134694.33,0.0,83947.22,228
11087074000123,2012-04-16,1092860.0,0.9191895,1120876.18,700.0,248.09,228
11087074000123,2012-04-17,1110120.0,0.936707,1139561.74,3840.0,6515.6,229
11087074000123,2012-04-18,1115136.0,0.9407474,1145681.14,1204.0,0.0,231
11087074000123,2012-04-19,1110648.0,0.9369798,1142412.98,2000.0,679.75,231
11087074000123,2012-04-20,1052443.0,0.9338428,1087046.84,0.0,51541.38,230
11087074000123,2012-04-23,1046670.0,0.9288003,1082876.08,1699.0,0.0,232
11087074000123,2012-04-24,1055010.0,0.9287126,1089973.82,7200.0,0.0,235
11087074000123,2012-04-25,1068340.0,0.9154674999999999,1075078.85,650.0,0.0,236
11087074000123,2012-04-26,1086280.0,0.9306610999999999,1099354.47,7780.4,1347.31,237
11087074000123,2012-04-27,1079000.0,0.9244157,1090203.3,200.0,1973.75,237
11087074000123,2012-04-30,1085990.0,0.9232264000000001,1093093.52,8838.0,4545.17,239
11087074000123,2012-05-02,1095160.0,0.9308885,1104165.48,2000.0,0.0,240
11087074000123,2012-05-04,1063572.0,0.9006864,1071184.98,3050.0,387.89,241
11087074000123,2012-05-07,1070335.0,0.8994955,1073753.63,3985.0,0.0,242
11087074000123,2012-05-08,1043305.0,0.8767728000000001,1047128.98,500.0,0.0,243
11087074000123,2012-05-09,1094238.0,0.8733414,1105230.84,62200.0,0.0,245
11087074000123,2012-05-10,1082472.0,0.8732582,1089921.54,0.0,15203.93,242
11087074000123,2012-05-11,1048800.0,0.8462035,1057831.33,1677.0,0.0,242
11087074000123,2012-05-14,1031136.0,0.8319848,1040906.73,850.0,0.0,243
11087074000123,2012-05-15,1026720.0,0.8283799999999999,1037577.1,1180.4,0.0,243
11087074000123,2012-05-16,996360.0,0.8040676,999224.74,595.0,8329.39,242
11087074000123,2012-05-17,959928.0,0.7748124,973168.91,10300.0,0.0,243
11087074000123,2012-05-18,992460.0,0.7949515,1002404.84,4250.0,308.91,246
11087074000123,2012-05-21,1204995.0,0.8201579999999999,1212234.42,178045.0,0.0,248
11087074000123,2012-05-22,1191261.0,0.8107958000000001,1198396.52,0.0,0.0,248
11087074000123,2012-05-23,1203360.0,0.8189108,1211390.89,1000.0,0.0,248
11087074000123,2012-05-24,1187664.0,0.80823,1193124.81,0.0,2466.34,247
11087074000123,2012-05-25,1182663.0,0.7950858000000001,1188721.04,15000.0,0.0,248
11087074000123,2012-05-28,1187690.0,0.8032044,1194284.87,550.0,7124.23,246
11087074000123,2012-05-29,1204140.0,0.8141977,1217630.68,7000.0,0.0,246
11087074000123,2012-05-30,1199205.0,0.8108276999999999,1212404.47,0.0,186.45,245
11087074000123,2012-05-31,1208088.0,0.8166979999999999,1221182.17,0.0,0.0,245
11087074000123,2012-06-01,1188348.0,0.8034268,1201851.08,513.0,0.0,245
11087074000123,2012-06-04,1210272.0,0.8011486999999999,1218443.34,20000.0,0.0,246
11087074000123,2012-06-05,1207920.0,0.7995331999999999,1213986.37,0.0,2000.0,246
11087074000123,2012-06-06,1250938.0,0.8229162,1259490.42,10000.0,0.0,246
11087074000123,2012-06-08,1261754.0,0.8299124,1271498.15,1300.0,0.0,246
11087074000123,2012-06-11,1246882.0,0.8201333000000001,1256515.74,0.0,0.0,246
11087074000123,2012-06-12,1274936.0,0.8383729999999999,1284460.61,0.0,0.0,246
11087074000123,2012-06-13,1281020.0,0.8422726,1290435.11,0.0,0.0,246
11087074000123,2012-06-14,1279668.0,0.8413187,1288973.69,0.0,0.0,246
11087074000123,2012-06-15,1297920.0,0.8530955,1308086.75,1070.0,0.0,247
11087074000123,2012-06-18,1308398.0,0.8598564000000001,1319569.63,1300.0,183.92,246
11087074000123,2012-06-19,1342198.0,0.8818073000000001,1352930.19,300.0,626.1,246
11087074000123,2012-06-20,1346930.0,0.8848174999999999,1356525.01,280.0,1303.58,244
11087074000123,2012-06-21,1313130.0,0.8626981,1321348.16,0.0,1265.37,243
11087074000123,2012-06-22,1292373.0,0.8617355999999999,1300361.45,4000.0,23512.5,242
11087074000123,2012-06-25,1273059.0,0.8488642,1279808.24,0.0,1130.27,240
11087074000123,2012-06-26,1296369.0,0.864252,1297538.32,850.0,6319.65,241
11087074000123,2012-06-27,1285604.0,0.8621793,1294191.04,700.0,935.39,241
11087074000123,2012-06-28,1268723.0,0.8508609,1276501.31,300.0,1000.0,241
11087074000123,2012-06-29,1296196.0,0.8690998,1303864.05,0.0,0.0,241
11087074000123,2012-07-02,1295203.0,0.8683646,1303961.1,1200.0,0.0,242
11087074000123,2012-07-03,1319366.0,0.8843815,1328012.62,0.0,0.0,242
11087074000123,2012-07-04,1324331.0,0.8876135,1332763.97,200.0,301.87,243
11087074000123,2012-07-05,1320300.0,0.8983325999999999,1338958.2,0.0,9900.62,242
11087074000123,2012-07-06,1300088.0,0.8846976000000001,1311268.84,500.0,7866.41,242
11087074000123,2012-07-09,1300088.0,0.8846231,1318632.75,9000.0,1525.65,241
11087074000123,2012-07-10,1278544.0,0.8648633,1289074.46,0.0,104.04,241
11087074000123,2012-07-11,1240320.0,0.8599378000000001,1247603.68,500.0,34629.3,240
11087074000123,2012-07-12,1235520.0,0.856556,1242821.86,300.0,175.58,239
11087074000123,2012-07-13,1258240.0,0.872128,1264697.06,0.0,718.96,238
11087074000123,2012-07-16,1240960.0,0.8601383,1247810.55,500.0,0.0,238
11087074000123,2012-07-17,1239680.0,0.8591825999999999,1248165.25,5100.0,3358.76,237
11087074000123,2012-07-18,1235200.0,0.8560255999999999,1241672.05,0.0,1906.84,236
11087074000123,2012-07-19,1234240.0,0.8552905000000001,1236746.59,200.0,4059.31,235
11087074000123,2012-07-20,1212160.0,0.8399485000000001,1219362.02,4800.0,0.0,237
11087074000123,2012-07-23,1180160.0,0.8178346,1187259.09,0.0,0.0,237
11087074000123,2012-07-24,1124800.0,0.7796316999999999,1131999.56,200.0,0.0,237
11087074000123,2012-07-25,1123840.0,0.7789020000000001,1130704.87,19100.0,19335.2,236
11087074000123,2012-07-26,1171409.0,0.7847251999999999,1205670.77,66512.6,0.0,237
11087074000123,2012-07-27,1218080.0,0.815032,1252934.9,700.0,0.0,238
11087074000123,2012-07-30,1215101.0,0.8130248000000001,1255868.68,6790.18,770.66,239
11087074000123,2012-07-31,1204840.0,0.8063130999999999,1245501.22,0.0,0.0,239
11087074000123,2012-08-01,1209805.0,0.8094581999999999,1249615.63,0.0,743.83,239
11087074000123,2012-08-02,1194248.0,0.7993124,1233952.87,0.0,0.0,239
11087074000123,2012-08-03,1208150.0,0.8082486,1247748.27,0.0,0.0,239
11087074000123,2012-08-06,1221390.0,0.8167554,1260880.87,0.0,0.0,239
11087074000123,2012-08-07,1221721.0,0.8169003,1261104.45,0.0,0.0,239
11087074000123,2012-08-08,1233637.0,0.824549,1273912.31,1000.0,0.0,239
11087074000123,2012-08-09,1227885.0,0.8304716999999999,1236859.44,0.0,46203.31,237
11087074000123,2012-08-10,1231482.0,0.8328155999999999,1240350.34,0.0,0.0,237
11087074000123,2012-08-13,1190056.0,0.8327103000000001,1195801.07,0.0,44392.3,236
11087074000123,2012-08-14,1145184.0,0.801393,1150828.38,0.0,0.0,236
11087074000123,2012-08-15,1150200.0,0.7850294,1158400.33,31070.66,0.0,238
11087074000123,2012-08-16,1199728.0,0.7941691999999999,1208277.21,37500.0,1109.93,237
11087074000123,2012-08-17,1246287.0,0.7719024,1257099.69,82700.0,0.0,238
11087074000123,2012-08-20,1252064.0,0.7862973000000001,1280742.94,200.0,0.0,238
11087074000123,2012-08-21,1241504.0,0.7797479,1279925.0,10000.0,150.0,240
11087074000123,2012-08-22,1242912.0,0.7805395,1281324.35,100.0,0.0,240
11087074000123,2012-08-23,1203488.0,0.756459,1241794.12,0.0,0.0,240
11087074000123,2012-08-24,1193984.0,0.7506050999999999,1232984.47,800.0,0.0,240
11087074000123,2012-08-27,1175328.0,0.7391842,1223304.94,9300.0,218.97,240
11087074000123,2012-08-28,1174976.0,0.738908,1224633.94,2050.0,263.91,240
11087074000123,2012-08-29,1142592.0,0.7193061,1207346.52,15400.0,200.0,241
11087074000123,2012-08-30,1137664.0,0.7163082,1203014.69,700.0,0.0,241
11087074000123,2012-08-31,1227660.0,0.732039,1234842.05,14100.0,8691.82,240
11087074000123,2012-09-03,1244184.0,0.7322319,1256867.42,21700.0,0.0,241
11087074000123,2012-09-04,1207712.0,0.7109227,1220817.25,3500.0,2973.19,238
11087074000123,2012-09-05,1224256.0,0.7204951,1241140.35,3885.0,0.0,239
11087074000123,2012-09-06,1281784.0,0.7538271,1321258.65,22700.0,0.0,239
11087074000123,2012-09-10,1347840.0,0.7753946,1359060.86,0.0,0.0,239
11087074000123,2012-09-11,1383936.0,0.795921,1390731.01,0.0,4307.02,238
11087074000123,2012-09-12,1371384.0,0.8011182,1379718.77,0.0,20093.49,235
11087074000123,2012-09-13,1387188.0,0.8231987,1392730.2,400.0,25416.56,233
11087074000123,2012-09-14,1402440.0,0.8321449000000001,1404400.95,0.0,3464.88,232
11087074000123,2012-09-17,1274675.0,0.8397263,1276726.13,300.0,140769.76,229
11087074000123,2012-09-18,1281375.0,0.8440615,1281553.12,3400.0,5164.26,228
11087074000123,2012-09-19,1195428.0,0.8346866,1198918.12,4000.0,72400.8,227
11087074000123,2012-09-20,1186896.0,0.8286747999999999,1187269.18,200.0,3213.86,226
11087074000123,2012-09-21,1159720.0,0.8096361999999999,1159991.94,0.0,0.0,226
11087074000123,2012-09-24,1149408.0,0.8126437,1156848.92,0.0,7451.9,225
11087074000123,2012-09-25,1153726.0,0.7904174,1160208.41,35000.0,0.0,227
11087074000123,2012-09-26,1157268.0,0.7927613,1169711.43,6062.5,0.0,228
11087074000123,2012-09-27,1154370.0,0.7907283,1164654.16,0.0,2057.6,227
11087074000123,2012-09-28,1135694.0,0.7779803000000001,1146912.38,1200.0,165.39,226
11087074000123,2012-10-01,1134728.0,0.7772566999999999,1141470.1,0.0,4375.57,223
11087074000123,2012-10-02,1131830.0,0.7752151999999999,1141449.81,5000.0,2022.08,222
11087074000123,2012-10-03,1117018.0,0.765088,1127356.06,1000.0,182.22,222
11087074000123,2012-10-04,1127644.0,0.7722314,1138881.85,1000.0,0.0,223
11087074000123,2012-10-05,1126356.0,0.7712901,1140072.46,6275.0,3696.19,222
11087074000123,2012-10-08,1159522.0,0.7936585999999999,1176336.11,3200.0,0.0,223
11087074000123,2012-10-09,1168216.0,0.7994548,1182835.72,0.0,2091.29,222
11087074000123,2012-10-10,1154370.0,0.7900028,1168850.98,0.0,0.0,222
11087074000123,2012-10-11,1165640.0,0.7975233,1171093.54,0.0,8884.36,221
11087074000123,2012-10-15,1140615.0,0.7976583,1148818.3,600.0,23073.5,221
11087074000123,2012-10-16,1163925.0,0.8137721,1176948.97,5100.0,177.06,221
11087074000123,2012-10-17,1144395.0,0.8260392,1193915.26,1202.0,1977.51,222
11087074000123,2012-10-18,1138725.0,0.8220449000000001,1188142.0,5000.0,5000.0,222
11087074000123,2012-10-19,1073006.0,0.8084361999999999,1117106.08,1200.0,52566.65,217
11087074000123,2012-10-22,1069080.0,0.8055236,1113081.41,0.0,0.0,217
11087074000123,2012-10-23,1043712.0,0.7870948,1087816.26,200.0,0.0,218
11087074000123,2012-10-24,1076706.0,0.7811008,1121032.24,41500.0,0.0,220
11087074000123,2012-10-25,1169260.0,0.8227985000000001,1214832.01,33955.55,0.0,222
11087074000123,2012-10-26,1204325.0,0.817235,1211433.39,5250.0,434.35,222
11087074000123,2012-10-29,1151271.0,0.8202971,1159010.96,0.0,56961.6,220
11087074000123,2012-10-30,1098374.0,0.8265120000000001,1160097.91,1000.0,8694.16,219
11087074000123,2012-10-31,1152295.0,0.8259785,1169449.02,10100.0,0.0,221
11087074000123,2012-11-01,1193157.0,0.8442550999999999,1201525.64,6200.0,0.0,224
11087074000123,2012-11-05,1185453.0,0.8387690000000001,1192858.38,0.0,859.65,223
11087074000123,2012-11-06,1194120.0,0.8447901,1201277.59,200.0,343.69,223
11087074000123,2012-11-07,1181601.0,0.8359136,1188497.22,0.0,158.09,222
11087074000123,2012-11-08,1157526.0,0.8189091,1168320.39,7000.0,3000.0,224
11087074000123,2012-11-09,1166193.0,0.8249122,1176884.81,0.0,0.0,224
11087074000123,2012-11-12,1156563.0,0.8180624,1167107.34,5000.0,5005.06,223
11087074000123,2012-11-13,1165230.0,0.8240656,1175462.44,0.0,209.39,222
11087074000123,2012-11-14,1143723.0,0.808917,1153854.24,0.0,0.0,222
11087074000123,2012-11-16,1112265.0,0.7867936,1127396.97,5100.0,0.0,222
11087074000123,2012-11-19,1125747.0,0.7961324000000001,1140902.12,1500.0,1376.47,220
11087074000123,2012-11-20,1125747.0,0.7960624,1140801.79,0.0,0.0,220
11087074000123,2012-11-21,1137624.0,0.8042796999999999,1152382.94,0.0,194.74,219
11087074000123,2012-11-22,1136982.0,0.8037611,1146163.32,0.0,5476.57,218
11087074000123,2012-11-23,1138347.0,0.814711,1152012.83,0.0,9764.95,217
11087074000123,2012-11-26,1132641.0,0.8106044,1146206.11,0.0,0.0,217
11087074000123,2012-11-27,1132641.0,0.8105332,1144844.75,250.0,1510.66,216
11087074000123,2012-11-28,1116474.0,0.7990166,1125878.08,300.0,3000.0,216
11087074000123,2012-11-29,1160220.0,0.82999,1166757.07,200.0,2964.89,215
11087074000123,2012-11-30,1163390.0,0.8321723,1169824.94,0.0,0.0,215
11087074000123,2012-12-03,1162756.0,0.8316488000000001,1169088.9,0.0,0.0,215
11087074000123,2012-12-04,1143102.0,0.8175958000000001,1149046.5,100.0,387.49,214
11087074000123,2012-12-05,1163073.0,0.8317334000000001,1169222.62,500.0,192.78,213
11087074000123,2012-12-06,1159903.0,0.8294059000000001,1165950.72,0.0,0.0,213
11087074000123,2012-12-07,1159288.0,0.8367667,1166128.58,0.0,10169.76,212
11087074000123,2012-12-10,1160330.0,0.8481476,1166392.31,0.0,15596.82,211
11087074000123,2012-12-11,1183580.0,0.8649788,1188482.7,0.0,1056.25,210
11087074000123,2012-12-12,1178266.0,0.8694076999999999,1186567.9,0.0,8000.0,210
11087074000123,2012-12-13,1182871.0,0.872706,1190069.42,0.0,1000.0,210
11087074000123,2012-12-14,1220325.0,0.9000944,1230038.44,6360.0,3739.31,208
11087074000123,2012-12-17,1056122.0,0.9124953000000001,1052496.68,600.0,195088.39,207
11087074000123,2012-12-18,1045500.0,0.9280644,1070751.31,500.0,203.23,208
11087074000123,2012-12-19,1028954.0,0.9171466999999999,1040640.17,0.0,17514.77,204
11087074000123,2012-12-20,1024331.0,0.9237871,1044758.24,0.0,3416.47,203
11087074000123,2012-12-21,1016550.0,0.9168238999999999,1026080.55,2000.0,12802.65,201
11087074000123,2012-12-24,1016550.0,0.9167405000000001,1026980.6,1200.0,206.56,201
11087074000123,2012-12-26,1021319.0,0.9209139000000001,1031855.87,200.0,0.0,202
11087074000123,2012-12-27,1024080.0,0.9232942,1034772.93,250.0,0.0,202
11087074000123,2012-12-28,1025837.0,0.9247780000000001,1045660.47,10969.75,1745.18,203
11087074000123,2012-12-31,1025837.0,0.9246943999999999,1045765.91,200.0,0.0,203
11087074000123,2013-01-02,1082040.0,0.9629905,1089076.17,0.0,0.0,203
11087074000123,2013-01-03,1069086.0,0.9514478,1076022.25,0.0,0.0,203
11087074000123,2013-01-04,1045718.0,0.9306981,1052755.76,200.0,0.0,205
11087074000123,2013-01-07,1024890.0,0.912199,1030778.25,0.0,1052.27,203
11087074000123,2013-01-08,1018540.0,0.9064939,1022684.08,200.0,1847.39,203
11087074000123,2013-01-09,1023620.0,0.9109108,1027767.12,100.0,0.0,203
11087074000123,2013-01-10,1030478.0,0.9168708,1034591.74,100.0,0.0,203
11087074000123,2013-01-11,1004062.0,0.8933755999999999,1008579.94,500.0,0.0,204
11087074000123,2013-01-14,1010158.0,0.8986900999999999,1011612.63,2000.0,4967.11,203
11087074000123,2013-01-15,987285.0,0.8958818000000001,994744.83,100.0,13806.63,201
11087074000123,2013-01-16,988032.0,0.8964690000000001,995596.82,200.0,0.0,202
11087074000123,2013-01-17,989775.0,0.8979528,997409.7,165.0,0.0,202
11087074000123,2013-01-18,976080.0,0.8855385,985620.39,2000.0,0.0,203
11087074000123,2013-01-21,974835.0,0.8843351999999999,984281.06,0.0,0.0,203
11087074000123,2013-01-22,985791.0,0.8940933000000001,994043.36,0.0,1098.7,202
11087074000123,2013-01-23,983550.0,0.8919924000000001,989427.73,0.0,2279.81,201
11087074000123,2013-01-24,961887.0,0.8723786,967921.43,250.0,0.0,201
11087074000123,2013-01-25,961887.0,0.8722945,968078.1,250.0,0.0,201
11087074000123,2013-01-28,938481.0,0.8511215,944421.63,300.0,458.54,200
11087074000123,2013-01-29,949437.0,0.8609117000000001,955285.07,0.0,0.0,200
11087074000123,2013-01-30,928521.0,0.8419798000000001,934527.79,250.0,0.0,200
11087074000123,2013-01-31,963630.0,0.8735277,969543.35,0.0,0.0,200
11087074000123,2013-02-01,976080.0,0.8846599,988399.25,6500.0,0.0,202
11087074000123,2013-02-04,964875.0,0.8745469000000001,977100.34,0.0,0.0,202
11087074000123,2013-02-05,952500.0,0.8599722,960640.21,0.0,176.28,201
11087074000123,2013-02-06,962500.0,0.8688405,970546.71,0.0,0.0,201
11087074000123,2013-02-07,936500.0,0.8454828999999999,944654.81,200.0,0.0,201
11087074000123,2013-02-08,943500.0,0.8516653000000001,952162.45,600.0,0.0,202
11087074000123,2013-02-13,935250.0,0.8441721999999999,943868.75,265.0,181.4,201
11087074000123,2013-02-14,918750.0,0.8293338,927090.4,0.0,187.49,200
11087074000123,2013-02-15,911750.0,0.822991,919816.36,100.0,283.6,199
11087074000123,2013-02-18,910500.0,0.8217918,918476.05,0.0,0.0,199
11087074000123,2013-02-19,902250.0,0.8143299,909572.3,200.0,763.92,199
11087074000123,2013-02-20,870000.0,0.7853781999999999,877134.48,0.0,100.0,199
11087074000123,2013-02-21,870500.0,0.7857473,877343.32,0.0,203.32,198
11087074000123,2013-02-22,852500.0,0.7695488,856850.35,200.0,2606.24,197
11087074000123,2013-02-25,857000.0,0.7735123,861263.52,0.0,0.0,197
11087074000123,2013-02-26,889295.0,0.7929578,893379.95,10465.0,0.0,197
11087074000123,2013-02-27,896885.0,0.7996154000000001,902684.29,2000.0,196.38,197
11087074000123,2013-02-28,924715.0,0.8241871,930034.47,0.0,388.77,196
11087074000123,2013-03-01,891825.0,0.7949614,896887.46,0.0,167.97,195
11087074000123,2013-03-04,861465.0,0.7679744000000001,866153.8,500.0,786.5,195
11087074000123,2013-03-05,892584.0,0.7624868,900164.64,40200.0,0.0,195
11087074000123,2013-03-06,945912.0,0.8075800999999999,956400.2,3000.0,0.0,195
11087074000123,2013-03-07,938520.0,0.8012604999999999,949746.0,830.0,0.0,196
11087074000123,2013-03-08,916608.0,0.7826976,925451.76,1600.0,3891.33,196
11087074000123,2013-03-11,929808.0,0.7937545,939425.35,900.0,0.0,196
11087074000123,2013-03-12,914760.0,0.7809633,926786.66,2500.0,0.0,196
11087074000123,2013-03-13,887376.0,0.7521846,892634.39,0.0,0.0,196
11087074000123,2013-03-14,894558.0,0.7581614000000001,899727.2,0.0,0.0,196
11087074000123,2013-03-15,893494.0,0.7571897,898257.43,600.0,916.64,195
11087074000123,2013-03-18,896420.0,0.7595810000000001,914057.5,13500.0,536.66,200
11087074000123,2013-03-19,910159.0,0.7305186,915394.78,36500.0,189.85,202
11087074000123,2013-03-20,951840.0,0.7452303000000001,957776.0,23946.35,0.0,204
11087074000123,2013-03-21,955584.0,0.7480710999999999,961927.05,500.0,0.0,204
11087074000123,2013-03-22,956160.0,0.7484466999999999,962210.03,0.0,200.0,204
11087074000123,2013-03-25,940032.0,0.7358300999999999,945990.03,0.0,0.0,204
11087074000123,2013-03-26,950112.0,0.7435987,956442.41,465.0,0.0,204
11087074000123,2013-03-27,975270.0,0.7578501,981673.09,6900.0,0.0,206
11087074000123,2013-03-28,963960.0,0.7490467,981269.6,11000.0,0.0,208
11087074000123,2013-04-01,939890.0,0.7306026,957107.4,0.0,0.0,208
11087074000123,2013-04-02,923360.0,0.7179149,924950.37,100.0,15635.77,207
11087074000123,2013-04-03,977300.0,0.7597086999999999,979296.9,500.0,0.0,207
11087074000123,2013-04-04,938440.0,0.7294916,941595.71,1250.0,0.0,207
11087074000123,2013-04-05,945400.0,0.7348127,949664.02,1200.0,0.0,209
11087074000123,2013-04-08,948300.0,0.7369855,952472.11,0.0,0.0,209
11087074000123,2013-04-09,991728.0,0.7678739,993091.9,700.0,0.0,209
11087074000123,2013-04-10,957390.0,0.7412245,958626.24,0.0,0.0,209
11087074000123,2013-04-11,942840.0,0.7299035,945482.42,1599.0,101.41,209
11087074000123,2013-04-12,974728.0,0.7417271,975798.14,15000.0,0.0,209
11087074000123,2013-04-15,911680.0,0.6937348000000001,911612.6,350.0,1397.99,207
11087074000123,2013-04-16,940005.0,0.7128079,942975.89,6300.0,0.0,208
11087074000123,2013-04-17,920403.0,0.7173195,946404.75,300.0,2839.55,207
11087074000123,2013-04-18,904365.0,0.705095,930987.68,1000.0,288.51,207
11087074000123,2013-04-19,910305.0,0.7095248000000001,936836.71,0.0,0.0,207
11087074000123,2013-04-22,926046.0,0.7213769,952685.79,200.0,0.0,208
11087074000123,2013-04-23,946539.0,0.7368237,973085.61,0.0,0.0,208
11087074000123,2013-04-24,953370.0,0.7419253,984823.01,5000.0,0.0,209
11087074000123,2013-04-25,996030.0,0.7519041,996034.3,0.0,2034.53,208
11087074000123,2013-04-26,959904.0,0.7317298000000001,961669.79,665.0,8304.88,205
11087074000123,2013-04-29,967004.0,0.7394933000000001,968083.28,0.0,3789.65,204
11087074000123,2013-04-30,1015104.0,0.7537055,1016183.33,30000.0,505.38,204
11087074000123,2013-05-02,1082675.0,0.7330513000000001,1084663.9,100000.0,3672.36,204
11087074000123,2013-05-03,1098020.0,0.7433536999999999,1101671.59,2700.0,936.4,205
11087074000123,2013-05-06,1100748.0,0.7451262,1114498.43,10200.0,0.0,207
11087074000123,2013-05-07,1127005.0,0.7625879,1141833.65,1980.0,762.58,206
11087074000123,2013-05-08,1139328.0,0.7641063,1141537.32,0.0,2569.79,205
11087074000123,2013-05-09,1140360.0,0.7647278000000001,1144665.8,2200.0,0.0,207
11087074000123,2013-05-10,1118000.0,0.7497212,1122303.55,100.0,0.0,207
11087074000123,2013-05-13,1094608.0,0.7340274999999999,1101810.71,3000.0,0.0,207
11087074000123,2013-05-14,1075022.0,0.7167685,1078085.38,3600.0,1418.68,207
11087074000123,2013-05-15,1053224.0,0.7022107,1065089.16,8900.0,0.0,208
11087074000123,2013-05-16,1048410.0,0.685254,1047169.84,7800.0,0.0,209
11087074000123,2013-05-17,1076760.0,0.6900289000000001,1076488.81,22300.0,277.68,209
11087074000123,2013-05-20,1117800.0,0.7162701,1117526.86,100.0,0.0,209
11087074000123,2013-05-21,1129320.0,0.723588,1131134.19,2190.0,0.0,209
11087074000123,2013-05-22,1113840.0,0.7136203000000001,1119552.33,4000.0,0.0,210
11087074000123,2013-05-23,1093680.0,0.7007057,1099291.47,0.0,0.0,210
11087074000123,2013-05-24,1091430.0,0.6953594,1090335.68,1300.0,1868.36,209
11087074000123,2013-05-27,1095050.0,0.6976039,1094355.17,500.0,0.0,210
11087074000123,2013-05-28,1071720.0,0.6864596,1072927.5,465.0,4410.15,208
11087074000123,2013-05-29,1057680.0,0.6774139,1058789.14,0.0,0.0,208
11087074000123,2013-05-31,1031400.0,0.660538,1034062.33,1650.0,0.0,208
11087074000123,2013-06-03,1078200.0,0.6903691999999999,1081762.59,1000.0,0.0,208
11087074000123,2013-06-04,1090800.0,0.6983461999999999,1100362.02,6100.0,0.0,210
11087074000123,2013-06-05,1058871.0,0.6724603,1058826.89,0.0,747.59,209
11087074000123,2013-06-06,1073754.0,0.6818494,1072793.51,0.0,817.08,207
11087074000123,2013-06-07,1063596.0,0.6697612,1065663.3,12200.0,311.02,207
11087074000123,2013-06-10,1046760.0,0.6591175,1073927.99,25200.0,0.0,208
11087074000123,2013-06-11,1044528.0,0.6406236,1048885.16,5090.0,0.0,209
11087074000123,2013-06-12,1030240.0,0.6318353,1037946.11,3450.0,0.0,209
11087074000123,2013-06-13,1062915.0,0.6603758000000001,1060583.19,10900.0,35147.76,209
11087074000123,2013-06-14,1049188.0,0.6517666999999999,1046956.71,200.0,0.0,210
11087074000123,2013-06-17,1053640.0,0.6544761,1051308.93,0.0,0.0,210
11087074000123,2013-06-18,1085430.0,0.6705759,1087467.21,10500.0,203.47,209
11087074000123,2013-06-19,1063050.0,0.6567135000000001,1064986.72,0.0,0.0,209
11087074000123,2013-06-20,1068272.0,0.6598714,1068828.61,1000.0,2279.15,208
11087074000123,2013-06-21,1069720.0,0.655428,1068831.4,7200.0,0.0,210
11087074000123,2013-06-24,1011064.0,0.6194001,1010079.41,0.0,0.0,210
11087074000123,2013-06-25,1034000.0,0.6333936,1036399.01,3500.0,0.0,210
11087074000123,2013-06-26,1005800.0,0.6160891,1008753.96,965.0,295.38,209
11087074000123,2013-06-27,1003920.0,0.6148709,1007759.32,1000.0,0.0,209
11087074000123,2013-06-28,1017080.0,0.6228294,1021003.19,200.0,0.0,209
11087074000123,2013-07-01,1025728.0,0.6279123000000001,1029335.59,0.0,0.0,209
11087074000123,2013-07-02,981360.0,0.6008992,985053.01,0.0,0.0,209
11087074000123,2013-07-03,977600.0,0.5985363,983064.77,2000.0,114.75,209
11087074000123,2013-07-04,1014072.0,0.6206736999999999,1019424.22,0.0,0.0,209
11087074000123,2013-07-05,994520.0,0.6086978,1012754.4,13000.0,0.0,210
11087074000123,2013-07-08,980608.0,0.6002673000000001,998842.19,800.0,685.53,209
11087074000123,2013-07-09,980608.0,0.6001984,1000417.63,1990.0,300.0,209
11087074000123,2013-07-10,1012652.0,0.6082401,1013690.08,0.0,131.55,208
11087074000123,2013-07-11,1054782.0,0.6334529000000001,1055209.46,0.0,500.0,208
11087074000123,2013-07-12,1036398.0,0.6223470999999999,1036709.45,0.0,0.0,208
11087074000123,2013-07-15,1047888.0,0.6291745,1049572.58,1490.0,0.0,208
11087074000123,2013-07-16,1067421.0,0.6408129,1068676.85,0.0,310.6,206
11087074000123,2013-07-17,1078528.0,0.6474019,1078165.13,0.0,1500.0,206
11087074000123,2013-07-18,1080826.0,0.6487104,1081272.82,2000.0,1071.54,206
11087074000123,2013-07-19,1069719.0,0.6419759,1068547.75,0.0,1500.0,206
11087074000123,2013-07-22,1089635.0,0.6538695999999999,1089344.45,1000.0,0.0,206
11087074000123,2013-07-23,1101471.0,0.6643683000000001,1102554.08,0.0,4281.05,205
11087074000123,2013-07-24,1102614.0,0.6649845999999999,1105576.92,2000.0,0.0,206
11087074000123,2013-07-25,1110234.0,0.6694952,1113076.13,0.0,0.0,206
11087074000123,2013-07-26,1114425.0,0.6719433000000001,1117611.15,465.0,0.0,206
11087074000123,2013-07-29,1101090.0,0.6638536,1101182.49,0.0,2973.53,205
11087074000123,2013-07-30,1077680.0,0.6513755999999999,1080484.19,0.0,0.0,205
11087074000123,2013-07-31,1069700.0,0.6464941999999999,1071608.92,500.0,1278.11,205
11087074000123,2013-08-01,1084900.0,0.6555923,1087689.81,1000.0,0.0,205
11087074000123,2013-08-02,1078820.0,0.6518560999999999,1081491.01,0.0,0.0,205
11087074000123,2013-08-05,1091740.0,0.6595714,1094291.39,0.0,0.0,205
11087074000123,2013-08-06,1077300.0,0.6507963000000001,1079732.7,0.0,0.0,205
11087074000123,2013-08-07,1104280.0,0.6669856,1106592.31,0.0,0.0,205
11087074000123,2013-08-08,1125368.0,0.6868314,1127098.28,0.0,12420.12,204
11087074000123,2013-08-09,1161840.0,0.7089812,1161577.33,500.0,2369.04,204
11087074000123,2013-08-12,1128847.0,0.7173735,1127892.34,0.0,47434.69,203
11087074000123,2013-08-13,1133004.0,0.7239498000000001,1134031.84,800.0,5000.0,204
11087074000123,2013-08-14,1124960.0,0.7247728,1126781.23,0.0,8539.87,204
11087074000123,2013-08-15,1123180.0,0.7235498,1122879.88,0.0,1999.99,204
11087074000123,2013-08-16,1145252.0,0.7376933000000001,1149429.16,5100.0,500.0,205
11087074000123,2013-08-19,1151660.0,0.7417267,1165913.81,10700.0,500.0,207
11087074000123,2013-08-20,1103544.0,0.7210305,1104944.35,200.0,28637.27,205
11087074000123,2013-08-21,1085739.0,0.7133894000000001,1087382.4,0.0,5859.96,205
11087074000123,2013-08-22,1111320.0,0.7428296,1112361.33,0.0,19895.17,204
11087074000123,2013-08-23,1107204.0,0.7400005999999999,1105668.71,0.0,2456.27,202
11087074000123,2013-08-26,1104460.0,0.7380838000000001,1102804.66,0.0,0.0,202
11087074000123,2013-08-27,1088339.0,0.7272147,1086828.0,465.0,201.71,201
11087074000123,2013-08-28,1071875.0,0.7161194000000001,1070245.96,0.0,0.0,201
11087074000123,2013-08-29,1056440.0,0.7057131999999999,1057193.87,2500.0,0.0,201
11087074000123,2013-08-30,1066730.0,0.7125037,1067366.4,0.0,0.0,201
11087074000123,2013-09-02,1098286.0,0.7334884,1098802.52,0.0,0.0,201
11087074000123,2013-09-03,1102745.0,0.7363848000000001,1103141.39,0.0,0.0,201
11087074000123,2013-09-04,1102402.0,0.7360755999999999,1101444.77,500.0,1733.52,201
11087074000123,2013-09-05,1108576.0,0.7401211,1107498.35,0.0,0.0,201
11087074000123,2013-09-06,1104460.0,0.7372901999999999,1103262.22,0.0,0.0,201
11087074000123,2013-09-09,1130994.0,0.757147,1131212.01,10000.0,11763.36,200
11087074000123,2013-09-10,1151856.0,0.7710279999999999,1151950.86,0.0,0.0,200
11087074000123,2013-09-11,1117005.0,0.7542297,1118315.99,0.0,8537.38,197
11087074000123,2013-09-12,1125480.0,0.7598635,1122827.34,4000.0,7842.08,197
11087074000123,2013-09-13,1122429.0,0.7577168000000001,1120155.21,500.0,0.0,197
11087074000123,2013-09-16,1121412.0,0.756947,1122017.14,3000.0,0.0,197
11087074000123,2013-09-17,1101532.0,0.7545683000000001,1102141.71,100.0,16449.47,195
11087074000123,2013-09-18,1102200.0,0.7549434,1105477.96,3000.0,211.64,194
11087074000123,2013-09-19,1088840.0,0.7457381,1091998.56,0.0,0.0,194
11087074000123,2013-09-20,1081158.0,0.7404108,1088197.66,4000.0,0.0,195
11087074000123,2013-09-23,1093850.0,0.7489648,1100769.6,0.0,0.0,195
11087074000123,2013-09-24,1077818.0,0.7379757,1085218.67,900.0,300.0,196
11087074000123,2013-09-25,1089174.0,0.7456166,1092328.79,5000.0,9126.1,195
11087074000123,2013-09-26,1090844.0,0.7466749,1094344.22,465.0,0.0,195
11087074000123,2013-09-27,1073476.0,0.7347439,1076857.8,0.0,0.0,195
11087074000123,2013-09-30,1053436.0,0.7209905,1062525.6,7000.0,1174.99,193
11087074000123,2013-10-01,1064124.0,0.7281626,1079095.05,6000.0,0.0,195
11087074000123,2013-10-02,1062788.0,0.7271808000000001,1076954.39,220.0,905.79,195
11087074000123,2013-10-03,1066155.0,0.7187471,1067964.05,3500.0,0.0,195
11087074000123,2013-10-04,1081410.0,0.7289336,1083119.86,500.0,480.0,195
11087074000123,2013-10-07,1064121.0,0.7172187,1064646.07,1000.0,2066.68,194
11087074000123,2013-10-08,1057002.0,0.7123436,1058409.42,1000.0,0.0,195
11087074000123,2013-10-09,1032933.0,0.6960663,1034524.26,300.0,0.0,196
11087074000123,2013-10-10,1035984.0,0.6980408,1043458.86,6000.0,0.0,196
11087074000123,2013-10-11,1051578.0,0.7083939,1058935.09,0.0,0.0,196
11087074000123,2013-10-14,1093953.0,0.7366608,1102189.68,1000.0,0.0,196
11087074000123,2013-10-15,1091580.0,0.7349945,1099696.47,0.0,0.0,196
11087074000123,2013-10-16,1095309.0,0.7374063,1104305.04,1000.0,0.0,196
11087074000123,2013-10-17,1111581.0,0.7481909000000001,1121010.52,1000.0,444.96,195
11087074000123,2013-10-18,1080629.0,0.7445833000000001,1115907.05,500.0,198.21,194
11087074000123,2013-10-21,1103817.0,0.7599735,1138972.36,0.0,0.0,194
11087074000123,2013-10-22,1118480.0,0.7696748999999999,1153505.91,1000.0,1005.9,193
11087074000123,2013-10-23,1066151.0,0.7561512,1101666.43,800.0,32371.62,190
11087074000123,2013-10-24,1067475.0,0.7569773,1100536.47,0.0,2333.54,188
11087074000123,2013-10-25,1067475.0,0.7568946,1103416.22,3000.0,0.0,189
11087074000123,2013-10-28,1113365.0,0.765875,1117123.08,615.0,0.0,189
11087074000123,2013-10-29,1106545.0,0.7611166,1110182.29,0.0,0.0,189
11087074000123,2013-10-30,1100866.0,0.7638322,1104055.04,0.0,10088.29,188
11087074000123,2013-10-31,1109992.0,0.7700628,1113560.84,500.0,0.0,188
11087074000123,2013-11-01,1123920.0,0.784231,1128681.35,0.0,5367.63,187
11087074000123,2013-11-04,1149792.0,0.8021215,1154689.79,260.0,0.0,187
11087074000123,2013-11-05,1141392.0,0.7962009,1146166.73,0.0,0.0,187
11087074000123,2013-11-06,1157184.0,0.8070849,1161834.72,0.0,0.0,187
11087074000123,2013-11-07,1186192.0,0.7808223000000001,1195029.3,71000.73,0.0,188
11087074000123,2013-11-08,1169816.0,0.7700406999999999,1179528.32,1000.0,0.0,189
11087074000123,2013-11-11,1183700.0,0.7790225000000001,1193276.51,0.0,9.85,188
11087074000123,2013-11-12,1154508.0,0.7598835999999999,1164780.3,820.0,0.0,189
11087074000123,2013-11-13,1141336.0,0.7512099,1151374.65,400.0,510.28,190
11087074000123,2013-11-14,1153440.0,0.7590260999999999,1165354.54,2000.0,0.0,191
11087074000123,2013-11-18,1177292.0,0.7744795999999999,1189330.76,250.0,0.0,191
11087074000123,2013-11-19,1166256.0,0.7672116999999999,1177743.76,0.0,426.01,190
11087074000123,2013-11-20,1166256.0,0.7671303,1177618.79,0.0,0.0,190
11087074000123,2013-11-21,1159570.0,0.7563755,1161109.11,0.0,0.0,190
11087074000123,2013-11-22,1172494.0,0.7647132,1173908.31,0.0,0.0,190
11087074000123,2013-11-25,1147723.0,0.7484966,1149014.19,0.0,0.0,190
11087074000123,2013-11-26,1102059.0,0.7226885000000001,1105348.19,465.0,4513.15,188
11087074000123,2013-11-27,1122765.0,0.7361466,1131932.3,6000.0,0.0,188
11087074000123,2013-11-28,1153110.0,0.7558005999999999,1163053.13,900.0,0.0,188
11087074000123,2013-11-29,1170603.0,0.7670865,1180620.35,200.0,0.0,189
11087074000123,2013-12-02,1171776.0,0.7635213000000001,1175133.13,0.0,0.0,189
11087074000123,2013-12-03,1156339.0,0.7534109,1159572.27,0.0,0.0,189
11087074000123,2013-12-04,1162801.0,0.7575288,1166110.0,200.0,0.0,190
11087074000123,2013-12-05,1179315.0,0.7681752,1182498.71,0.0,0.0,190
11087074000123,2013-12-06,1182905.0,0.7704258,1185963.21,0.0,0.0,190
11087074000123,2013-12-09,1189367.0,0.7745419,1192025.33,0.0,273.99,189
11087074000123,2013-12-10,1179315.0,0.767929,1181647.89,0.0,200.21,188
11087074000123,2013-12-11,1155980.0,0.7526837,1158389.16,200.0,0.0,188
11087074000123,2013-12-12,1147005.0,0.7467719,1146658.59,0.0,2632.28,187
11087074000123,2013-12-13,1144492.0,0.7450553000000001,1144022.72,0.0,0.0,187
11087074000123,2013-12-16,1141261.0,0.7428712,1137724.6,0.0,2944.41,186
11087074000123,2013-12-17,1139466.0,0.7416191999999999,1135907.2,100.0,0.0,186
11087074000123,2013-12-18,1144851.0,0.7450548,1141169.41,0.0,0.0,186
11087074000123,2013-12-19,1161365.0,0.7557558000000001,1157559.59,0.0,0.0,186
11087074000123,2013-12-20,1144492.0,0.7446595,1144120.94,3557.0,0.0,186
11087074000123,2013-12-23,1141620.0,0.7427104,1143119.21,1993.0,0.0,187
11087074000123,2013-12-24,1141620.0,0.7426305999999999,1141565.3,0.0,1431.02,186
11087074000123,2013-12-26,1119690.0,0.7448719,1145010.67,0.0,0.0,186
11087074000123,2013-12-27,1137591.0,0.7564364,1163452.51,665.0,0.0,186
11087074000123,2013-12-30,1148823.0,0.7636575,1174759.1,200.0,0.0,187
11087074000123,2013-12-31,1148823.0,0.7635767,1174421.4,0.0,213.45,186
11087074000123,2014-01-02,1142736.0,0.745027,1145890.96,0.0,0.0,186
11087074000123,2014-01-03,1124836.0,0.7333375,1127911.88,0.0,0.0,186
11087074000123,2014-01-06,1130564.0,0.7370101,1133560.44,0.0,0.0,186
11087074000123,2014-01-07,1106220.0,0.7211316,1109138.51,0.0,0.0,186
11087074000123,2014-01-08,1112664.0,0.7252704000000001,1115504.16,0.0,0.0,186
11087074000123,2014-01-09,1071494.0,0.6984535,1074258.41,0.0,0.0,186
11087074000123,2014-01-10,1077222.0,0.7021281999999999,1079910.24,0.0,0.0,186
11087074000123,2014-01-13,1066840.0,0.695329,1068047.84,0.0,1404.89,185
11087074000123,2014-01-14,1066840.0,0.6952799,1067972.43,0.0,0.0,185
11087074000123,2014-01-15,1082234.0,0.7052520999999999,1083290.02,0.0,0.0,185
11087074000123,2014-01-16,1084382.0,0.7066007,1085261.52,0.0,100.0,185
11087074000123,2014-01-17,1074716.0,0.7002579000000001,1076921.45,7000.0,5598.18,185
11087074000123,2014-01-20,1044286.0,0.680423,1046417.48,0.0,0.0,185
11087074000123,2014-01-21,1019584.0,0.6643136,1021536.03,0.0,106.96,184
11087074000123,2014-01-22,1034978.0,0.6742766,1041756.45,5000.0,100.0,185
11087074000123,2014-01-23,1007770.0,0.6566196,1012108.55,0.0,2367.86,184
11087074000123,2014-01-24,1024954.0,0.6677204999999999,1029219.42,0.0,0.0,184
11087074000123,2014-01-27,1021732.0,0.6655829000000001,1027924.59,2000.0,0.0,184
11087074000123,2014-01-28,1033904.0,0.6734166,1040543.81,2481.5,1960.48,183
11087074000123,2014-01-29,1072568.0,0.6983897,1079131.51,0.0,0.0,183
11087074000123,2014-01-30,1065408.0,0.6937069,1071895.88,0.0,0.0,183
11087074000123,2014-01-31,1074000.0,0.6992185000000001,1075809.53,0.0,4602.65,182
11087074000123,2014-02-03,1041780.0,0.6782285,1048454.11,4939.49,0.0,184
11087074000123,2014-02-04,1058964.0,0.6892951999999999,1066561.82,1000.0,0.0,184
11087074000123,2014-02-05,1071852.0,0.6975746,1080372.7,1000.0,0.0,184
11087074000123,2014-02-06,1102640.0,0.7174027,1111081.6,0.0,0.0,184
11087074000123,2014-02-07,1097628.0,0.7141093000000001,1105980.86,0.0,0.0,184
11087074000123,2014-02-10,1089752.0,0.7089508000000001,1097991.6,0.0,0.0,184
11087074000123,2014-02-11,1101566.0,0.7165278,1109726.0,0.0,0.0,184
11087074000123,2014-02-12,1093045.0,0.716933,1100129.66,200.0,10424.46,184
11087074000123,2014-02-13,1091980.0,0.7161879,1098986.34,0.0,0.0,184
11087074000123,2014-02-14,1099080.0,0.7207635,1107307.57,1300.0,0.0,185
11087074000123,2014-02-17,1091270.0,0.7156275,1097110.41,3000.0,5306.63,184
11087074000123,2014-02-18,1086300.0,0.7123355,1092063.52,0.0,0.0,184
11087074000123,2014-02-19,1096950.0,0.7192316999999999,1102447.58,0.0,188.36,183
11087074000123,2014-02-20,1085945.0,0.712002,1091365.76,0.0,0.0,183
11087074000123,2014-02-21,1086655.0,0.7124149999999999,1091998.87,0.0,0.0,183
11087074000123,2014-02-24,1056480.0,0.6926800999999999,1061748.95,0.0,0.0,183
11087074000123,2014-02-25,1029500.0,0.6750307,1034695.68,0.0,0.0,183
11087074000123,2014-02-26,1030210.0,0.675446,1035932.25,600.0,0.0,184
11087074000123,2014-02-27,1040505.0,0.6821100999999999,1046253.11,100.0,0.0,184
11087074000123,2014-02-28,1032695.0,0.6769701,1037615.92,181.5,934.6,184
11087074000123,2014-03-05,997905.0,0.654225,1002753.73,0.0,0.0,184
11087074000123,2014-03-06,997905.0,0.6541779999999999,1003181.73,500.0,0.0,184
11087074000123,2014-03-07,961695.0,0.6305198000000001,962694.08,400.0,4607.82,184
11087074000123,2014-03-10,936135.0,0.6137347,937995.68,1300.0,370.48,183
11087074000123,2014-03-11,926550.0,0.6074259,928484.18,300.0,169.45,183
11087074000123,2014-03-12,939330.0,0.615742,942395.72,1200.0,0.0,184
11087074000123,2014-03-13,919450.0,0.6027089,922598.58,150.0,0.0,184
11087074000123,2014-03-14,926550.0,0.6073029999999999,929630.94,0.0,0.0,184
11087074000123,2014-03-17,954200.0,0.6049228,958787.53,32800.0,0.0,184
11087074000123,2014-03-18,974385.0,0.6176132,979301.53,400.0,0.0,185
11087074000123,2014-03-19,975119.0,0.6180315,979763.93,0.0,200.74,184
11087074000123,2014-03-20,977688.0,0.619607,982261.62,0.0,0.0,184
11087074000123,2014-03-21,998240.0,0.6325255,1002741.26,0.0,0.0,184
11087074000123,2014-03-24,996772.0,0.6315539000000001,1003201.84,2000.82,0.0,184
11087074000123,2014-03-25,1013287.0,0.6418979,1020232.88,600.0,0.0,185
11087074000123,2014-03-26,1009250.0,0.6392983,1016012.61,100.0,188.52,184
11087074000123,2014-03-27,1022095.0,0.6473205,1028962.01,200.0,0.0,185
11087074000123,2014-03-28,1020627.0,0.6463369000000001,1027269.48,181.5,310.56,184
11087074000123,2014-03-31,1040445.0,0.6587445,1046989.69,0.0,0.0,184
11087074000123,2014-04-01,1037142.0,0.6566024,1050585.07,7000.0,0.0,185
11087074000123,2014-04-02,1086320.0,0.6817621,1090841.41,0.0,0.0,185
11087074000123,2014-04-03,1093350.0,0.6860901999999999,1097766.47,0.0,0.0,185
11087074000123,2014-04-04,1090760.0,0.6844059,1095071.69,0.0,0.0,185
11087074000123,2014-04-07,1111850.0,0.6975206,1116055.59,0.0,0.0,185
11087074000123,2014-04-08,1112960.0,0.698148,1117510.33,750.0,299.14,184
11087074000123,2014-04-09,1108150.0,0.6950691,1111581.98,0.0,1000.0,184
11087074000123,2014-04-10,1098530.0,0.6889801999999999,1106344.3,5000.0,500.0,184
11087074000123,2014-04-11,1104820.0,0.6928305,1112527.11,0.0,0.0,184
11087074000123,2014-04-14,1114440.0,0.6987543,1122039.35,0.0,0.0,184
11087074000123,2014-04-15,1031190.0,0.6675575,1071944.36,0.0,0.0,184
11087074000123,2014-04-16,1041550.0,0.6739469,1082204.22,0.0,0.0,184
11087074000123,2014-04-17,1055980.0,0.6828703,1094433.38,0.0,2099.78,182
11087074000123,2014-04-22,1037480.0,0.6712651,1075780.7,800.0,853.04,182
11087074000123,2014-04-23,1024900.0,0.6633536999999999,1062311.23,0.0,790.57,181
11087074000123,2014-04-24,1041550.0,0.6736882,1078861.24,0.0,0.0,181
11087074000123,2014-04-25,1058750.0,0.6585880999999999,1054207.79,0.0,471.66,180
11087074000123,2014-04-28,1016500.0,0.6404776,1023990.77,100.0,1327.35,179
11087074000123,2014-04-29,1013780.0,0.6398762,1023210.82,181.5,0.0,179
11087074000123,2014-04-30,1003960.0,0.6328258000000001,1011936.72,0.0,0.0,179
11087074000123,2014-05-02,1039300.0,0.6548648,1044690.3,800.0,3288.43,177
11087074000123,2014-05-05,1031700.0,0.6500397,1036348.8,200.0,844.16,176
11087074000123,2014-05-06,1023340.0,0.6447353,1028291.99,400.0,0.0,177
11087074000123,2014-05-07,1035120.0,0.6520600999999999,1039374.4,0.0,600.0,177
11087074000123,2014-05-08,1019540.0,0.6422253000000001,1024097.91,400.0,0.0,178
11087074000123,2014-05-09,980500.0,0.6342871999999999,983361.08,100.0,28178.65,177
11087074000123,2014-05-12,1022310.0,0.6611931,1025074.38,0.0,0.0,177
11087074000123,2014-05-13,1021200.0,0.6604156999999999,1028142.12,5000.0,727.0,177
11087074000123,2014-05-14,1045250.0,0.6758017,1052880.81,1000.0,214.36,177
11087074000123,2014-05-15,1042290.0,0.6738397,1049511.31,0.0,312.69,177
11087074000123,2014-05-16,1019350.0,0.6590498,1026475.97,0.0,0.0,177
11087074000123,2014-05-19,985680.0,0.6373696999999999,993708.93,1000.0,0.0,177
11087074000123,2014-05-20,963110.0,0.6228341,971046.9,0.0,0.0,177
11087074000123,2014-05-21,968660.0,0.6263343000000001,973629.36,1000.0,3874.51,176
11087074000123,2014-05-22,984940.0,0.6367448,990012.5,200.0,0.0,177
11087074000123,2014-05-23,990490.0,0.640252,995465.46,0.0,0.0,177
11087074000123,2014-05-26,994930.0,0.6430451,999808.11,0.0,0.0,177
11087074000123,2014-05-27,986420.0,0.6375096,991401.62,200.0,0.0,177
11087074000123,2014-05-28,982350.0,0.6348268,982935.68,481.5,4775.32,176
11087074000123,2014-05-29,985680.0,0.6369189000000001,986674.91,500.0,0.0,176
11087074000123,2014-05-30,948680.0,0.6129741999999999,951774.16,3500.0,1307.14,176
11087074000123,2014-06-02,968660.0,0.6257804,973458.56,1800.0,0.0,176
11087074000123,2014-06-03,958300.0,0.6190595999999999,963169.79,550.0,383.91,175
11087074000123,2014-06-04,954600.0,0.6166206,956064.2,200.0,3510.83,173
11087074000123,2014-06-05,951640.0,0.6146505999999999,959009.75,6000.0,0.0,173
11087074000123,2014-06-06,966810.0,0.624312,974333.96,250.0,0.0,174
11087074000123,2014-06-09,984570.0,0.6356239,991987.91,0.0,0.0,174
11087074000123,2014-06-10,976800.0,0.6305776,984112.48,0.0,0.0,174
11087074000123,2014-06-11,976800.0,0.6305159,984216.11,200.0,0.0,175
11087074000123,2014-06-12,976800.0,0.6304592,984127.57,0.0,0.0,175
11087074000123,2014-06-13,952750.0,0.6149864,959975.07,0.0,0.0,175
11087074000123,2014-06-16,942390.0,0.6082904,952022.74,2500.0,0.0,177
11087074000123,2014-06-17,943130.0,0.608705,952578.62,100.0,193.08,176
11087074000123,2014-06-18,956080.0,0.6169213000000001,970436.58,5000.0,0.0,177
11087074000123,2014-06-20,964172.0,0.6154451,968114.37,0.0,0.0,177
11087074000123,2014-06-23,978758.0,0.6246585,982607.42,0.0,0.0,177
11087074000123,2014-06-24,964920.0,0.6158031,968677.51,0.0,0.0,177
11087074000123,2014-06-25,934684.0,0.6162057,938723.58,1000.0,31587.28,178
11087074000123,2014-06-26,954956.0,0.6294506,959000.75,100.0,0.0,178
11087074000123,2014-06-27,948802.0,0.6253517,954346.04,2212.55,622.31,179
11087074000123,2014-06-30,953870.0,0.6286123,959503.63,181.5,0.0,179
11087074000123,2014-07-01,965092.0,0.6359045,972034.22,1400.0,0.0,179
11087074000123,2014-07-02,984640.0,0.6486318,991085.12,0.0,403.99,178
11087074000123,2014-07-03,1005636.0,0.6623121,1008422.35,0.0,3565.75,177
11087074000123,2014-07-04,1008532.0,0.6641526,1014224.63,3000.0,0.0,177
11087074000123,2014-07-07,1001292.0,0.6593504,1006891.16,1000.0,1000.0,177
11087074000123,2014-07-08,1004188.0,0.6611826,1010689.11,1000.0,0.0,177
11087074000123,2014-07-09,1004188.0,0.6611182,1010590.71,0.0,0.0,177
11087074000123,2014-07-10,1003464.0,0.6605755,1009418.15,200.0,542.97,176
11087074000123,2014-07-11,999120.0,0.6576706,1004979.12,0.0,0.0,176
11087074000123,2014-07-14,1007084.0,0.662822,1012850.99,0.0,0.0,176
11087074000123,2014-07-15,1003116.0,0.6674885,1011377.64,0.0,8604.08,175
11087074000123,2014-07-16,1021016.0,0.6792395,1028791.22,0.0,391.55,174
11087074000123,2014-07-17,1008128.0,0.6706684,1017763.75,5000.0,3045.51,174
11087074000123,2014-07-18,1007770.0,0.6703705,1017243.27,200.0,268.44,174
11087074000123,2014-07-21,1012066.0,0.6731394,1015989.28,0.0,5455.63,173
11087074000123,2014-07-22,1021732.0,0.6794809,1025560.64,0.0,0.0,173
11087074000123,2014-07-23,1033148.0,0.6794241,1040474.88,15000.0,0.0,173
11087074000123,2014-07-24,1047990.0,0.6890528,1055220.39,0.0,0.0,173
11087074000123,2014-07-25,1047990.0,0.6889899,1052335.33,0.0,2788.61,172
11087074000123,2014-07-28,1062832.0,0.6986435999999999,1069925.2,3100.0,254.89,171
11087074000123,2014-07-29,1062470.0,0.6983437,1069647.42,181.5,0.0,171
11087074000123,2014-07-30,1047266.0,0.6883545999999999,1054347.16,0.0,0.0,171
11087074000123,2014-07-31,1054506.0,0.6930189,1061491.38,0.0,0.0,171
11087074000123,2014-08-01,1033148.0,0.6790125,1040037.91,0.0,0.0,171
11087074000123,2014-08-04,1038940.0,0.6827313,1045734.07,0.0,0.0,171
11087074000123,2014-08-05,1024460.0,0.6732116,1038152.81,7000.0,0.0,172
11087074000123,2014-08-06,1028080.0,0.675493,1041670.89,0.0,0.0,172
11087074000123,2014-08-07,1017220.0,0.6683796,1026281.33,200.0,4619.98,171
11087074000123,2014-08-08,1019392.0,0.6697228,1028343.91,0.0,0.0,171
11087074000123,2014-08-11,1030252.0,0.6767239,1034938.8,0.0,4154.99,170
11087074000123,2014-08-12,1033148.0,0.678551,1037733.14,0.0,0.0,170
11087074000123,2014-08-13,1008532.0,0.6623897,1013017.04,0.0,0.0,170
11087074000123,2014-08-14,986812.0,0.6481226999999999,991197.95,0.0,0.0,170
11087074000123,2014-08-15,997310.0,0.6549219000000001,1001596.25,0.0,0.0,170
11087074000123,2014-08-18,1002740.0,0.6584116999999999,1006933.3,0.0,0.0,170
11087074000123,2014-08-19,1004912.0,0.6597706999999999,1009011.71,0.0,0.0,170
11087074000123,2014-08-20,1024098.0,0.672254,1028102.89,0.0,0.0,170
11087074000123,2014-08-21,1020116.0,0.6695885,1024026.39,0.0,0.0,170
11087074000123,2014-08-22,999536.0,0.6633578,1008487.05,0.0,6010.51,170
11087074000123,2014-08-25,991660.0,0.658116,1000518.02,0.0,0.0,169
11087074000123,2014-08-26,989512.0,0.6566419,998577.11,300.0,0.0,169
11087074000123,2014-08-27,975550.0,0.6473996,984522.05,0.0,0.0,169
11087074000123,2014-08-28,935454.0,0.6209747,945718.34,1381.5,0.0,170
11087074000123,2014-08-29,929726.0,0.6171549,940900.87,1000.0,0.0,171
11087074000123,2014-09-01,921850.0,0.6119305,934135.88,1200.0,0.0,171
11087074000123,2014-09-02,912900.0,0.6060095999999999,925597.41,500.0,0.0,171
11087074000123,2014-09-03,921134.0,0.6113423000000001,927385.67,0.0,6356.68,170
11087074000123,2014-09-04,911110.0,0.6046764,919650.07,7200.0,4823.62,169
11087074000123,2014-09-05,895000.0,0.5940267,905297.59,2000.0,155.37,169
11087074000123,2014-09-08,887840.0,0.5892715999999999,898250.81,200.0,0.0,169
11087074000123,2014-09-09,899654.0,0.5969571,911166.14,2200.0,1000.0,170
11087074000123,2014-09-10,894284.0,0.5933735,905696.4,0.0,0.0,170
11087074000123,2014-09-11,894642.0,0.5935509,906367.09,400.0,0.0,170
11087074000123,2014-09-12,903592.0,0.5993544,916429.25,1200.0,0.0,172
11087074000123,2014-09-15,918986.0,0.609364,938934.23,7200.0,0.0,173
11087074000123,2014-09-16,933273.0,0.6101726,940180.07,0.0,0.0,173
11087074000123,2014-09-17,927465.0,0.6063455,934283.07,0.0,0.0,173
11087074000123,2014-09-18,929280.0,0.6074656,935874.07,0.0,134.88,172
11087074000123,2014-09-19,903870.0,0.5909154999999999,910376.66,0.0,0.0,172
11087074000123,2014-09-22,866481.0,0.5665916,873102.76,200.0,0.0,172
11087074000123,2014-09-23,872652.0,0.5705406,883688.08,4500.0,0.0,173
11087074000123,2014-09-24,893040.0,0.5789122,898654.53,2000.0,0.0,173
11087074000123,2014-09-25,887550.0,0.5753199000000001,893478.21,400.0,0.0,173
11087074000123,2014-09-26,869982.0,0.5639526999999999,881624.75,5800.0,0.0,174
11087074000123,2014-09-29,852780.0,0.5528951,864338.42,0.0,0.0,174
11087074000123,2014-09-30,870348.0,0.5640782,882002.48,181.5,0.0,174
11087074000123,2014-10-01,865956.0,0.5612146,877524.82,0.0,0.0,174
11087074000123,2014-10-02,888648.0,0.5756661999999999,900621.59,500.0,0.0,175
11087074000123,2014-10-03,873642.0,0.5660142,885521.3,0.0,0.0,175
11087074000123,2014-10-06,872544.0,0.5652520999999999,902837.59,18805.81,297.21,174
11087074000123,2014-10-07,900375.0,0.5691113,909001.54,0.0,0.0,174
11087074000123,2014-10-08,899250.0,0.5683474000000001,907781.41,0.0,0.0,174
11087074000123,2014-10-09,882000.0,0.5574804,890424.33,0.0,0.0,174
11087074000123,2014-10-10,861750.0,0.544736,871068.55,1000.0,0.0,174
11087074000123,2014-10-13,903750.0,0.5709462,912691.16,0.0,289.2,173
11087074000123,2014-10-14,930000.0,0.5873111999999999,940851.59,2000.0,0.0,173
11087074000123,2014-10-15,923625.0,0.5832761,934387.55,0.0,0.0,173
11087074000123,2014-10-16,897000.0,0.5666014,906142.46,100.0,1632.81,172
11087074000123,2014-10-17,865125.0,0.5698499,911337.7,0.0,0.0,172
11087074000123,2014-10-20,857250.0,0.5648713000000001,903375.61,0.0,0.0,172
11087074000123,2014-10-21,866250.0,0.5704441,912287.92,0.0,0.0,172
11087074000123,2014-10-22,869250.0,0.5722649000000001,915199.94,0.0,0.0,172
11087074000123,2014-10-23,885750.0,0.5825266,932010.97,400.0,0.0,172
11087074000123,2014-10-24,889125.0,0.5845802,935296.66,0.0,0.0,172
11087074000123,2014-10-27,850125.0,0.5601505,896210.38,0.0,0.0,172
11087074000123,2014-10-28,887096.0,0.5591216,894673.37,781.5,672.35,171
11087074000123,2014-10-29,841232.0,0.5304071,848726.13,0.0,0.0,171
11087074000123,2014-10-30,803600.0,0.5068383,810465.86,0.0,546.93,170
11087074000123,2014-10-31,844760.0,0.5325257,859241.56,7700.0,0.0,170
11087074000123,2014-11-03,851004.0,0.5310651,858743.48,2000.0,141.38,170
11087074000123,2014-11-04,823680.0,0.5141162,830955.96,0.0,380.71,169
11087074000123,2014-11-05,830000.0,0.5128425,838897.27,10000.0,0.0,170
11087074000123,2014-11-06,814000.0,0.5030109,822814.99,0.0,0.0,170
11087074000123,2014-11-07,828000.0,0.5115114000000001,837219.9,500.0,0.0,170
11087074000123,2014-11-10,813254.0,0.4987121,821270.69,5000.0,0.0,170
11087074000123,2014-11-11,783432.0,0.4805542,791868.42,500.0,0.0,171
11087074000123,2014-11-12,783432.0,0.4805053,787527.83,0.0,4260.15,170
11087074000123,2014-11-13,780611.0,0.4787354,784626.92,0.0,0.0,170
11087074000123,2014-11-14,797940.0,0.4892591,801874.82,0.0,0.0,170
11087074000123,2014-11-17,795119.0,0.4874886,798973.02,0.0,0.0,170
11087074000123,2014-11-18,758849.0,0.4653108,762724.59,100.0,0.0,170
11087074000123,2014-11-19,752618.0,0.4671635,765761.55,0.0,0.0,170
11087074000123,2014-11-20,752618.0,0.467119,765688.54,0.0,0.0,170
11087074000123,2014-11-21,808800.0,0.4988861,817760.37,0.0,0.0,170
11087074000123,2014-11-24,816000.0,0.5032283,824878.0,0.0,0.0,170
11087074000123,2014-11-25,823200.0,0.5075702,831995.03,0.0,0.0,170
11087074000123,2014-11-26,790000.0,0.4872669,798814.49,100.0,0.0,170
11087074000123,2014-11-27,790000.0,0.4872176,798733.7,0.0,0.0,170
11087074000123,2014-11-28,800000.0,0.4932675,808833.22,181.5,0.0,170
11087074000123,2014-12-01,768000.0,0.47370379999999995,776753.75,0.0,0.0,170
11087074000123,2014-12-02,749600.0,0.4624348,758106.11,0.0,169.32,169
11087074000123,2014-12-03,752400.0,0.46409490000000003,761027.59,200.0,0.0,170
11087074000123,2014-12-04,740000.0,0.4564856,748549.89,0.0,0.0,170
11087074000123,2014-12-05,764830.0,0.46129899999999996,771442.91,15000.0,0.0,170
11087074000123,2014-12-08,738654.0,0.44559079999999995,745173.61,0.0,0.0,170
11087074000123,2014-12-09,721476.0,0.43526329999999996,727902.73,0.0,0.0,170
11087074000123,2014-12-10,694482.0,0.4190666,699238.27,0.0,1578.21,169
11087074000123,2014-12-11,667440.0,0.4067554,674604.44,0.0,4091.81,168
11087074000123,2014-12-12,656505.0,0.4001136,663589.01,0.0,0.0,168
11087074000123,2014-12-15,648000.0,0.3949374000000001,655004.22,0.0,0.0,168
11087074000123,2014-12-16,672300.0,0.40954470000000004,680105.53,1000.0,124.97,167
11087074000123,2014-12-17,686880.0,0.4182795,694610.81,0.0,0.0,167
11087074000123,2014-12-18,702675.0,0.4277452000000001,710330.02,0.0,0.0,167
11087074000123,2014-12-19,795333.0,0.4625492,792314.52,28200.0,4012.24,167
11087074000123,2014-12-22,774907.5,0.45929719999999996,786744.09,0.0,0.0,167
11087074000123,2014-12-23,810225.0,0.47986490000000004,821975.2,0.0,0.0,167
11087074000123,2014-12-24,810225.0,0.47981899999999994,821030.44,200.0,1066.15,167
11087074000123,2014-12-26,798175.5,0.47272299999999995,808888.28,0.0,0.0,167
11087074000123,2014-12-29,802746.0,0.4753439999999999,814473.18,1100.0,0.0,167
11087074000123,2014-12-30,799006.5,0.47311179999999997,810829.94,181.5,0.0,167
11087074000123,2014-12-31,799006.5,0.47306229999999994,810745.0,0.0,0.0,167
11087074000123,2015-01-02,778231.5,0.4608907999999999,789885.17,0.0,0.0,167
11087074000123,2015-01-05,769921.5,0.4559937,780492.4,0.0,1000.0,167
11087074000123,2015-01-06,801499.5,0.4743933,811585.12,0.0,400.6,167
11087074000123,2015-01-07,830584.5,0.4913436,840583.55,0.0,0.0,167
11087074000123,2015-01-08,835155.0,0.4939648,845567.89,500.0,0.0,168
11087074000123,2015-01-09,823521.0,0.4871104000000001,833834.48,0.0,0.0,168
11087074000123,2015-01-12,821859.0,0.4860821,832568.43,1000.0,505.75,167
11087074000123,2015-01-13,828922.5,0.4901555,839545.41,0.0,0.0,167
11087074000123,2015-01-14,764520.0,0.4525072,775060.92,0.0,0.0,167
11087074000123,2015-01-15,770752.5,0.4560974,780710.24,0.0,500.0,167
11087074000123,2015-01-16,799006.5,0.4725541,809479.53,600.0,0.0,167
11087074000123,2015-01-19,799335.0,0.4693601,806308.28,2500.0,200.0,168
11087074000123,2015-01-20,803938.5,0.4719905,810827.01,0.0,0.0,168
11087074000123,2015-01-21,813982.5,0.4777873,820785.27,0.0,0.0,168
11087074000123,2015-01-22,809797.5,0.4753015,816514.89,0.0,0.0,168
11087074000123,2015-01-23,766692.0,0.4501617,772709.32,0.0,618.21,167
11087074000123,2015-01-26,731538.0,0.4296354,737975.5,500.0,0.0,167
11087074000123,2015-01-27,711031.5,0.4176653,717714.82,300.0,0.0,167
11087074000123,2015-01-28,705172.5,0.414215,709885.15,0.0,1900.69,166
11087074000123,2015-01-29,677551.5,0.3980582,682695.42,500.0,0.0,166
11087074000123,2015-01-30,692617.5,0.4068021,698091.79,400.0,0.0,166
11087074000123,2015-02-02,720657.0,0.4230964,728053.57,2000.0,0.0,166
11087074000123,2015-02-03,755392.5,0.4432358,762708.91,0.0,0.0,166
11087074000123,2015-02-04,745767.0,0.4375959,753003.94,0.0,0.0,166
11087074000123,2015-02-05,738652.5,0.4334154000000001,745810.26,0.0,0.0,166
11087074000123,2015-02-06,745348.5,0.43726729999999997,751938.52,0.0,500.0,166
11087074000123,2015-02-09,778828.5,0.4566943,785345.81,0.0,0.0,166
11087074000123,2015-02-10,741582.0,0.43499390000000004,747944.74,0.0,84.44,165
11087074000123,2015-02-11,762925.5,0.4473701,768324.83,0.0,900.0,165
11087074000123,2015-02-12,768283.0,0.45587700000000003,776707.43,0.0,6227.28,165
11087074000123,2015-02-13,799709.0,0.47428509999999996,806068.27,0.0,2002.29,165
11087074000123,2015-02-18,808392.5,0.47935920000000004,814691.8,0.0,0.0,165
11087074000123,2015-02-19,788131.0,0.46740299999999996,794371.85,0.0,0.0,165
11087074000123,2015-02-20,804257.5,0.47685659999999996,813688.62,3250.0,0.0,167
11087074000123,2015-02-23,775312.5,0.4598597,782385.77,200.0,2500.0,168
11087074000123,2015-02-24,791439.0,0.4693036,798453.21,0.0,0.0,168
11087074000123,2015-02-25,791439.0,0.46926899999999994,798394.32,0.0,0.0,168
11087074000123,2015-02-26,746120.0,0.4512204000000001,756070.92,600.0,12216.34,168
11087074000123,2015-02-27,750580.5,0.4538366,760654.65,200.0,0.0,168
11087074000123,2015-03-02,727061.5,0.43976,734361.54,0.0,2700.0,168
11087074000123,2015-03-03,733144.0,0.4433579000000001,739069.71,1200.0,2500.0,169
11087074000123,2015-03-04,710815.0,0.433083,720431.04,200.0,1710.48,169
11087074000123,2015-03-05,675059.0,0.4156198,684940.58,0.0,6440.65,168
11087074000123,2015-03-06,681435.0,0.4194563,692638.45,1800.0,424.58,169
11087074000123,2015-03-09,680638.0,0.4189344,693076.67,1300.0,0.0,170
11087074000123,2015-03-10,660314.5,0.4065991,673469.39,800.0,0.0,170
11087074000123,2015-03-11,650750.5,0.4007821,663834.36,0.0,0.0,170
11087074000123,2015-03-12,649555.0,0.4000176,663318.14,750.0,0.0,170
11087074000123,2015-03-13,656728.0,0.4043003,670919.82,500.0,0.0,170
11087074000123,2015-03-16,661307.5,0.4030214,669797.59,1000.0,0.0,170
11087074000123,2015-03-17,691897.5,0.421385,700316.69,0.0,0.0,170
11087074000123,2015-03-18,675395.0,0.411412,682814.28,0.0,927.94,169
11087074000123,2015-03-19,668150.0,0.4070037,675497.87,0.0,0.0,169
11087074000123,2015-03-20,699545.0,0.4258755,704402.82,0.0,2416.35,168
11087074000123,2015-03-23,690202.0,0.4243865,699926.42,0.0,2013.53,167
11087074000123,2015-03-24,673465.0,0.4141875,683105.6,0.0,0.0,167
11087074000123,2015-03-25,677848.5,0.4167943,687404.78,0.0,0.0,167
11087074000123,2015-03-26,654337.0,0.4024886,662910.9,100.0,1000.0,167
11087074000123,2015-03-27,636404.5,0.3915514,645096.98,200.0,0.0,167
11087074000123,2015-03-30,639592.5,0.3934366,648202.99,0.0,0.0,167
11087074000123,2015-03-31,615682.5,0.3788756,624413.2,200.0,0.0,167
11087074000123,2015-04-01,598148.5,0.3681848,609794.0,3000.0,0.0,168
11087074000123,2015-04-02,616081.0,0.37895999999999996,628439.99,800.0,0.0,168
11087074000123,2015-04-06,619667.5,0.38107040000000003,629869.72,0.0,2069.99,167
11087074000123,2015-04-07,639991.0,0.3933138,650423.8,500.0,183.08,166
11087074000123,2015-04-08,623652.5,0.3833773,633991.78,1000.0,1000.0,166
11087074000123,2015-04-09,616584.5,0.3818897,625731.78,0.0,5800.0,166
11087074000123,2015-04-10,579840.0,0.37639409999999995,588727.03,0.0,28000.0,166
11087074000123,2015-04-13,570780.0,0.37054929999999997,579585.06,0.0,0.0,166
11087074000123,2015-04-14,599470.0,0.3888449,608201.7,0.0,0.0,166
11087074000123,2015-04-15,584747.5,0.3939087,621807.87,6000.0,314.19,165
11087074000123,2015-04-16,573422.5,0.38669169999999997,611415.48,1000.0,0.0,165
11087074000123,2015-04-17,564362.5,0.3809194,603188.6,900.0,0.0,165
11087074000123,2015-04-20,550882.5,0.3818629000000001,604682.64,0.0,0.0,165
11087074000123,2015-04-22,604905.0,0.4159242,658518.88,0.0,100.0,165
11087074000123,2015-04-23,644595.0,0.4409366,698520.29,400.0,0.0,165
11087074000123,2015-04-24,687592.5,0.468021,741426.6,0.0,0.0,165
11087074000123,2015-04-27,721525.0,0.4656625,731084.88,1000.0,7605.46,166
11087074000123,2015-04-28,718812.5,0.4638774000000001,729759.73,3300.0,1822.58,168
11087074000123,2015-04-29,662237.5,0.4278603,673686.78,2500.0,1911.77,168
11087074000123,2015-04-30,703312.5,0.4538897,714052.19,200.0,819.11,168
11087074000123,2015-05-04,753665.0,0.482161,762701.35,5000.0,826.83,168
11087074000123,2015-05-05,786625.0,0.5068252000000001,800335.67,0.0,1380.51,167
11087074000123,2015-05-06,750975.0,0.4842005999999999,764329.77,0.0,278.98,167
11087074000123,2015-05-07,753600.0,0.4797260999999999,762266.56,5000.0,0.0,168
11087074000123,2015-05-08,726517.5,0.4626299,734911.96,0.0,189.38,167
11087074000123,2015-05-11,747712.5,0.4759188,759522.13,3500.0,0.0,169
11087074000123,2015-05-12,726910.0,0.4628367000000001,738644.31,0.0,0.0,169
11087074000123,2015-05-13,707677.5,0.4507391,719337.7,0.0,0.0,169
11087074000123,2015-05-14,701790.0,0.4470037,713342.25,0.0,34.13,168
11087074000123,2015-05-15,698257.5,0.444744,709736.15,0.0,0.0,168
11087074000123,2015-05-18,666465.0,0.4247771,678872.22,1000.0,0.0,169
11087074000123,2015-05-19,662932.5,0.4225221,675268.31,0.0,0.0,169
11087074000123,2015-05-20,650372.5,0.414619,662637.72,0.0,0.0,169
11087074000123,2015-05-21,660577.5,0.4209597,672771.31,0.0,0.0,169
11087074000123,2015-05-22,669212.5,0.4263177,681334.46,0.0,0.0,169
11087074000123,2015-05-25,680987.5,0.43364,690971.02,0.0,2065.71,168
11087074000123,2015-05-26,684912.5,0.4360577000000001,694923.47,100.0,0.0,168
11087074000123,2015-05-27,690015.0,0.4392135999999999,700152.89,200.0,0.0,168
11087074000123,2015-05-28,675100.0,0.4298121,685165.97,0.0,0.0,168
11087074000123,2015-05-29,657830.0,0.4189339,670249.15,2500.0,75.76,168
11087074000123,2015-06-01,657830.0,0.4188894,670378.0,200.0,0.0,168
11087074000123,2015-06-02,706892.5,0.4494959,719359.72,0.0,0.0,168
11087074000123,2015-06-03,693155.0,0.44086210000000003,707542.36,2000.0,0.0,168
11087074000123,2015-06-05,696475.5,0.4395925,705504.74,0.0,0.0,168
11087074000123,2015-06-08,674327.5,0.4257382000000001,683269.94,0.0,0.0,168
11087074000123,2015-06-09,671954.5,0.42420559999999996,679901.07,0.0,909.16,167
11087074000123,2015-06-10,703990.0,0.4441379,714047.82,2200.0,0.0,178
11087074000123,2015-06-11,712691.0,0.4494996,720743.43,0.0,1924.44,178
11087074000123,2015-06-12,707154.0,0.4459962000000001,714956.41,0.0,169.57,177
11087074000123,2015-06-15,690147.5,0.4353379,697870.6,0.0,0.0,177
11087074000123,2015-06-16,673141.0,0.42468429999999996,680285.48,0.0,506.86,176
11087074000123,2015-06-17,666417.5,0.4204425,673490.68,0.0,0.0,176
11087074000123,2015-06-18,717337.5,0.4337195,724758.51,30000.0,0.0,176
11087074000123,2015-06-19,718162.5,0.43416859999999996,725508.98,0.0,0.0,176
11087074000123,2015-06-22,697537.5,0.4217821,704810.86,0.0,0.0,176
11087074000123,2015-06-23,703725.0,0.4254407,710924.44,0.0,0.0,176
11087074000123,2015-06-24,703312.5,0.42514979999999997,710438.29,0.0,0.0,176
11087074000123,2015-06-25,680625.0,0.41151459999999995,687653.51,0.0,0.0,176
11087074000123,2015-06-26,688875.0,0.41638569999999997,695893.24,100.0,0.0,176
11087074000123,2015-06-29,670312.5,0.4052139,677422.09,200.0,0.0,176
11087074000123,2015-06-30,642675.0,0.3886179,649877.59,200.0,0.0,176
11087074000123,2015-07-01,636075.0,0.3846077,643671.34,500.0,0.0,177
11087074000123,2015-07-02,637725.0,0.38553,645214.96,0.0,0.0,177
11087074000123,2015-07-03,628237.5,0.3797978,635923.77,500.0,197.91,176
11087074000123,2015-07-06,617512.5,0.3733297,625093.65,0.0,0.0,176
11087074000123,2015-07-07,624937.5,0.3776975,632907.06,500.0,0.0,176
11087074000123,2015-07-08,599775.0,0.3626156,607634.34,0.0,0.0,176
11087074000123,2015-07-09,599775.0,0.3625662,608451.54,900.0,0.0,178
11087074000123,2015-07-10,594412.5,0.359319,603202.1,200.0,0.0,179
11087074000123,2015-07-13,633600.0,0.3826141,642308.52,0.0,0.0,179
11087074000123,2015-07-14,612975.0,0.3702807,622104.0,500.0,0.0,179
11087074000123,2015-07-15,598125.0,0.3613951,607175.38,0.0,0.0,179
11087074000123,2015-07-16,611737.5,0.3694499,620908.22,200.0,0.0,180
11087074000123,2015-07-17,602250.0,0.3637578,613341.85,2000.0,0.0,181
11087074000123,2015-07-20,594825.0,0.35930759999999995,605728.06,0.0,110.25,180
11087074000123,2015-07-21,603487.5,0.3643991,614237.85,0.0,73.52,179
11087074000123,2015-07-22,586575.0,0.3543195,597447.42,200.0,0.0,180
11087074000123,2015-07-23,592350.0,0.3576939,604137.25,1000.0,0.0,180
11087074000123,2015-07-24,578737.5,0.3495882,590446.98,0.0,0.0,180
11087074000123,2015-07-27,588700.0,0.3487985,595813.24,6700.0,0.0,181
11087074000123,2015-07-28,624863.0,0.3699282,632206.69,300.0,0.0,181
11087074000123,2015-07-29,635375.5,0.3760382,642648.63,0.0,0.0,181
11087074000123,2015-07-30,605940.5,0.35877570000000003,613346.98,200.0,0.0,181
11087074000123,2015-07-31,616032.5,0.364645,623380.86,0.0,0.0,181
11087074000123,2015-08-03,604679.0,0.35796120000000003,611954.64,0.0,0.0,181
11087074000123,2015-08-04,622760.5,0.3684947,630162.28,200.0,0.0,182
11087074000123,2015-08-05,647149.5,0.38270879999999996,651616.79,0.0,2852.88,181
11087074000123,2015-08-06,633851.5,0.3895024,640799.38,10000.0,32384.46,181
11087074000123,2015-08-07,603109.5,0.3707685,609978.85,0.0,0.0,181
11087074000123,2015-08-10,624952.5,0.38399659999999997,632141.48,400.0,0.0,183
11087074000123,2015-08-11,592997.0,0.36454159999999997,600114.24,0.0,0.0,183
11087074000123,2015-08-12,617605.0,0.3704137,625271.05,25000.0,9509.92,183
11087074000123,2015-08-13,605999.0,0.3634953,613792.52,200.0,0.0,184
11087074000123,2015-08-14,594393.0,0.3565795,602114.61,0.0,0.0,184
11087074000123,2015-08-17,589833.5,0.3538368,597483.45,0.0,0.0,184
11087074000123,2015-08-18,574082.5,0.3444703,582267.21,600.0,0.0,186
11087074000123,2015-08-19,558746.0,0.3353592,568366.47,1500.0,0.0,190
11087074000123,2015-08-20,572424.5,0.3433914,582579.52,600.0,0.0,193
11087074000123,2015-08-21,557502.5,0.33455820000000003,567993.52,400.0,0.0,195
11087074000123,2015-08-24,520579.0,0.30842020000000003,527618.0,4000.0,0.0,200
11087074000123,2015-08-25,511045.5,0.30568449999999997,517828.81,0.0,5109.15,198
11087074000123,2015-08-26,526039.5,0.31449740000000004,534557.81,1800.0,0.0,203
11087074000123,2015-08-27,571438.0,0.3411697,579893.39,0.0,0.0,203
11087074000123,2015-08-28,571021.5,0.3408816,580603.59,1200.0,0.0,203
11087074000123,2015-08-31,589347.5,0.35160050000000004,600860.46,2000.0,0.0,203
11087074000123,2015-09-01,573937.0,0.34254309999999993,581463.56,0.0,3918.56,201
11087074000123,2015-09-02,607257.0,0.3621311,617413.87,2700.0,0.0,202
11087074000123,2015-09-03,633080.0,0.3772351,642374.89,0.0,790.55,201
11087074000123,2015-09-04,613504.5,0.3656983,621729.34,0.0,1000.0,201
11087074000123,2015-09-08,639744.0,0.38109,647897.1,0.0,0.0,201
11087074000123,2015-09-09,639744.0,0.3810432,647017.47,200.0,1000.0,202
11087074000123,2015-09-10,666400.0,0.3966898,670353.11,0.0,3232.61,201
11087074000123,2015-09-11,652655.5,0.3885125,656534.52,0.0,0.0,201
11087074000123,2015-09-14,639744.0,0.3808285,643549.52,0.0,0.0,201
11087074000123,2015-09-15,616836.5,0.3672301,621170.01,600.0,0.0,202
11087074000123,2015-09-16,630581.0,0.3753123,635841.02,1000.0,0.0,203
11087074000123,2015-09-17,650989.5,0.3873148,657565.31,1390.0,0.0,204
11087074000123,2015-09-18,630810.5,0.391178,638622.61,900.0,26401.42,205
11087074000123,2015-09-21,627215.0,0.3889338,635140.64,700.0,518.14,205
11087074000123,2015-09-22,613232.5,0.3803302,620250.7,200.0,1040.14,206
11087074000123,2015-09-23,596054.0,0.369747,602991.31,0.0,0.0,206
11087074000123,2015-09-24,589662.0,0.3657777,596718.14,200.0,0.0,207
11087074000123,2015-09-25,568888.0,0.352995,577064.76,1200.0,0.0,209
11087074000123,2015-09-28,526940.5,0.32728870000000004,535740.93,700.0,0.0,210
11087074000123,2015-09-29,528139.0,0.3279734,538261.84,1400.0,0.0,212
11087074000123,2015-09-30,532134.0,0.33035970000000003,543078.03,900.0,0.0,214
11087074000123,2015-10-01,556104.0,0.3448843,567355.02,400.0,0.0,216
11087074000123,2015-10-02,577677.0,0.3579406,588933.49,600.0,500.0,224
11087074000123,2015-10-05,586865.5,0.36347640000000003,597672.79,1200.0,1568.96,219
11087074000123,2015-10-06,596054.0,0.3690152,607380.42,600.0,0.0,227
11087074000123,2015-10-07,633207.5,0.3915373,643950.63,0.0,500.0,227
11087074000123,2015-10-08,636803.0,0.39367070000000004,646959.29,0.0,500.0,227
11087074000123,2015-10-09,656091.0,0.40138470000000004,662133.72,3000.0,502.82,228
11087074000123,2015-10-13,604443.0,0.3700341,611213.87,1300.0,503.18,233
11087074000123,2015-10-14,606441.0,0.3748598,616383.0,0.0,2801.74,232
11087074000123,2015-10-15,627229.5,0.3809043,636678.9,10500.0,143.13,232
11087074000123,2015-10-16,617473.5,0.3841197,642253.33,200.0,0.0,233
11087074000123,2015-10-19,601382.5,0.3709475,626729.35,6500.0,0.0,262
11087074000123,2015-10-20,589067.5,0.3636258,614759.05,400.0,0.0,264
11087074000123,2015-10-21,596233.0,0.3730235,621354.09,500.0,9793.1,263
11087074000123,2015-10-22,599873.5,0.3751691,624928.05,0.0,0.0,263
11087074000123,2015-10-23,616427.0,0.3787629,641514.28,10600.0,0.0,316
11087074000123,2015-10-26,590502.5,0.3634162,615721.4,200.0,0.0,317
11087074000123,2015-10-27,592053.0,0.3543652,601365.96,1400.0,420.67,321
11087074000123,2015-10-28,574266.0,0.343846,584514.62,1000.0,0.0,326
11087074000123,2015-10-29,564525.5,0.33808390000000005,575119.52,400.0,0.0,328
11087074000123,2015-10-30,594170.5,0.3554506,606062.24,1400.0,0.0,335
11087074000123,2015-11-03,609840.0,0.3645803,621423.14,0.0,205.76,334
11087074000123,2015-11-04,596288.0,0.3565697,607669.18,0.0,100.0,334
11087074000123,2015-11-05,586547.5,0.3507843,597809.62,200.0,200.0,335
11087074000123,2015-11-06,553091.0,0.3311007,564464.67,200.0,0.0,335
11087074000123,2015-11-09,546315.0,0.3270744,559100.61,1500.0,0.0,340
11087074000123,2015-11-10,539115.5,0.3227968,551788.4,0.0,0.0,340
11087074000123,2015-11-11,537845.0,0.3220023,570630.25,20200.0,0.0,341
11087074000123,2015-11-12,556222.5,0.31883,565008.59,0.0,0.0,341
11087074000123,2015-11-13,666710.0,0.323645,673741.48,100200.0,0.0,343
11087074000123,2015-11-16,653125.0,0.3170739,660193.08,1325.0,1194.06,343
11087074000123,2015-11-17,621001.5,0.3062438,637643.19,0.0,0.0,343
11087074000123,2015-11-18,584246.0,0.3034642,631455.67,0.0,400.0,343
11087074000123,2015-11-19,593039.0,0.30764509999999995,611409.25,0.0,28746.17,341
11087074000123,2015-11-20,593039.0,0.3076014,610922.44,0.0,400.0,341
11087074000123,2015-11-23,587359.5,0.29992640000000004,595679.11,0.0,0.0,341
11087074000123,2015-11-24,597289.5,0.3048803,605017.99,0.0,500.0,341
11087074000123,2015-11-25,580905.0,0.2965491,588485.28,500.0,500.0,342
11087074000123,2015-11-26,583884.0,0.2979754000000001,591315.67,0.0,0.0,342
11087074000123,2015-11-27,550122.0,0.28088850000000004,557407.55,0.0,0.0,342
11087074000123,2015-11-30,527779.5,0.269554,534915.02,0.0,0.0,342
11087074000123,2015-12-01,514870.5,0.2629738,522856.87,1000.0,0.0,343
11087074000123,2015-12-02,531448.5,0.2634477,538799.18,15000.0,0.0,344
11087074000123,2015-12-03,525310.5,0.2603733,532511.38,0.0,0.0,344
11087074000123,2015-12-04,510988.5,0.2532977,518040.45,0.0,0.0,344
11087074000123,2015-12-07,503316.0,0.24947049999999998,510913.23,700.0,0.0,344
11087074000123,2015-12-08,476718.0,0.2364369,484720.54,500.0,0.0,344
11087074000123,2015-12-09,493597.5,0.2446237,501504.18,0.0,0.0,344
11087074000123,2015-12-10,512523.0,0.2538078,520332.63,0.0,0.0,344
11087074000123,2015-12-11,490528.5,0.24303490000000005,498247.07,0.0,0.0,344
11087074000123,2015-12-14,504850.5,0.2499760000000001,515615.9,3200.0,61.06,344
11087074000123,2015-12-15,525822.0,0.2600978,536493.79,0.0,0.0,344
11087074000123,2015-12-16,536052.0,0.2650141,544199.58,0.0,2434.78,343
11087074000123,2015-12-17,523264.5,0.25874400000000003,531324.07,0.0,0.0,343
11087074000123,2015-12-18,521521.0,0.2633136,538905.58,200.0,2002.08,342
11087074000123,2015-12-21,487487.0,0.24661,502880.86,0.0,1838.53,341
11087074000123,2015-12-22,503002.5,0.2541435,518242.97,0.0,0.0,341
11087074000123,2015-12-23,526526.0,0.2656034,541611.69,0.0,0.0,341
11087074000123,2015-12-24,526526.0,0.26552990000000004,541015.89,0.0,445.98,339
11087074000123,2015-12-28,505004.5,0.2548896,519336.41,0.0,0.0,339
11087074000123,2015-12-29,506506.0,0.2555513,520884.47,200.0,0.0,340
11087074000123,2015-12-30,513012.5,0.2586679,527337.1,100.0,0.0,340
11087074000123,2015-12-31,513012.5,0.2585926,527383.55,200.0,0.0,340
11087074000123,2016-01-04,507500.0,0.2524073,514768.96,0.0,0.0,340
11087074000123,2016-01-05,502425.0,0.2498948,509644.97,0.0,0.0,340
11087074000123,2016-01-06,464362.5,0.2312056,471529.48,0.0,0.0,340
11087074000123,2016-01-07,436957.5,0.217743,448650.3,5000.0,422.98,340
11087074000123,2016-01-08,416150.0,0.20762020000000006,427792.67,0.0,0.0,340
11087074000123,2016-01-11,401940.0,0.2006997,414033.4,500.0,0.0,341
11087074000123,2016-01-12,368445.0,0.1844434,380697.46,200.0,0.0,341
11087074000123,2016-01-13,357280.0,0.1790146,369342.13,200.0,350.0,342
11087074000123,2016-01-14,381640.0,0.1908012,393360.16,0.0,300.0,342
11087074000123,2016-01-15,369967.5,0.1851195,381746.63,100.0,0.0,342
11087074000123,2016-01-18,352712.5,0.17673270000000002,364651.64,200.0,0.0,342
11087074000123,2016-01-19,357280.0,0.17892679999999994,369178.77,0.0,0.0,342
11087074000123,2016-01-20,352712.5,0.1766937,364371.23,0.0,200.0,342
11087074000123,2016-01-21,348145.0,0.1744595,359764.0,0.0,0.0,342
11087074000123,2016-01-22,341547.5,0.1712303,353104.84,0.0,0.0,342
11087074000123,2016-01-25,341547.5,0.1712017,353045.95,0.0,0.0,342
11087074000123,2016-01-26,346115.0,0.17338520000000002,357548.61,0.0,0.0,342
11087074000123,2016-01-27,364385.0,0.182164,373946.48,0.0,1705.43,340
11087074000123,2016-01-28,359817.5,0.17985810000000002,372412.93,3200.0,0.0,341
11087074000123,2016-01-29,372498.0,0.1834767,379905.6,0.0,0.0,341
11087074000123,2016-02-01,373012.5,0.1836547,380274.13,0.0,0.0,341
11087074000123,2016-02-02,338026.5,0.16668870000000002,345144.32,0.0,0.0,341
11087074000123,2016-02-03,358092.0,0.17630929999999997,365064.74,0.0,0.0,341
11087074000123,2016-02-04,398737.5,0.19586789999999998,405562.66,0.0,0.0,341
11087074000123,2016-02-05,400795.5,0.1967905,407473.0,0.0,0.0,341
11087074000123,2016-02-10,397708.5,0.1952275,403163.18,0.0,1073.39,340
11087074000123,2016-02-11,381244.5,0.18718410000000002,386552.88,0.0,0.0,340
11087074000123,2016-02-12,388962.0,0.1908501,394123.51,0.0,0.0,340
11087074000123,2016-02-15,400795.5,0.1965089,405909.42,100.0,0.0,340
11087074000123,2016-02-16,424977.0,0.20814339999999998,429941.78,0.0,0.0,340
11087074000123,2016-02-17,441955.5,0.2162904,446770.14,0.0,0.0,340
11087074000123,2016-02-18,429607.5,0.21024020000000002,434772.92,500.0,0.0,340
11087074000123,2016-02-19,447100.5,0.2186264,452315.43,200.0,0.0,340
11087074000123,2016-02-22,483630.0,0.236209,488792.03,100.0,0.0,340
11087074000123,2016-02-23,463050.0,0.22613720000000004,468093.2,250.0,106.92,339
11087074000123,2016-02-24,442470.0,0.216069,446738.48,100.0,614.09,338
11087074000123,2016-02-25,419317.5,0.20474579999999998,423326.84,0.0,0.0,338
11087074000123,2016-02-26,415716.0,0.2028786,419591.29,125.0,0.0,338
11087074000123,2016-02-29,440412.0,0.2146931,444275.98,250.0,0.0,338
11087074000123,2016-03-01,475398.0,0.2315263,479409.93,300.0,0.0,338
11087074000123,2016-03-02,513985.5,0.2500872,518142.97,300.0,0.0,338
11087074000123,2016-03-03,563892.0,0.2740991,568141.93,250.0,0.0,338
11087074000123,2016-03-04,585414.0,0.2930958,590326.5,250.0,17441.1,336
11087074000123,2016-03-07,619191.0,0.3191765,623281.42,250.0,19824.48,335
11087074000123,2016-03-08,531090.0,0.2809695,537919.64,0.0,10751.86,334
11087074000123,2016-03-09,424864.0,0.2718344,436438.79,0.0,83991.53,333
11087074000123,2016-03-10,395576.5,0.2534354,406898.59,0.0,0.0,333
11087074000123,2016-03-11,396357.5,0.2537799,407451.67,0.0,0.0,333
11087074000123,2016-03-14,378785.0,0.2426939,389224.69,0.0,428.15,332
11087074000123,2016-03-15,378394.5,0.2422275,387976.59,0.0,500.0,332
11087074000123,2016-03-16,0.0,0.2628551,420515.93,0.0,500.0,332
11087074000123,2016-03-17,0.0,0.2627571,420159.18,0.0,200.0,332
11087074000123,2016-03-18,0.0,0.2626591,419802.46,0.0,200.0,332
11087074000123,2016-03-21,0.0,0.2626591,0.0,0.0,200.0,0
