CNPJ_FUNDO,DT_COMPTC,VL_TOTAL,VL_QUOTA,VL_PATRIM_LIQ,CAPTC_DIA,RESG_DIA,NR_COTST
19276908000150,2014-01-14,10058271.58,1.0,12558271.58,12558271.58,0.0,1
19276908000150,2014-01-15,12562057.68,1.0002817,12561809.13,0.0,0.0,1
19276908000150,2014-01-16,12559144.37,1.0000299,12558647.21,0.0,0.0,1
19276908000150,2014-01-17,12563804.77,1.0003812,12563059.06,0.0,0.0,1
19276908000150,2014-01-20,12366591.03,1.0005833,12565596.66,0.0,0.0,1
19276908000150,2014-01-21,12571141.27,1.0009258,12569898.21,0.0,0.0,1
19276908000150,2014-01-22,12579041.41,1.0015351,12577549.59,0.0,0.0,1
19276908000150,2014-01-23,12580480.2,1.0016298,12578739.43,0.0,0.0,1
19276908000150,2014-01-24,12380522.59,1.0016134,12578532.87,0.0,0.0,1
19276908000150,2014-01-27,12387371.97,1.002139,12585133.31,0.0,0.0,1
19276908000150,2014-01-28,12594181.0,1.0026613000000002,12591693.25,0.0,0.0,1
19276908000150,2014-01-29,12599230.61,1.0030436,12596493.66,0.0,0.0,1
19276908000150,2014-01-30,11694188.99,1.0029707,12891202.73,295624.1,0.0,1
19276908000150,2014-01-31,12899252.41,1.0033448,12896011.01,0.0,0.0,1
19276908000150,2014-02-03,12682875.1,1.0020508,12879378.45,0.0,0.0,1
19276908000150,2014-02-04,12889643.94,1.0025575999999998,12885892.38,0.0,0.0,1
19276908000150,2014-02-05,12893134.8,1.0028093,12889128.22,0.0,0.0,1
19276908000150,2014-02-06,12719114.76,1.0048108,12914853.09,0.0,0.0,1
19276908000150,2014-02-07,12927861.8,1.0057235999999998,12926585.94,0.0,0.0,1
19276908000150,2014-02-10,12832849.24,1.0060917999999999,12931317.53,0.0,0.0,1
19276908000150,2014-02-11,12958820.95,1.0080924999999998,12957033.3,0.0,0.0,1
19276908000150,2014-02-12,17564177.04,1.0087021999999999,17562132.94,4597263.29,0.0,1
19276908000150,2014-02-13,17065230.61,1.0087428,17562838.95,0.0,0.0,1
19276908000150,2014-02-14,17574790.32,1.0092719,17572051.05,0.0,0.0,1
19276908000150,2014-02-17,17574790.32,1.0092719,17572051.05,0.0,0.0,1
19276908000150,2014-02-18,17373441.78,1.0091545,17570006.94,0.0,0.0,1
19276908000150,2014-02-19,17577658.22,1.0093767,17573875.61,0.0,0.0,1
19276908000150,2014-02-20,17492782.03,1.0102253,17588651.62,0.0,0.0,1
19276908000150,2014-02-21,17602107.06,1.0107409,17597628.55,0.0,0.0,1
19276908000150,2014-02-24,17605815.17,1.0109339,17600988.37,0.0,0.0,1
19276908000150,2014-02-25,17600460.19,1.0106063,17595285.04,0.0,0.0,1
19276908000150,2014-02-26,17422996.81,1.0118806999999999,17617473.43,0.0,0.0,1
19276908000150,2014-02-27,17621433.01,1.0117709000000001,17615560.91,0.0,0.0,1
19276908000150,2014-02-28,17624859.26,1.0119477,17618638.51,0.0,0.0,1
19276908000150,2014-03-05,17621466.99,1.0117328,17614897.56,0.0,0.0,1
19276908000150,2014-03-06,17404446.46,1.0126954,17397021.45,0.0,234635.23,1
19276908000150,2014-03-07,17402585.21,1.0125544,17394599.54,0.0,0.0,1
19276908000150,2014-03-10,17389195.22,1.0117718,17381155.88,0.0,0.0,1
19276908000150,2014-03-11,17399921.28,1.0127257,17397542.28,0.0,0.0,1
19276908000150,2014-03-12,17399808.25,1.012698,17397065.91,0.0,0.0,1
19276908000150,2014-03-13,17398972.13,1.0126281,17395866.48,0.0,0.0,1
19276908000150,2014-03-14,17385554.75,1.011826,17382085.81,0.0,0.0,1
19276908000150,2014-03-17,17398459.12,1.012556,17394627.19,0.0,0.0,1
19276908000150,2014-03-18,17415324.11,1.0135166,17411128.89,0.0,0.0,1
19276908000150,2014-03-19,17429935.8,1.014346,17425377.0,0.0,0.0,1
19276908000150,2014-03-20,17443948.72,1.0151405,17439026.02,0.0,0.0,1
19276908000150,2014-03-21,17457112.48,1.0158856,17451825.65,0.0,0.0,1
19276908000150,2014-03-24,17470510.46,1.0166443,17464859.24,0.0,0.0,1
19276908000150,2014-03-25,17477735.42,1.0170436,17471719.53,0.0,0.0,1
19276908000150,2014-03-26,17482460.96,1.0172975,17476080.26,0.0,0.0,1
19276908000150,2014-03-27,17488296.11,1.0176159,17481550.53,0.0,0.0,1
19276908000150,2014-03-28,17497162.12,1.0181107,17490051.56,0.0,0.0,1
19276908000150,2014-03-31,17521444.74,1.0195593,17514937.07,0.0,0.0,1
19276908000150,2014-04-01,17532347.7,1.0201702,17525431.29,0.0,0.0,1
19276908000150,2014-04-02,17569150.07,1.0222884,17561820.01,0.0,0.0,1
19276908000150,2014-04-03,17577020.31,1.0227225,17569275.89,0.0,0.0,1
19276908000150,2014-04-04,19554331.48,1.0213775999999999,19546172.54,2000000.0,0.0,1
19276908000150,2014-04-07,19536058.92,1.0207419,19534007.01,0.0,0.0,1
19276908000150,2014-04-08,19543887.71,1.0211273,19541382.32,0.0,0.0,1
19276908000150,2014-04-09,19538817.7,1.0208386999999999,19535858.83,0.0,0.0,1
19276908000150,2014-04-10,19533199.82,1.0206139,19531557.98,0.0,0.0,1
19276908000150,2014-04-11,19553981.51,1.0216745999999999,19551856.84,0.0,0.0,1
19276908000150,2014-04-14,19562654.35,1.0221026,19560046.36,0.0,0.0,1
19276908000150,2014-04-15,19575438.22,1.0227453000000002,19572346.84,0.0,0.0,1
19276908000150,2014-04-16,19603976.58,1.0242113000000002,19600401.5,0.0,0.0,1
19276908000150,2014-04-17,19629110.55,1.0254979,19625022.8,0.0,0.0,1
19276908000150,2014-04-22,18941971.91,1.0261565000000001,19637627.16,0.0,0.0,1
19276908000150,2014-04-23,19633162.78,1.0256694,19628304.62,0.0,0.0,1
19276908000150,2014-04-24,19636682.69,1.0258089,19630975.36,0.0,0.0,1
19276908000150,2014-04-25,19661606.07,1.0270934,19655556.34,0.0,0.0,1
19276908000150,2014-04-28,19657067.7,1.026829,19650497.05,0.0,0.0,1
19276908000150,2014-04-29,19669897.88,1.0275403,19664108.21,0.0,0.0,1
19276908000150,2014-04-30,19677310.1,1.0279028000000001,19671044.98,0.0,0.0,1
19276908000150,2014-05-02,19509622.01,1.0295638,19702832.65,0.0,0.0,1
19276908000150,2014-05-05,19730791.84,1.0306441,19723506.19,0.0,0.0,1
19276908000150,2014-05-06,19519177.0,1.0300634,19712394.32,0.0,0.0,1
19276908000150,2014-05-07,19529504.16,1.0305193,19721118.92,0.0,0.0,1
19276908000150,2014-05-08,19511172.1,1.0299322,19709883.02,0.0,0.0,1
19276908000150,2014-05-09,19628893.33,1.0308323,19727107.77,0.0,0.0,1
19276908000150,2014-05-12,19747753.94,1.0317919,19745471.59,0.0,0.0,1
19276908000150,2014-05-13,19756021.47,1.0321979,19753241.95,0.0,0.0,1
19276908000150,2014-05-14,19765879.19,1.032687,19762602.37,0.0,0.0,1
19276908000150,2014-05-15,19767738.94,1.0327582,19763964.62,0.0,0.0,1
19276908000150,2014-05-16,19785683.24,1.0336699,19781411.41,0.0,0.0,1
19276908000150,2014-05-19,19788244.46,1.0337777,19783474.71,0.0,0.0,1
19276908000150,2014-05-20,19785479.43,1.0336072,19780211.77,0.0,0.0,1
19276908000150,2014-05-21,19788413.33,1.0337345,19782647.75,0.0,0.0,1
19276908000150,2014-05-22,19820859.36,1.035404,19814595.94,0.0,0.0,1
19276908000150,2014-05-23,19832745.51,1.035999,19825983.51,0.0,0.0,1
19276908000150,2014-05-26,19849897.73,1.0368636999999998,19842530.6,0.0,0.0,1
19276908000150,2014-05-27,19853415.04,1.037032,19845752.86,0.0,0.0,1
19276908000150,2014-05-28,19863823.39,1.0375525,19855713.14,0.0,0.0,1
19276908000150,2014-05-29,19365826.97,1.0376338,19857268.29,0.0,0.0,1
19276908000150,2014-05-30,19881513.23,1.0384806,19873474.63,0.0,0.0,1
19276908000150,2014-06-02,19904355.27,1.0396496,19895845.48,0.0,0.0,1
19276908000150,2014-06-03,19924496.83,1.0406767,19915501.09,0.0,0.0,1
19276908000150,2014-06-04,19941128.2,1.0415204,19931646.19,0.0,0.0,1
19276908000150,2014-06-05,19944558.97,1.0416742,19934590.34,0.0,0.0,1
19276908000150,2014-06-06,19975382.14,1.0436888,19973143.58,0.0,0.0,1
19276908000150,2014-06-09,19974720.51,1.0436288,19971994.56,0.0,0.0,1
19276908000150,2014-06-10,19166319.92,1.044,19979098.91,0.0,0.0,1
19276908000150,2014-06-11,19194087.37,1.0451447,20001004.75,0.0,0.0,1
19276908000150,2014-06-12,20008506.07,1.0453165999999998,20004294.3,0.0,0.0,1
19276908000150,2014-06-13,20020141.94,1.0458987,20015434.55,0.0,0.0,1
19276908000150,2014-06-16,20026301.1,1.0461946,20021097.78,0.0,0.0,1
19276908000150,2014-06-17,20049084.28,1.0473591999999998,20043384.93,0.0,0.0,1
19276908000150,2014-06-18,20059230.84,1.0478635,20053035.1,0.0,0.0,1
19276908000150,2014-06-20,20058696.02,1.0478185,20052174.53,0.0,0.0,1
19276908000150,2014-06-23,20045134.0,1.0470836,20038110.03,0.0,0.0,1
19276908000150,2014-06-24,20065423.55,1.0481175999999999,20057897.33,0.0,0.0,1
19276908000150,2014-06-25,20038158.31,1.0466666,20030129.53,0.0,0.0,1
19276908000150,2014-06-26,20042330.69,1.0468609,20033848.63,0.0,0.0,1
19276908000150,2014-06-27,20042254.05,1.0468916,20034435.47,0.0,0.0,1
19276908000150,2014-06-30,20064948.79,1.0480496,20056597.35,0.0,0.0,1
19276908000150,2014-07-01,20069493.1,1.0482612,20060646.53,0.0,0.0,1
19276908000150,2014-07-02,20087546.47,1.0491787,20078204.7,0.0,0.0,1
19276908000150,2014-07-03,20106694.67,1.0501534,20096857.4,0.0,0.0,1
19276908000150,2014-07-04,20120906.53,1.0508701,20110573.38,0.0,0.0,1
19276908000150,2014-07-07,20127879.02,1.0516236,20124993.15,0.0,0.0,1
19276908000150,2014-07-08,20127568.61,1.051583,20124215.74,0.0,0.0,1
19276908000150,2014-07-09,20132038.3,1.0518862,20130018.51,0.0,0.0,1
19276908000150,2014-07-10,20137940.47,1.0521673,20135396.86,0.0,0.0,1
19276908000150,2014-07-11,20147447.46,1.0526382,20144409.42,0.0,0.0,1
19276908000150,2014-07-14,20175425.91,1.0540744,20171893.28,0.0,0.0,1
19276908000150,2014-07-15,20180637.58,1.0543208,20176609.77,0.0,0.0,1
19276908000150,2014-07-16,20184833.21,1.0545142,20180310.17,0.0,0.0,1
19276908000150,2014-07-17,20209175.16,1.0557603000000002,20204156.79,0.0,0.0,1
19276908000150,2014-07-18,20250404.61,1.0578888000000002,20244890.45,0.0,0.0,1
19276908000150,2014-07-21,20259235.65,1.0583243,20253224.95,0.0,0.0,1
19276908000150,2014-07-22,20283910.98,1.0595878,20277403.45,0.0,0.0,1
19276908000150,2014-07-23,20295721.28,1.0601789,20288716.51,0.0,0.0,1
19276908000150,2014-07-24,20302229.99,1.0604958,20294779.87,0.0,0.0,1
19276908000150,2014-07-25,20310503.67,1.0609048,20302608.04,0.0,0.0,1
19276908000150,2014-07-28,20305104.18,1.0605966999999998,20296710.83,0.0,0.0,1
19276908000150,2014-07-29,20307518.68,1.0607556,20299751.5,0.0,0.0,1
19276908000150,2014-07-30,20312640.92,1.0609959,20304351.52,0.0,0.0,1
19276908000150,2014-07-31,20320266.16,1.0613671,20311454.48,0.0,0.0,1
19276908000150,2014-08-01,20300671.94,1.060316,20291338.79,0.0,0.0,1
19276908000150,2014-08-04,20315680.6,1.061073,20305826.31,0.0,0.0,1
19276908000150,2014-08-05,20319686.67,1.0612551000000001,20309311.07,0.0,0.0,1
19276908000150,2014-08-06,20329326.97,1.0617316,20318429.87,0.0,0.0,1
19276908000150,2014-08-07,20317191.72,1.0615504999999998,20314963.51,0.0,0.0,1
19276908000150,2014-08-08,20339704.72,1.0626996000000002,20336955.0,0.0,0.0,1
19276908000150,2014-08-11,20371475.67,1.0643325000000001,20368203.92,0.0,0.0,1
19276908000150,2014-08-12,20376949.25,1.0645912,20373154.91,0.0,0.0,1
19276908000150,2014-08-13,20363415.89,1.0638566999999999,20359098.79,0.0,0.0,1
19276908000150,2014-08-14,20384330.79,1.0649223,20379491.26,0.0,0.0,1
19276908000150,2014-08-15,20420460.71,1.0667872,20415179.46,0.0,0.0,1
19276908000150,2014-08-18,20450726.42,1.0683456,20445002.76,0.0,0.0,1
19276908000150,2014-08-19,20472127.81,1.0694408000000002,20465961.11,0.0,0.0,1
19276908000150,2014-08-20,20490305.89,1.0703675,20483695.69,0.0,0.0,1
19276908000150,2014-08-21,20492469.17,1.0704573,20485415.16,0.0,0.0,1
19276908000150,2014-08-22,20511662.87,1.0714351,20504126.63,0.0,0.0,1
19276908000150,2014-08-25,20553553.46,1.0736008999999995,20545573.05,0.0,0.0,1
19276908000150,2014-08-26,20550998.65,1.0734441000000001,20542573.2,0.0,0.0,1
19276908000150,2014-08-27,20571938.84,1.0745151000000002,20563068.42,0.0,0.0,1
19276908000150,2014-08-28,20553803.52,1.0735443999999998,20544492.7,0.0,0.0,1
19276908000150,2014-08-29,20404243.32,1.0762148,20595596.38,0.0,0.0,1
19276908000150,2014-09-01,20215492.04,1.0767768,20606351.19,0.0,0.0,1
19276908000150,2014-09-02,20248911.63,1.0784973,20639276.75,0.0,0.0,1
19276908000150,2014-09-03,20441035.84,1.0780598999999995,20630906.15,0.0,0.0,1
19276908000150,2014-09-04,20435335.45,1.0777362,20624711.27,0.0,0.0,1
19276908000150,2014-09-05,20637479.07,1.0782653999999998,20634838.84,0.0,0.0,1
19276908000150,2014-09-08,20624040.28,1.077549,20621127.72,0.0,0.0,1
19276908000150,2014-09-09,20586053.88,1.0755378999999998,20582641.37,0.0,0.0,1
19276908000150,2014-09-10,20587689.98,1.0755973,20583778.36,0.0,0.0,1
19276908000150,2014-09-11,20614748.79,1.0769851,20610337.97,0.0,0.0,1
19276908000150,2014-09-12,20582131.16,1.0752546,20577220.62,0.0,0.0,1
19276908000150,2014-09-15,20594771.95,1.0758891000000002,20589362.36,0.0,0.0,1
19276908000150,2014-09-16,20620642.11,1.0772723,20615832.98,0.0,0.0,1
19276908000150,2014-09-17,20659642.16,1.0792813,20654280.5,0.0,0.0,1
19276908000150,2014-09-18,20652073.43,1.0788569,20646158.51,0.0,0.0,1
19276908000150,2014-09-19,20663188.37,1.0794088,20656720.36,0.0,0.0,1
19276908000150,2014-09-22,20629429.13,1.0776158000000002,20622407.79,0.0,0.0,1
19276908000150,2014-09-23,20622019.24,1.0771998,20614445.28,0.0,0.0,1
19276908000150,2014-09-24,20656388.08,1.0789668,20648261.64,0.0,0.0,1
19276908000150,2014-09-25,20642206.21,1.0781969,20633526.6,0.0,0.0,1
19276908000150,2014-09-26,20685588.08,1.0804348999999998,20676355.58,0.0,0.0,1
19276908000150,2014-09-29,20590394.7,1.0754316000000002,20580608.5,0.0,0.0,1
19276908000150,2014-09-30,20587687.22,1.0752641,20577402.02,0.0,0.0,1
19276908000150,2014-10-01,20580259.45,1.0748496,20569470.74,0.0,0.0,1
19276908000150,2014-10-02,20580417.93,1.0748316,20569126.0,0.0,0.0,1
19276908000150,2014-10-03,20617706.01,1.0769149,20608994.3,0.0,0.0,1
19276908000150,2014-10-06,20674779.88,1.0798703,20665550.51,0.0,0.0,1
19276908000150,2014-10-07,20503995.44,1.0792262,20653225.69,0.0,0.0,1
19276908000150,2014-10-08,20632161.65,1.0780582,20630873.32,0.0,0.0,1
19276908000150,2014-10-09,20634228.06,1.0782658999999999,20634848.86,0.0,0.0,1
19276908000150,2014-10-10,20595430.38,1.076211,20595522.75,0.0,0.0,1
19276908000150,2014-10-13,20085238.22,1.0767403,20605653.35,0.0,0.0,1
19276908000150,2014-10-14,20641910.72,1.0785874,20641000.31,0.0,0.0,1
19276908000150,2014-10-15,20580001.01,1.0753275,20578614.72,0.0,0.0,1
19276908000150,2014-10-16,20553823.59,1.0739348,20551962.69,0.0,0.0,1
19276908000150,2014-10-17,20601702.12,1.0764118999999999,20599367.06,0.0,0.0,1
19276908000150,2014-10-20,20570780.04,1.0747712,20567969.93,0.0,0.0,1
19276908000150,2014-10-21,20537954.45,1.0730426000000002,20534889.96,0.0,0.0,1
19276908000150,2014-10-22,20544269.19,1.0733473999999998,20540723.07,0.0,0.0,1
19276908000150,2014-10-23,20507535.45,1.0714028,20503507.59,0.0,0.0,1
19276908000150,2014-10-24,20521143.73,1.0720887,20516634.83,0.0,0.0,1
19276908000150,2014-10-27,20557188.7,1.0739471,20552198.6,0.0,0.0,1
19276908000150,2014-10-28,20654065.33,1.0789841999999998,20648593.25,0.0,0.0,1
19276908000150,2014-10-29,20613302.51,1.0768288000000001,20607346.51,0.0,0.0,1
19276908000150,2014-10-30,20636014.67,1.0780481000000002,20630678.94,0.0,0.0,1
19276908000150,2014-10-31,20744145.57,1.0836707,20738280.51,0.0,0.0,1
19276908000150,2014-11-03,19727410.75,1.0832657,20730529.18,0.0,0.0,1
19276908000150,2014-11-04,20796787.45,1.08574,20777880.53,0.0,0.0,1
19276908000150,2014-11-05,20788918.05,1.0867464,20797139.36,0.0,0.0,1
19276908000150,2014-11-06,20800560.03,1.0877355,20816069.1,0.0,0.0,1
19276908000150,2014-11-07,20858984.33,1.0895707,20851188.65,0.0,0.0,1
19276908000150,2014-11-10,20850366.06,1.0898541000000002,20856612.38,0.0,0.0,1
19276908000150,2014-11-11,20875527.29,1.0909274,20877151.95,0.0,0.0,1
19276908000150,2014-11-12,20912242.6,1.0923371000000002,20904130.35,0.0,0.0,1
19276908000150,2014-11-13,20914765.44,1.0928257,20913480.3,0.0,0.0,1
19276908000150,2014-11-14,20915953.86,1.0928599,20914134.2,0.0,0.0,1
19276908000150,2014-11-17,20887274.76,1.0913334,20884920.62,0.0,0.0,1
19276908000150,2014-11-18,20934279.03,1.0937616,20931390.98,0.0,0.0,1
19276908000150,2014-11-19,20988970.25,1.0965916,20985547.37,0.0,0.0,1
19276908000150,2014-11-20,20997333.21,1.0970006,20993374.36,0.0,0.0,1
19276908000150,2014-11-21,21053478.62,1.0999063999999998,21048983.66,0.0,0.0,1
19276908000150,2014-11-24,21065383.02,1.1005003999999998,21060350.93,0.0,0.0,1
19276908000150,2014-11-25,21044435.78,1.0993777,21038866.28,0.0,0.0,1
19276908000150,2014-11-26,21011362.34,1.0976214,21005255.85,0.0,0.0,1
19276908000150,2014-11-27,20710869.52,1.0976278999999998,21005379.8,0.0,0.0,1
19276908000150,2014-11-28,20156821.07,1.0997651000000002,21046280.07,0.0,0.0,1
19276908000150,2014-12-01,20219017.83,1.0947038,20949420.53,0.0,0.0,1
19276908000150,2014-12-02,20416576.47,1.094999,20955070.76,0.0,0.0,1
19276908000150,2014-12-03,20963838.42,1.0950643999999998,20956321.58,0.0,0.0,1
19276908000150,2014-12-04,21003216.32,1.0970969,20995217.96,0.0,0.0,1
19276908000150,2014-12-05,21004038.04,1.0975471,21003832.92,0.0,0.0,1
19276908000150,2014-12-08,20916124.49,1.0955407,20965436.92,0.0,0.0,1
19276908000150,2014-12-09,20844581.19,1.0917771,20893411.94,0.0,0.0,1
19276908000150,2014-12-10,20807188.79,1.089798,20855539.26,0.0,0.0,1
19276908000150,2014-12-11,20831053.53,1.09102,20878924.47,0.0,0.0,1
19276908000150,2014-12-12,20807709.59,1.0897751,20855100.5,0.0,0.0,1
19276908000150,2014-12-15,20828839.78,1.0882415,20825751.17,0.0,0.0,1
19276908000150,2014-12-16,20831167.72,1.0883381,20827600.17,0.0,0.0,1
19276908000150,2014-12-17,20829697.41,1.0882361999999999,20825650.9,0.0,0.0,1
19276908000150,2014-12-18,20857204.5,1.0896486,20852679.0,0.0,0.0,1
19276908000150,2014-12-19,20951825.09,1.0945679,20946820.16,0.0,0.0,1
19276908000150,2014-12-22,20961623.99,1.0950548,20956137.7,0.0,0.0,1
19276908000150,2014-12-23,21026057.29,1.0983965,21020089.46,0.0,0.0,1
19276908000150,2014-12-24,21033708.99,1.0987712,21027258.38,0.0,0.0,1
19276908000150,2014-12-26,21036785.07,1.0989233999999999,21030171.49,0.0,0.0,1
19276908000150,2014-12-29,21048946.3,1.0995939,21043003.09,0.0,0.0,1
19276908000150,2014-12-30,20626517.31,1.0983931999999998,21020025.79,0.0,0.0,1
19276908000150,2014-12-31,21033289.56,1.0986639,21025205.37,0.0,0.0,1
19276908000150,2015-01-02,20974548.55,1.0955657,20965915.91,0.0,0.0,1
19276908000150,2015-01-05,20956526.33,1.0945954,20947346.43,0.0,0.0,1
19276908000150,2015-01-06,20944757.87,1.0939518999999998,20935031.06,0.0,0.0,1
19276908000150,2015-01-07,20990055.36,1.0962903,20979781.88,0.0,0.0,1
19276908000150,2015-01-08,20982962.73,1.096493,20983660.41,0.0,0.0,1
19276908000150,2015-01-09,20959872.65,1.0952556999999998,20959983.32,0.0,0.0,1
19276908000150,2015-01-12,20928914.84,1.0936093,20928476.53,0.0,0.0,1
19276908000150,2015-01-13,20952130.55,1.0947938,20951143.91,0.0,0.0,1
19276908000150,2015-01-14,20930214.48,1.0936199,20928678.98,0.0,0.0,1
19276908000150,2015-01-15,20901799.69,1.0921065,20899715.8,0.0,0.0,1
19276908000150,2015-01-16,20980523.0,1.0961915,20977891.29,0.0,0.0,1
19276908000150,2015-01-19,20950688.66,1.0952983,20960798.68,0.0,0.0,1
19276908000150,2015-01-20,20916339.58,1.0951176,20957340.21,0.0,0.0,1
19276908000150,2015-01-21,21004274.28,1.0966306,20986295.28,0.0,0.0,1
19276908000150,2015-01-22,21019192.59,1.0977112,21006973.79,0.0,0.0,1
19276908000150,2015-01-23,20992026.04,1.0966491000000005,20986647.58,0.0,0.0,1
19276908000150,2015-01-26,20993580.91,1.0967016,20987652.92,0.0,0.0,1
19276908000150,2015-01-27,20967933.23,1.0953356,20961511.32,0.0,0.0,1
19276908000150,2015-01-28,20928140.14,1.0932304,20921224.75,0.0,0.0,1
19276908000150,2015-01-29,20946885.1,1.0942087,20939945.54,0.0,0.0,1
19276908000150,2015-01-30,21052973.38,1.0987758,21027348.0,0.0,0.0,1
19276908000150,2015-02-02,21029141.5,1.0984949,21021970.86,0.0,0.0,1
19276908000150,2015-02-03,21094750.9,1.1018952,21087042.94,0.0,0.0,1
19276908000150,2015-02-04,21086204.67,1.1014204,21077958.11,0.0,0.0,1
19276908000150,2015-02-05,21101853.86,1.1022101,21093068.85,0.0,0.0,1
19276908000150,2015-02-06,21105145.23,1.1028091,21104533.66,0.0,0.0,1
19276908000150,2015-02-09,21117291.22,1.1034157,21116140.7,0.0,0.0,1
19276908000150,2015-02-10,20940671.31,1.1046091999999998,21138981.54,0.0,0.0,1
19276908000150,2015-02-11,20961326.98,1.1056603999999999,21159097.6,0.0,0.0,1
19276908000150,2015-02-12,21184842.96,1.106861,21182073.52,0.0,0.0,1
19276908000150,2015-02-13,21233878.08,1.1093950000000001,21230568.14,0.0,0.0,1
19276908000150,2015-02-18,21273652.08,1.1114451,21269800.69,0.0,0.0,1
19276908000150,2015-02-19,21290937.02,1.11232,21286543.39,0.0,0.0,1
19276908000150,2015-02-20,21313309.11,1.1134607,21308372.96,0.0,0.0,1
19276908000150,2015-02-23,21336408.05,1.1146393,21330928.84,0.0,0.0,1
19276908000150,2015-02-24,21342764.39,1.1149431,21336741.75,0.0,0.0,1
19276908000150,2015-02-25,21386535.11,1.1172018999999995,21379968.9,0.0,0.0,1
19276908000150,2015-02-26,21380923.22,1.1168802,21373812.54,0.0,0.0,1
19276908000150,2015-02-27,21411413.48,1.1185141,21405081.22,0.0,0.0,1
19276908000150,2015-03-02,21394522.26,1.1176002,21387591.7,0.0,0.0,1
19276908000150,2015-03-03,21419532.85,1.1188759,21412004.32,0.0,0.0,1
19276908000150,2015-03-04,21442269.34,1.1200327,21434142.33,0.0,0.0,1
19276908000150,2015-03-05,21452079.76,1.1205167,21443404.3,0.0,0.0,1
19276908000150,2015-03-06,21474576.52,1.1220582,21472903.54,0.0,0.0,1
19276908000150,2015-03-09,21478396.8,1.1227797,21486711.29,0.0,0.0,1
19276908000150,2015-03-10,21463806.76,1.1208854,21450460.19,0.0,0.0,1
19276908000150,2015-03-11,21485893.92,1.1225748,21482790.65,0.0,0.0,1
19276908000150,2015-03-12,21476095.37,1.1220338,21472436.33,0.0,0.0,1
19276908000150,2015-03-13,21568438.44,1.1268301,21564223.8,0.0,0.0,1
19276908000150,2015-03-16,21515179.19,1.1240169,21510387.59,0.0,0.0,1
19276908000150,2015-03-17,21606278.6,1.1287489,21600944.29,0.0,0.0,1
19276908000150,2015-03-18,21626575.55,1.129781,21620696.68,0.0,0.0,1
19276908000150,2015-03-19,21650624.26,1.133623,21694220.11,0.0,0.0,1
19276908000150,2015-03-20,21641685.77,1.1331273000000002,21684735.24,0.0,0.0,1
19276908000150,2015-03-23,21557119.12,1.1286798,21599622.43,0.0,0.0,1
19276908000150,2015-03-24,21533717.62,1.1274285,21575676.41,0.0,0.0,1
19276908000150,2015-03-25,21647644.58,1.1307406,21639059.37,0.0,0.0,1
19276908000150,2015-03-26,21141588.6,1.1306821000000002,21637941.28,0.0,0.0,1
19276908000150,2015-03-27,21141588.6,1.1306821000000002,21637941.28,0.0,0.0,1
19276908000150,2015-03-30,21720003.25,1.1345014,21711029.98,0.0,0.0,1
19276908000150,2015-03-31,21713869.18,1.1341523999999998,21704352.12,0.0,0.0,1
19276908000150,2015-04-01,21815825.9,1.1394447,21805630.22,0.0,0.0,1
19276908000150,2015-04-02,21810208.6,1.1391221,21799456.83,0.0,0.0,1
19276908000150,2015-04-06,21851990.14,1.1412763000000001,21840682.44,0.0,0.0,1
19276908000150,2015-04-07,21883793.13,1.1429091,21871928.59,0.0,0.0,1
19276908000150,2015-04-08,21895284.56,1.1439727,21892282.8,0.0,0.0,1
19276908000150,2015-04-09,21900673.77,1.1443526000000002,21899553.51,0.0,0.0,1
19276908000150,2015-04-10,22000402.44,1.1495348,21998724.85,0.0,0.0,1
19276908000150,2015-04-13,22006420.56,1.14982,22004183.71,0.0,0.0,1
19276908000150,2015-04-14,21778635.21,1.1504290000000001,22015838.98,0.0,0.0,1
19276908000150,2015-04-15,22027266.03,1.1508508,22023910.18,0.0,0.0,1
19276908000150,2015-04-16,22016334.59,1.1502503000000002,22012418.97,0.0,0.0,1
19276908000150,2015-04-17,21996636.0,1.1491917999999999,21992160.83,0.0,0.0,1
19276908000150,2015-04-20,21967496.82,1.1476389,21962443.68,0.0,0.0,1
19276908000150,2015-04-22,21986928.13,1.1486251,21981316.42,0.0,0.0,1
19276908000150,2015-04-23,21178771.07,1.1492038999999998,21992393.45,0.0,0.0,1
19276908000150,2015-04-24,22025061.97,1.1505668,22018475.3,0.0,0.0,1
19276908000150,2015-04-27,22024950.48,1.150535,22017866.24,0.0,0.0,1
19276908000150,2015-04-28,22091946.97,1.1540099,22084365.18,0.0,0.0,1
19276908000150,2015-04-29,22156992.57,1.1573833,22148922.41,0.0,0.0,1
19276908000150,2015-04-30,21657175.45,1.1609038999999999,22216296.98,0.0,0.0,1
19276908000150,2015-05-04,22276199.04,1.1639597,22274775.6,0.0,0.0,1
19276908000150,2015-05-05,22258163.27,1.1629887,22256193.62,0.0,0.0,1
19276908000150,2015-05-06,22252379.36,1.1626579,22249863.88,0.0,0.0,1
19276908000150,2015-05-07,22271463.08,1.1636266000000002,22268401.9,0.0,0.0,1
19276908000150,2015-05-08,22283032.6,1.1646691,22288351.57,0.0,0.0,1
19276908000150,2015-05-11,22274813.6,1.1642107,22279579.49,0.0,0.0,1
19276908000150,2015-05-12,22263648.82,1.1635984,22267861.94,0.0,0.0,1
19276908000150,2015-05-13,22284872.92,1.1646786,22288533.36,0.0,0.0,1
19276908000150,2015-05-14,22336255.87,1.1673347,22339363.35,0.0,0.0,1
19276908000150,2015-05-15,22362636.87,1.1686843,22365190.24,0.0,0.0,1
19276908000150,2015-05-18,22362636.87,1.1686843,22365190.24,0.0,0.0,1
19276908000150,2015-05-19,22343212.52,1.1676102,22344635.43,0.0,0.0,1
19276908000150,2015-05-20,22358529.0,1.1680458,22352971.22,0.0,0.0,1
19276908000150,2015-05-21,22367767.86,1.1684996,22361655.8,0.0,0.0,1
19276908000150,2015-05-22,22226152.79,1.1715226,22419507.59,0.0,0.0,1
19276908000150,2015-05-25,22413233.47,1.1708185,22406032.61,0.0,0.0,1
19276908000150,2015-05-26,22447419.9,1.1725758,22439663.72,0.0,0.0,1
19276908000150,2015-05-27,22452424.54,1.1728192,22444320.34,0.0,0.0,1
19276908000150,2015-05-28,22477916.87,1.1741222,22469256.72,0.0,0.0,1
19276908000150,2015-05-29,22474925.61,1.1739892,22466711.53,0.0,0.0,1
19276908000150,2015-06-01,22461382.62,1.17325,22452564.76,0.0,0.0,1
19276908000150,2015-06-02,22455880.35,1.1729334999999999,22446509.01,0.0,0.0,1
19276908000150,2015-06-03,22471961.92,1.173745,22462037.19,0.0,0.0,1
19276908000150,2015-06-05,22699451.84,1.1750796000000001,22487577.74,0.0,0.0,1
19276908000150,2015-06-08,22459703.64,1.1730465,22448671.12,0.0,0.0,1
19276908000150,2015-06-09,22434859.44,1.1721814,22432114.52,0.0,0.0,1
19276908000150,2015-06-10,22460823.69,1.1735091999999998,22457525.71,0.0,0.0,1
19276908000150,2015-06-11,22447699.14,1.1727945,22443847.56,0.0,0.0,1
19276908000150,2015-06-12,22449833.94,1.1728771,22445429.09,0.0,0.0,1
19276908000150,2015-06-15,22407895.44,1.1706558,22402919.47,0.0,0.0,1
19276908000150,2015-06-16,22403722.25,1.1704098,22398211.6,0.0,0.0,1
19276908000150,2015-06-17,22379082.54,1.1690934,22373019.51,0.0,0.0,1
19276908000150,2015-06-18,22369536.26,1.1685656999999998,22362921.34,0.0,0.0,1
19276908000150,2015-06-19,22349560.66,1.1674931,22342394.02,0.0,0.0,1
19276908000150,2015-06-22,22382219.97,1.1691708,22374502.1,0.0,0.0,1
19276908000150,2015-06-23,22386519.07,1.1693666999999999,22378249.22,0.0,0.0,1
19276908000150,2015-06-24,22382431.65,1.1691238000000002,22373601.37,0.0,0.0,1
19276908000150,2015-06-25,22397639.52,1.1698892,22388248.92,0.0,0.0,1
19276908000150,2015-06-26,22424882.51,1.1712837999999999,22414937.44,0.0,0.0,1
19276908000150,2015-06-29,22394231.07,1.1696531000000001,22383731.02,0.0,0.0,1
19276908000150,2015-06-30,22427293.14,1.1714258999999998,22417658.1,0.0,0.0,1
19276908000150,2015-07-01,22461726.65,1.1731963,22451538.2,0.0,0.0,1
19276908000150,2015-07-02,22476273.44,1.1739275,22465530.86,0.0,0.0,1
19276908000150,2015-07-03,22506774.17,1.1754924,22495477.17,0.0,0.0,1
19276908000150,2015-07-06,22493646.96,1.1747774,22481795.04,0.0,0.0,1
19276908000150,2015-07-07,22498333.36,1.1754801,22495243.39,0.0,0.0,1
19276908000150,2015-07-08,22512157.82,1.1761735,22508512.86,0.0,0.0,1
19276908000150,2015-07-09,22525094.07,1.1769459,22523293.92,0.0,0.0,1
19276908000150,2015-07-10,22504070.42,1.1758183999999998,22501716.47,0.0,0.0,1
19276908000150,2015-07-13,22495776.44,1.1753561,22492869.21,0.0,0.0,1
19276908000150,2015-07-14,22512318.86,1.1761859,22508750.53,0.0,0.0,1
19276908000150,2015-07-15,22514708.97,1.1762819,22510587.19,0.0,0.0,1
19276908000150,2015-07-16,22535068.96,1.1773169,22530393.68,0.0,0.0,1
19276908000150,2015-07-17,22578248.61,1.1795443,22573019.47,0.0,0.0,1
19276908000150,2015-07-20,22616182.01,1.1814966999999998,22610382.31,0.0,0.0,1
19276908000150,2015-07-21,22605554.52,1.1809123,22599199.37,0.0,0.0,1
19276908000150,2015-07-22,22646257.46,1.1830101999999998,22639347.01,0.0,0.0,1
19276908000150,2015-07-23,22676944.51,1.1845847,22669478.08,0.0,0.0,1
19276908000150,2015-07-24,22705278.56,1.1860362,22697255.48,0.0,0.0,1
19276908000150,2015-07-27,22691412.46,1.1852825,22682832.2,0.0,0.0,1
19276908000150,2015-07-28,22729402.39,1.1872386,22720265.22,0.0,0.0,1
19276908000150,2015-07-29,22741895.09,1.1878647,22732248.07,0.0,0.0,1
19276908000150,2015-07-30,22794662.63,1.1905958,22784513.71,0.0,0.0,1
19276908000150,2015-07-31,22842998.71,1.1931017,22832469.39,0.0,0.0,1
19276908000150,2015-08-03,22850886.34,1.1935451000000001,22840953.45,0.0,0.0,1
19276908000150,2015-08-04,22843570.07,1.1931339,22833084.38,0.0,0.0,1
19276908000150,2015-08-05,22862558.26,1.1940972,22851519.98,0.0,0.0,1
19276908000150,2015-08-06,22863747.13,1.1941305,22852155.87,0.0,0.0,1
19276908000150,2015-08-07,22835589.03,1.193167,22833718.56,0.0,0.0,1
19276908000150,2015-08-10,22838955.94,1.1933141,22836532.85,0.0,0.0,1
19276908000150,2015-08-11,22838305.33,1.1932512,22835329.5,0.0,0.0,1
19276908000150,2015-08-12,22804605.31,1.1914613,22801076.83,0.0,0.0,1
19276908000150,2015-08-13,22849322.08,1.1937692,22845241.62,0.0,0.0,1
19276908000150,2015-08-14,22851016.41,1.1938288000000001,22846383.08,0.0,0.0,1
19276908000150,2015-08-17,22842756.51,1.1933683000000002,22837570.26,0.0,0.0,1
19276908000150,2015-08-18,22847264.26,1.193575,22841525.35,0.0,0.0,1
19276908000150,2015-08-19,22812614.35,1.1917355,22806322.63,0.0,0.0,1
19276908000150,2015-08-20,22775867.52,1.1897864,22769023.71,0.0,0.0,1
19276908000150,2015-08-21,22745028.34,1.1881461000000002,22737633.18,0.0,0.0,1
19276908000150,2015-08-24,22676029.86,1.1845119,22668083.97,0.0,0.0,1
19276908000150,2015-08-25,22699640.22,1.1857169,22691144.98,0.0,0.0,1
19276908000150,2015-08-26,22781508.96,1.1899662,22772463.89,0.0,0.0,1
19276908000150,2015-08-27,22800997.84,1.1909558,22791401.38,0.0,0.0,1
19276908000150,2015-08-28,22811897.4,1.1914965,22801749.14,0.0,0.0,1
19276908000150,2015-08-31,22820024.82,1.1919571000000002,22810565.09,0.0,0.0,1
19276908000150,2015-09-01,22779071.67,1.1897854,22769004.44,0.0,0.0,1
19276908000150,2015-09-02,22849587.47,1.193441,22838961.34,0.0,0.0,1
19276908000150,2015-09-03,22884331.6,1.1952272,22873145.19,0.0,0.0,1
19276908000150,2015-09-04,22891970.75,1.1955971,22880223.34,0.0,0.0,1
19276908000150,2015-09-08,22873953.49,1.1951459999999998,22871590.32,0.0,0.0,1
19276908000150,2015-09-09,22882771.94,1.1954613,22877624.16,0.0,0.0,1
19276908000150,2015-09-10,22930682.94,1.1973018999999998,22912847.5,0.0,0.0,1
19276908000150,2015-09-11,22927059.85,1.1980431,22927032.06,0.0,0.0,1
19276908000150,2015-09-14,22961789.34,1.1999752,22964007.44,0.0,0.0,1
19276908000150,2015-09-15,22998838.57,1.2014863000000002,22992926.06,0.0,0.0,1
19276908000150,2015-09-16,22766739.65,1.202342,23009301.0,0.0,0.0,1
19276908000150,2015-09-17,22792114.55,1.203198,23025682.96,0.0,0.0,1
19276908000150,2015-09-18,23052403.45,1.2027627,23017351.41,0.0,0.0,1
19276908000150,2015-09-21,23091041.45,1.2061322,23081833.61,0.0,0.0,1
19276908000150,2015-09-22,23066795.92,1.2041598999999998,23044089.54,0.0,0.0,1
19276908000150,2015-09-23,23013125.74,1.2003921,22971985.36,0.0,0.0,1
19276908000150,2015-09-24,22994167.61,1.2030447,23022747.87,0.0,0.0,1
19276908000150,2015-09-25,22994167.61,1.2030447,23022747.87,0.0,0.0,1
19276908000150,2015-09-28,22917856.24,1.1948752,22866407.39,0.0,0.0,1
19276908000150,2015-09-29,22859957.07,1.1948638,22866190.75,0.0,0.0,1
19276908000150,2015-09-30,22905638.48,1.1982258999999995,22930530.29,0.0,0.0,1
19276908000150,2015-10-01,22956645.18,1.1989928,22945205.98,0.0,0.0,1
19276908000150,2015-10-02,22983957.41,1.2025776000000001,23013809.03,0.0,0.0,1
19276908000150,2015-10-05,23027094.53,1.2028226999999998,23018499.91,0.0,0.0,1
19276908000150,2015-10-06,22743837.59,1.2036868,23035036.67,0.0,0.0,1
19276908000150,2015-10-07,21856869.65,1.2041566000000001,23044026.0,0.0,0.0,1
19276908000150,2015-10-08,23029362.21,1.203819,23037565.76,0.0,0.0,1
19276908000150,2015-10-09,23030529.23,1.202453,23011424.64,0.0,0.0,1
19276908000150,2015-10-13,22988651.66,1.2005685,22975360.25,0.0,0.0,1
19276908000150,2015-10-14,22953727.01,1.1993075,22951229.34,0.0,0.0,1
19276908000150,2015-10-15,22982962.26,1.2013934,22991147.62,0.0,0.0,1
19276908000150,2015-10-16,23029038.57,1.2031476,23024717.97,0.0,0.0,1
19276908000150,2015-10-19,23049777.6,1.2041508,23043915.75,0.0,0.0,1
19276908000150,2015-10-20,23037372.46,1.2038101,23037395.02,0.0,0.0,1
19276908000150,2015-10-21,23062005.24,1.2049411,23059039.75,0.0,0.0,1
19276908000150,2015-10-22,22724157.79,1.2081283999999999,23120034.77,0.0,0.0,1
19276908000150,2015-10-23,22714950.01,1.2074867,23107754.83,0.0,0.0,1
19276908000150,2015-10-26,22679230.92,1.2061247,23081691.41,0.0,0.0,1
19276908000150,2015-10-27,23122347.82,1.2086196000000002,23129434.83,0.0,0.0,1
19276908000150,2015-10-28,23120575.36,1.2075771,23109485.27,0.0,0.0,1
19276908000150,2015-10-29,23083415.27,1.2058423,23076285.74,0.0,0.0,1
19276908000150,2015-10-30,22303591.73,1.2062723999999998,23084516.11,0.0,0.0,1
19276908000150,2015-11-03,23104692.73,1.207566,23109272.86,0.0,0.0,1
19276908000150,2015-11-04,23154586.11,1.2105947,23167232.49,0.0,0.0,1
19276908000150,2015-11-05,22833181.58,1.2106392,23168085.04,0.0,0.0,1
19276908000150,2015-11-06,22483474.37,1.2100637,23157071.82,0.0,0.0,1
19276908000150,2015-11-09,22819627.27,1.2093798999999998,23143985.97,0.0,0.0,1
19276908000150,2015-11-10,23150705.69,1.2098307,23152612.63,0.0,0.0,1
19276908000150,2015-11-11,23158345.91,1.2104973999999995,23165370.39,0.0,0.0,1
19276908000150,2015-11-12,23146226.21,1.2099636,23155155.76,0.0,0.0,1
19276908000150,2015-11-13,23163971.61,1.2107108999999998,23169456.65,0.0,0.0,1
19276908000150,2015-11-16,23194395.41,1.2120913,23195874.31,0.0,0.0,1
19276908000150,2015-11-17,23211328.08,1.2127808,23209069.18,0.0,0.0,1
19276908000150,2015-11-18,23228921.91,1.2138545,23229616.2,0.0,0.0,1
19276908000150,2015-11-19,23255862.54,1.2157258,23265426.59,0.0,0.0,1
19276908000150,2015-11-20,23272037.25,1.2165425,23281056.19,0.0,0.0,1
19276908000150,2015-11-23,23286297.38,1.2168013,23286008.73,0.0,0.0,1
19276908000150,2015-11-24,22877401.68,1.2162042,23274581.71,0.0,0.0,1
19276908000150,2015-11-25,23258931.68,1.2144626,23241253.33,0.0,0.0,1
19276908000150,2015-11-26,23272267.24,1.2148236,23248161.16,0.0,0.0,1
19276908000150,2015-11-27,22839068.21,1.2135065,23222956.94,0.0,0.0,1
19276908000150,2015-11-30,22857028.34,1.2141741,23235733.37,0.0,0.0,1
19276908000150,2015-12-01,23096610.43,1.2140013,23232426.15,0.0,0.0,1
19276908000150,2015-12-02,23238381.72,1.2143371,23238852.21,0.0,0.0,1
19276908000150,2015-12-03,23196889.93,1.2119061000000002,23192329.27,0.0,0.0,1
19276908000150,2015-12-04,23196877.47,1.2121965000000001,23197887.85,0.0,0.0,1
19276908000150,2015-12-07,23213752.66,1.2128126000000001,23209677.19,0.0,0.0,1
19276908000150,2015-12-08,23203976.19,1.2125483,23204618.52,0.0,0.0,1
19276908000150,2015-12-09,23212676.1,1.2133029,23219059.38,0.0,0.0,1
19276908000150,2015-12-10,23235398.53,1.2135803,23224368.23,0.0,0.0,1
19276908000150,2015-12-11,23255791.48,1.2148511,23248688.45,0.0,0.0,1
19276908000150,2015-12-14,23258334.99,1.2149828999999999,23251209.55,0.0,0.0,1
19276908000150,2015-12-15,23268744.15,1.2157854,23266567.88,0.0,0.0,1
19276908000150,2015-12-16,23305642.24,1.2164071,23278465.9,0.0,0.0,1
19276908000150,2015-12-17,23271072.96,1.2158316,23267451.55,0.0,0.0,1
19276908000150,2015-12-18,23256035.18,1.215371,23258636.91,0.0,0.0,1
19276908000150,2015-12-21,23339020.19,1.2193771999999998,23335305.12,0.0,0.0,1
19276908000150,2015-12-22,23326912.84,1.2185896,23320231.25,0.0,0.0,1
19276908000150,2015-12-23,23341587.98,1.2192876,23333590.72,0.0,0.0,1
19276908000150,2015-12-24,23349693.45,1.2196806,23341110.26,0.0,0.0,1
19276908000150,2015-12-28,22495092.74,1.2195333000000002,23338291.38,0.0,0.0,1
19276908000150,2015-12-29,22506668.27,1.2200495,23348170.9,0.0,0.0,1
19276908000150,2015-12-30,22535140.8,1.2215513999999998,23376912.64,0.0,0.0,1
19276908000150,2015-12-31,22545096.12,1.2220414,23386289.99,0.0,0.0,1
19276908000150,2016-01-04,23414288.89,1.2234036,23412358.49,0.0,0.0,1
19276908000150,2016-01-05,23436749.29,1.2242363,23428293.22,0.0,0.0,1
19276908000150,2016-01-06,23438697.04,1.2245561000000005,23434414.1,0.0,0.0,1
19276908000150,2016-01-07,23418998.38,1.2233545,23411418.02,0.0,0.0,1
19276908000150,2016-01-08,23392474.61,1.2224658000000002,23394410.58,0.0,0.0,1
19276908000150,2016-01-11,23757121.87,1.2223293,23391798.46,0.0,0.0,1
19276908000150,2016-01-12,23394496.28,1.2222078,23389474.35,0.0,0.0,1
19276908000150,2016-01-13,23368251.95,1.2205411,23357578.23,0.0,0.0,1
19276908000150,2016-01-14,23369670.59,1.2206882,23360392.94,0.0,0.0,1
19276908000150,2016-01-15,23344280.32,1.2200023000000002,23347267.47,0.0,0.0,1
19276908000150,2016-01-18,23333953.65,1.2192537,23332941.79,0.0,0.0,1
19276908000150,2016-01-19,23344650.69,1.219444,23336583.04,0.0,0.0,1
19276908000150,2016-01-20,23389372.43,1.2224654,23394403.83,0.0,0.0,1
19276908000150,2016-01-21,23437908.43,1.2255773,23453956.46,0.0,0.0,1
19276908000150,2016-01-22,23499554.0,1.2284577,23509079.48,0.0,0.0,1
19276908000150,2016-01-25,23511060.98,1.2290278,23519989.53,0.0,0.0,1
19276908000150,2016-01-26,23522800.93,1.2301691,23541830.53,0.0,0.0,1
19276908000150,2016-01-27,23574665.03,1.2316229,23569651.18,0.0,0.0,1
19276908000150,2016-01-28,23612123.98,1.2349507,23633336.25,0.0,0.0,1
19276908000150,2016-01-29,23690780.86,1.2379243999999998,23690242.76,0.0,0.0,1
19276908000150,2016-02-01,23723171.72,1.2404224,23738048.69,0.0,0.0,1
19276908000150,2016-02-02,23754610.46,1.2401072,23732016.01,0.0,0.0,1
19276908000150,2016-02-03,23776577.82,1.2417401000000001,23763263.95,0.0,0.0,1
19276908000150,2016-02-04,23808767.05,1.2433516000000002,23794104.98,0.0,0.0,1
19276908000150,2016-02-05,23828008.47,1.2449854999999999,23825372.72,0.0,0.0,1
19276908000150,2016-02-10,23819165.94,1.2454257,23833797.07,0.0,0.0,1
19276908000150,2016-02-11,23854514.87,1.2463526000000005,23851534.38,0.0,0.0,1
19276908000150,2016-02-12,23837539.2,1.2538273000000002,23994578.11,0.0,0.0,1
19276908000150,2016-02-15,23971576.37,1.2607731000000002,24127501.15,0.0,0.0,1
19276908000150,2016-02-16,23942380.84,1.2671622,24249768.63,0.0,0.0,1
19276908000150,2016-02-17,23789206.92,1.2693181999999998,24291029.07,0.0,0.0,1
19276908000150,2016-02-18,23978001.96,1.2697682,24299639.66,0.0,0.0,1
19276908000150,2016-02-19,23525946.71,1.2717078000000002,24336758.86,0.0,0.0,1
19276908000150,2016-02-22,23980840.63,1.2745037000000001,24390263.31,0.0,0.0,1
19276908000150,2016-02-23,23273307.35,1.2729873999999999,24361246.86,0.0,0.0,1
19276908000150,2016-02-24,24073046.18,1.2737708,24376237.71,0.0,0.0,1
19276908000150,2016-02-25,24100120.76,1.2741187,24382896.92,0.0,0.0,1
19276908000150,2016-02-26,24411811.15,1.2752659,24404850.71,0.0,0.0,1
19276908000150,2016-02-29,24480023.31,1.2795651000000001,24487125.37,0.0,0.0,1
19276908000150,2016-03-01,24551533.55,1.2836259,24564836.33,0.0,0.0,1
19276908000150,2016-03-02,24605511.11,1.2856083,24602772.86,0.0,0.0,1
19276908000150,2016-03-03,24653778.71,1.2845741000000002,24582982.51,0.0,0.0,1
19276908000150,2016-03-04,24749173.97,1.289832,24683602.38,0.0,0.0,1
19276908000150,2016-03-07,24792782.21,1.2904223,24694899.55,0.0,0.0,1
19276908000150,2016-03-08,24753468.9,1.2903665000000002,24693832.02,0.0,0.0,1
19276908000150,2016-03-09,24783074.2,1.2923235,24731282.97,0.0,0.0,1
19276908000150,2016-03-10,24828496.77,1.2932181,24748403.47,0.0,0.0,1
19276908000150,2016-03-11,24862809.75,1.2950371,24783213.9,0.0,0.0,1
19276908000150,2016-03-14,24840145.65,1.2935074,24753938.92,0.0,0.0,1
19276908000150,2016-03-15,24848772.51,1.2935524,24754799.93,0.0,0.0,1
19276908000150,2016-03-16,24880649.45,1.2956096,24794169.79,0.0,0.0,1
19276908000150,2016-03-17,24937379.46,1.2995256000000002,24869109.84,0.0,0.0,1
19276908000150,2016-03-18,24937379.46,1.2995256000000002,24869109.84,0.0,0.0,1
19276908000150,2016-03-21,24492889.28,1.3007755,24893029.08,0.0,0.0,1
19276908000150,2016-03-22,25008236.26,1.3025909,24927771.17,0.0,0.0,1
19276908000150,2016-03-23,24797253.03,1.2999101,24876467.95,0.0,0.0,1
19276908000150,2016-03-24,25000511.35,1.3013169,24903390.95,0.0,0.0,1
19276908000150,2016-03-28,24828120.2,1.2934845,24753500.43,0.0,0.0,1
19276908000150,2016-03-29,25060827.41,1.3053669,24980895.07,0.0,0.0,1
19276908000150,2016-03-30,25057793.9,1.3045096,24964488.63,0.0,0.0,1
19276908000150,2016-03-31,25004386.67,1.3013485,24903995.12,0.0,0.0,1
19276908000150,2016-04-01,23692183.64,1.3030751,24937037.73,0.0,0.0,1
19276908000150,2016-04-04,24982992.44,1.3002603000000001,24883170.57,0.0,0.0,1
19276908000150,2016-04-05,25008595.88,1.3018929,24914413.36,0.0,0.0,1
19276908000150,2016-04-06,25054161.95,1.3011551000000001,24900293.65,0.0,0.0,1
19276908000150,2016-04-07,25069002.21,1.3017498,24911674.85,0.0,0.0,1
19276908000150,2016-04-08,25141199.86,1.3063298,24999322.06,0.0,0.0,1
19276908000150,2016-04-11,24983761.05,1.3057848,24988891.96,0.0,0.0,1
19276908000150,2016-04-12,25074390.47,1.3105129999999998,25079376.29,0.0,0.0,1
19276908000150,2016-04-13,25146679.18,1.3145951,25157495.57,0.0,0.0,1
19276908000150,2016-04-14,25191485.35,1.3142597,25151077.81,0.0,0.0,1
19276908000150,2016-04-15,25209242.51,1.3169343,25202262.01,0.0,0.0,1
19276908000150,2016-04-18,25222010.59,1.3180121999999999,25222889.96,0.0,0.0,1
19276908000150,2016-04-19,25268582.43,1.3199405,25259791.91,0.0,0.0,1
19276908000150,2016-04-20,25276179.71,1.3206186000000002,25272768.09,0.0,0.0,1
19276908000150,2016-04-22,25257695.55,1.3197253,25255672.83,0.0,0.0,1
19276908000150,2016-04-25,25232094.83,1.3185485000000001,25233152.39,0.0,0.0,1
19276908000150,2016-04-26,25278797.17,1.3202544,25265797.44,0.0,0.0,1
19276908000150,2016-04-27,25338175.21,1.323511,25328119.83,0.0,0.0,1
19276908000150,2016-04-28,25338175.21,1.323511,25328119.83,0.0,0.0,1
19276908000150,2016-04-29,25333161.85,1.3237538999999998,25332767.79,0.0,0.0,1
19276908000150,2016-05-02,25349835.41,1.3243669,25344499.68,0.0,0.0,1
19276908000150,2016-05-03,25349941.81,1.324503,25347104.27,0.0,0.0,1
19276908000150,2016-05-04,25353945.47,1.3242366,25342005.77,0.0,0.0,1
19276908000150,2016-05-05,25343626.11,1.3241298,25339961.41,0.0,0.0,1
19276908000150,2016-05-06,25342517.0,1.3242243,25341770.95,0.0,0.0,1
19276908000150,2016-05-09,25313937.84,1.3228402,25315283.26,0.0,0.0,1
19276908000150,2016-05-10,25387122.9,1.3261636,25378882.6,0.0,0.0,1
19276908000150,2016-05-11,25397311.71,1.3272612,25399888.3,0.0,0.0,1
19276908000150,2016-05-12,25434354.86,1.3289144,25431525.05,0.0,0.0,1
19276908000150,2016-05-13,25423102.62,1.3286483999999998,25426434.55,0.0,0.0,1
19276908000150,2016-05-16,25425841.99,1.3283671,25421050.76,0.0,0.0,1
19276908000150,2016-05-17,25410445.21,1.3277473999999998,25409192.0,0.0,0.0,1
19276908000150,2016-05-18,25424440.18,1.3281875,25417615.0,0.0,0.0,1
19276908000150,2016-05-19,25426927.57,1.3285352,25424268.72,0.0,0.0,1
19276908000150,2016-05-20,25418411.47,1.3281074,25416082.21,0.0,0.0,1
19276908000150,2016-05-23,25415697.63,1.3276249,25406847.35,0.0,0.0,1
19276908000150,2016-05-24,25429195.18,1.3284668,25422960.08,0.0,0.0,1
19276908000150,2016-05-25,25447664.55,1.3293408000000002,25439685.28,0.0,0.0,1
19276908000150,2016-05-27,25459731.54,1.3298877,25450151.86,0.0,0.0,1
19276908000150,2016-05-30,25456706.56,1.329915,25450674.83,0.0,0.0,1
19276908000150,2016-05-31,25472488.62,1.3305154,25462163.3,0.0,0.0,1
19276908000150,2016-06-01,25479930.3,1.3309889,25471224.58,0.0,0.0,1
19276908000150,2016-06-02,25516549.16,1.3329213,25508205.08,0.0,0.0,1
19276908000150,2016-06-03,25357577.58,1.3346708,25541686.62,0.0,0.0,1
19276908000150,2016-06-06,25567876.26,1.3355063999999999,25557676.09,0.0,0.0,1
19276908000150,2016-06-07,25558372.51,1.3354051000000002,25555738.01,0.0,0.0,1
19276908000150,2016-06-08,25595592.83,1.3374373,25594628.08,0.0,0.0,1
19276908000150,2016-06-09,25591082.57,1.3370593000000002,25587395.08,0.0,0.0,1
19276908000150,2016-06-10,25562125.64,1.3353811000000002,25555279.81,0.0,0.0,1
19276908000150,2016-06-13,25567639.86,1.010219929001,19332646.84,0.0,0.0,1
19276908000150,2016-06-14,19316981.35,1.0089037,19307458.65,0.0,0.0,1
19276908000150,2016-06-15,19317741.34,1.008967,19308670.11,0.0,0.0,1
19276908000150,2016-06-16,19335954.47,1.0099569,19327613.33,0.0,0.0,1
19276908000150,2016-06-17,19329634.87,1.0102084999999998,19332429.4,0.0,0.0,1
19276908000150,2016-06-20,19369521.45,1.012026,19367211.36,0.0,0.0,1
19276908000150,2016-06-21,19387969.03,1.0134981,19395382.94,0.0,0.0,1
19276908000150,2016-06-22,19394717.66,1.01321,19389868.2,0.0,0.0,1
19276908000150,2016-06-23,19446281.25,1.0163543,19450042.18,0.0,0.0,1
19276908000150,2016-06-24,19396773.89,1.0132177,19390015.84,0.0,0.0,1
19276908000150,2016-06-27,19394677.96,1.0140064,19405109.44,0.0,0.0,1
19276908000150,2016-06-28,19404738.58,1.0146315000000001,19417071.75,0.0,0.0,1
19276908000150,2016-06-29,19443411.89,1.0152148,19428235.46,0.0,0.0,1
19276908000150,2016-06-30,19460195.41,1.0168011000000001,19458591.9,0.0,0.0,1
19276908000150,2016-07-01,19494112.05,1.0179232,19480064.82,0.0,0.0,1
19276908000150,2016-07-04,19516803.81,1.0198324,19516601.65,0.0,0.0,1
19276908000150,2016-07-05,19515413.36,1.0187986999999998,19496820.68,0.0,0.0,1
19276908000150,2016-07-06,19525404.81,1.0194763,19509787.71,0.0,0.0,1
19276908000150,2016-07-07,19523301.22,1.0203628,19526751.83,0.0,0.0,1
19276908000150,2016-07-08,19557557.81,1.0231519,19580128.12,0.0,0.0,1
19276908000150,2016-07-11,19622059.13,1.0256304,19627557.93,0.0,0.0,1
19276908000150,2016-07-12,19642145.89,1.0260066,19634758.95,0.0,0.0,1
19276908000150,2016-07-13,19651415.68,1.0271285,19656228.94,0.0,0.0,1
19276908000150,2016-07-14,19678980.0,1.0285779000000002,19683966.07,0.0,0.0,1
19276908000150,2016-07-15,19702086.15,1.0295748,19703043.32,0.0,0.0,1
19276908000150,2016-07-18,19744261.97,1.0317531,19744729.95,0.0,0.0,1
19276908000150,2016-07-19,19759642.97,1.0321303,19751948.73,0.0,0.0,1
19276908000150,2016-07-20,19764121.59,1.0329391,19767425.95,0.0,0.0,1
19276908000150,2016-07-21,19780990.23,1.0333213,19774740.39,0.0,0.0,1
19276908000150,2016-07-22,19798725.68,1.0339861,19787462.04,0.0,0.0,1
19276908000150,2016-07-25,19799705.67,1.0341695,19790971.5,0.0,0.0,1
19276908000150,2016-07-26,19803092.16,1.0348672,19804323.13,0.0,0.0,1
19276908000150,2016-07-27,19833017.86,1.0360907,19827739.13,0.0,0.0,1
19276908000150,2016-07-28,18993129.88,1.0362107,19830034.52,0.0,0.0,1
19276908000150,2016-07-29,19848685.42,1.0372379,19849691.47,0.0,0.0,1
19276908000150,2016-08-01,19896316.75,1.0397268,19897322.8,0.0,0.0,1
19276908000150,2016-08-02,19841693.92,1.0358030999999999,19822233.92,0.0,0.0,1
19276908000150,2016-08-03,19867438.37,1.0375602,19855860.97,0.0,0.0,1
19276908000150,2016-08-04,19889574.54,1.0392895,19888953.43,0.0,0.0,1
19276908000150,2016-08-05,19916163.23,1.0405971999999999,19913979.62,0.0,0.0,1
19276908000150,2016-08-08,19912814.72,1.0399971,19902495.87,0.0,0.0,1
19276908000150,2016-08-09,19914722.34,1.0409262,19920275.56,0.0,0.0,1
19276908000150,2016-08-10,19904228.39,1.0397797,19898335.67,0.0,0.0,1
19276908000150,2016-08-11,19950142.82,1.0421273000000002,19943261.66,0.0,0.0,1
19276908000150,2016-08-12,19953014.0,1.0422995000000002,19946556.24,0.0,0.0,1
19276908000150,2016-08-15,19978495.76,1.0438353,19975948.03,0.0,0.0,1
19276908000150,2016-08-16,19994827.34,1.0445914,19990417.42,0.0,0.0,1
19276908000150,2016-08-17,20046265.16,1.0470667,20037786.11,0.0,0.0,1
19276908000150,2016-08-18,20034406.25,1.0462883,20022890.32,0.0,0.0,1
19276908000150,2016-08-19,20033347.41,1.0468150999999999,20032972.41,0.0,0.0,1
19276908000150,2016-08-22,20006334.16,1.0448995,19996312.6,0.0,0.0,1
19276908000150,2016-08-23,20017308.76,1.0453335,20004617.42,0.0,0.0,1
19276908000150,2016-08-24,20011073.19,1.0451139,20000415.96,0.0,0.0,1
19276908000150,2016-08-25,20015351.16,1.0454036,20005958.99,0.0,0.0,1
19276908000150,2016-08-26,20006802.46,1.0441271,19981531.52,0.0,0.0,1
19276908000150,2016-08-29,20004959.86,1.0454587,20007014.77,0.0,0.0,1
19276908000150,2016-08-30,20022358.47,1.045421,20006292.87,0.0,0.0,1
19276908000150,2016-08-31,19998830.0,1.0450610999999999,19999405.42,0.0,0.0,1
19276908000150,2016-09-01,20055017.47,1.0477529,20050918.14,0.0,0.0,1
19276908000150,2016-09-02,20142917.02,1.0522701,20137364.4,0.0,0.0,1
19276908000150,2016-09-05,20202325.47,1.0548461,20186661.18,0.0,0.0,1
19276908000150,2016-09-06,20219928.63,1.0562066,20212698.24,0.0,0.0,1
19276908000150,2016-09-08,20255287.56,1.0580534,20248039.9,0.0,0.0,1
19276908000150,2016-09-09,20181521.28,1.053419,20159350.71,0.0,0.0,1
19276908000150,2016-09-12,20177048.45,1.0545123,20180273.2,0.0,0.0,1
19276908000150,2016-09-13,20120483.74,1.0499256,20092498.25,0.0,0.0,1
19276908000150,2016-09-14,20074804.51,1.0487959999999998,20070881.08,0.0,0.0,1
19276908000150,2016-09-15,20105166.92,1.0506075,20105547.38,0.0,0.0,1
19276908000150,2016-09-16,20165544.04,1.0535079,20161052.84,0.0,0.0,1
19276908000150,2016-09-19,20168472.37,1.0535046,20160988.71,0.0,0.0,1
19276908000150,2016-09-20,20189316.57,1.05457,20181377.91,0.0,0.0,1
19276908000150,2016-09-21,20249762.71,1.0584843000000002,20256285.32,0.0,0.0,1
19276908000150,2016-09-22,20271184.95,1.0596706,20278989.31,0.0,0.0,1
19276908000150,2016-09-23,20376528.84,1.0643397,20368340.88,0.0,0.0,1
19276908000150,2016-09-26,20356249.52,1.0630976,20344571.42,0.0,0.0,1
19276908000150,2016-09-27,20422957.61,1.0673124,20425230.82,0.0,0.0,1
19276908000150,2016-09-28,20544907.1,1.0733886,20541511.16,0.0,0.0,1
19276908000150,2016-09-29,20530219.59,1.0718501,20512069.23,0.0,0.0,1
19276908000150,2016-09-30,19572544.28,1.0733505,20540781.57,0.0,0.0,1
19276908000150,2016-10-03,19604001.25,1.0748788999999999,20570030.88,0.0,0.0,1
19276908000150,2016-10-04,19609480.53,1.0744797,20562390.52,0.0,0.0,1
19276908000150,2016-10-05,19645087.12,1.0771695,20613866.42,0.0,0.0,1
19276908000150,2016-10-06,19870536.34,1.0883406999999998,20827650.08,0.0,0.0,1
19276908000150,2016-10-07,19852810.48,1.0880419,20821931.26,0.0,0.0,1
19276908000150,2016-10-10,19925601.01,1.0919396000000001,20896523.32,0.0,0.0,1
19276908000150,2016-10-11,19901333.14,1.0900016000000001,20859434.43,0.0,0.0,1
19276908000150,2016-10-13,19886582.25,1.0889648,20839593.89,0.0,0.0,1
19276908000150,2016-10-14,19909074.72,1.0902551,20864286.54,0.0,0.0,1
19276908000150,2016-10-17,19946334.99,1.0924690000000001,20906653.1,0.0,0.0,1
19276908000150,2016-10-18,19982693.45,1.0940976999999998,20937822.52,0.0,0.0,1
19276908000150,2016-10-19,19988798.74,1.0945061000000005,20945637.15,0.0,0.0,1
19276908000150,2016-10-20,20011889.32,1.0952296000000001,20959483.01,0.0,0.0,1
19276908000150,2016-10-21,20017898.44,1.0950136000000001,20955350.62,0.0,0.0,1
19276908000150,2016-10-24,20030393.03,1.0959072,20972451.06,0.0,0.0,1
19276908000150,2016-10-25,20055514.95,1.0962528,20979064.07,0.0,0.0,1
19276908000150,2016-10-26,19592344.93,1.0969906,20993184.07,0.0,0.0,1
19276908000150,2016-10-27,20065468.36,1.0974144,21001294.92,0.0,0.0,1
19276908000150,2016-10-28,20086785.55,1.0990598,21032782.45,0.0,0.0,1
19276908000150,2016-10-31,20063781.36,1.0985163999999998,21022383.64,0.0,0.0,1
19276908000150,2016-11-01,20003234.86,1.0941312,20938462.63,0.0,0.0,1
19276908000150,2016-11-03,19926343.55,1.0910692,20879865.71,0.0,0.0,1
19276908000150,2016-11-04,19948683.28,1.0928596000000002,20914127.85,0.0,0.0,1
19276908000150,2016-11-07,20057587.3,1.0986444,21024833.29,0.0,0.0,1
19276908000150,2016-11-08,20066171.46,1.0990635,21032853.4,0.0,0.0,1
19276908000150,2016-11-09,20052716.65,1.0963341,20980620.05,0.0,0.0,1
19276908000150,2016-11-10,20062891.95,1.0961098,20976328.13,0.0,0.0,1
19276908000150,2016-11-11,20018674.96,1.0974423999999998,21001829.37,0.0,0.0,1
19276908000150,2016-11-14,20014067.25,1.0959201,20972696.96,0.0,0.0,1
19276908000150,2016-11-16,20013558.43,1.0999108,21049066.91,0.0,0.0,1
19276908000150,2016-11-17,20028297.62,1.0989626,21030921.77,0.0,0.0,1
19276908000150,2016-11-18,20018211.31,1.0984803,21021692.95,0.0,0.0,1
19276908000150,2016-11-21,20037125.05,1.0992017,21035497.25,0.0,0.0,1
19276908000150,2016-11-22,20079969.13,1.1008492,21067026.26,0.0,0.0,1
19276908000150,2016-11-23,20103760.51,1.1024383999999998,21097437.89,0.0,0.0,1
19276908000150,2016-11-24,20131116.44,1.1038756,21124942.68,0.0,0.0,1
19276908000150,2016-11-25,20143965.84,1.1048659,21143894.73,0.0,0.0,1
19276908000150,2016-11-28,20128921.06,1.1037326,21122205.05,0.0,0.0,1
19276908000150,2016-11-29,20109274.86,1.1027368,21103148.86,0.0,0.0,1
19276908000150,2016-11-30,20114056.55,1.1038729,21124891.64,0.0,0.0,1
19276908000150,2016-12-01,20110691.4,1.1045825,21138469.64,0.0,0.0,1
19276908000150,2016-12-02,20112106.4,1.1049103999999998,21144745.75,0.0,0.0,1
19276908000150,2016-12-05,20115815.34,1.1041124,21129473.45,0.0,0.0,1
19276908000150,2016-12-06,20147222.92,1.1060416000000002,21166393.56,0.0,0.0,1
19276908000150,2016-12-07,20296641.37,1.1068736000000001,21182315.55,0.0,0.0,1
19276908000150,2016-12-08,20169822.73,1.1069664,21184090.89,0.0,0.0,1
19276908000150,2016-12-09,20174897.9,1.1069921999999999,21184584.6,0.0,0.0,1
19276908000150,2016-12-12,20140874.83,1.1049892,21146252.99,0.0,0.0,1
19276908000150,2016-12-13,20140489.03,1.1046901000000002,21140530.54,0.0,0.0,1
19276908000150,2016-12-14,20118656.05,1.1036237,21120122.54,0.0,0.0,1
19276908000150,2016-12-15,20141159.25,1.1053066999999999,21152329.37,0.0,0.0,1
19276908000150,2016-12-16,20219007.4,1.1093725,21230137.39,0.0,0.0,1
19276908000150,2016-12-19,20168603.14,1.1058784,21163270.34,0.0,0.0,1
19276908000150,2016-12-20,20153826.53,1.1057726,21161245.15,0.0,0.0,1
19276908000150,2016-12-21,20218856.8,1.1086822,21216925.86,0.0,0.0,1
19276908000150,2016-12-22,20228072.37,1.1087361999999998,21217960.98,0.0,0.0,1
19276908000150,2016-12-23,20229261.15,1.1090007,21223022.69,0.0,0.0,1
19276908000150,2016-12-26,20260519.75,1.1106493,21254571.42,0.0,0.0,1
19276908000150,2016-12-27,20275003.15,1.1110159,21261587.55,0.0,0.0,1
19276908000150,2016-12-28,20312742.58,1.1135735,21310531.46,0.0,0.0,1
19276908000150,2016-12-29,20312742.58,1.1135735,21310531.46,0.0,0.0,1
19276908000150,2016-12-30,20341409.65,1.1135886000000002,21310821.61,0.0,0.0,1
19276908000150,2017-01-02,20356877.75,1.1141471,21321509.63,0.0,0.0,1
19276908000150,2017-01-03,20365385.74,1.1158732,21354542.12,0.0,0.0,1
19276908000150,2017-01-04,20407701.37,1.1163124,21362946.66,0.0,0.0,1
19276908000150,2017-01-05,19419225.68,1.1170338,21376751.61,0.0,0.0,1
19276908000150,2017-01-06,20430202.15,1.1178312,21392012.0,0.0,0.0,1
19276908000150,2017-01-09,20419336.18,1.1173867,21383505.35,0.0,0.0,1
19276908000150,2017-01-10,20446696.91,1.1189839,21414071.38,0.0,0.0,1
19276908000150,2017-01-11,20477394.36,1.120473,21442567.96,0.0,0.0,1
19276908000150,2017-01-12,20082076.63,1.1237421,21505129.76,0.0,0.0,1
19276908000150,2017-01-13,20095793.27,1.1239921999999998,21509914.35,0.0,0.0,1
19276908000150,2017-01-16,20126656.53,1.1258013999999998,21544537.49,0.0,0.0,1
19276908000150,2017-01-17,20581019.57,1.1258022,21544554.27,0.0,0.0,1
19276908000150,2017-01-18,20407744.0,1.127269,21572623.03,0.0,0.0,1
19276908000150,2017-01-19,20384079.27,1.1257262,21543099.68,0.0,0.0,1
19276908000150,2017-01-20,19810395.75,1.1269365,21566260.27,0.0,0.0,1
19276908000150,2017-01-23,20643957.62,1.1286341999999998,21598748.88,0.0,0.0,1
19276908000150,2017-01-24,20649059.83,1.128792,21601769.25,0.0,0.0,1
19276908000150,2017-01-25,20659170.02,1.1292897,21611293.74,0.0,0.0,1
19276908000150,2017-01-26,20678620.34,1.130451,21633517.92,0.0,0.0,1
19276908000150,2017-01-27,20692591.73,1.1308081,21640351.46,0.0,0.0,1
19276908000150,2017-01-30,20647318.61,1.1280255,21587100.44,0.0,0.0,1
19276908000150,2017-01-31,20668065.71,1.1290533,21606769.57,0.0,0.0,1
19276908000150,2017-02-01,20677724.07,1.1295064,21615440.85,0.0,0.0,1
19276908000150,2017-02-02,20660856.27,1.1282398,21591202.26,0.0,0.0,1
19276908000150,2017-02-03,20702325.47,1.1302948999999998,21630529.8,0.0,0.0,1
19276908000150,2017-02-06,20682349.95,1.1293223,21611918.54,0.0,0.0,1
19276908000150,2017-02-07,20644681.61,1.1278166,21583103.92,0.0,0.0,1
19276908000150,2017-02-08,20461301.9,1.1288918,21603680.18,0.0,0.0,1
19276908000150,2017-02-09,20686887.03,1.1299968,21624826.64,0.0,0.0,1
19276908000150,2017-02-10,20720459.75,1.1315503999999998,21654556.13,0.0,0.0,1
19276908000150,2017-02-13,20750144.46,1.1331043,21684293.77,0.0,0.0,1
19276908000150,2017-02-14,20730508.48,1.1318934999999999,21661122.24,0.0,0.0,1
19276908000150,2017-02-15,20756284.66,1.1327901000000002,21678281.65,0.0,0.0,1
19276908000150,2017-02-16,19935546.39,1.1330078000000001,21682447.76,0.0,0.0,1
19276908000150,2017-02-17,20760925.46,1.1333325,21688660.6,0.0,0.0,1
19276908000150,2017-02-20,20782914.93,1.1343878,21708857.28,0.0,0.0,1
19276908000150,2017-02-21,20807396.55,1.1358053,21735983.27,0.0,0.0,1
19276908000150,2017-02-22,20807402.7,1.1356041000000001,21732132.42,0.0,0.0,1
19276908000150,2017-02-23,20807501.06,1.135365,21727557.25,0.0,0.0,1
19276908000150,2017-02-24,20836495.12,1.1370653,21760095.49,0.0,0.0,1
19276908000150,2017-03-01,20828700.54,1.1367997,21755013.07,0.0,0.0,1
19276908000150,2017-03-02,20862042.7,1.138218,21782154.79,0.0,0.0,1
19276908000150,2017-03-03,20891828.35,1.1404039,21823987.98,0.0,0.0,1
19276908000150,2017-03-06,20899775.28,1.1404649,21825153.95,0.0,0.0,1
19276908000150,2017-03-07,20879448.81,1.1398373,21813144.9,0.0,0.0,1
19276908000150,2017-03-08,20892070.25,1.1403114,21822216.03,0.0,0.0,1
19276908000150,2017-03-09,20900614.78,1.1412189,21839584.51,0.0,0.0,1
19276908000150,2017-03-10,20866074.66,1.1398573,21813526.33,0.0,0.0,1
19276908000150,2017-03-13,20887708.19,1.1403863,21823650.58,0.0,0.0,1
19276908000150,2017-03-14,20880192.48,1.1399694,21815672.79,0.0,0.0,1
19276908000150,2017-03-15,20913932.2,1.1422481000000002,21859279.07,0.0,0.0,1
19276908000150,2017-03-16,20889512.17,1.1400215,21816668.42,0.0,0.0,1
19276908000150,2017-03-17,20898909.33,1.1405264,21826330.5,0.0,0.0,1
19276908000150,2017-03-20,20903441.7,1.1358203000000002,21736270.96,0.0,0.0,1
19276908000150,2017-03-21,20874698.0,1.1339941,21701322.57,0.0,0.0,1
19276908000150,2017-03-22,20884175.75,1.1345854,21712637.62,0.0,0.0,1
19276908000150,2017-03-23,20902292.64,1.1354425,21729040.4,0.0,0.0,1
19276908000150,2017-03-24,20909940.42,1.1363492,21746391.19,0.0,0.0,1
19276908000150,2017-03-27,20942794.29,1.1377116000000005,21772464.54,0.0,0.0,1
19276908000150,2017-03-28,21206538.38,1.1291402,21608432.16,0.0,0.0,1
19276908000150,2017-03-29,21230416.88,1.1304261999999998,21633043.88,0.0,0.0,1
19276908000150,2017-03-30,21235507.29,1.1303976,21632495.74,0.0,0.0,1
19276908000150,2017-03-31,21232722.7,1.1304044,21632626.45,0.0,0.0,1
19276908000150,2017-04-03,21247361.95,1.1311431,21646762.63,0.0,0.0,1
19276908000150,2017-04-04,21263848.51,1.131816,21659640.76,0.0,0.0,1
19276908000150,2017-04-05,21263848.51,1.131816,21659640.76,0.0,0.0,1
19276908000150,2017-04-06,21278439.07,1.1317271,21657939.34,0.0,0.0,1
19276908000150,2017-04-07,21294232.64,1.1339641000000005,21700748.46,0.0,0.0,1
19276908000150,2017-04-10,21269712.59,1.1329987,21682274.08,0.0,0.0,1
19276908000150,2017-04-11,21287743.79,1.1337204,21696083.73,0.0,0.0,1
19276908000150,2017-04-12,21256609.54,1.1319395,21662003.2,0.0,0.0,1
19276908000150,2017-04-13,21199659.18,1.1292841999999998,21611187.77,0.0,0.0,1
19276908000150,2017-04-17,21220288.51,1.1303208999999999,21631028.54,0.0,0.0,1
19276908000150,2017-04-18,21241985.18,1.1308488,21641129.74,0.0,0.0,1
19276908000150,2017-04-19,21225893.1,1.1299883,21624663.56,0.0,0.0,1
19276908000150,2017-04-20,21241143.82,1.1310711000000002,21645384.85,0.0,0.0,1
19276908000150,2017-04-24,21243182.29,1.1314516000000001,21652665.5,0.0,0.0,1
19276908000150,2017-04-25,21281979.78,1.1331387,21684951.63,0.0,0.0,1
19276908000150,2017-04-26,21292232.91,1.1338415000000002,21698402.2,0.0,0.0,1
19276908000150,2017-04-27,21284479.12,1.1337999,21697605.62,0.0,0.0,1
19276908000150,2017-04-28,21284479.12,1.1337999,21697605.62,0.0,0.0,1
19276908000150,2017-05-02,21348914.04,1.1372038,21762746.39,0.0,0.0,1
19276908000150,2017-05-03,21364844.7,1.1376598,21771473.81,0.0,0.0,1
19276908000150,2017-05-04,21338374.0,1.136099,21741603.1,0.0,0.0,1
19276908000150,2017-05-05,21369184.24,1.1382032,21781872.59,0.0,0.0,1
19276908000150,2017-05-08,21367446.65,1.138274,21783226.69,0.0,0.0,1
19276908000150,2017-05-09,21385763.99,1.1395043,21806770.72,0.0,0.0,1
19276908000150,2017-05-10,21440634.49,1.1422992,21860257.09,0.0,0.0,1
19276908000150,2017-05-11,21467956.88,1.1434074,21881464.36,0.0,0.0,1
19276908000150,2017-05-12,21515383.78,1.1458346,21927915.53,0.0,0.0,1
19276908000150,2017-05-15,21529250.99,1.1462324,21935527.62,0.0,0.0,1
19276908000150,2017-05-16,21557390.16,1.1474167,21958191.27,0.0,0.0,1
19276908000150,2017-05-17,21549713.17,1.1468278,21946922.11,0.0,0.0,1
19276908000150,2017-05-18,21444831.09,1.1408815,21833126.85,0.0,0.0,1
19276908000150,2017-05-19,21418047.58,1.1424925,21863956.96,0.0,0.0,1
19276908000150,2017-05-22,21408350.3,1.1404245000000002,21824381.97,0.0,0.0,1
19276908000150,2017-05-23,21424528.33,1.1413445,21841987.1,0.0,0.0,1
19276908000150,2017-05-24,21441210.48,1.1425114,21864318.52,0.0,0.0,1
19276908000150,2017-05-25,21454670.41,1.1436889,21886852.68,0.0,0.0,1
19276908000150,2017-05-26,21546935.45,1.1427788,21869435.1,0.0,0.0,1
19276908000150,2017-05-29,21549861.65,1.1435714,21884603.69,0.0,0.0,1
19276908000150,2017-05-30,21553870.32,1.1433752,21880848.81,0.0,0.0,1
19276908000150,2017-05-31,21526639.98,1.1425221,21864523.4,0.0,0.0,1
19276908000150,2017-06-01,21548448.79,1.1436633,21886361.59,0.0,0.0,1
19276908000150,2017-06-02,21574417.36,1.1442472,21897537.16,0.0,0.0,1
19276908000150,2017-06-05,21600970.3,1.1461848,21934615.85,0.0,0.0,1
19276908000150,2017-06-06,21608594.81,1.1457641,21926565.1,0.0,0.0,1
19276908000150,2017-06-07,21592610.58,1.1587973,22175983.29,0.0,0.0,1
19276908000150,2017-06-08,21584532.87,1.1588989,22177927.29,0.0,0.0,1
19276908000150,2017-06-09,21604993.34,1.1602033,22202888.65,0.0,0.0,1
19276908000150,2017-06-12,21627902.04,1.1612688,22223279.46,0.0,0.0,1
19276908000150,2017-06-13,21633331.9,1.161171,22221407.96,0.0,0.0,1
19276908000150,2017-06-14,21622445.54,1.1603132,22204992.34,0.0,0.0,1
19276908000150,2017-06-16,21628076.01,1.160699,22212375.38,0.0,0.0,1
19276908000150,2017-06-19,21650556.32,1.1618791000000002,22234958.91,0.0,0.0,1
19276908000150,2017-06-20,21640734.94,1.1617323999999998,22232151.15,0.0,0.0,1
19276908000150,2017-06-21,20515163.87,1.1618952,22235268.42,0.0,0.0,1
19276908000150,2017-06-22,18868457.75,1.1624041999999999,22245009.19,0.0,0.0,1
19276908000150,2017-06-23,19617407.35,1.1629017,22254529.23,0.0,0.0,1
19276908000150,2017-06-26,20050727.31,1.1626978000000001,22250627.02,0.0,0.0,1
19276908000150,2017-06-27,21484405.83,0.7780283138249999,14889180.02,0.0,0.0,1
19276908000150,2017-06-28,14293840.41,0.7773569,14876331.89,0.0,0.0,1
19276908000150,2017-06-29,14307408.97,0.7781799,14892082.04,0.0,0.0,1
19276908000150,2017-06-30,14323675.03,0.7790461,14908657.68,0.0,0.0,1
19276908000150,2017-07-03,14328446.99,0.779188,14911373.58,0.0,0.0,1
19276908000150,2017-07-04,14336226.14,0.7796751000000001,14920696.02,0.0,0.0,1
19276908000150,2017-07-05,14336684.39,0.7795595999999999,14918486.08,0.0,0.0,1
19276908000150,2017-07-06,14341607.01,0.7798345,14923746.05,0.0,0.0,1
19276908000150,2017-07-07,14320497.06,0.7791093000000001,14909867.73,0.0,0.0,1
19276908000150,2017-07-10,14323687.9,0.7790876,14909452.6,0.0,0.0,1
19276908000150,2017-07-11,14328040.19,0.7791906,14911422.73,0.0,0.0,1
19276908000150,2017-07-12,14324999.3,0.7786609,14901286.13,0.0,0.0,1
19276908000150,2017-07-13,14330447.23,0.7788930000000001,14905727.69,0.0,0.0,1
19276908000150,2017-07-14,14325146.61,0.7783339,14895029.35,0.0,0.0,1
19276908000150,2017-07-17,13630924.86,0.778604,14900197.28,0.0,0.0,1
19276908000150,2017-07-18,14324668.4,0.7780477,14889551.04,0.0,0.0,1
19276908000150,2017-07-19,14327543.1,0.7780766,14890105.82,0.0,0.0,1
19276908000150,2017-07-20,14325414.84,0.7777746,14884325.85,0.0,0.0,1
19276908000150,2017-07-21,14329606.69,0.77815,14891510.17,0.0,0.0,1
19276908000150,2017-07-24,14338418.07,0.7786611,14901290.46,0.0,0.0,1
19276908000150,2017-07-25,14357327.69,0.7798210999999999,14923490.42,0.0,0.0,1
19276908000150,2017-07-26,14353083.62,0.7793992,14915414.92,0.0,0.0,1
19276908000150,2017-07-27,14364636.76,0.78005,14927870.01,0.0,0.0,1
19276908000150,2017-07-28,14364650.11,0.7798702,14924429.78,0.0,0.0,1
19276908000150,2017-07-31,14360982.26,0.7796166999999999,14919577.25,0.0,0.0,1
19276908000150,2017-08-01,14326906.38,0.7778184,14885164.63,0.0,0.0,1
19276908000150,2017-08-02,14389861.34,0.7810670999999999,14947333.6,0.0,0.0,1
19276908000150,2017-08-03,14389715.19,0.781055,14947102.12,0.0,0.0,1
19276908000150,2017-08-04,14951433.55,0.7813607,14952953.47,0.0,0.0,1
19276908000150,2017-08-07,14954101.82,0.7817938,14961240.34,0.0,0.0,1
19276908000150,2017-08-08,14960291.67,0.7820874,14966859.65,0.0,0.0,1
19276908000150,2017-08-09,14670041.26,0.7825698,14976091.58,0.0,0.0,1
19276908000150,2017-08-10,14961841.18,0.7821128,14967346.27,0.0,0.0,1
19276908000150,2017-08-11,14970315.49,0.7825259,14975251.49,0.0,0.0,1
19276908000150,2017-08-14,15000114.88,0.7840555,15004524.34,0.0,0.0,1
19276908000150,2017-08-15,15015664.87,0.7848394000000001,15019525.67,0.0,0.0,1
19276908000150,2017-08-16,15004987.25,0.7842486999999999,15008219.89,0.0,0.0,1
19276908000150,2017-08-17,14410437.72,0.7845171,15013356.63,0.0,0.0,1
19276908000150,2017-08-18,15021602.86,0.7849026,15020733.9,0.0,0.0,1
19276908000150,2017-08-21,15021679.65,0.785067,15023880.06,0.0,0.0,1
19276908000150,2017-08-22,15035863.11,0.7858755999999999,15039354.93,0.0,0.0,1
19276908000150,2017-08-23,15045621.94,0.7863498000000001,15048430.29,0.0,0.0,1
19276908000150,2017-08-24,15031956.32,0.7870531999999999,15061889.92,0.0,0.0,1
19276908000150,2017-08-25,15050764.31,0.7880054,15080112.84,0.0,0.0,1
19276908000150,2017-08-28,15054213.08,0.7881543000000001,15082962.19,0.0,0.0,1
19276908000150,2017-08-29,15093029.37,0.7887029000000001,15093461.27,0.0,0.0,1
19276908000150,2017-08-30,15094516.55,0.7887486,15094335.76,0.0,0.0,1
19276908000150,2017-08-31,15098297.77,0.7889132,15097485.37,0.0,0.0,1
19276908000150,2017-09-01,15123340.28,0.7901982,15122075.98,0.0,0.0,1
19276908000150,2017-09-04,14142731.4,0.7913496999999999,15144113.92,0.0,0.0,1
19276908000150,2017-09-05,14152887.71,0.7918558000000001,15153799.27,0.0,0.0,1
19276908000150,2017-09-06,15190794.6,0.7936498000000001,15188130.28,0.0,0.0,1
19276908000150,2017-09-08,15180668.84,0.7934531,15184366.53,0.0,0.0,1
19276908000150,2017-09-11,15208269.56,0.7948732,15211543.18,0.0,0.0,1
19276908000150,2017-09-12,15211255.02,0.7950098000000001,15214155.84,0.0,0.0,1
19276908000150,2017-09-13,15227808.8,0.7958516999999999,15230268.6,0.0,0.0,1
19276908000150,2017-09-14,15228021.61,0.7958384000000001,15230012.89,0.0,0.0,1
19276908000150,2017-09-15,15252123.46,0.7970742,15253662.66,0.0,0.0,1
19276908000150,2017-09-18,15246226.32,0.7967445,15247352.96,0.0,0.0,1
19276908000150,2017-09-19,15274860.22,0.7982195,15275580.13,0.0,0.0,1
19276908000150,2017-09-20,15291787.58,0.7990823,15292091.74,0.0,0.0,1
19276908000150,2017-09-21,15293609.18,0.7991571999999999,15293525.23,0.0,0.0,1
19276908000150,2017-09-22,15297710.67,0.7994467,15299066.64,0.0,0.0,1
19276908000150,2017-09-25,15276938.83,0.7983404000000001,15277895.36,0.0,0.0,1
19276908000150,2017-09-26,15276000.49,0.7982718000000001,15276581.99,0.0,0.0,1
19276908000150,2017-09-27,15270697.64,0.7979755000000001,15270911.43,0.0,0.0,1
19276908000150,2017-09-28,15275904.77,0.7982256,15275696.98,0.0,0.0,1
19276908000150,2017-09-29,15289205.11,0.7988975,15288556.54,0.0,0.0,1
19276908000150,2017-10-02,15301057.16,0.7994949,15299987.98,0.0,0.0,1
19276908000150,2017-10-03,15419197.5,0.8056466,15417714.59,0.0,0.0,1
19276908000150,2017-10-04,15432614.94,0.8063249,15430693.7,0.0,0.0,1
19276908000150,2017-10-05,15444218.83,0.8069129,15441946.67,0.0,0.0,1
19276908000150,2017-10-06,15401006.05,0.8050486,15406270.25,0.0,0.0,1
19276908000150,2017-10-09,15401006.05,0.8050486,15406270.25,0.0,0.0,1
19276908000150,2017-10-10,15418904.32,0.8059419,15423365.16,0.0,0.0,1
19276908000150,2017-10-11,15420674.51,0.8060133,15424730.93,0.0,0.0,1
19276908000150,2017-10-13,15430294.44,0.8064941999999999,15433935.18,0.0,0.0,1
19276908000150,2017-10-16,14827032.15,0.8062206000000001,15428699.46,0.0,0.0,1
19276908000150,2017-10-17,14815830.33,0.8056158,15417124.63,0.0,0.0,1
19276908000150,2017-10-18,14827263.52,0.806193,15428169.48,0.0,0.0,1
19276908000150,2017-10-19,15427969.79,0.806316,15430523.71,0.0,0.0,1
19276908000150,2017-10-20,15445893.07,0.8072333,15448079.45,0.0,0.0,1
19276908000150,2017-10-23,15044043.36,0.8194683,15682220.68,0.0,0.0,1
19276908000150,2017-10-24,15445893.07,0.8072333,15448079.45,0.0,0.0,1
19276908000150,2017-10-25,15067226.47,0.8206346999999999,15704542.78,0.0,0.0,1
19276908000150,2017-10-26,15698174.65,0.8204278,15700583.14,0.0,0.0,1
19276908000150,2017-10-27,15702293.68,0.8206180000000001,15704222.21,0.0,0.0,1
19276908000150,2017-10-30,15686717.49,0.8197840000000001,15688262.33,0.0,0.0,1
19276908000150,2017-10-31,15686819.3,0.819768,15687956.92,0.0,0.0,1
19276908000150,2017-11-01,15688527.68,0.8198274,15689093.2,0.0,0.0,1
19276908000150,2017-11-03,15687027.89,0.8197247,15687127.87,0.0,0.0,1
19276908000150,2017-11-06,13024320.35,0.8196418,11979075.39,0.0,3706465.41,1
19276908000150,2017-11-07,11315002.39,0.8187675,11966298.02,0.0,0.0,1
19276908000150,2017-11-08,11145331.03,0.8218099,12010762.66,0.0,0.0,1
19276908000150,2017-11-09,11998639.18,0.8212871999999999,12003123.43,0.0,0.0,1
19276908000150,2017-11-10,11996604.35,0.821118,12000650.1,0.0,0.0,1
19276908000150,2017-11-13,12002695.17,0.8215051,12006307.59,0.0,0.0,1
19276908000150,2017-11-14,11291650.21,0.8207181,11994805.96,0.0,0.0,1
19276908000150,2017-11-16,12000348.82,0.8212773999999999,12002980.34,0.0,0.0,1
19276908000150,2017-11-17,12010245.29,0.8219196,12012365.82,0.0,0.0,1
19276908000150,2017-11-20,12012674.92,0.8220535,12014323.09,0.0,0.0,1
19276908000150,2017-11-21,12023721.03,0.8227752,12024870.59,0.0,0.0,1
19276908000150,2017-11-22,11778897.29,0.8230959999999999,11764425.17,0.0,265132.92,1
19276908000150,2017-11-23,11783168.69,0.8233601,11768201.13,0.0,0.0,1
19276908000150,2017-11-24,11784813.76,0.82357,11771201.03,0.0,0.0,1
19276908000150,2017-11-27,10774480.2,0.8238677,11775455.69,0.0,0.0,1
19276908000150,2017-11-28,11768424.58,0.8234090000000001,11768899.29,0.0,0.0,1
19276908000150,2017-11-29,10810206.03,0.8230415999999999,11763647.68,0.0,0.0,1
19276908000150,2017-11-30,11759635.59,0.822694,11079753.48,0.0,678926.88,1
19276908000150,2017-12-01,11082468.93,0.8228805,11082265.16,0.0,0.0,1
19276908000150,2017-12-04,11090543.67,0.8234357,8500702.74,0.0,2589039.8,1
19276908000150,2017-12-05,8488348.33,0.8231700999999999,8497960.55,0.0,0.0,1
19276908000150,2017-12-06,8508097.9,0.8239857,8506380.63,0.0,0.0,1
19276908000150,2017-12-07,8478989.23,0.8237791999999999,8504248.54,0.0,0.0,1
19276908000150,2017-12-08,8508661.06,0.8244736999999999,8511417.83,0.0,0.0,1
19276908000150,2017-12-11,8509045.23,0.8244599,8511275.82,0.0,0.0,1
19276908000150,2017-12-12,8519071.5,0.8255289000000001,8522311.58,0.0,0.0,1
19276908000150,2017-12-13,8512588.7,0.8248561,8515366.07,0.0,0.0,1
19276908000150,2017-12-14,8512576.85,0.8249992,8516842.88,0.0,0.0,1
19276908000150,2017-12-15,8516105.47,0.8252934999999999,8519881.2,0.0,0.0,1
19276908000150,2017-12-18,8520102.89,0.8256355,8523411.5,0.0,0.0,1
19276908000150,2017-12-19,8519360.61,0.8255223,8472217.5,0.0,50025.71,1
19276908000150,2017-12-20,7660960.21,0.8259537,8476644.89,0.0,0.0,1
19276908000150,2017-12-21,8488851.11,0.8273628000000001,8491106.65,0.0,0.0,1
19276908000150,2017-12-22,8493455.11,0.8277744,8495330.64,0.0,0.0,1
19276908000150,2017-12-26,8499817.81,0.8283497,8501235.23,0.0,0.0,1
19276908000150,2017-12-27,8504248.55,0.8287376000000001,8505215.62,0.0,0.0,1
19276908000150,2017-12-28,8510776.55,0.8293306,8511301.67,0.0,0.0,1
19276908000150,2017-12-29,8512969.02,0.8294205,8512224.05,0.0,0.0,1
19276908000150,2018-01-02,8522791.84,0.8303290000000001,8521548.17,0.0,0.0,1
19276908000150,2018-01-03,8522892.59,0.8303072,8521324.07,0.0,0.0,1
19276908000150,2018-01-04,8176256.83,0.8306039000000001,6621651.23,0.0,1902717.96,1
19276908000150,2018-01-05,5947709.52,0.8310306999999999,6625053.61,0.0,0.0,1
19276908000150,2018-01-08,5944679.84,0.8311687,6626154.22,0.0,0.0,1
19276908000150,2018-01-09,5945363.67,0.8314919,6628730.3,0.0,0.0,1
19276908000150,2018-01-10,5946721.33,0.8316256,6629796.73,0.0,0.0,1
19276908000150,2018-01-11,6275930.8,0.8315575999999999,6629253.9,0.0,0.0,1
19276908000150,2018-01-12,6625311.64,0.8314441999999999,6628350.39,0.0,0.0,1
19276908000150,2018-01-15,6622529.77,0.8312902,6526967.28,0.0,100155.35,1
19276908000150,2018-01-16,6527230.29,0.8318621999999999,6531458.11,0.0,0.0,1
19276908000150,2018-01-17,6521909.57,0.8311693000000001,6526017.95,0.0,0.0,1
19276908000150,2018-01-18,6530491.07,0.8322283000000001,6534332.85,0.0,0.0,1
19276908000150,2018-01-19,6530556.55,0.8322014000000001,6534121.64,0.0,0.0,1
19276908000150,2018-01-22,6533012.4,0.8324822000000001,6536326.22,0.0,0.0,1
19276908000150,2018-01-23,5608525.74,0.8330771,5338749.23,0.0,1202247.64,1
19276908000150,2018-01-24,5304664.04,0.8324207,5334542.91,0.0,0.0,1
19276908000150,2018-01-25,5329436.75,0.8320233,5331996.25,0.0,0.0,1
19276908000150,2018-01-26,5325878.98,0.8314219,5328142.44,0.0,0.0,1
19276908000150,2018-01-29,5327886.72,0.8317059000000001,5329962.58,0.0,0.0,1
19276908000150,2018-01-30,5329144.21,0.8318693000000001,5331009.37,0.0,0.0,1
19276908000150,2018-01-31,5279571.2,0.8239377,5280180.32,0.0,0.0,1
19276908000150,2018-02-01,5327668.62,0.8314003000000001,5328003.68,0.0,0.0,1
19276908000150,2018-02-02,5332093.11,0.8320662,5332270.96,0.0,0.0,1
19276908000150,2018-02-05,5334246.87,0.8323708000000001,5334223.31,0.0,0.0,1
19276908000150,2018-02-06,5334283.99,0.8323388,5334018.2,0.0,0.0,1
19276908000150,2018-02-07,5332315.85,0.8326068000000001,5335735.48,0.0,0.0,1
19276908000150,2018-02-08,5335862.54,0.8331299999999999,5339088.57,0.0,0.0,1
19276908000150,2018-02-09,5337109.65,0.8332905999999999,5340117.58,0.0,0.0,1
19276908000150,2018-02-14,5329875.86,0.8321019000000001,5332500.19,0.0,0.0,1
19276908000150,2018-02-15,5329069.48,0.8319357,5331434.66,0.0,0.0,1
19276908000150,2018-02-16,5326061.52,0.8314193999999999,5328126.53,0.0,0.0,1
19276908000150,2018-02-19,5328048.01,0.8317223,5330067.14,0.0,0.0,1
19276908000150,2018-02-20,5329381.9,0.8318965,5331183.49,0.0,0.0,1
19276908000150,2018-02-21,5325271.49,0.8315640999999999,5329053.65,0.0,0.0,1
19276908000150,2018-02-22,5326289.99,0.8316806999999999,5329801.0,0.0,0.0,1
19276908000150,2018-02-23,5326885.03,0.8317311,5330123.69,0.0,0.0,1
19276908000150,2018-02-26,5328050.77,0.8318724000000001,5331029.09,0.0,0.0,1
19276908000150,2018-02-27,5329761.17,0.8321003,5332489.96,0.0,0.0,1
19276908000150,2018-02-28,5417143.58,0.8455023000000002,5418375.85,0.0,0.0,1
19276908000150,2018-03-01,5424665.61,0.8461738000000001,5425679.28,3000.0,0.0,1
19276908000150,2018-03-02,5424986.07,0.8461801,5425719.73,0.0,0.0,1
19276908000150,2018-03-05,5424647.91,0.8460832,5425098.61,0.0,0.0,1
19276908000150,2018-03-06,5420652.33,0.8454937,5421318.88,0.0,0.0,1
19276908000150,2018-03-07,5423003.41,0.8462294,5426035.97,0.0,0.0,1
19276908000150,2018-03-08,5426865.65,0.8467963,5429671.19,0.0,0.0,1
19276908000150,2018-03-09,5426836.02,0.8467471999999999,5429356.15,0.0,0.0,1
19276908000150,2018-03-12,5428987.25,0.8470433,5431254.68,0.0,0.0,1
19276908000150,2018-03-13,5425778.81,0.8465014999999999,5427780.5,0.0,0.0,1
19276908000150,2018-03-14,5427493.16,0.8467283999999999,5429235.68,0.0,0.0,1
19276908000150,2018-03-15,5561662.08,0.8676204,5563195.64,0.0,0.0,1
19276908000150,2018-03-16,5507565.59,0.8591380999999999,5508806.77,0.0,0.0,1
19276908000150,2018-03-19,5509516.89,0.8594025,5510502.21,0.0,0.0,1
19276908000150,2018-03-20,5513354.73,0.8599654,5514111.36,0.0,0.0,1
19276908000150,2018-03-21,5508742.93,0.8595417999999999,5511395.23,0.0,0.0,1
19276908000150,2018-03-22,5513093.69,0.8601832,5515507.9,0.0,0.0,1
19276908000150,2018-03-23,5515337.88,0.8604913000000001,5517483.67,0.0,0.0,1
19276908000150,2018-03-26,5515540.62,0.8604761999999999,5517386.82,0.0,0.0,1
19276908000150,2018-03-27,5520249.34,0.8611768,5521878.89,0.0,0.0,1
19276908000150,2018-03-28,5525359.52,0.8619341,5526734.52,0.0,0.0,1
19276908000150,2018-03-29,5530599.21,0.8625163,5530468.06,0.0,0.0,1
19276908000150,2018-04-02,5534791.28,0.8629742,5533403.75,0.0,0.0,1
19276908000150,2018-04-03,8746334.34,0.8630940999999999,8745098.88,3210926.42,0.0,3
19276908000150,2018-04-04,6859528.3,0.8634599000000001,5122524.66,0.0,3626280.74,3
19276908000150,2018-04-05,5160928.97,0.8708582,5166415.73,0.0,0.0,3
19276908000150,2018-04-06,5198762.97,0.8716796,5171288.73,0.0,0.0,3
19276908000150,2018-04-09,5202196.32,0.8720904,5173725.39,0.0,0.0,3
19276908000150,2018-04-10,5203153.33,0.8723908000000001,5175507.91,0.0,0.0,3
19276908000150,2018-04-11,5200365.25,0.8721595999999999,5174136.02,0.0,0.0,3
19276908000150,2018-04-12,5204316.52,0.8726251,5176898.01,0.0,0.0,3
19276908000150,2018-04-13,5208189.9,0.8730825999999999,5179612.18,0.0,0.0,3
19276908000150,2018-04-16,5210312.9,0.8735610999999999,5182450.93,0.0,0.0,3
19276908000150,2018-04-17,5210702.68,0.8734518,5181802.02,0.0,0.0,3
19276908000150,2018-04-18,5208847.71,0.8735559000000002,5182419.81,0.0,0.0,3
19276908000150,2018-04-19,5231341.23,0.8759078000000001,5196372.44,0.0,0.0,3
19276908000150,2018-04-20,5253949.22,0.8782725,5210401.09,0.0,0.0,3
19276908000150,2018-04-23,5259460.32,0.8789146000000001,5214210.69,0.0,0.0,3
19276908000150,2018-04-24,5270175.34,0.8800686,5221056.78,0.0,0.0,3
19276908000150,2018-04-25,5265084.0,0.8796156999999999,5218369.62,0.0,0.0,3
19276908000150,2018-04-26,7273838.67,0.8805646999999999,7223999.62,2000000.0,0.0,3
19276908000150,2018-04-27,8017583.5,0.880164,7970712.62,750000.0,0.0,3
19276908000150,2018-04-30,8015420.97,0.880014,7969354.5,0.0,0.0,3
19276908000150,2018-05-02,8015676.53,0.8799559000000001,7968828.51,0.0,0.0,3
19276908000150,2018-05-03,8007077.63,0.8795938,7965549.31,0.0,0.0,3
19276908000150,2018-05-04,8006227.88,0.8795497999999999,7553155.78,0.0,411994.82,3
19276908000150,2018-05-07,7606828.62,0.8804284,7560700.99,0.0,0.0,3
19276908000150,2018-05-08,7582957.51,0.8799445,7556544.86,0.0,0.0,3
19276908000150,2018-05-09,7640123.58,0.8827020000000001,7580225.42,0.0,0.0,3
19276908000150,2018-05-10,8756923.98,0.8840222,8716562.37,1125000.0,0.0,3
19276908000150,2018-05-11,8778671.61,0.8843281999999999,8719579.97,0.0,0.0,3
19276908000150,2018-05-14,8790179.95,0.8845675,8721938.89,0.0,0.0,3
19276908000150,2018-05-15,8776285.2,0.8843277,8719574.83,0.0,0.0,3
19276908000150,2018-05-16,8771211.31,0.8844418,8720699.98,0.0,0.0,3
19276908000150,2018-05-17,8755776.18,0.8831565999999998,8708027.39,0.0,0.0,3
19276908000150,2018-05-18,8739320.58,0.8806489,8683301.81,0.0,0.0,3
19276908000150,2018-05-21,8652308.42,0.8775543,8652788.03,0.0,0.0,3
19276908000150,2018-05-22,9428096.94,0.8791037,9418065.47,750000.0,0.0,3
19276908000150,2018-05-23,9407941.77,0.8769254000000001,9394728.41,0.0,0.0,3
19276908000150,2018-05-24,9416284.33,0.8768969999999999,9394424.31,0.0,0.0,3
19276908000150,2018-05-25,9404295.47,0.8759123999999999,9383876.14,0.0,0.0,3
19276908000150,2018-05-28,9389625.31,0.8752665000000001,9376956.62,0.0,0.0,3
19276908000150,2018-05-29,9366992.72,0.8720171,9342145.41,0.0,0.0,3
19276908000150,2018-05-30,9348586.37,0.8726806,9336189.45,0.0,13063.19,3
19276908000150,2018-06-01,9373814.34,0.8754450999999999,9365765.23,0.0,0.0,3
19276908000150,2018-06-04,9408108.07,0.8779046,8353354.87,0.0,1038723.08,3
19276908000150,2018-06-05,9536402.06,0.875282,9489633.16,1161232.93,0.0,3
19276908000150,2018-06-06,9469196.87,0.8720163000000001,9454226.76,0.0,0.0,3
19276908000150,2018-06-07,9671920.66,0.867973,9660391.19,250000.0,0.0,4
19276908000150,2018-06-08,9602186.32,0.8653095999999999,9630747.47,0.0,0.0,4
19276908000150,2018-06-11,9625994.03,0.8647201999999999,9624187.91,0.0,0.0,4
19276908000150,2018-06-12,9615206.55,0.8639087999999999,9615156.44,0.0,0.0,4
19276908000150,2018-06-13,9606285.03,0.8615721,9589150.29,0.0,0.0,4
19276908000150,2018-06-14,9592971.0,0.859641,9567657.27,0.0,0.0,4
19276908000150,2018-06-15,9538803.13,0.8599429,9571017.42,0.0,0.0,4
19276908000150,2018-06-18,8760431.84,0.8595529000000001,9566676.32,0.0,0.0,4
19276908000150,2018-06-19,9593198.37,0.8648121999999999,9625211.3,0.0,0.0,4
19276908000150,2018-06-20,9638469.93,0.8667957000000001,9647287.28,0.0,0.0,4
19276908000150,2018-06-21,9608405.91,0.8624940999999999,9599411.03,0.0,0.0,4
19276908000150,2018-06-22,9612830.95,0.8639718000000001,9615857.91,0.0,0.0,4
19276908000150,2018-06-25,9607776.27,0.8644443000000002,9621117.15,0.0,0.0,4
19276908000150,2018-06-26,9618476.55,0.8662540000000001,9641258.33,0.0,0.0,4
19276908000150,2018-06-27,9640172.68,0.8672815,9652694.55,0.0,0.0,4
19276908000150,2018-06-28,9659471.2,0.8687812,9669385.69,0.0,0.0,4
19276908000150,2018-06-29,9681613.5,0.8712716999999999,9697104.43,0.0,0.0,4
19276908000150,2018-07-02,9747823.59,0.8776510000000001,9768104.61,0.0,0.0,4
19276908000150,2018-07-03,9789128.08,0.8783407,9775781.52,0.0,0.0,4
19276908000150,2018-07-04,9824382.13,0.8823940999999998,9820895.52,0.0,0.0,4
19276908000150,2018-07-05,9838171.47,0.8822754999999999,9338085.28,0.0,481490.22,3
19276908000150,2018-07-06,9366353.41,0.8837575999999999,9353770.97,0.0,0.0,3
19276908000150,2018-07-09,9368785.52,0.8839589,9355901.58,0.0,0.0,3
19276908000150,2018-07-10,9357967.73,0.8832996,9348924.37,0.0,0.0,3
19276908000150,2018-07-11,9370859.43,0.8848984000000001,9365845.37,0.0,0.0,3
19276908000150,2018-07-12,9394997.34,0.8852933000000001,9370025.81,0.0,0.0,3
19276908000150,2018-07-13,9386918.98,0.8856995999999999,9374325.57,0.0,0.0,3
19276908000150,2018-07-16,9388451.43,0.8854825999999999,9372029.18,0.0,0.0,3
19276908000150,2018-07-17,9403576.37,0.8871960999999999,9390164.49,0.0,0.0,3
19276908000150,2018-07-18,9404459.74,0.8869087999999999,9387124.49,0.0,0.0,3
19276908000150,2018-07-19,9418315.78,0.8887529000000001,9406642.54,0.0,0.0,3
19276908000150,2018-07-20,9076461.88,0.8912886999999999,9433481.43,0.0,0.0,3
19276908000150,2018-07-23,9463701.66,0.8913643,9434281.72,0.0,0.0,3
19276908000150,2018-07-24,11479219.83,0.8912885,9433479.26,0.0,0.0,3
19276908000150,2018-07-25,9495008.1,0.8927565999999999,9449017.7,0.0,0.0,3
19276908000150,2018-07-26,9458395.51,0.8916841999999999,9437667.26,0.0,0.0,3
19276908000150,2018-07-27,9478292.26,0.8920425,9441459.87,0.0,0.0,3
19276908000150,2018-07-30,9483237.29,0.8929495999999999,9451060.63,0.0,0.0,3
19276908000150,2018-07-31,9471619.56,0.892494,9446238.56,0.0,0.0,3
19276908000150,2018-08-01,9485338.67,0.8929474000000001,9451037.21,0.0,0.0,3
19276908000150,2018-08-02,8682008.95,0.8933034,9454805.41,0.0,0.0,3
19276908000150,2018-08-03,9534758.19,0.8952136,9475023.32,0.0,0.0,3
19276908000150,2018-08-06,9517709.63,0.8953627000000001,9476600.79,0.0,0.0,3
19276908000150,2018-08-07,9498774.23,0.8947903,9470542.73,0.0,0.0,3
19276908000150,2018-08-08,9482126.28,0.8934482,9456337.85,0.0,0.0,3
19276908000150,2018-08-09,9464628.99,0.8928245000000001,9449736.65,0.0,0.0,3
19276908000150,2018-08-10,9414366.02,0.8897976000000001,9417699.41,0.0,0.0,3
19276908000150,2018-08-13,9453698.13,0.8924078000000001,9445326.49,0.0,0.0,3
19276908000150,2018-08-14,9508037.12,0.8947388000000001,9469997.49,0.0,0.0,3
19276908000150,2018-08-15,9497626.95,0.8947892,9470530.59,0.0,0.0,3
19276908000150,2018-08-16,9521889.1,0.8962945999999999,9486463.92,0.0,0.0,3
19276908000150,2018-08-17,9503924.93,0.8952935,9475868.21,0.0,0.0,3
19276908000150,2018-08-20,10420814.64,0.8951409,10387625.79,913372.9,0.0,5
19276908000150,2018-08-21,10333829.28,0.8898113999999999,10325780.5,0.0,0.0,5
19276908000150,2018-08-22,10370893.07,0.8924204,10356056.71,0.0,0.0,5
19276908000150,2018-08-23,10333829.28,0.8898113999999999,10325780.5,0.0,0.0,5
19276908000150,2018-08-24,10361016.78,0.8919577,10350686.61,0.0,0.0,5
19276908000150,2018-08-27,10380428.72,0.8933039,10366309.25,0.0,0.0,5
19276908000150,2018-08-28,10371898.01,0.8927538,10359924.77,0.0,0.0,5
19276908000150,2018-08-29,10423445.53,0.8962800999999999,10400846.08,0.0,0.0,5
19276908000150,2018-08-30,10497870.56,0.9006221,10451232.2,0.0,0.0,5
19276908000150,2018-08-31,10500068.44,0.9007523999999999,10452745.15,0.0,0.0,5
19276908000150,2018-09-03,10490905.89,0.9003153,10447672.02,0.0,0.0,5
19276908000150,2018-09-04,10459633.37,0.8986381,10428208.85,0.0,0.0,5
19276908000150,2018-09-05,10462400.95,0.8988458,10430619.47,0.0,0.0,5
19276908000150,2018-09-06,10899690.17,0.9009732,10855306.84,400000.0,0.0,5
19276908000150,2018-09-10,10891102.58,0.9008441,10853751.11,0.0,0.0,5
19276908000150,2018-09-11,10859067.88,0.8991733000000001,10833620.76,0.0,0.0,5
19276908000150,2018-09-12,10948071.35,0.903984,10891582.94,0.0,0.0,5
19276908000150,2018-09-13,10899925.8,0.901501,10861666.16,0.0,0.0,5
19276908000150,2018-09-14,10908811.46,0.9020285,10868021.17,0.0,0.0,5
19276908000150,2018-09-17,10947390.81,0.9042522,10894814.25,0.0,0.0,5
19276908000150,2018-09-18,10979294.09,0.9060002,10915874.69,0.0,0.0,5
19276908000150,2018-09-19,10971366.36,0.90564,10911534.54,0.0,0.0,5
19276908000150,2018-09-20,10961591.26,0.9051771,10905957.14,0.0,0.0,5
19276908000150,2018-09-21,10991219.35,0.9068016,10925530.14,0.0,0.0,5
19276908000150,2018-09-24,10950907.33,0.9047326,10900601.36,0.0,0.0,5
19276908000150,2018-09-25,10949709.13,0.9047278,10900544.14,0.0,0.0,5
19276908000150,2018-09-26,10955146.66,0.9050704,10904671.2,0.0,0.0,5
19276908000150,2018-09-27,10986728.12,0.9067982,10925488.74,0.0,0.0,5
19276908000150,2018-09-28,10985773.46,0.906836,10925944.22,0.0,0.0,5
19276908000150,2018-10-01,10967674.92,0.9058906999999999,10914555.38,0.0,0.0,5
19276908000150,2018-10-02,10793621.0,0.9092079,10954521.89,0.0,0.0,5
19276908000150,2018-10-03,10853580.75,0.9123680000000001,10992595.88,0.0,0.0,5
19276908000150,2018-10-04,11366334.99,0.9130978000000001,11501389.6,500000.0,0.0,5
19276908000150,2018-10-05,11588832.43,0.9128097,11497759.99,0.0,0.0,5
19276908000150,2018-10-08,11775194.9,0.9223454,11617871.62,0.0,0.0,5
19276908000150,2018-10-09,11797951.03,0.9235485999999999,11633028.08,0.0,0.0,5
19276908000150,2018-10-10,11726388.27,0.9205273000000002,11594971.14,0.0,0.0,5
19276908000150,2018-10-11,11731654.4,0.9209755999999999,11600618.25,0.0,0.0,5
19276908000150,2018-10-15,11779595.13,0.9225909999999999,11620966.11,0.0,0.0,5
19276908000150,2018-10-16,11834914.76,0.92585,11662015.93,0.0,0.0,5
19276908000150,2018-10-17,11834914.76,0.92585,11662015.93,0.0,0.0,5
19276908000150,2018-10-18,11780116.64,0.9226446,11621641.48,0.0,0.0,5
19276908000150,2018-10-19,11802702.01,0.9244036,11643797.64,0.0,0.0,5
19276908000150,2018-10-22,11866424.43,0.9279617,11688614.96,0.0,0.0,5
19276908000150,2018-10-23,11907131.02,0.9296428,11709789.76,0.0,0.0,5
19276908000150,2018-10-24,11798208.24,0.9236753000000001,11634623.91,0.0,0.0,5
19276908000150,2018-10-25,11814838.04,0.9254556,11657048.24,0.0,0.0,5
19276908000150,2018-10-26,11814838.04,0.9254556,11657048.24,0.0,0.0,5
19276908000150,2018-10-29,11900847.5,0.9299951999999999,11714229.17,0.0,0.0,5
19276908000150,2018-10-30,11968874.1,0.9329857,11751897.96,0.0,0.0,5
19276908000150,2018-10-31,10979841.74,0.9338803,11763166.36,0.0,0.0,5
19276908000150,2018-11-01,12006613.94,0.9348844,11775813.24,0.0,0.0,5
19276908000150,2018-11-05,12032777.1,0.9370043,11802516.04,0.0,0.0,5
19276908000150,2018-11-06,12028581.68,0.937216,11805182.43,0.0,0.0,5
19276908000150,2018-11-07,12025764.41,0.936769,11799551.6,0.0,0.0,5
19276908000150,2018-11-08,11968726.0,0.9355117,11783715.23,0.0,0.0,5
19276908000150,2018-11-09,11997995.49,0.9352709,11780682.31,0.0,0.0,5
19276908000150,2018-11-12,11980950.06,0.934802,11774775.26,0.0,0.0,5
19276908000150,2018-11-13,11948237.4,0.9341349,11766372.57,0.0,0.0,5
19276908000150,2018-11-14,12006682.18,0.9355746,11784506.98,0.0,0.0,5
19276908000150,2018-11-16,12085739.76,0.939746,11837049.99,0.0,0.0,5
19276908000150,2018-11-19,12051904.12,0.9386755,11823566.09,0.0,0.0,5
19276908000150,2018-11-20,12028706.87,0.9375648,11809575.84,0.0,0.0,5
19276908000150,2018-11-21,12033857.33,0.9376443,11810577.51,0.0,0.0,5
19276908000150,2018-11-22,12059851.02,0.9391463,11829496.87,0.0,0.0,5
19276908000150,2018-11-23,12020091.93,0.9371851,11804793.15,0.0,0.0,5
19276908000150,2018-11-26,12021270.18,0.9378268,11812876.49,0.0,0.0,5
19276908000150,2018-11-27,12092393.86,0.9410425,11853381.49,0.0,0.0,5
19276908000150,2018-11-28,12123459.14,0.9424107,11870615.36,0.0,0.0,5
19276908000150,2018-11-29,12141971.03,0.9436472,11886190.31,0.0,0.0,5
19276908000150,2018-11-30,12129888.58,0.9429658,11762365.03,0.0,115241.35,5
19276908000150,2018-12-03,13006427.04,0.9440959000000001,12776462.17,1000000.0,0.0,6
19276908000150,2018-12-04,13003040.07,0.9430691999999999,12762567.23,0.0,0.0,6
19276908000150,2018-12-05,13044157.23,0.9447486999999999,12785296.8,0.0,0.0,6
19276908000150,2018-12-06,13040076.34,0.9445867,12783104.5,0.0,0.0,6
19276908000150,2018-12-07,13033001.5,0.9446051,12783353.26,0.0,0.0,6
19276908000150,2018-12-10,12952429.34,0.9411722,12736895.28,0.0,0.0,6
19276908000150,2018-12-11,12964999.03,0.941586,12742495.31,0.0,0.0,6
19276908000150,2018-12-12,12973486.86,0.9418221,12745691.04,0.0,0.0,6
19276908000150,2018-12-13,12996218.51,0.9428796999999999,12760003.62,0.0,0.0,6
19276908000150,2018-12-14,12957693.88,0.941268,12738192.02,0.0,0.0,6
19276908000150,2018-12-17,12912615.9,0.9393665000000001,12712459.73,0.0,0.0,6
19276908000150,2018-12-18,12903407.08,0.9392601999999999,12711020.92,0.0,0.0,6
19276908000150,2018-12-19,12978784.15,0.9431649,12763862.63,0.0,0.0,6
19276908000150,2018-12-20,12995350.54,0.9435587,12769192.23,0.0,0.0,6
19276908000150,2018-12-21,13035631.46,0.9453834999999999,12793886.7,0.0,0.0,6
19276908000150,2018-12-24,13027916.65,0.9450856,12789856.51,0.0,0.0,6
19276908000150,2018-12-26,13037398.49,0.9460415000000001,12802792.58,0.0,0.0,6
19276908000150,2018-12-27,13067992.37,0.9469610999999999,12815237.33,0.0,0.0,6
19276908000150,2018-12-28,13106413.15,0.9490241,12843155.63,0.0,0.0,6
19276908000150,2018-12-31,13110832.11,0.9492671,12846443.84,0.0,0.0,6
19276908000150,2019-01-02,13177147.08,0.9522456,12886751.96,0.0,0.0,6
19276908000150,2019-01-03,13178003.11,0.9526138,12891734.85,0.0,0.0,6
19276908000150,2019-01-04,13204255.31,0.9539292,12909535.93,0.0,0.0,6
19276908000150,2019-01-07,13212423.21,0.9544904,12917130.82,0.0,0.0,6
19276908000150,2019-01-08,12969220.67,0.9557674,12934412.21,0.0,0.0,6
19276908000150,2019-01-09,13031448.21,0.9588478,12976099.72,0.0,0.0,6
19276908000150,2019-01-10,13032413.99,0.9592046,12980929.1,0.0,0.0,6
19276908000150,2019-01-11,13032853.13,0.9591243,12979841.11,0.0,0.0,6
19276908000150,2019-01-14,13056591.63,0.9601903,12994267.48,0.0,0.0,6
19276908000150,2019-01-15,13049048.97,0.9602604,12995217.08,0.0,0.0,6
19276908000150,2019-01-16,13057629.62,0.9605994,12999804.88,0.0,0.0,6
19276908000150,2019-01-17,13112671.41,0.9632112,13035150.2,0.0,0.0,6
19276908000150,2019-01-18,13147566.4,0.9648779,13057705.89,0.0,0.0,6
19276908000150,2019-01-21,13162111.88,0.9656259,13067828.32,0.0,0.0,6
19276908000150,2019-01-22,13125385.79,0.9638626,13043964.87,0.0,0.0,6
19276908000150,2019-01-23,13168246.01,0.9659921,13072783.3,0.0,0.0,6
19276908000150,2019-01-24,13193884.65,0.9675021,13093217.97,0.0,0.0,6
19276908000150,2019-01-25,13195889.08,0.9676624,13095388.58,0.0,0.0,6
19276908000150,2019-01-28,13145032.09,0.9652114,13062218.33,0.0,0.0,6
19276908000150,2019-01-29,13150601.01,0.9653343,13063881.12,0.0,0.0,6
19276908000150,2019-01-30,13166248.99,0.9664873,13079485.69,0.0,0.0,6
19276908000150,2019-01-31,13191692.93,0.9671579,13088560.23,0.0,0.0,6
19276908000150,2019-02-01,13208589.4,0.9687001000000001,13109430.78,0.0,0.0,6
19276908000150,2019-02-04,13248065.92,0.9704303,13132846.54,0.0,0.0,6
19276908000150,2019-02-05,13243597.68,0.9703403,13131627.52,0.0,0.0,6
19276908000150,2019-02-06,14173444.29,0.9671643,14088646.99,1000000.0,0.0,7
19276908000150,2019-02-07,14134505.43,0.9659578000000001,14071071.56,0.0,0.0,7
19276908000150,2019-02-08,14146176.0,0.9666372,14080968.49,0.0,0.0,7
19276908000150,2019-02-11,14148609.01,0.9666353999999999,14080942.21,0.0,0.0,7
19276908000150,2019-02-12,14201285.07,0.9680496,14101543.53,0.0,0.0,7
19276908000150,2019-02-13,14189766.9,0.9685799,14109268.87,0.0,0.0,7
19276908000150,2019-02-14,14269706.45,0.9715948,14153186.34,0.0,0.0,7
19276908000150,2019-02-15,14280346.12,0.971899,14157617.51,0.0,0.0,7
19276908000150,2019-02-18,14245883.4,0.9714120999999999,14150524.99,0.0,0.0,7
19276908000150,2019-02-19,14262166.2,0.9714231,14150685.55,0.0,0.0,7
19276908000150,2019-02-20,14237750.76,0.9718302,14156615.83,0.0,0.0,7
19276908000150,2019-02-21,14267994.24,0.9724582,14165763.33,0.0,0.0,7
19276908000150,2019-02-22,14073543.85,0.9630056,14028066.87,0.0,0.0,7
19276908000150,2019-02-25,14033224.8,0.9619003,14011966.62,0.0,0.0,7
19276908000150,2019-02-26,14036752.54,0.9623361999999999,14018316.82,0.0,0.0,7
19276908000150,2019-02-27,14056603.12,0.9627799000000001,14024780.08,0.0,0.0,7
19276908000150,2019-02-28,13929455.41,0.9569764000000001,13940240.79,0.0,0.0,7
19276908000150,2019-03-01,13933281.21,0.9574843,13947638.32,0.0,0.0,7
19276908000150,2019-03-06,13956708.24,0.9594296999999998,13975977.8,0.0,0.0,7
19276908000150,2019-03-07,13998553.47,0.9613615,14004118.58,0.0,0.0,7
19276908000150,2019-03-08,14036055.93,0.962154,14015662.35,0.0,0.0,7
19276908000150,2019-03-11,14086841.12,0.9652215,14060346.79,0.0,0.0,7
19276908000150,2019-03-12,14090659.92,0.9649173,14055914.94,0.0,0.0,7
19276908000150,2019-03-13,14125327.66,0.9668048,14083410.79,0.0,0.0,7
19276908000150,2019-03-14,14121568.71,0.9674366,14092613.58,0.0,0.0,7
19276908000150,2019-03-15,14147187.79,0.9677423,14097066.18,0.0,0.0,7
19276908000150,2019-03-18,14164953.06,0.9686026,14109598.58,0.0,0.0,7
19276908000150,2019-03-19,14183284.76,0.9697778,14126718.18,0.0,0.0,7
19276908000150,2019-03-20,14149242.03,0.9681937,14103641.95,0.0,0.0,7
19276908000150,2019-03-21,14117133.38,0.967219,14089443.52,0.0,0.0,7
19276908000150,2019-03-22,14022413.09,0.9634702,14034834.99,0.0,0.0,7
19276908000150,2019-03-25,14025771.47,0.9628502,14025803.37,0.0,0.0,7
19276908000150,2019-03-26,14056075.01,0.9642588,14046323.1,0.0,0.0,7
19276908000150,2019-03-27,13965274.42,0.9596623,13979365.52,0.0,0.0,7
19276908000150,2019-03-28,14044851.37,0.964072,14043601.64,0.0,0.0,7
19276908000150,2019-03-29,14103794.18,0.9668317,14083801.65,0.0,0.0,7
19276908000150,2019-04-01,14137633.59,0.9680574000000001,14101657.32,0.0,0.0,7
19276908000150,2019-04-02,14122522.04,0.9678962999999999,14099310.32,0.0,0.0,7
19276908000150,2019-04-03,14092865.11,0.9666591999999998,14081288.91,0.0,0.0,7
19276908000150,2019-04-04,14137378.3,0.9685252000000001,14108471.67,0.0,0.0,7
19276908000150,2019-04-05,14152436.8,0.9698041,14127101.31,0.0,0.0,7
19276908000150,2019-04-08,14153597.79,0.9697855,14126829.8,0.0,0.0,7
19276908000150,2019-04-09,14139572.88,0.9693069999999999,14119859.45,0.0,0.0,7
19276908000150,2019-04-10,14135665.88,0.9689416999999999,14114538.8,0.0,0.0,7
19276908000150,2019-04-11,14096072.83,0.9675085999999999,14093662.09,0.0,0.0,7
19276908000150,2019-04-12,13986728.27,0.9607395000000001,13995056.63,0.0,0.0,7
19276908000150,2019-04-15,13994803.59,0.9611975,14001729.41,0.0,0.0,7
19276908000150,2019-04-16,14071333.43,0.9665823,14080169.09,0.0,0.0,7
19276908000150,2019-04-17,14059116.56,0.9662943000000002,14075974.12,0.0,0.0,7
19276908000150,2019-04-18,14276894.95,0.9753521999999999,14207919.86,0.0,0.0,7
19276908000150,2019-04-22,14254533.55,0.9749247999999999,14201694.51,0.0,0.0,7
19276908000150,2019-04-23,14314494.25,0.9772588,14235693.44,0.0,0.0,7
19276908000150,2019-04-24,14279763.54,0.976712,14227727.78,0.0,0.0,7
19276908000150,2019-04-25,14321286.19,0.9782117,14249574.7,0.0,0.0,7
19276908000150,2019-04-26,14330356.06,0.9788171,14258392.66,0.0,0.0,7
19276908000150,2019-04-29,14334960.15,0.9788933000000001,14259503.56,0.0,0.0,7
19276908000150,2019-04-30,14346981.03,0.9793806,14266601.59,0.0,0.0,7
19276908000150,2019-05-02,14313146.41,0.9780511,14247234.17,0.0,0.0,7
19276908000150,2019-05-03,14358320.31,0.9799128,14274354.17,0.0,0.0,7
19276908000150,2019-05-06,14340408.49,0.9795065,14268435.47,0.0,0.0,7
19276908000150,2019-05-07,14329018.32,0.9789809000000002,14260779.83,0.0,0.0,7
19276908000150,2019-05-08,14329632.4,0.9790795,14262215.57,0.0,0.0,7
19276908000150,2019-05-09,14320328.06,0.9785383,14254331.8,0.0,0.0,7
19276908000150,2019-05-10,14320168.36,0.9786847,14256465.05,0.0,0.0,7
19276908000150,2019-05-13,14228731.65,0.9738875,14186583.58,0.0,0.0,7
19276908000150,2019-05-14,14243703.31,0.9757842,14214212.26,0.0,0.0,7
19276908000150,2019-05-15,14235254.55,0.9751566,14205070.5,0.0,0.0,7
19276908000150,2019-05-16,14736983.62,0.9703942,14735697.69,600000.0,0.0,7
19276908000150,2019-05-17,14672857.11,0.9672827,14688448.47,0.0,0.0,7
19276908000150,2019-05-20,14783834.38,0.973847,14788128.83,0.0,0.0,7
19276908000150,2019-05-21,14915713.6,0.9801035,14883135.27,0.0,0.0,7
19276908000150,2019-05-22,15333621.04,0.9801152,15283312.86,400000.0,0.0,7
19276908000150,2019-05-23,15327063.16,0.9795722,15274846.48,0.0,0.0,7
19276908000150,2019-05-24,15330135.48,0.9797939,15278302.82,0.0,0.0,7
19276908000150,2019-05-27,15381489.06,0.9819917,15312573.65,0.0,0.0,7
19276908000150,2019-05-28,15456673.76,0.9845527,15352508.22,0.0,0.0,7
19276908000150,2019-05-29,15465444.7,0.9853967,15365668.79,0.0,0.0,7
19276908000150,2019-05-30,15509285.79,0.9870975,15392191.07,0.0,0.0,7
19276908000150,2019-05-31,15492486.56,0.9868707,15302484.98,0.0,86169.86,7
19276908000150,2019-06-03,15420850.53,0.9872288,15308037.57,0.0,0.0,7
19276908000150,2019-06-04,15421617.98,0.9871783000000002,15307253.53,0.0,0.0,7
19276908000150,2019-06-05,15392869.22,0.9872065000000001,15307691.34,0.0,0.0,7
19276908000150,2019-06-06,15457621.14,0.9883589,15325559.94,0.0,0.0,7
19276908000150,2019-06-07,15465954.51,0.9900306999999999,15351483.67,0.0,0.0,7
19276908000150,2019-06-10,15457516.41,0.9893912,15341567.77,0.0,0.0,7
19276908000150,2019-06-11,14112754.74,0.9920468000000001,15382745.91,0.0,0.0,7
19276908000150,2019-06-12,15481576.32,0.9907464,15362580.73,0.0,0.0,7
19276908000150,2019-06-13,15542320.35,0.9930479999999999,15398269.47,0.0,0.0,7
19276908000150,2019-06-14,15530698.9,0.9928119000000001,15394609.22,0.0,0.0,7
19276908000150,2019-06-17,15539776.54,0.9933940999999998,15403635.86,0.0,0.0,7
19276908000150,2019-06-18,15597987.85,0.9958246999999999,15441325.69,0.0,0.0,7
19276908000150,2019-06-19,15631187.56,0.9971018,15461128.45,0.0,0.0,7
19276908000150,2019-06-21,15739541.57,1.0012714,15525782.55,0.0,0.0,7
19276908000150,2019-06-24,15747391.49,1.0020759,15538257.38,0.0,0.0,7
19276908000150,2019-06-25,15669093.57,0.9990758,15491736.92,0.0,0.0,7
19276908000150,2019-06-26,15701711.88,1.0002799999999998,15510409.61,0.0,0.0,7
19276908000150,2019-06-27,15715975.97,1.0009441,15520707.86,0.0,0.0,7
19276908000150,2019-06-28,15776450.59,1.0033425,15557897.87,0.0,0.0,7
19276908000150,2019-07-01,15786575.41,1.0038911,15515173.68,8524925.26,8576154.66,6
19276908000150,2019-07-02,15611909.49,1.0036223,15511020.55,0.0,0.0,6
19276908000150,2019-07-03,15838160.67,1.0060696,15548843.39,0.0,0.0,6
19276908000150,2019-07-04,15858603.02,1.0091773000000002,15596873.43,0.0,0.0,6
19276908000150,2019-07-05,15672867.69,1.0110741,15626187.87,0.0,0.0,6
19276908000150,2019-07-08,15713421.58,1.0125704,15649312.73,0.0,0.0,6
19276908000150,2019-07-09,15715742.23,1.0127368,15651884.86,0.0,0.0,6
19276908000150,2019-07-10,15759979.05,1.0146378,15681265.04,0.0,0.0,6
19276908000150,2019-07-11,15732892.82,1.0140044,15671475.51,0.0,0.0,6
19276908000150,2019-07-12,15706235.37,1.0133436,15661263.77,0.0,0.0,6
19276908000150,2019-07-15,15688701.14,1.0121896,15643427.89,0.0,0.0,6
19276908000150,2019-07-16,15685089.71,1.0121433000000002,15642711.76,0.0,0.0,6
19276908000150,2019-07-17,15684552.03,1.0120975,15642003.86,0.0,0.0,6
19276908000150,2019-07-18,15705245.0,1.01266,15650698.45,0.0,0.0,6
19276908000150,2019-07-19,15659085.19,1.0117638,15636847.82,0.0,0.0,6
19276908000150,2019-07-22,15667973.47,1.0114630999999998,15632199.86,0.0,0.0,6
19276908000150,2019-07-23,15682964.56,1.0123313,15645618.2,0.0,0.0,6
19276908000150,2019-07-24,15688582.76,1.0124405,15647306.07,0.0,0.0,6
19276908000150,2019-07-25,15619362.9,1.0106513,15619653.9,0.0,0.0,6
19276908000150,2019-07-26,15657416.03,1.0112794,15629361.46,0.0,0.0,6
19276908000150,2019-07-29,15675566.2,1.0121699,15643123.77,0.0,0.0,6
19276908000150,2019-07-30,15668322.21,1.0123327,15645640.24,0.0,0.0,6
19276908000150,2019-07-31,15644356.74,1.0117544,15636702.6,0.0,0.0,6
19276908000150,2019-08-01,15690253.23,1.0130105999999999,15656116.12,0.0,0.0,6
19276908000150,2019-08-02,15723274.46,1.0143901,15677436.95,0.0,0.0,6
19276908000150,2019-08-05,15624579.11,1.0119528,15639767.94,0.0,0.0,6
19276908000150,2019-08-06,15761234.51,1.0152232,15690312.41,0.0,0.0,6
19276908000150,2019-08-07,15777319.55,1.0168953,15716154.81,0.0,0.0,6
19276908000150,2019-08-08,15860968.34,1.0201649,15766686.98,0.0,0.0,6
19276908000150,2019-08-09,15855001.35,1.0207287,15775399.76,0.0,0.0,6
19276908000150,2019-08-12,15734587.18,1.0166167,15711848.75,0.0,0.0,6
19276908000150,2019-08-13,15797453.47,1.0177399,15729208.73,0.0,0.0,6
19276908000150,2019-08-14,15659461.83,1.0143754,15677209.22,0.0,0.0,6
19276908000150,2019-08-15,15622854.01,1.0119633,15639929.84,0.0,0.0,6
19276908000150,2019-08-16,15677123.07,1.013366,15661609.27,0.0,0.0,6
19276908000150,2019-08-19,15650433.02,1.0131211,15657823.84,0.0,0.0,6
19276908000150,2019-08-20,15648543.15,1.0129036,15654462.67,0.0,0.0,6
19276908000150,2019-08-21,15748693.83,1.0165874,15711396.55,0.0,0.0,6
19276908000150,2019-08-22,15702596.38,1.0152024,15689991.44,0.0,0.0,6
19276908000150,2019-08-23,15599624.14,1.0099535,15608869.45,0.0,0.0,6
19276908000150,2019-08-26,15556843.45,1.0073552,15568712.41,0.0,0.0,6
19276908000150,2019-08-27,15600616.15,1.0103898,15615612.71,0.0,0.0,6
19276908000150,2019-08-28,15608778.44,1.0098272,15606916.49,0.0,0.0,6
19276908000150,2019-08-29,15723621.14,1.0163029000000001,15706999.6,0.0,0.0,6
19276908000150,2019-08-30,15783418.12,1.018627,15742918.07,0.0,0.0,6
19276908000150,2019-09-02,15772416.67,1.0185892,15742333.82,0.0,0.0,6
19276908000150,2019-09-03,15686101.13,1.0148575999999998,15684661.26,0.0,0.0,6
19276908000150,2019-09-04,15731891.1,1.0167864,15714472.19,0.0,0.0,6
19276908000150,2019-09-05,15771337.05,1.018571,15742052.81,0.0,0.0,6
19276908000150,2019-09-06,15802729.54,1.020283,15768511.5,0.0,0.0,6
19276908000150,2019-09-09,15748897.82,1.0180789,15734446.98,0.0,0.0,6
19276908000150,2019-09-10,15751848.53,1.0183595,15738783.46,0.0,0.0,6
19276908000150,2019-09-11,15830931.8,1.0216046,15788936.64,0.0,0.0,6
19276908000150,2019-09-12,15866589.45,1.0230628000000002,15811474.14,0.0,0.0,6
19276908000150,2019-09-13,15783670.07,1.0198983,15762566.13,0.0,0.0,6
19276908000150,2019-09-16,15740454.67,1.0182023999999998,15736355.25,0.0,0.0,6
19276908000150,2019-09-17,15831043.94,1.0219646999999998,15794502.53,0.0,0.0,6
19276908000150,2019-09-18,15886273.69,1.0242869,15830392.77,0.0,0.0,6
19276908000150,2019-09-19,15903837.19,1.0250751,15842573.75,0.0,0.0,6
19276908000150,2019-09-20,15955830.36,1.0272574,15876300.67,0.0,0.0,6
19276908000150,2019-09-23,15942644.34,1.0268271,15869651.28,0.0,0.0,6
19276908000150,2019-09-24,15885630.58,1.0245376,15834267.07,0.0,0.0,6
19276908000150,2019-09-25,15896037.33,1.025124,15843329.24,0.0,0.0,6
19276908000150,2019-09-26,15953361.83,1.0273424,15877615.62,0.0,0.0,6
19276908000150,2019-09-27,15948649.96,1.027283,15876697.32,0.0,0.0,6
19276908000150,2019-09-30,15954110.9,1.0275911,15881459.47,0.0,0.0,6
19276908000150,2019-10-01,15930263.05,1.0266754,15867307.11,0.0,0.0,6
19276908000150,2019-10-02,15388712.14,1.0220434999999999,15795720.63,0.0,0.0,6
19276908000150,2019-10-03,15828391.54,1.022626,15804723.63,0.0,0.0,6
19276908000150,2019-10-04,15879432.11,1.0247629999999999,15837749.68,0.0,0.0,6
19276908000150,2019-10-07,15778096.8,1.0209678,15779094.92,0.0,0.0,6
19276908000150,2019-10-08,15764734.27,1.0204780999999998,15771527.09,0.0,0.0,6
19276908000150,2019-10-09,15828024.84,1.0232036,15813649.3,0.0,0.0,6
19276908000150,2019-10-10,15853167.19,1.0242881,15830411.24,0.0,0.0,6
19276908000150,2019-10-11,15954958.87,1.0284943000000002,15895417.81,0.0,0.0,6
19276908000150,2019-10-14,15983927.71,1.0298194999999999,15915898.32,0.0,0.0,6
19276908000150,2019-10-15,15950934.03,1.0285382,15896096.33,0.0,0.0,6
19276908000150,2019-10-16,16006309.78,1.0308514000000002,15931847.24,0.0,0.0,6
19276908000150,2019-10-17,16010182.84,1.0310647,15935143.54,0.0,0.0,6
19276908000150,2019-10-18,15987026.68,1.0301713,15921336.52,0.0,0.0,6
19276908000150,2019-10-21,16038577.67,1.032332,15954729.49,0.0,0.0,6
19276908000150,2019-10-22,16080700.68,1.0341006,15982062.72,0.0,0.0,6
19276908000150,2019-10-23,16097083.89,1.0348209000000002,15993195.53,0.0,0.0,6
19276908000150,2019-10-24,16082068.26,1.0342637,15984583.36,0.0,0.0,6
19276908000150,2019-10-25,16100229.92,1.0350591,15996877.38,0.0,0.0,6
19276908000150,2019-10-28,16153171.27,1.0372724,16031083.52,0.0,0.0,6
19276908000150,2019-10-29,16131825.85,1.0364578000000002,16018493.62,0.0,0.0,6
19276908000150,2019-10-30,16185663.13,1.0389416,16056880.72,0.0,0.0,6
19276908000150,2019-10-31,16164635.7,1.0376745,16037298.33,0.0,0.0,6
19276908000150,2019-11-01,16228994.16,1.0406944,16083970.39,0.0,0.0,6
19276908000150,2019-11-04,16261059.15,1.0419346,16103137.47,0.0,0.0,6
19276908000150,2019-11-05,16260387.86,1.0419557,16103463.6,0.0,0.0,6
19276908000150,2019-11-06,16275716.62,1.0426388,16114021.49,0.0,0.0,6
19276908000150,2019-11-07,16348716.19,1.0459695,16165497.71,0.0,0.0,6
19276908000150,2019-11-08,16274625.92,1.0430022,16119638.38,0.0,0.0,6
19276908000150,2019-11-11,16306219.75,1.0443408,16140325.24,0.0,0.0,6
19276908000150,2019-11-12,16857217.02,1.0418231,16715414.63,614000.0,0.0,7
19276908000150,2019-11-13,16818497.66,1.0401179,16688055.17,0.0,0.0,7
19276908000150,2019-11-14,16833793.46,1.0412192,16705726.02,0.0,0.0,7
19276908000150,2019-11-18,16803953.24,1.0398597,16683913.5,0.0,0.0,7
19276908000150,2019-11-19,16791277.82,1.0392831,16674662.15,0.0,0.0,7
19276908000150,2019-11-20,16794978.68,1.0394815999999998,16677846.8,0.0,0.0,7
19276908000150,2019-11-21,16875276.66,1.0435804,16743610.14,0.0,0.0,7
19276908000150,2019-11-22,16955253.84,1.0465563,16791356.85,0.0,0.0,7
19276908000150,2019-11-25,17087428.49,1.0464222,16913619.69,124415.71,0.0,7
19276908000150,2019-11-26,17032272.79,1.0438846,16872605.01,0.0,0.0,7
19276908000150,2019-11-27,17033408.28,1.044684,16885524.43,0.0,0.0,7
19276908000150,2019-11-28,17057285.97,1.0456522,16901174.65,0.0,0.0,7
19276908000150,2019-11-29,19074819.03,1.0461114,18855577.79,2000000.0,53018.77,8
19276908000150,2019-12-02,19026489.0,1.046656,18765393.72,0.0,100000.0,8
19276908000150,2019-12-03,19336693.09,1.0470515,19064721.13,292236.63,0.0,9
19276908000150,2019-12-04,19325454.08,1.0505703000000002,19128791.68,0.0,0.0,9
19276908000150,2019-12-05,20636004.29,1.0514389,18422441.59,1277834.54,2000000.0,10
19276908000150,2019-12-06,20690107.75,1.0537856,18463558.17,0.0,0.0,10
19276908000150,2019-12-09,16215051.36,1.0542983,18472541.22,0.0,0.0,10
19276908000150,2019-12-10,18680911.62,1.0540468,18468135.76,0.0,0.0,10
19276908000150,2019-12-11,18707406.35,1.0555571000000001,18494597.96,0.0,0.0,10
19276908000150,2019-12-12,18775125.98,1.0587778,18551028.34,0.0,0.0,10
19276908000150,2019-12-13,18833624.06,1.0599876,18572225.5,0.0,0.0,10
19276908000150,2019-12-16,18813078.76,1.0593037,18560241.6,0.0,0.0,10
19276908000150,2019-12-17,18865859.19,1.061235,18594081.6,0.0,0.0,10
19276908000150,2019-12-18,18981646.31,1.0654139999999999,18667302.58,0.0,0.0,10
19276908000150,2019-12-19,19019314.46,1.0668053,18691679.24,0.0,0.0,10
19276908000150,2019-12-20,19029724.93,1.0672264,18699057.44,0.0,0.0,10
19276908000150,2019-12-23,19140631.17,1.0712305,18769213.12,0.0,0.0,10
19276908000150,2019-12-24,19146475.5,1.0714863000000001,18773696.49,0.0,0.0,10
19276908000150,2019-12-26,18912243.84,1.0756636,18846887.61,0.0,0.0,10
19276908000150,2019-12-27,18932443.05,1.0764306000000001,18860326.55,0.0,0.0,10
19276908000150,2019-12-30,18915656.5,1.075877,18850626.26,0.0,0.0,10
19276908000150,2019-12-31,19267916.43,1.0759926000000002,18852651.46,0.0,0.0,10
19276908000150,2020-01-02,19379555.27,1.0800382,18923534.68,0.0,0.0,10
19276908000150,2020-01-03,19375382.96,1.0799407,18921826.38,0.0,0.0,10
19276908000150,2020-01-06,19346026.51,1.0789435,18904355.49,0.0,0.0,10
19276908000150,2020-01-07,19389590.65,1.0805486,18932477.75,0.0,0.0,10
19276908000150,2020-01-08,18965408.63,1.0805467,18932444.71,0.0,0.0,10
19276908000150,2020-01-09,18953569.09,1.080177,18925967.74,0.0,0.0,10
19276908000150,2020-01-10,18932575.63,1.0795526,18915027.46,0.0,0.0,10
19276908000150,2020-01-13,19044162.31,1.0835889,18985746.92,0.0,0.0,10
19276908000150,2020-01-14,19068448.07,1.084505,19001798.67,0.0,0.0,10
19276908000150,2020-01-15,19029950.73,1.0832576,18979943.01,0.0,0.0,10
19276908000150,2020-01-16,19077589.98,1.0850091,19010631.72,0.0,0.0,10
19276908000150,2020-01-17,19161278.25,1.0880435,19063797.01,0.0,0.0,10
19276908000150,2020-01-20,19202875.73,1.0895794,19090709.05,0.0,0.0,10
19276908000150,2020-01-21,19129180.23,1.087,19045514.33,0.0,0.0,10
19276908000150,2020-01-22,19204377.27,1.0897325,19093389.88,0.0,0.0,10
