CNPJ_FUNDO,DT_COMPTC,VL_TOTAL,VL_QUOTA,VL_PATRIM_LIQ,CAPTC_DIA,RESG_DIA,NR_COTST
20870386000108,2015-02-26,9997000.0,1.0,10000000.0,10000000.0,0.0,1
20870386000108,2015-02-27,9997000.0,0.99993308,9999330.8,0.0,0.0,1
20870386000108,2015-03-02,9854581.29,0.98561522,9856152.26,0.0,0.0,1
20870386000108,2015-03-03,9892336.25,0.98931581,9893158.19,0.0,0.0,1
20870386000108,2015-03-04,9871588.9,0.9871659,9871659.02,0.0,0.0,1
20870386000108,2015-03-05,9908217.8,0.99075377,9907537.72,0.0,0.0,1
20870386000108,2015-03-06,9892607.23,0.98911742,9891174.24,0.0,0.0,1
20870386000108,2015-03-09,9860994.42,0.98588097,9858809.76,0.0,0.0,1
20870386000108,2015-03-10,14283477.07,0.97805431,9780543.18,0.0,0.0,1
20870386000108,2015-03-11,14366168.2,0.98624909,14362490.98,4500000.0,0.0,1
20870386000108,2015-03-12,14291276.71,0.98104143,14286653.18,0.0,0.0,1
20870386000108,2015-03-13,14244051.59,0.97773392,14238486.71,0.0,0.0,1
20870386000108,2015-03-16,14023149.97,0.96250054,14016646.9,0.0,0.0,1
20870386000108,2015-03-17,14277574.36,0.97990802,14270147.62,0.0,0.0,1
20870386000108,2015-03-18,14508987.71,0.99534165,14494903.54,0.0,0.0,1
20870386000108,2015-03-19,15809945.97,1.00185772,14589795.37,0.0,0.0,1
20870386000108,2015-03-20,15859036.11,1.00500699,15835657.33,1200000.0,0.0,1
20870386000108,2015-03-23,15618467.12,0.99047726,15606715.9,0.0,0.0,1
20870386000108,2015-03-24,15619167.36,0.99048118,15606777.57,0.0,0.0,1
20870386000108,2015-03-25,15873574.7,1.00576883,15847661.48,0.0,0.0,1
20870386000108,2015-03-26,15714607.82,0.99615388,15696160.95,0.0,0.0,1
20870386000108,2015-03-27,15339334.34,0.97252686,15323875.67,0.0,0.0,1
20870386000108,2015-03-30,15403457.07,0.97791271,15408739.14,0.0,0.0,1
20870386000108,2015-03-31,15437828.05,0.98002965,15442095.31,0.0,0.0,1
20870386000108,2015-04-01,15607372.94,0.9907252000000001,15610622.61,0.0,0.0,1
20870386000108,2015-04-02,15576345.76,0.98869079,15578566.81,0.0,0.0,1
20870386000108,2015-04-06,15769850.42,1.0005645,15765658.04,0.0,0.0,1
20870386000108,2015-04-07,15806428.31,1.00272849,15799755.63,0.0,0.0,1
20870386000108,2015-04-08,15736724.75,0.99848871,15732950.29,0.0,0.0,1
20870386000108,2015-04-09,15814306.24,1.00312293,15805970.59,0.0,0.0,1
20870386000108,2015-04-10,17810516.66,1.00285437,15801738.98,0.0,0.0,1
20870386000108,2015-04-13,17916466.28,1.00919748,17901685.92,2000000.0,0.0,1
20870386000108,2015-04-14,17812339.64,1.00355159,17801536.02,0.0,0.0,1
20870386000108,2015-04-15,17895782.76,1.00800081,17880458.71,0.0,0.0,1
20870386000108,2015-04-16,17691125.11,0.99689261,17683415.61,0.0,0.0,1
20870386000108,2015-04-17,17383996.4,0.97951159,17375101.63,0.0,0.0,1
20870386000108,2015-04-20,17369191.86,0.97861131,17359131.99,0.0,0.0,1
20870386000108,2015-04-22,17627786.11,0.99312379,17616562.19,0.0,0.0,1
20870386000108,2015-04-23,17858156.64,1.00576369,17840775.58,0.0,0.0,1
20870386000108,2015-04-24,17941520.92,1.01020859,17919621.57,0.0,0.0,1
20870386000108,2015-04-27,17868022.66,1.00620825,17848661.27,0.0,0.0,1
20870386000108,2015-04-28,17694803.06,0.99663274,17678805.79,0.0,0.0,1
20870386000108,2015-04-29,18420027.09,1.03463103,18352839.92,0.0,0.0,1
20870386000108,2015-04-30,18480005.5,1.03744714,18402793.59,0.0,0.0,1
20870386000108,2015-05-04,18498604.97,1.03834171,18418661.95,0.0,0.0,1
20870386000108,2015-05-05,18624630.64,1.04423255,18523156.84,0.0,0.0,1
20870386000108,2015-05-06,18424306.06,1.03494505,18358410.1,0.0,0.0,1
20870386000108,2015-05-07,18445906.38,1.03597957,18376761.03,0.0,0.0,1
20870386000108,2015-05-08,20404590.84,1.03873883,18425706.15,0.0,0.0,1
20870386000108,2015-05-11,20417460.14,1.03936716,20336851.86,1900000.0,0.0,1
20870386000108,2015-05-12,20215508.38,1.03077152,20168664.67,0.0,0.0,1
20870386000108,2015-05-13,19944585.55,1.01865138,19931515.06,0.0,0.0,1
20870386000108,2015-05-14,20256063.48,1.03255837,20203627.25,0.0,0.0,1
20870386000108,2015-05-15,20488784.52,1.04249706,20398093.24,0.0,0.0,1
20870386000108,2015-05-18,20379426.66,1.03790466,20308235.81,0.0,0.0,1
20870386000108,2015-05-19,19928780.99,1.01769738,19912848.59,0.0,0.0,1
20870386000108,2015-05-20,19809178.5,1.01178912,19797244.11,0.0,0.0,1
20870386000108,2015-05-21,19919352.68,1.01714533,19902046.92,0.0,0.0,1
20870386000108,2015-05-22,19806459.24,1.01156601,19792878.77,0.0,0.0,1
20870386000108,2015-05-25,19867291.16,1.01450341,19850353.58,0.0,0.0,1
20870386000108,2015-05-26,19458476.65,0.99373153,19443919.1,0.0,0.0,1
20870386000108,2015-05-27,19789873.24,1.01060194,19774015.14,0.0,0.0,1
20870386000108,2015-05-28,19688631.68,1.00536016,19671451.4,0.0,0.0,1
20870386000108,2015-05-29,19191810.69,0.9811793,19198314.97,0.0,0.0,1
20870386000108,2015-06-01,19472786.85,0.99547045,19477943.82,0.0,0.0,1
20870386000108,2015-06-02,19845066.6,1.01436961,19847735.51,0.0,0.0,1
20870386000108,2015-06-03,19676771.64,1.0057548,19679173.17,0.0,0.0,1
20870386000108,2015-06-05,19786884.38,1.01131177,19787904.1,0.0,0.0,1
20870386000108,2015-06-08,19525415.21,0.99787789,19525049.02,0.0,0.0,1
20870386000108,2015-06-09,19559621.34,0.99955613,19557886.43,0.0,0.0,1
20870386000108,2015-06-10,19787048.78,1.01110933,19783943.02,0.0,0.0,1
20870386000108,2015-06-11,19827791.08,1.01312075,19823299.66,0.0,0.0,1
20870386000108,2015-06-12,22351846.34,1.01427921,19845966.69,0.0,0.0,1
20870386000108,2015-06-15,22014432.83,0.99696354,22007158.4,2500000.0,0.0,1
20870386000108,2015-06-16,22103623.21,1.00086554,22093291.98,0.0,0.0,1
20870386000108,2015-06-17,21707386.14,0.98291433,21697033.51,0.0,0.0,1
20870386000108,2015-06-18,21582553.58,0.97719051,21570684.96,0.0,0.0,1
20870386000108,2015-06-19,23831990.77,0.96577127,21318614.45,0.0,0.0,1
20870386000108,2015-06-22,23926375.87,0.96997953,23911508.34,2500000.0,0.0,1
20870386000108,2015-06-23,23906067.63,0.96908834,23889539.13,0.0,0.0,1
20870386000108,2015-06-24,23705463.18,0.96088342,23687275.14,0.0,0.0,1
20870386000108,2015-06-25,23441614.01,0.9501135,23421779.67,0.0,0.0,1
20870386000108,2015-06-26,26663733.36,0.95500124,23542270.11,0.0,0.0,1
20870386000108,2015-06-29,26244684.98,0.93911238,26250584.92,3100000.0,0.0,1
20870386000108,2015-06-30,26106776.88,0.93411383,26110862.69,0.0,0.0,1
20870386000108,2015-07-01,25681768.92,0.91884519,25684065.41,0.0,0.0,1
20870386000108,2015-07-02,25557859.16,0.91434932,25558394.29,0.0,0.0,1
20870386000108,2015-07-03,25259534.66,0.90361407,25258316.64,0.0,0.0,1
20870386000108,2015-07-06,25290378.13,0.90465495,25287412.09,0.0,0.0,1
20870386000108,2015-07-07,25882091.7,0.92576085,25877375.75,0.0,0.0,1
20870386000108,2015-07-08,25705194.28,0.91936838,25698689.79,0.0,0.0,1
20870386000108,2015-07-09,25705157.95,0.91930351,25696876.62,0.0,0.0,1
20870386000108,2015-07-10,25370213.13,0.90725733,25360155.07,0.0,0.0,1
20870386000108,2015-07-13,25573342.36,0.91446148,25561529.61,0.0,0.0,1
20870386000108,2015-07-14,25199652.95,0.90102953,25186072.35,0.0,0.0,1
20870386000108,2015-07-15,25128305.06,0.8984146999999999,25112981.16,0.0,0.0,1
20870386000108,2015-07-16,25247785.94,0.90262693,25230723.54,0.0,0.0,1
20870386000108,2015-07-17,24987763.67,0.89326218,24968955.08,0.0,0.0,1
20870386000108,2015-07-20,24753672.96,0.88482436,24733096.37,0.0,0.0,1
20870386000108,2015-07-21,24943926.28,0.89156796,24921597.14,0.0,0.0,1
20870386000108,2015-07-22,24826443.18,0.88730187,24802349.14,0.0,0.0,1
20870386000108,2015-07-23,24775046.13,0.88540029,24749195.01,0.0,0.0,1
20870386000108,2015-07-24,24226990.93,0.86573092,24199386.2,0.0,0.0,1
20870386000108,2015-07-27,23940027.19,0.85540337,23910704.86,0.0,0.0,1
20870386000108,2015-07-28,24269739.73,0.86713804,24238718.7,0.0,0.0,1
20870386000108,2015-07-29,24502810.94,0.8754146,24470069.73,0.0,0.0,1
20870386000108,2015-07-30,24648624.92,0.88196423,24653148.36,0.0,0.0,1
20870386000108,2015-07-31,25280659.58,0.9045127,25283435.72,0.0,0.0,1
20870386000108,2015-08-03,25065566.81,0.89675642,25066627.86,0.0,0.0,1
20870386000108,2015-08-04,25117318.77,0.8986902,25120681.92,0.0,0.0,1
20870386000108,2015-08-05,25206957.88,0.90183605,25208616.59,0.0,0.0,1
20870386000108,2015-08-06,24965061.42,0.89312105,24965009.93,0.0,0.0,1
20870386000108,2015-08-07,24446738.78,0.87451749,24444993.06,0.0,0.0,1
20870386000108,2015-08-10,24362568.23,0.8714469000000001,24359162.3,0.0,0.0,1
20870386000108,2015-08-11,24160177.57,0.8641472,24155117.06,0.0,0.0,1
20870386000108,2015-08-12,24002675.08,0.85845385,23995973.35,0.0,0.0,1
20870386000108,2015-08-13,23891226.43,0.85439999,23882657.61,0.0,0.0,1
20870386000108,2015-08-14,24710182.22,0.84786507,23699990.03,0.0,0.0,1
20870386000108,2015-08-17,24503309.89,0.84040658,24491506.27,1000000.0,0.0,1
20870386000108,2015-08-18,24324505.79,0.83421399,24311038.93,0.0,0.0,1
20870386000108,2015-08-19,23760964.68,0.81481713,23745766.86,0.0,0.0,1
20870386000108,2015-08-20,23598617.98,0.80919036,23581788.99,0.0,0.0,1
20870386000108,2015-08-21,23501709.77,0.80580942,23483260.34,0.0,0.0,1
20870386000108,2015-08-24,29233415.78,0.78625348,22913352.37,0.0,0.0,1
20870386000108,2015-08-25,29474324.5,0.79446597,29452684.41,6300000.0,0.0,1
20870386000108,2015-08-26,30422210.54,0.81904099,30363736.91,0.0,0.0,1
20870386000108,2015-08-27,31960148.99,0.85884365,31839313.25,0.0,0.0,1
20870386000108,2015-08-28,31602530.49,0.8505370000000001,31531366.45,0.0,0.0,1
20870386000108,2015-08-31,31345126.71,0.84386257,31283930.06,0.0,0.0,1
20870386000108,2015-09-01,31209662.41,0.84031789,31152520.85,0.0,0.0,1
20870386000108,2015-09-02,31799474.09,0.85553153,31716525.29,0.0,0.0,1
20870386000108,2015-09-03,32020290.13,0.86120118,31926712.41,0.0,0.0,1
20870386000108,2015-09-04,32068646.08,0.86241881,31971852.77,0.0,0.0,1
20870386000108,2015-09-08,32259492.46,0.8673145,32153347.28,0.0,0.0,1
20870386000108,2015-09-09,32057054.48,0.86205806,31958478.74,0.0,0.0,1
20870386000108,2015-09-10,32253182.6,0.86709012,32145029.04,0.0,0.0,1
20870386000108,2015-09-11,32213010.08,0.86602228,32105441.64,0.0,0.0,1
20870386000108,2015-09-14,31830347.69,0.85611379,31738110.98,0.0,0.0,1
20870386000108,2015-09-15,31984617.13,0.8600656999999999,31884617.65,0.0,0.0,1
20870386000108,2015-09-16,32237556.15,0.86656438,32125538.55,0.0,0.0,1
20870386000108,2015-09-17,32396618.77,0.87063948,32276611.72,0.0,0.0,1
20870386000108,2015-09-18,31952192.26,0.85912906,31849894.04,0.0,0.0,1
20870386000108,2015-09-21,31540328.99,0.84846283,31454472.34,0.0,0.0,1
20870386000108,2015-09-22,31161985.41,0.83860672,31089083.51,0.0,0.0,1
20870386000108,2015-09-23,30725710.72,0.82724699,30667952.37,0.0,0.0,1
20870386000108,2015-09-24,31011484.77,0.83463559,30941864.86,0.0,0.0,1
20870386000108,2015-09-25,31012015.38,0.83461757,30941196.78,0.0,0.0,1
20870386000108,2015-09-28,30690815.96,0.82624597,30630842.29,0.0,0.0,1
20870386000108,2015-09-29,30693748.81,0.82730342,30670044.22,0.0,0.0,1
20870386000108,2015-09-30,30959394.66,0.83416943,30924583.1,0.0,0.0,1
20870386000108,2015-10-01,30858562.89,0.83152001,30826363.06,0.0,0.0,1
20870386000108,2015-10-02,31781868.84,0.85544906,31713467.93,0.0,0.0,1
20870386000108,2015-10-05,32192889.55,0.86602906,32105692.97,0.0,0.0,1
20870386000108,2015-10-06,31890938.62,0.85820451,31815618.73,0.0,0.0,1
20870386000108,2015-10-07,32006310.32,0.86115206,31924891.34,0.0,0.0,1
20870386000108,2015-10-08,32361030.82,0.87027779,32263203.22,0.0,0.0,1
20870386000108,2015-10-09,32690262.25,0.87874508,32577105.32,0.0,0.0,1
20870386000108,2015-10-13,31594345.55,0.8503921999999998,31525998.51,0.0,0.0,1
20870386000108,2015-10-14,31222559.42,0.84070603,31166909.97,0.0,0.0,1
20870386000108,2015-10-15,31562749.68,0.84950657,31493166.36,0.0,0.0,1
20870386000108,2015-10-16,31305266.66,0.8427882999999999,31244104.62,0.0,0.0,1
20870386000108,2015-10-19,30968839.71,0.83402066,30919067.98,0.0,0.0,1
20870386000108,2015-10-20,31154500.99,0.8388091000000001,31096586.49,0.0,0.0,1
20870386000108,2015-10-21,31374108.58,0.84447869,31306771.23,0.0,0.0,1
20870386000108,2015-10-22,31709935.49,0.85316557,31628813.66,0.0,0.0,1
20870386000108,2015-10-23,31270537.11,0.84172358,31204632.89,0.0,0.0,1
20870386000108,2015-10-26,30912732.89,0.83240079,30859015.43,0.0,0.0,1
20870386000108,2015-10-27,30674918.0,0.82619398,30628914.95,0.0,0.0,1
20870386000108,2015-10-28,30256038.09,0.81528625,30224540.11,0.0,0.0,1
20870386000108,2015-10-29,29633817.04,0.79953978,29640782.2,0.0,0.0,1
20870386000108,2015-10-30,28512257.9,0.76923151,28517184.86,0.0,0.0,1
20870386000108,2015-11-03,28795738.32,0.7768252,28798700.34,0.0,0.0,1
20870386000108,2015-11-04,28402559.67,0.76616598,28403538.32,0.0,0.0,1
20870386000108,2015-11-05,29117640.11,0.78540198,29116661.25,0.0,0.0,1
20870386000108,2015-11-06,28618452.4,0.77188267,28615469.35,0.0,0.0,1
20870386000108,2015-11-09,28352596.14,0.76465815,28347639.87,0.0,0.0,1
20870386000108,2015-11-10,27793762.85,0.7495313,27786852.75,0.0,0.0,1
20870386000108,2015-11-11,27719457.66,0.74747526,27710630.43,0.0,0.0,1
20870386000108,2015-11-12,27220376.69,0.73396131,27209637.33,0.0,0.0,1
20870386000108,2015-11-13,27180689.02,0.73284007,27168070.33,0.0,0.0,1
20870386000108,2015-11-16,26925437.29,0.72590421,26910942.0,0.0,0.0,1
20870386000108,2015-11-17,26984503.22,0.72744731,26968148.16,0.0,0.0,1
20870386000108,2015-11-18,27047257.32,0.72908979,27029038.76,0.0,0.0,1
20870386000108,2015-11-19,27092088.64,0.73024871,27072002.58,0.0,0.0,1
20870386000108,2015-11-20,27092088.64,0.73020772,27070482.79,0.0,0.0,1
20870386000108,2015-11-23,26771909.66,0.7215111999999999,26748083.07,0.0,0.0,1
20870386000108,2015-11-24,26895451.28,0.72479378,26869775.59,0.0,0.0,1
20870386000108,2015-11-25,27367734.94,0.73748321,27340202.17,0.0,0.0,1
20870386000108,2015-11-26,27301689.6,0.73565076,27272268.97,0.0,0.0,1
20870386000108,2015-11-27,27009315.69,0.7286305000000001,27012011.63,0.0,0.0,1
20870386000108,2015-11-30,26322525.0,0.71005444,26323354.56,0.0,0.0,1
20870386000108,2015-12-01,26294134.39,0.70924079,26293190.33,0.0,0.0,1
20870386000108,2015-12-02,25822631.79,0.69652722,25821869.17,0.0,0.0,1
20870386000108,2015-12-03,26610834.5,0.71774757,26608556.51,0.0,0.0,1
20870386000108,2015-12-04,26067501.64,0.70304946,26063663.64,0.0,0.0,1
20870386000108,2015-12-07,25768977.9,0.69495574,25763610.82,0.0,0.0,1
20870386000108,2015-12-08,25068763.7,0.67602716,25061884.56,0.0,0.0,1
20870386000108,2015-12-09,25768894.1,0.69487298,25760542.72,0.0,0.0,1
20870386000108,2015-12-10,25554055.38,0.68903707,25544192.11,0.0,0.0,1
20870386000108,2015-12-11,25236242.09,0.68042382,25224879.21,0.0,0.0,1
20870386000108,2015-12-14,24765444.84,0.66768424,24752593.32,0.0,0.0,1
20870386000108,2015-12-15,24684625.08,0.66546475,24670311.71,0.0,0.0,1
20870386000108,2015-12-16,24490364.36,0.66018539,24474593.81,0.0,0.0,1
20870386000108,2015-12-17,24333313.44,0.65591004,24316096.81,0.0,0.0,1
20870386000108,2015-12-18,24620766.1,0.66362452,24602090.23,0.0,0.0,1
20870386000108,2015-12-21,24604018.54,0.66313301,24583868.9,0.0,0.0,1
20870386000108,2015-12-22,24527797.29,0.66103727,24506174.92,0.0,0.0,1
20870386000108,2015-12-23,24815381.6,0.66875505,24792290.9,0.0,0.0,1
20870386000108,2015-12-24,24815266.81,0.66871191,24790691.57,0.0,0.0,1
20870386000108,2015-12-28,24901171.51,0.67098909,24875111.81,0.0,0.0,1
20870386000108,2015-12-29,24334232.51,0.65649233,24337683.56,0.0,0.0,1
20870386000108,2015-12-30,23931568.21,0.64559139,23933560.5,0.0,0.0,1
20870386000108,2015-12-31,23931386.22,0.64554775,23931942.7,0.0,0.0,1
20870386000108,2016-01-04,22997143.24,0.62030918,22996290.8,0.0,0.0,1
20870386000108,2016-01-05,22807348.06,0.61515301,22805139.8,0.0,0.0,1
20870386000108,2016-01-06,22401237.32,0.60416143,22397656.67,0.0,0.0,1
20870386000108,2016-01-07,24103733.14,0.59610007,22098803.23,0.0,0.0,1
20870386000108,2016-01-08,24458951.34,0.60559941,24450965.58,2000000.0,0.0,1
20870386000108,2016-01-11,24553272.82,0.60799725,24547778.12,0.0,0.0,1
20870386000108,2016-01-12,24326140.16,0.60236105,24320217.35,0.0,0.0,1
20870386000108,2016-01-13,23951184.74,0.59303806,23943803.57,0.0,0.0,1
20870386000108,2016-01-14,23726644.3,0.58744107,23717826.12,0.0,0.0,1
20870386000108,2016-01-15,23371219.37,0.57860266,23360977.03,0.0,0.0,1
20870386000108,2016-01-18,22836642.45,0.56532754,22824996.18,0.0,0.0,1
20870386000108,2016-01-19,22813939.06,0.5647312,22800919.27,0.0,0.0,1
20870386000108,2016-01-20,22730950.29,0.56264176,22716558.36,0.0,0.0,1
20870386000108,2016-01-21,22422652.73,0.55497199,22406892.76,0.0,0.0,1
20870386000108,2016-01-22,22440499.04,0.55538055,22423388.3,0.0,0.0,1
20870386000108,2016-01-25,22440373.41,0.55534398,22421911.95,0.0,0.0,1
20870386000108,2016-01-26,21771963.69,0.53875541,21752151.59,0.0,0.0,1
20870386000108,2016-01-27,22084094.94,0.54645374,22062970.21,0.0,0.0,1
20870386000108,2016-01-28,22374635.67,0.55428562,22379180.66,0.0,0.0,1
20870386000108,2016-01-29,23487050.02,0.58180441,23490246.8,0.0,0.0,1
20870386000108,2016-02-01,24041809.45,0.59551036,24043622.24,0.0,0.0,1
20870386000108,2016-02-02,23562996.92,0.58361612,23563394.32,0.0,0.0,1
20870386000108,2016-02-03,24006973.74,0.59457812,24005983.01,0.0,0.0,1
20870386000108,2016-02-04,24610529.87,0.60949194,24608125.9,0.0,0.0,1
20870386000108,2016-02-05,25073868.54,0.62082227,25065586.1,0.0,0.0,1
20870386000108,2016-02-10,25025749.37,0.61961298,25016761.06,0.0,0.0,1
20870386000108,2016-02-11,24014014.83,0.59460874,24007219.45,0.0,0.0,1
20870386000108,2016-02-12,24575404.41,0.60847818,24567195.71,0.0,0.0,1
20870386000108,2016-02-15,24449604.12,0.60532639,24439942.78,0.0,0.0,1
20870386000108,2016-02-16,25259136.09,0.62519689,25242210.22,0.0,0.0,1
20870386000108,2016-02-17,25350742.66,0.62740543,25331379.64,0.0,0.0,1
20870386000108,2016-02-18,25223510.29,0.62426016,25204390.23,0.0,0.0,1
20870386000108,2016-02-19,25270032.31,0.62536581,25249030.55,0.0,0.0,1
20870386000108,2016-02-22,25970305.84,0.64246475,25939397.11,0.0,0.0,1
20870386000108,2016-02-23,25858144.47,0.63968735,25827259.96,0.0,0.0,1
20870386000108,2016-02-24,25531695.14,0.63166776,25503470.43,0.0,0.0,1
20870386000108,2016-02-25,24929573.78,0.61690457,24907409.44,0.0,0.0,1
20870386000108,2016-02-26,24180128.12,0.59913633,24190020.21,0.0,0.0,1
20870386000108,2016-02-29,24694994.61,0.61185305,24703455.46,0.0,0.0,1
20870386000108,2016-03-01,25339130.25,0.62763645,25340707.29,0.0,0.0,1
20870386000108,2016-03-02,25492899.92,0.63136566,25491273.35,0.0,0.0,1
20870386000108,2016-03-03,27058799.96,0.66964105,27036635.33,0.0,0.0,1
20870386000108,2016-03-04,27768466.92,0.68696739,27736183.23,0.0,0.0,1
20870386000108,2016-03-07,28049888.11,0.69381615,28012700.56,0.0,0.0,1
20870386000108,2016-03-08,28425945.48,0.70297971,28382677.55,0.0,0.0,1
20870386000108,2016-03-09,29289999.56,0.72408112,29234643.12,0.0,0.0,1
20870386000108,2016-03-10,30180845.72,0.74583679,30113024.38,0.0,0.0,1
20870386000108,2016-03-11,30007301.96,0.74155198,29940026.06,0.0,0.0,1
20870386000108,2016-03-14,29555129.3,0.73045103,29491827.25,0.0,0.0,1
20870386000108,2016-03-15,27843768.7,0.6885458999999999,27799915.27,0.0,0.0,1
20870386000108,2016-03-16,28355692.58,0.70103361,28304104.18,0.0,0.0,1
20870386000108,2016-03-17,30028470.18,0.74191977,29954875.58,0.0,0.0,1
20870386000108,2016-03-18,30489658.69,0.7531633000000001,30408831.0,0.0,0.0,1
20870386000108,2016-03-21,31009903.51,0.76585096,30921092.78,0.0,0.0,1
20870386000108,2016-03-22,31382474.75,0.77492522,31287464.22,0.0,0.0,1
20870386000108,2016-03-23,30104654.05,0.74362374,30023672.68,0.0,0.0,1
20870386000108,2016-03-24,30331449.28,0.74913297,30246107.19,0.0,0.0,1
20870386000108,2016-03-28,31197148.67,0.77027207,31099594.45,0.0,0.0,1
20870386000108,2016-03-29,31590657.12,0.7798583,31486636.57,0.0,0.0,1
20870386000108,2016-03-30,31933060.77,0.78909893,31859725.32,0.0,0.0,1
20870386000108,2016-03-31,31265871.45,0.77273517,31199041.41,0.0,0.0,1
20870386000108,2016-04-01,31501714.04,0.77846496,31430380.74,0.0,0.0,1
20870386000108,2016-04-04,30521229.91,0.75443819,30460304.14,0.0,0.0,1
20870386000108,2016-04-05,30765740.59,0.76038106,30700246.79,0.0,0.0,1
20870386000108,2016-04-06,30466712.29,0.7530258000000001,30403279.39,0.0,0.0,1
20870386000108,2016-04-07,30138231.57,0.74495043,30077237.68,0.0,0.0,1
20870386000108,2016-04-08,30816745.31,0.76151065,30745853.5,0.0,0.0,1
20870386000108,2016-04-11,30536628.59,0.75461798,30467563.35,0.0,0.0,1
20870386000108,2016-04-12,31131332.65,0.76912734,31053376.1,0.0,0.0,1
20870386000108,2016-04-13,32409907.09,0.80036602,32314631.9,0.0,0.0,1
20870386000108,2016-04-14,31829389.2,0.78612216,31739538.66,0.0,0.0,1
20870386000108,2016-04-15,32760656.76,0.80886345,32657714.41,0.0,0.0,1
20870386000108,2016-04-18,32483362.34,0.80203697,32382096.43,0.0,0.0,1
20870386000108,2016-04-19,32724420.56,0.80789187,32618486.7,0.0,0.0,1
20870386000108,2016-04-20,32818391.26,0.81014808,32709580.99,0.0,0.0,1
20870386000108,2016-04-22,32468710.93,0.80155068,32362462.58,0.0,0.0,1
20870386000108,2016-04-25,31105903.21,0.76816859,31014666.85,0.0,0.0,1
20870386000108,2016-04-26,31972872.22,0.78933769,31869365.33,0.0,0.0,1
20870386000108,2016-04-27,32850741.46,0.81077227,32734782.48,0.0,0.0,1
20870386000108,2016-04-28,32667966.38,0.80716319,32589066.45,0.0,0.0,1
20870386000108,2016-04-29,32582974.28,0.80504131,32503395.87,0.0,0.0,1
20870386000108,2016-05-02,32015993.3,0.79112816,31941655.35,0.0,0.0,1
20870386000108,2016-05-03,30872985.13,0.76312386,30810986.75,0.0,0.0,1
20870386000108,2016-05-04,31040657.18,0.76718565,30974980.5,0.0,0.0,1
20870386000108,2016-05-05,30912301.71,0.76400518,30846569.71,0.0,0.0,1
20870386000108,2016-05-06,31005946.35,0.76625591,30937442.51,0.0,0.0,1
20870386000108,2016-05-09,30369707.12,0.75065062,30307381.69,0.0,0.0,1
20870386000108,2016-05-10,31647309.43,0.78186647,31567716.04,0.0,0.0,1
20870386000108,2016-05-11,31591492.0,0.78045976,31510920.41,0.0,0.0,1
20870386000108,2016-05-12,32072423.28,0.79218416,31984291.16,0.0,0.0,1
20870386000108,2016-05-13,31896281.87,0.78783327,31808624.72,0.0,0.0,1
20870386000108,2016-05-16,31035563.91,0.76673513,30956791.0,0.0,0.0,1
20870386000108,2016-05-17,30335869.37,0.74957745,30264052.88,0.0,0.0,1
20870386000108,2016-05-18,30167175.07,0.74541114,30095838.82,0.0,0.0,1
20870386000108,2016-05-19,29619885.92,0.73198311,29553684.59,0.0,0.0,1
20870386000108,2016-05-20,29853708.97,0.73766498,29783089.22,0.0,0.0,1
20870386000108,2016-05-23,29077457.69,0.71863606,29014799.78,0.0,0.0,1
20870386000108,2016-05-24,29288777.05,0.72376815,29222007.21,0.0,0.0,1
20870386000108,2016-05-25,29799896.59,0.73623424,29725323.15,0.0,0.0,1
20870386000108,2016-05-27,29766546.61,0.73537973,29690822.45,0.0,0.0,1
20870386000108,2016-05-30,29564568.34,0.73132982,29527308.06,0.0,0.0,1
20870386000108,2016-05-31,29406293.2,0.72741966,29369436.08,0.0,0.0,1
20870386000108,2016-06-01,29924158.99,0.74005072,29879412.67,0.0,0.0,1
20870386000108,2016-06-02,30636343.99,0.7574349,30581295.78,0.0,0.0,1
20870386000108,2016-06-03,31264145.87,0.77275375,31199791.84,0.0,0.0,1
20870386000108,2016-06-06,31193236.06,0.77097845,31128114.45,0.0,0.0,1
20870386000108,2016-06-07,31156863.12,0.77004817,31090554.27,0.0,0.0,1
20870386000108,2016-06-08,31739993.06,0.78427347,31664898.21,0.0,0.0,1
20870386000108,2016-06-09,31113132.26,0.76889673,31044065.23,0.0,0.0,1
20870386000108,2016-06-10,30446999.99,0.75256012,30384477.5,0.0,0.0,1
20870386000108,2016-06-13,30194874.77,0.7463526999999999,30133854.26,0.0,0.0,1
20870386000108,2016-06-14,29545595.33,0.73042965,29490963.76,0.0,0.0,1
20870386000108,2016-06-15,29900213.78,0.73906687,29839690.02,0.0,0.0,1
20870386000108,2016-06-16,29689251.01,0.73386719,29629754.07,0.0,0.0,1
20870386000108,2016-06-17,29720081.46,0.73458307,29658657.43,0.0,0.0,1
20870386000108,2016-06-20,29967529.71,0.74059825,29901519.26,0.0,0.0,1
20870386000108,2016-06-21,30108278.83,0.74400281,30038977.59,0.0,0.0,1
20870386000108,2016-06-22,29800119.87,0.73642507,29733028.08,0.0,0.0,1
20870386000108,2016-06-23,30681304.52,0.7579439,30601846.82,0.0,0.0,1
20870386000108,2016-06-24,29914868.53,0.73915409,29843211.71,0.0,0.0,1
20870386000108,2016-06-27,29658690.94,0.73284831,29588617.03,0.0,0.0,1
20870386000108,2016-06-28,29713809.58,0.73415845,29641513.48,0.0,0.0,1
20870386000108,2016-06-29,30226663.92,0.74779192,30191962.21,0.0,0.0,1
20870386000108,2016-06-30,30220890.45,0.74761155,30184680.03,0.0,0.0,1
20870386000108,2016-07-01,30990087.67,0.76639081,30942889.24,0.0,0.0,1
20870386000108,2016-07-04,31394521.19,0.77624543,31340767.76,0.0,0.0,1
20870386000108,2016-07-05,31190553.43,0.77121493,31137662.2,0.0,0.0,1
20870386000108,2016-07-06,31607241.69,0.78136846,31547609.01,0.0,0.0,1
20870386000108,2016-07-07,31597326.98,0.78108499,31536164.17,0.0,0.0,1
20870386000108,2016-07-08,31863222.85,0.78754898,31797146.59,0.0,0.0,1
20870386000108,2016-07-11,32574599.44,0.80491087,32498129.37,0.0,0.0,1
20870386000108,2016-07-12,33366313.92,0.82423716,33278425.14,0.0,0.0,1
20870386000108,2016-07-13,33545841.78,0.82858581,33454001.0,0.0,0.0,1
20870386000108,2016-07-14,33842222.92,0.83579294,33744987.5,0.0,0.0,1
20870386000108,2016-07-15,34094257.67,0.84191478,33992155.5,0.0,0.0,1
20870386000108,2016-07-18,34807669.0,0.8593234000000001,34695025.47,0.0,0.0,1
20870386000108,2016-07-19,34569553.17,0.85345286,34458003.7,0.0,0.0,1
20870386000108,2016-07-20,34283046.34,0.84639875,34173195.34,0.0,0.0,1
20870386000108,2016-07-21,34368309.36,0.8484401,34255614.16,0.0,0.0,1
20870386000108,2016-07-22,34982819.69,0.86342885,34860782.16,0.0,0.0,1
20870386000108,2016-07-25,34752908.37,0.85775881,34631855.3,0.0,0.0,1
20870386000108,2016-07-26,34819720.13,0.85934812,34696023.8,0.0,0.0,1
20870386000108,2016-07-27,34984255.91,0.86332808,34856713.81,0.0,0.0,1
20870386000108,2016-07-28,35109611.22,0.86732786,35018204.34,0.0,0.0,1
20870386000108,2016-07-29,36155883.21,0.89287819,36049794.25,0.0,0.0,1
20870386000108,2016-08-01,36268693.64,0.89557933,36158852.27,0.0,0.0,1
20870386000108,2016-08-02,35611862.56,0.87947489,35508638.47,0.0,0.0,1
20870386000108,2016-08-03,36314307.53,0.89659916,36200027.38,0.0,0.0,1
20870386000108,2016-08-04,36503549.84,0.90105882,36380085.53,0.0,0.0,1
20870386000108,2016-08-05,36727730.98,0.9063475000000001,36593615.11,0.0,0.0,1
20870386000108,2016-08-08,36599074.33,0.90326154,36469019.73,0.0,0.0,1
20870386000108,2016-08-09,36635127.09,0.90408501,36502267.51,0.0,0.0,1
20870386000108,2016-08-10,36515781.95,0.90122019,36386600.77,0.0,0.0,1
20870386000108,2016-08-11,36900147.56,0.91031077,36753631.45,0.0,0.0,1
20870386000108,2016-08-12,37572855.61,0.92624449,37396952.36,0.0,0.0,1
20870386000108,2016-08-15,38581290.56,0.95014561,38361955.58,0.0,0.0,1
20870386000108,2016-08-16,38517677.94,0.94860109,38299596.04,0.0,0.0,1
20870386000108,2016-08-17,38873750.89,0.95700291,38638817.89,0.0,0.0,1
20870386000108,2016-08-18,38947980.83,0.95872398,38708305.99,0.0,0.0,1
20870386000108,2016-08-19,39036466.56,0.96078173,38791387.28,0.0,0.0,1
20870386000108,2016-08-22,38217798.55,0.94134351,38006572.62,0.0,0.0,1
20870386000108,2016-08-23,38449464.23,0.94680776,38227190.58,0.0,0.0,1
20870386000108,2016-08-24,37736932.16,0.92986181,37543000.86,0.0,0.0,1
20870386000108,2016-08-25,37643062.26,0.92760033,37451693.94,0.0,0.0,1
20870386000108,2016-08-26,37801816.91,0.93133485,37602474.78,0.0,0.0,1
20870386000108,2016-08-29,38041497.38,0.93698991,37830796.59,0.0,0.0,1
20870386000108,2016-08-30,38048657.71,0.9382652,37882286.31,0.0,0.0,1
20870386000108,2016-08-31,37968099.1,0.93631923,37803718.27,0.0,0.0,1
20870386000108,2016-09-01,37583173.27,0.92714942,37433488.53,0.0,0.0,1
20870386000108,2016-09-02,38619856.03,0.95172105,38425563.64,0.0,0.0,1
20870386000108,2016-09-05,38723735.14,0.95415187,38523707.78,0.0,0.0,1
20870386000108,2016-09-06,39081367.87,0.96259718,38864685.58,0.0,0.0,1
20870386000108,2016-09-08,39781460.0,0.97910399,39531145.02,0.0,0.0,1
20870386000108,2016-09-09,38938673.79,0.9591471,38725389.03,0.0,0.0,1
20870386000108,2016-09-12,39214246.78,0.96563747,38987436.63,0.0,0.0,1
20870386000108,2016-09-13,38143483.41,0.94020335,37960538.74,0.0,0.0,1
20870386000108,2016-09-14,38054186.93,0.93804996,37873596.21,0.0,0.0,1
20870386000108,2016-09-15,38235561.46,0.9423209,38046034.6,0.0,0.0,1
20870386000108,2016-09-16,38054442.11,0.93798807,37871097.1,0.0,0.0,1
20870386000108,2016-09-19,37999172.06,0.93664243,37816767.09,0.0,0.0,1
20870386000108,2016-09-20,37556071.02,0.92609195,37390793.76,0.0,0.0,1
20870386000108,2016-09-21,38298816.42,0.94368735,38101204.61,0.0,0.0,1
20870386000108,2016-09-22,38574818.62,0.95020396,38364311.4,0.0,0.0,1
20870386000108,2016-09-23,39034365.94,0.96107654,38803289.99,0.0,0.0,1
20870386000108,2016-09-26,38733905.6,0.95391026,38513952.82,0.0,0.0,1
20870386000108,2016-09-27,38643701.32,0.95173467,38426113.77,0.0,0.0,1
20870386000108,2016-09-28,39387934.81,0.96935972,39137721.77,0.0,0.0,1
20870386000108,2016-09-29,38728377.81,0.95467105,38544669.71,0.0,0.0,1
20870386000108,2016-09-30,38994076.09,0.96094246,38797876.69,0.0,0.0,1
20870386000108,2016-10-03,39707984.32,0.97781575,39479132.67,0.0,0.0,1
20870386000108,2016-10-04,39561430.67,0.97432054,39338014.08,0.0,0.0,1
20870386000108,2016-10-05,40051586.27,0.98586684,39804193.72,0.0,0.0,1
20870386000108,2016-10-06,40508560.21,0.99662861,40238698.32,0.0,0.0,1
20870386000108,2016-10-07,40864636.83,1.00500613,40576939.01,0.0,0.0,1
20870386000108,2016-10-10,40892558.88,1.0056306000000002,40602151.96,0.0,0.0,1
20870386000108,2016-10-11,40676595.66,1.00049326,40394732.92,0.0,0.0,1
20870386000108,2016-10-13,39895633.01,0.9820082,39648402.03,0.0,0.0,1
20870386000108,2016-10-14,39953876.28,0.98335029,39702588.41,0.0,0.0,1
20870386000108,2016-10-17,40125419.28,0.98736896,39864841.79,0.0,0.0,1
20870386000108,2016-10-18,40426329.85,0.99444376,40150485.27,0.0,0.0,1
20870386000108,2016-10-19,40330783.86,0.99215195,40057954.08,0.0,0.0,1
20870386000108,2016-10-20,40678500.21,1.00033229,40388233.65,0.0,0.0,1
20870386000108,2016-10-21,41115131.14,1.01061244,40803292.89,0.0,0.0,1
20870386000108,2016-10-24,41411231.39,1.01757203,41084285.02,0.0,0.0,1
20870386000108,2016-10-25,41554670.76,1.02092466,41219646.96,0.0,0.0,1
20870386000108,2016-10-26,41373350.6,1.01660473,41045230.46,0.0,0.0,1
20870386000108,2016-10-27,41487512.63,1.01926576,41152669.21,0.0,0.0,1
20870386000108,2016-10-28,42554334.72,1.04556544,42214514.08,0.0,0.0,1
20870386000108,2016-10-31,42414870.57,1.04223305,42079969.32,0.0,0.0,1
20870386000108,2016-11-01,41179763.82,1.01301646,40900354.73,0.0,0.0,1
20870386000108,2016-11-03,40899079.83,1.00634955,40631179.58,0.0,0.0,1
20870386000108,2016-11-04,40470131.56,0.99618029,40220597.69,0.0,0.0,1
20870386000108,2016-11-07,42283314.58,1.03898161,41948693.03,0.0,0.0,1
20870386000108,2016-11-08,42603652.92,1.04651239,42252746.95,0.0,0.0,1
20870386000108,2016-11-09,42256983.47,1.03828479,41920558.83,0.0,0.0,1
20870386000108,2016-11-10,41402658.42,1.01806435,41104162.6,0.0,0.0,1
20870386000108,2016-11-11,39526043.24,0.97364733,39310833.21,0.0,0.0,1
20870386000108,2016-11-14,39910219.61,0.98272941,39677520.54,0.0,0.0,1
20870386000108,2016-11-16,40879550.02,1.00560235,40601011.38,0.0,0.0,1
20870386000108,2016-11-17,41377338.03,1.01732722,41074400.99,0.0,0.0,1
20870386000108,2016-11-18,41329752.6,1.01616711,41027561.54,0.0,0.0,1
20870386000108,2016-11-21,41607833.2,1.02270087,41291361.24,0.0,0.0,1
20870386000108,2016-11-22,41595197.37,1.02236617,41277847.56,0.0,0.0,1
20870386000108,2016-11-23,41665455.86,1.02398986,41343403.69,0.0,0.0,1
20870386000108,2016-11-24,41443248.39,1.018704,41129988.37,0.0,0.0,1
20870386000108,2016-11-25,41557003.85,1.02135718,41237109.96,0.0,0.0,1
20870386000108,2016-11-28,41751725.66,1.02592139,41421388.8,0.0,0.0,1
20870386000108,2016-11-29,41265278.7,1.01562133,41005526.15,0.0,0.0,1
20870386000108,2016-11-30,41214817.43,1.01439346,40955950.77,0.0,0.0,1
20870386000108,2016-12-01,39656155.0,0.97747543,39465392.17,0.0,0.0,1
20870386000108,2016-12-02,39601275.81,0.97613636,39411327.66,0.0,0.0,1
20870386000108,2016-12-05,39503933.59,0.97378955,39316575.42,0.0,0.0,1
20870386000108,2016-12-06,40049996.34,0.98671366,39838384.17,0.0,0.0,1
20870386000108,2016-12-07,40119426.03,0.98832451,39903421.91,0.0,0.0,1
20870386000108,2016-12-08,39757425.98,0.97969556,39555029.65,0.0,0.0,1
20870386000108,2016-12-09,40035829.14,0.98626666,39820336.5,0.0,0.0,1
20870386000108,2016-12-12,39782925.93,0.9802271999999999,39576494.53,0.0,0.0,1
20870386000108,2016-12-13,39740131.73,0.97917488,39534007.26,0.0,0.0,1
20870386000108,2016-12-14,39633507.59,0.97660767,39430356.38,0.0,0.0,1
20870386000108,2016-12-15,39652797.87,0.97702902,39447368.5,0.0,0.0,1
20870386000108,2016-12-16,39011306.2,0.96176721,38831175.78,0.0,0.0,1
20870386000108,2016-12-19,38639458.19,0.95290606,38473408.27,0.0,0.0,1
20870386000108,2016-12-20,38552708.19,0.95081201,38388861.36,0.0,0.0,1
20870386000108,2016-12-21,38621334.83,0.95240584,38453212.13,0.0,0.0,1
20870386000108,2016-12-22,38606562.49,0.95202018,38437641.09,0.0,0.0,1
20870386000108,2016-12-23,38642418.99,0.95283619,38470587.35,0.0,0.0,1
20870386000108,2016-12-26,38865953.07,0.95810657,38683377.92,0.0,0.0,1
20870386000108,2016-12-27,39221486.76,0.96650959,39022648.52,0.0,0.0,1
20870386000108,2016-12-28,39343155.66,0.97054826,39185709.01,0.0,0.0,1
20870386000108,2016-12-29,39476222.98,0.97367054,39311770.28,0.0,0.0,1
20870386000108,2016-12-30,39482055.26,0.97377281,39315899.6,0.0,0.0,1
20870386000108,2017-01-02,39218566.57,0.97162422,39229150.49,0.0,0.0,1
20870386000108,2017-01-03,40085851.22,0.992286,40063366.42,0.0,0.0,1
20870386000108,2017-01-04,39971246.69,0.98953192,39952170.6,0.0,0.0,1
20870386000108,2017-01-05,40231264.04,0.99566854,40199935.59,0.0,0.0,1
20870386000108,2017-01-06,39487603.95,0.97798321,39485893.91,0.0,0.0,1
20870386000108,2017-01-09,39345387.09,0.97447939,39344427.73,0.0,0.0,1
20870386000108,2017-01-10,39537091.81,0.97908984,39530573.67,0.0,0.0,1
20870386000108,2017-01-11,39765202.49,0.98446978,39747787.99,0.0,0.0,1
20870386000108,2017-01-12,40511317.46,1.00214394,40461378.81,0.0,0.0,1
20870386000108,2017-01-13,40120261.44,0.99282607,40085171.48,0.0,0.0,1
20870386000108,2017-01-16,39909491.8,0.98778769,39881747.96,0.0,0.0,1
20870386000108,2017-01-17,40000279.0,0.98990685,39967308.64,0.0,0.0,1
20870386000108,2017-01-18,39720022.19,0.98321942,39697304.83,0.0,0.0,1
20870386000108,2017-01-19,39605424.01,0.98045907,39585856.09,0.0,0.0,1
20870386000108,2017-01-20,39807057.24,0.98521461,39777860.04,0.0,0.0,1
20870386000108,2017-01-23,40049172.05,0.9909256,40008440.55,0.0,0.0,1
20870386000108,2017-01-24,40247099.68,0.99558755,40196665.67,0.0,0.0,1
20870386000108,2017-01-25,40252559.3,0.99568115,40200444.68,0.0,0.0,1
20870386000108,2017-01-26,40223099.59,0.99494596,40170761.74,0.0,0.0,1
20870386000108,2017-01-27,40077978.23,0.99146567,40030245.76,0.0,0.0,1
20870386000108,2017-01-30,39493332.68,0.97859068,39510420.3,0.0,0.0,1
20870386000108,2017-01-31,39485778.12,0.97834642,39500558.37,0.0,0.0,1
20870386000108,2017-02-01,39405475.51,0.97630055,39417956.67,0.0,0.0,1
20870386000108,2017-02-02,39351955.32,0.97491814,39362142.09,0.0,0.0,1
20870386000108,2017-02-03,39844792.07,0.98701421,39850518.77,0.0,0.0,1
20870386000108,2017-02-06,39198952.64,0.9710144,39204529.25,0.0,0.0,1
20870386000108,2017-02-07,39022828.56,0.96659565,39026122.89,0.0,0.0,1
20870386000108,2017-02-08,38678896.09,0.95802088,38679918.26,0.0,0.0,1
20870386000108,2017-02-09,38688686.63,0.95820739,38687448.75,0.0,0.0,1
20870386000108,2017-02-10,39145824.41,0.96947376,39142326.05,0.0,0.0,1
20870386000108,2017-02-13,38915817.76,0.96372034,38910033.1,0.0,0.0,1
20870386000108,2017-02-14,39122582.31,0.96878517,39114524.55,0.0,0.0,1
20870386000108,2017-02-15,39540309.12,0.97907474,39529964.21,0.0,0.0,1
20870386000108,2017-02-16,39468599.51,0.97724147,39455946.3,0.0,0.0,1
20870386000108,2017-02-17,39201934.86,0.97057965,39186976.5,0.0,0.0,1
20870386000108,2017-02-20,39023401.71,0.96610107,39006154.51,0.0,0.0,1
20870386000108,2017-02-21,38617535.64,0.95599218,38598009.87,0.0,0.0,1
20870386000108,2017-02-22,38327039.37,0.94874133,38305258.2,0.0,0.0,1
20870386000108,2017-02-23,38211366.67,0.94673732,38224346.7,0.0,0.0,1
20870386000108,2017-02-24,38011186.99,0.94172395,38021932.82,0.0,0.0,1
20870386000108,2017-03-01,37707565.34,0.93414886,37716090.02,0.0,0.0,1
20870386000108,2017-03-02,37418261.11,0.92692882,37424582.01,0.0,0.0,1
20870386000108,2017-03-03,37802026.54,0.93637971,37806160.19,0.0,0.0,1
20870386000108,2017-03-06,37350868.97,0.92515077,37352793.7,0.0,0.0,1
20870386000108,2017-03-07,37006353.75,0.91656371,37006092.47,0.0,0.0,1
20870386000108,2017-03-08,36812918.18,0.91171913,36810493.4,0.0,0.0,1
20870386000108,2017-03-09,37314893.88,0.92409871,37310316.71,0.0,0.0,1
20870386000108,2017-03-10,37261977.74,0.92273407,37255219.8,0.0,0.0,1
20870386000108,2017-03-13,37274643.09,0.92299383,37265707.5,0.0,0.0,1
20870386000108,2017-03-14,36472286.02,0.90306717,36461172.21,0.0,0.0,1
20870386000108,2017-03-15,36432374.04,0.90202581,36419127.64,0.0,0.0,1
20870386000108,2017-03-16,37506609.56,0.92857962,37491232.98,0.0,0.0,1
20870386000108,2017-03-17,36325582.87,0.89927379,36308015.25,0.0,0.0,1
20870386000108,2017-03-20,36194074.75,0.895964,36174383.23,0.0,0.0,1
20870386000108,2017-03-21,35608362.73,0.88140472,35586554.91,0.0,0.0,1
20870386000108,2017-03-22,35388686.91,0.87591222,35364796.13,0.0,0.0,1
20870386000108,2017-03-23,35415986.58,0.8765371,35390025.44,0.0,0.0,1
20870386000108,2017-03-24,35175458.68,0.87052841,35147425.73,0.0,0.0,1
20870386000108,2017-03-27,35628719.27,0.88170376,35598628.29,0.0,0.0,1
20870386000108,2017-03-28,36329432.69,0.89900736,36297258.08,0.0,0.0,1
20870386000108,2017-03-29,36164781.04,0.89487669,36130483.15,0.0,0.0,1
20870386000108,2017-03-30,35711017.78,0.8848735000000001,35726606.06,0.0,0.0,1
20870386000108,2017-03-31,36067120.19,0.89364162,36080617.58,0.0,0.0,1
20870386000108,2017-04-03,36190905.61,0.89665628,36202333.93,0.0,0.0,1
20870386000108,2017-04-04,36267666.77,0.89850608,36277019.11,0.0,0.0,1
20870386000108,2017-04-05,36336881.65,0.90016816,36344125.43,0.0,0.0,1
20870386000108,2017-04-06,36095806.02,0.8941449,36100937.34,0.0,0.0,1
20870386000108,2017-04-07,36323407.98,0.89973015,36326440.63,0.0,0.0,1
20870386000108,2017-04-10,36147635.5,0.89532433,36148556.69,0.0,0.0,1
20870386000108,2017-04-11,36253455.85,0.89789321,36252274.71,0.0,0.0,1
20870386000108,2017-04-12,36591479.96,0.90621317,36588191.57,0.0,0.0,1
20870386000108,2017-04-13,36731631.09,0.90963176,36726216.39,0.0,0.0,1
20870386000108,2017-04-17,37048455.56,0.91742598,37040906.7,0.0,0.0,1
20870386000108,2017-04-18,37400250.29,0.9260859,37390549.42,0.0,0.0,1
20870386000108,2017-04-19,37156335.33,0.91999081,37144461.15,0.0,0.0,1
20870386000108,2017-04-20,37411959.13,0.9262684000000001,37397917.63,0.0,0.0,1
20870386000108,2017-04-24,37356416.32,0.92483868,37340193.13,0.0,0.0,1
20870386000108,2017-04-25,37126576.31,0.91909207,37108174.68,0.0,0.0,1
20870386000108,2017-04-26,36812570.89,0.91126118,36792004.01,0.0,0.0,1
20870386000108,2017-04-27,36839781.17,0.91277358,36853066.97,0.0,0.0,1
20870386000108,2017-04-28,37056525.88,0.91808863,37067660.9,0.0,0.0,1
20870386000108,2017-05-02,37886402.89,0.93858941,37895376.27,0.0,0.0,1
20870386000108,2017-05-03,38190090.76,0.94605642,38196855.51,0.0,0.0,1
20870386000108,2017-05-04,38195557.55,0.9461367,38200096.58,0.0,0.0,1
20870386000108,2017-05-05,38726342.72,0.95922801,38728655.85,0.0,0.0,1
20870386000108,2017-05-08,38978822.09,0.96542552,38978879.33,0.0,0.0,1
20870386000108,2017-05-09,39582392.03,0.98031846,39580179.17,0.0,0.0,1
20870386000108,2017-05-10,40577102.66,1.0048983,40572585.56,0.0,0.0,1
20870386000108,2017-05-11,40524678.56,1.0035414,40517800.93,0.0,0.0,1
20870386000108,2017-05-12,41397351.72,1.02467806,41371189.65,0.0,0.0,1
20870386000108,2017-05-15,41082959.55,1.01717681,41068328.07,0.0,0.0,1
20870386000108,2017-05-16,40559969.46,1.00423828,40545937.54,0.0,0.0,1
20870386000108,2017-05-17,39805879.9,0.98550263,39789488.96,0.0,0.0,1
20870386000108,2017-05-18,37580150.89,0.9303186,37561443.85,0.0,0.0,1
20870386000108,2017-05-19,37434740.06,0.92666285,37413843.36,0.0,0.0,1
20870386000108,2017-05-22,37425073.68,0.92636934,37401993.15,0.0,0.0,1
20870386000108,2017-05-23,37963533.62,0.93965186,37938272.47,0.0,0.0,1
20870386000108,2017-05-24,38971762.49,0.96456882,38944290.29,0.0,0.0,1
20870386000108,2017-05-25,39256028.1,0.97155331,39226287.77,0.0,0.0,1
20870386000108,2017-05-26,39665983.77,0.98165049,39633959.31,0.0,0.0,1
20870386000108,2017-05-29,39885170.7,0.98702214,39850838.97,0.0,0.0,1
20870386000108,2017-05-30,39579796.86,0.98068915,39595145.54,0.0,0.0,1
20870386000108,2017-05-31,38635430.55,0.95724207,38648474.17,0.0,0.0,1
20870386000108,2017-06-01,38340953.84,0.94989297,38351755.26,0.0,0.0,1
20870386000108,2017-06-02,38616923.97,0.95667305,38625500.02,0.0,0.0,1
20870386000108,2017-06-05,38816681.43,0.96156513,38823016.59,0.0,0.0,1
20870386000108,2017-06-06,39106735.48,0.96869338,39110818.53,0.0,0.0,1
20870386000108,2017-06-07,39073237.27,0.96780751,39075051.89,0.0,0.0,1
20870386000108,2017-06-08,38871821.83,0.96276274,38871370.04,0.0,0.0,1
20870386000108,2017-06-09,38993310.94,0.96571592,38990604.3,0.0,0.0,1
20870386000108,2017-06-12,38733032.23,0.95921335,38728063.98,0.0,0.0,1
20870386000108,2017-06-13,38706203.74,0.95849296,38698978.46,0.0,0.0,1
20870386000108,2017-06-14,38279368.48,0.94786534,38269890.37,0.0,0.0,1
20870386000108,2017-06-16,38520293.09,0.95377735,38508586.5,0.0,0.0,1
20870386000108,2017-06-19,39002953.81,0.96567632,38989005.19,0.0,0.0,1
20870386000108,2017-06-20,38847988.04,0.96178189,38831768.58,0.0,0.0,1
20870386000108,2017-06-21,38888954.87,0.96274057,38870475.03,0.0,0.0,1
20870386000108,2017-06-22,38403935.61,0.95067162,38383193.2,0.0,0.0,1
20870386000108,2017-06-23,38038311.11,0.94156051,38015333.79,0.0,0.0,1
20870386000108,2017-06-26,38221620.86,0.94604587,38196429.51,0.0,0.0,1
20870386000108,2017-06-27,37766621.16,0.93472139,37739205.49,0.0,0.0,1
20870386000108,2017-06-28,37721066.33,0.93353864,37691452.28,0.0,0.0,1
20870386000108,2017-06-29,37586954.26,0.9313019,37601144.54,0.0,0.0,1
20870386000108,2017-06-30,37881344.47,0.93853908,37893344.22,0.0,0.0,1
20870386000108,2017-07-03,37764388.49,0.93558872,37774223.98,0.0,0.0,1
20870386000108,2017-07-04,37599817.5,0.9314591999999998,37607495.5,0.0,0.0,1
20870386000108,2017-07-05,37572586.75,0.93073088,37578089.64,0.0,0.0,1
20870386000108,2017-07-06,37177078.33,0.92088113,37180407.8,0.0,0.0,1
20870386000108,2017-07-07,36956989.57,0.91537672,36958168.18,0.0,0.0,1
20870386000108,2017-07-10,36774485.29,0.91080351,36773525.65,0.0,0.0,1
20870386000108,2017-07-11,36835981.26,0.91227357,36832878.95,0.0,0.0,1
20870386000108,2017-07-12,37307391.46,0.92389626,37302143.12,0.0,0.0,1
20870386000108,2017-07-13,37590439.43,0.93085296,37583018.42,0.0,0.0,1
20870386000108,2017-07-14,37671425.39,0.9328046,37661815.76,0.0,0.0,1
20870386000108,2017-07-17,37608867.9,0.93120087,37597065.2,0.0,0.0,1
20870386000108,2017-07-18,37325028.84,0.9241165,37311035.18,0.0,0.0,1
20870386000108,2017-07-19,37122047.08,0.91903524,37105880.26,0.0,0.0,1
20870386000108,2017-07-20,37327272.4,0.92406464,37308941.49,0.0,0.0,1
20870386000108,2017-07-21,37443511.86,0.92688983,37423007.91,0.0,0.0,1
20870386000108,2017-07-24,37570520.15,0.92998158,37547836.67,0.0,0.0,1
20870386000108,2017-07-25,37872400.94,0.93740438,37847530.85,0.0,0.0,1
20870386000108,2017-07-26,38050542.27,0.94176199,38023468.56,0.0,0.0,1
20870386000108,2017-07-27,37875289.61,0.93736652,37846002.31,0.0,0.0,1
20870386000108,2017-07-28,37978698.8,0.94098773,37992207.96,0.0,0.0,1
20870386000108,2017-07-31,37959187.54,0.94044969,37970484.87,0.0,0.0,1
20870386000108,2017-08-01,38452978.06,0.95262531,38462073.11,0.0,0.0,1
20870386000108,2017-08-02,38632379.45,0.95701347,38639244.32,0.0,0.0,1
20870386000108,2017-08-03,39202137.09,0.97106969,39206761.72,0.0,0.0,1
20870386000108,2017-08-04,39034035.74,0.96684989,39036387.93,0.0,0.0,1
20870386000108,2017-08-07,39585825.34,0.98046052,39585914.76,0.0,0.0,1
20870386000108,2017-08-08,39291120.92,0.97310449,39288916.38,0.0,0.0,1
20870386000108,2017-08-09,38819054.48,0.96135599,38814572.84,0.0,0.0,1
20870386000108,2017-08-10,38030178.21,0.94176144,38023446.39,0.0,0.0,1
20870386000108,2017-08-11,39225652.68,0.97131623,39216715.57,0.0,0.0,1
20870386000108,2017-08-14,39784839.19,0.98510981,39773629.07,0.0,0.0,1
20870386000108,2017-08-15,39818304.84,0.98588141,39804782.11,0.0,0.0,1
20870386000108,2017-08-16,39469064.23,0.97717352,39453202.58,0.0,0.0,1
20870386000108,2017-08-17,39167239.81,0.96964052,39149059.17,0.0,0.0,1
20870386000108,2017-08-18,39417820.56,0.97578987,39397338.2,0.0,0.0,1
20870386000108,2017-08-21,39324517.2,0.97342155,39301717.73,0.0,0.0,1
20870386000108,2017-08-22,39619484.92,0.98067002,39594373.13,0.0,0.0,1
20870386000108,2017-08-23,39553821.44,0.97898604,39526382.65,0.0,0.0,1
20870386000108,2017-08-24,40234880.57,0.99579691,40205118.65,0.0,0.0,1
20870386000108,2017-08-25,40124781.97,0.99301151,40092658.4,0.0,0.0,1
20870386000108,2017-08-28,40245671.03,0.99594734,40211192.17,0.0,0.0,1
20870386000108,2017-08-29,40222566.87,0.9953165999999999,40185726.02,0.0,0.0,1
20870386000108,2017-08-30,39990965.84,0.99083455,40004764.43,0.0,0.0,1
20870386000108,2017-08-31,40260984.75,0.99746415,40272433.07,0.0,0.0,1
20870386000108,2017-09-01,41134400.98,1.01903824,41143482.97,0.0,0.0,1
20870386000108,2017-09-04,41520990.87,1.02855343,41527657.12,0.0,0.0,1
20870386000108,2017-09-05,41933823.02,1.03871805,41938051.72,0.0,0.0,1
20870386000108,2017-09-06,42302004.29,1.04773881,42302263.32,0.0,0.0,1
20870386000108,2017-09-08,42112207.03,1.04301384,42111493.39,0.0,0.0,1
20870386000108,2017-09-11,42395654.94,1.04987275,42388420.66,0.0,0.0,1
20870386000108,2017-09-12,42176965.53,1.04449499,42171294.83,0.0,0.0,1
20870386000108,2017-09-13,42661046.31,1.05608056,42639060.13,0.0,0.0,1
20870386000108,2017-09-14,42934127.55,1.06251614,42898895.44,0.0,0.0,1
20870386000108,2017-09-15,43989096.52,1.08748665,43907075.25,0.0,0.0,1
20870386000108,2017-09-18,44040701.22,1.08866008,43954451.97,0.0,0.0,1
20870386000108,2017-09-19,43829949.21,1.08363534,43751579.16,0.0,0.0,1
20870386000108,2017-09-20,43940918.01,1.08621123,43855580.14,0.0,0.0,1
20870386000108,2017-09-21,43822903.39,1.08337437,43741042.59,0.0,0.0,1
20870386000108,2017-09-22,44027294.67,1.08816028,43934272.96,0.0,0.0,1
20870386000108,2017-09-25,43098057.11,1.0660754,43042599.88,0.0,0.0,1
20870386000108,2017-09-26,43436424.58,1.0740598,43364968.4,0.0,0.0,1
20870386000108,2017-09-27,43429996.93,1.07386028,43356912.84,0.0,0.0,1
20870386000108,2017-09-28,43261725.15,1.07102996,43242639.32,0.0,0.0,1
20870386000108,2017-09-29,43264857.56,1.07105752,43243751.91,0.0,0.0,1
20870386000108,2017-10-02,43120756.69,1.06759199,43103831.86,0.0,0.0,1
20870386000108,2017-10-03,43767021.9,1.08288547,43721303.41,0.0,0.0,1
20870386000108,2017-10-04,44012060.98,1.08864716,43953930.62,0.0,0.0,1
20870386000108,2017-10-05,43956597.78,1.08729123,43899184.89,0.0,0.0,1
20870386000108,2017-10-06,43500540.77,1.07642008,43460264.56,0.0,0.0,1
20870386000108,2017-10-09,43373763.5,1.07336477,43336907.01,0.0,0.0,1
20870386000108,2017-10-10,43674652.68,1.08046002,43623376.15,0.0,0.0,1
20870386000108,2017-10-11,43707941.78,1.08120357,43653396.82,0.0,0.0,1
20870386000108,2017-10-13,43424493.93,1.07442954,43379896.63,0.0,0.0,1
20870386000108,2017-10-16,42793699.22,1.05941183,42773559.53,0.0,0.0,1
20870386000108,2017-10-17,42367872.55,1.0489778,42352287.32,0.0,0.0,1
20870386000108,2017-10-18,42711136.48,1.05736206,42690800.2,0.0,0.0,1
20870386000108,2017-10-19,42496573.94,1.05204286,42476038.4,0.0,0.0,1
20870386000108,2017-10-20,42514761.18,1.05243209,42491753.86,0.0,0.0,1
20870386000108,2017-10-23,42259089.84,1.04603802,42233594.13,0.0,0.0,1
20870386000108,2017-10-24,42645109.17,1.05553764,42617139.72,0.0,0.0,1
20870386000108,2017-10-25,42803828.91,1.05933587,42770492.57,0.0,0.0,1
20870386000108,2017-10-26,42683051.39,1.05635356,42650082.25,0.0,0.0,1
20870386000108,2017-10-27,43045726.21,1.06498464,42998560.47,0.0,0.0,1
20870386000108,2017-10-30,42374471.18,1.05004778,42395487.51,0.0,0.0,1
20870386000108,2017-10-31,42445845.83,1.05175408,42464379.23,0.0,0.0,1
20870386000108,2017-11-01,41901453.32,1.03820904,41917500.58,0.0,0.0,1
20870386000108,2017-11-03,41649651.27,1.03191162,41663243.43,0.0,0.0,1
20870386000108,2017-11-06,41453623.38,1.02699649,41464795.87,0.0,0.0,1
20870386000108,2017-11-07,41247548.68,1.02183228,41256291.75,0.0,0.0,1
20870386000108,2017-11-08,41715774.39,1.03336937,41722099.87,0.0,0.0,1
20870386000108,2017-11-09,41355040.55,1.02437421,41358922.01,0.0,0.0,1
20870386000108,2017-11-10,40045067.09,0.99186888,40046525.16,0.0,0.0,1
20870386000108,2017-11-13,40126052.11,0.99381653,40125161.24,0.0,0.0,1
20870386000108,2017-11-14,39818568.72,0.98614252,39815324.44,0.0,0.0,1
20870386000108,2017-11-16,39852821.35,0.98693286,39847234.37,0.0,0.0,1
20870386000108,2017-11-17,39727646.67,0.9837746,39719720.06,0.0,0.0,1
20870386000108,2017-11-20,39729309.49,0.98375807,39719052.49,0.0,0.0,1
20870386000108,2017-11-21,40279887.39,0.99733701,40267300.04,0.0,0.0,1
20870386000108,2017-11-22,40218166.14,0.99574982,40203217.31,0.0,0.0,1
20870386000108,2017-11-23,40132045.36,0.99355839,40114738.71,0.0,0.0,1
20870386000108,2017-11-24,39922125.15,0.98830083,39902465.69,0.0,0.0,1
20870386000108,2017-11-27,39629336.55,0.98099109,39607336.34,0.0,0.0,1
20870386000108,2017-11-28,39809529.05,0.98539652,39785204.81,0.0,0.0,1
20870386000108,2017-11-29,39290224.9,0.97346735,39303566.55,0.0,0.0,1
20870386000108,2017-11-30,38754904.13,0.96015143,38765939.02,0.0,0.0,1
20870386000108,2017-12-01,39039673.39,0.96714886,39048458.63,0.0,0.0,1
20870386000108,2017-12-04,39312817.24,0.97385794,39319336.79,0.0,0.0,1
20870386000108,2017-12-05,38684842.01,0.95824781,38689080.49,0.0,0.0,1
20870386000108,2017-12-06,38425839.18,0.95177724,38427832.38,0.0,0.0,1
20870386000108,2017-12-07,37839832.83,0.93720784,37839595.56,0.0,0.0,1
20870386000108,2017-12-08,37930785.37,0.93940613,37928351.01,0.0,0.0,1
20870386000108,2017-12-11,37945232.94,0.93970942,37940596.47,0.0,0.0,1
20870386000108,2017-12-12,38087063.87,0.94316742,38080212.46,0.0,0.0,1
20870386000108,2017-12-13,38169667.64,0.94515829,38160593.37,0.0,0.0,1
20870386000108,2017-12-14,37820937.4,0.93646576,37809634.15,0.0,0.0,1
20870386000108,2017-12-15,37711225.13,0.93369374,37697714.38,0.0,0.0,1
20870386000108,2017-12-18,37614731.13,0.93124927,37599019.23,0.0,0.0,1
20870386000108,2017-12-19,37229285.94,0.92164821,37211378.47,0.0,0.0,1
20870386000108,2017-12-20,37632574.63,0.9315829999999999,37612493.62,0.0,0.0,1
20870386000108,2017-12-21,38610063.26,0.95573895,38587785.94,0.0,0.0,1
20870386000108,2017-12-22,38677537.35,0.95735438,38653008.37,0.0,0.0,1
20870386000108,2017-12-26,38985125.36,0.96491683,38958341.03,0.0,0.0,1
20870386000108,2017-12-27,39005781.23,0.96650383,39022416.02,0.0,0.0,1
20870386000108,2017-12-28,39079644.0,0.96827688,39094002.47,0.0,0.0,1
20870386000108,2017-12-29,39079622.67,0.96821987,39091700.75,0.0,0.0,1
20870386000108,2018-01-02,39370366.18,0.97536522,39380193.05,0.0,0.0,1
20870386000108,2018-01-03,39507833.09,0.97871383,39515392.37,0.0,0.0,1
20870386000108,2018-01-04,39929106.12,0.98909074,39934358.27,0.0,0.0,1
20870386000108,2018-01-05,40662855.21,1.00720644,40665776.46,0.0,0.0,1
20870386000108,2018-01-08,40907735.4,1.01321286,40908284.26,0.0,0.0,1
20870386000108,2018-01-09,40710146.95,1.0082599,40708309.65,0.0,0.0,1
20870386000108,2018-01-10,40284607.9,0.99766137,40280395.77,0.0,0.0,1
20870386000108,2018-01-11,40671155.73,1.00717684,40664581.08,0.0,0.0,1
20870386000108,2018-01-12,40586762.16,1.00502782,40577814.74,0.0,0.0,1
20870386000108,2018-01-15,40743904.95,1.00886111,40732583.17,0.0,0.0,1
20870386000108,2018-01-16,40687125.15,1.00739594,40673427.18,0.0,0.0,1
20870386000108,2018-01-17,40955519.59,1.01398474,40939448.78,0.0,0.0,1
20870386000108,2018-01-18,40212587.59,0.99552472,40194128.85,0.0,0.0,1
20870386000108,2018-01-19,40162497.53,0.99422599,40141693.14,0.0,0.0,1
20870386000108,2018-01-22,39798541.74,0.98515355,39775394.71,0.0,0.0,1
20870386000108,2018-01-23,39319087.02,0.97322094,39293618.11,0.0,0.0,1
20870386000108,2018-01-24,40228928.49,0.99569899,40201165.03,0.0,0.0,1
20870386000108,2018-01-25,40229317.4,0.99565051,40199207.9,0.0,0.0,1
20870386000108,2018-01-26,40963075.33,1.01376606,40930619.9,0.0,0.0,1
20870386000108,2018-01-29,41307430.67,1.0222359,41272587.83,0.0,0.0,1
20870386000108,2018-01-30,40775028.58,1.01047587,40797778.89,0.0,0.0,1
20870386000108,2018-01-31,40498460.31,1.00356691,40518830.75,0.0,0.0,1
20870386000108,2018-02-01,40897087.64,1.01338177,40915104.15,0.0,0.0,1
20870386000108,2018-02-02,40247058.11,0.99722304,40262698.21,0.0,0.0,1
20870386000108,2018-02-05,39385007.47,0.9758139000000001,39398308.18,0.0,0.0,1
20870386000108,2018-02-06,39431604.55,0.97691128,39442614.92,0.0,0.0,1
20870386000108,2018-02-07,38759841.89,0.9602163,38768557.84,0.0,0.0,1
20870386000108,2018-02-08,38185313.07,0.94593057,38191774.41,0.0,0.0,1
20870386000108,2018-02-09,37744462.42,0.93495659,37748701.89,0.0,0.0,1
20870386000108,2018-02-14,38121506.5,0.94424078,38123549.25,0.0,0.0,1
20870386000108,2018-02-15,38026932.54,0.94184344,38026757.28,0.0,0.0,1
20870386000108,2018-02-16,37824816.9,0.93678266,37822429.12,0.0,0.0,1
20870386000108,2018-02-19,38072901.52,0.94287246,38068303.73,0.0,0.0,1
20870386000108,2018-02-20,38300236.71,0.948448,38293414.94,0.0,0.0,1
20870386000108,2018-02-21,38742763.56,0.95935307,38733705.03,0.0,0.0,1
20870386000108,2018-02-22,38929278.87,0.96391664,38917958.63,0.0,0.0,1
20870386000108,2018-02-23,37905554.01,0.93850484,37891961.56,0.0,0.0,1
20870386000108,2018-02-26,38154230.09,0.94460919,38138423.67,0.0,0.0,1
20870386000108,2018-02-27,37987385.66,0.94146187,38011351.31,0.0,0.0,1
20870386000108,2018-02-28,37999482.68,0.94170649,38021227.58,0.0,0.0,1
20870386000108,2018-03-01,38149428.72,0.94536535,38168953.45,0.0,0.0,1
20870386000108,2018-03-02,38484591.27,0.95361143,38501887.44,0.0,0.0,1
20870386000108,2018-03-05,36799106.87,0.91180983,36814155.59,0.0,0.0,1
20870386000108,2018-03-06,36503746.38,0.90444137,36516655.42,0.0,0.0,1
20870386000108,2018-03-07,36682569.35,0.90881727,36693331.59,0.0,0.0,1
20870386000108,2018-03-08,36685725.77,0.90884233,36694343.19,0.0,0.0,1
20870386000108,2018-03-09,37527142.74,0.92962935,37533615.28,0.0,0.0,1
20870386000108,2018-03-12,37699315.3,0.9338394,37703595.33,0.0,0.0,1
20870386000108,2018-03-13,37712387.79,0.93410804,37714441.68,0.0,0.0,1
20870386000108,2018-03-14,37444979.48,0.92743034,37444830.62,0.0,0.0,1
20870386000108,2018-03-15,36855894.45,0.91278575,36853558.1,0.0,0.0,1
20870386000108,2018-03-16,36631161.56,0.90716624,36626671.3,0.0,0.0,1
20870386000108,2018-03-19,36340096.04,0.89990412,36333464.75,0.0,0.0,1
20870386000108,2018-03-20,36179474.46,0.89587304,36170710.48,0.0,0.0,1
20870386000108,2018-03-21,35984997.82,0.89100387,35974118.68,0.0,0.0,1
20870386000108,2018-03-22,35776182.22,0.88577983,35763199.07,0.0,0.0,1
20870386000108,2018-03-23,35136136.72,0.86987542,35121061.53,0.0,0.0,1
20870386000108,2018-03-26,34841046.86,0.86251575,34823916.06,0.0,0.0,1
20870386000108,2018-03-27,34679114.97,0.85845454,34659945.44,0.0,0.0,1
20870386000108,2018-03-28,34230163.23,0.84825062,34247964.26,0.0,0.0,1
20870386000108,2018-03-29,34714853.82,0.86020571,34730648.79,0.0,0.0,1
20870386000108,2018-04-02,34311642.22,0.85016965,34325444.7,0.0,0.0,1
20870386000108,2018-04-03,34541276.39,0.85580843,34553109.38,0.0,0.0,1
20870386000108,2018-04-04,34477147.08,0.85417011,34486962.56,0.0,0.0,1
20870386000108,2018-04-05,34605752.74,0.85730583,34613566.44,0.0,0.0,1
20870386000108,2018-04-06,34743995.36,0.86068005,34749800.11,0.0,0.0,1
20870386000108,2018-04-09,34339940.14,0.8506225000000001,34343728.22,0.0,0.0,1
20870386000108,2018-04-10,34127854.28,0.8453202,34129648.72,0.0,0.0,1
20870386000108,2018-04-11,35242020.68,0.8728667,35241833.63,0.0,0.0,1
20870386000108,2018-04-12,35495692.94,0.87909899,35493461.29,0.0,0.0,1
20870386000108,2018-04-13,34865697.07,0.86344431,34861406.55,0.0,0.0,1
20870386000108,2018-04-16,34602476.75,0.85687479,34596163.2,0.0,0.0,1
20870386000108,2018-04-17,34810243.95,0.86197101,34801922.44,0.0,0.0,1
20870386000108,2018-04-18,35272102.76,0.87336027,35261761.62,0.0,0.0,1
20870386000108,2018-04-19,35224721.69,0.87213607,35212334.81,0.0,0.0,1
20870386000108,2018-04-20,35241380.25,0.87249766,35226933.75,0.0,0.0,1
20870386000108,2018-04-23,29397826.87,0.86682916,29398352.73,0.0,5599716.37,1
20870386000108,2018-04-24,29971289.89,0.8836871999999999,29970090.13,0.0,0.0,1
20870386000108,2018-04-25,29921321.85,0.88216202,29918364.05,0.0,0.0,1
20870386000108,2018-04-26,29949542.58,0.88294238,29944829.69,0.0,0.0,1
20870386000108,2018-04-27,29872532.86,0.88128628,29888663.38,0.0,0.0,1
20870386000108,2018-04-30,29989378.76,0.88467985,30003755.88,0.0,0.0,1
20870386000108,2018-05-02,29621449.3,0.87377931,29634065.92,0.0,0.0,1
20870386000108,2018-05-03,29113526.76,0.8587516,29124403.84,0.0,0.0,1
20870386000108,2018-05-04,29121047.93,0.85892257,29130202.42,0.0,0.0,1
20870386000108,2018-05-07,29023668.71,0.85600084,29031112.26,0.0,0.0,1
20870386000108,2018-05-08,29548174.13,0.87141593,29553912.37,0.0,0.0,1
20870386000108,2018-05-09,29967428.0,0.88372674,29971431.26,0.0,0.0,1
20870386000108,2018-05-10,29886851.7,0.88129904,29889096.29,0.0,0.0,1
20870386000108,2018-05-11,29646867.76,0.87417125,29647358.35,0.0,0.0,1
20870386000108,2018-05-14,29626618.01,0.87352286,29625368.31,0.0,0.0,1
20870386000108,2018-05-15,29030181.62,0.85588527,29027192.9,0.0,0.0,1
20870386000108,2018-05-16,28963738.99,0.85387589,28959045.17,0.0,0.0,1
20870386000108,2018-05-17,28067206.72,0.82739091,28060811.68,0.0,0.0,1
20870386000108,2018-05-18,27791467.12,0.81921189,27783421.83,0.0,0.0,1
20870386000108,2018-05-21,27772152.13,0.81859418,27762472.33,0.0,0.0,1
20870386000108,2018-05-22,28273386.72,0.83332561,28262086.17,0.0,0.0,1
20870386000108,2018-05-23,27673799.01,0.81559776,27660849.36,0.0,0.0,1
20870386000108,2018-05-24,27873177.78,0.82142895,27858613.15,0.0,0.0,1
20870386000108,2018-05-25,22876790.53,0.80302177,22873928.53,0.0,4360408.22,1
20870386000108,2018-05-28,21973906.66,0.77127758,21969701.27,0.0,0.0,1
20870386000108,2018-05-29,22103036.0,0.77646762,22117538.57,0.0,0.0,1
20870386000108,2018-05-30,22242941.48,0.78133355,22256143.62,0.0,0.0,1
20870386000108,2018-06-01,22653025.91,0.79568422,22664919.76,0.0,0.0,1
20870386000108,2018-06-04,22883241.11,0.8037194999999999,22893803.48,0.0,0.0,1
20870386000108,2018-06-05,22529907.31,0.79126844,22539137.21,0.0,0.0,1
20870386000108,2018-06-06,22124922.45,0.77700438,22132828.0,0.0,0.0,1
20870386000108,2018-06-07,21275605.21,0.74714221,21282209.47,0.0,0.0,1
20870386000108,2018-06-08,21104035.69,0.74107503,21109386.93,0.0,0.0,1
20870386000108,2018-06-11,21072433.98,0.73992196,21076542.01,0.0,0.0,1
20870386000108,2018-06-12,20916689.29,0.73441074,20919555.97,0.0,0.0,1
20870386000108,2018-06-13,20821251.89,0.73101701,20822886.13,0.0,0.0,1
20870386000108,2018-06-14,20530123.54,0.72075346,20530530.82,0.0,0.0,1
20870386000108,2018-06-15,20205940.7,0.70932979,20205129.61,0.0,0.0,1
20870386000108,2018-06-18,19907501.68,0.69881054,19905490.69,0.0,0.0,1
20870386000108,2018-06-19,20211293.76,0.7094339,20208095.2,0.0,0.0,1
20870386000108,2018-06-20,20057950.76,0.70399907,20053284.98,0.0,0.0,1
20870386000108,2018-06-21,19632560.36,0.68902321,19626700.35,0.0,0.0,1
20870386000108,2018-06-22,19941958.64,0.6998441,19934931.55,0.0,0.0,1
20870386000108,2018-06-25,19850526.0,0.69659264,19842314.34,0.0,0.0,1
20870386000108,2018-06-26,19810896.72,0.69516,19801505.75,0.0,0.0,1
20870386000108,2018-06-27,19721814.89,0.69199133,19711246.92,0.0,0.0,1
20870386000108,2018-06-28,19545900.23,0.68647659,19554160.37,0.0,0.0,1
20870386000108,2018-06-29,16013022.12,0.67801615,16029928.17,0.0,3283238.28,1
20870386000108,2018-07-02,15829487.52,0.67021413,15845469.53,0.0,0.0,1
20870386000108,2018-07-03,15985113.09,0.67675796,16000181.48,0.0,0.0,1
20870386000108,2018-07-04,16087442.32,0.68104607,16101562.56,0.0,0.0,1
20870386000108,2018-07-05,15918403.14,0.67385601,15931572.51,0.0,0.0,1
20870386000108,2018-07-06,16137668.84,0.68309046,16149896.96,0.0,0.0,1
20870386000108,2018-07-09,16137556.42,0.68304277,16148769.34,0.0,0.0,1
20870386000108,2018-07-10,16005186.74,0.6774034999999999,16015443.53,0.0,0.0,1
20870386000108,2018-07-11,15980212.58,0.67630716,15989523.38,0.0,0.0,1
20870386000108,2018-07-12,16299223.22,0.68976036,16307589.48,0.0,0.0,1
20870386000108,2018-07-13,16532546.42,0.6995885000000001,16539950.1,0.0,0.0,1
20870386000108,2018-07-16,16396669.77,0.69380006,16403097.67,0.0,0.0,1
20870386000108,2018-07-17,16872774.93,0.71389689,16878234.83,0.0,0.0,1
20870386000108,2018-07-18,16621605.29,0.70323111,16626070.23,0.0,0.0,1
20870386000108,2018-07-19,16674240.36,0.70541593,16677724.64,0.0,0.0,1
20870386000108,2018-07-20,17095187.5,0.72317909,17097688.21,0.0,0.0,1
20870386000108,2018-07-23,17077096.42,0.72237128,17078589.7,0.0,0.0,1
20870386000108,2018-07-24,17230517.28,0.72881794,17231004.23,0.0,0.0,1
20870386000108,2018-07-25,17231802.62,0.72882937,17231274.58,0.0,0.0,1
20870386000108,2018-07-26,17047675.53,0.72099844,17046132.5,0.0,0.0,1
20870386000108,2018-07-27,17009157.34,0.71932675,17006609.82,0.0,0.0,1
20870386000108,2018-07-30,14883184.52,0.7159793000000001,14898273.55,0.0,2029194.54,1
20870386000108,2018-07-31,14424085.02,0.69386729,14438161.38,0.0,0.0,1
20870386000108,2018-08-01,14611272.3,0.70281626,14624373.75,0.0,0.0,1
20870386000108,2018-08-02,14751188.38,0.70949289,14763302.71,0.0,0.0,1
20870386000108,2018-08-03,15035957.73,0.72312985,15047063.86,0.0,0.0,1
20870386000108,2018-08-06,14944827.1,0.71870785,14955049.81,0.0,0.0,1
20870386000108,2018-08-07,15044560.63,0.72345235,15053774.58,0.0,0.0,1
20870386000108,2018-08-08,14908950.24,0.71689273,14917280.39,0.0,0.0,1
20870386000108,2018-08-09,15039579.22,0.72312212,15046903.07,0.0,0.0,1
20870386000108,2018-08-10,14628101.12,0.70330491,14634541.57,0.0,0.0,1
20870386000108,2018-08-13,14498534.13,0.69703044,14503980.98,0.0,0.0,1
20870386000108,2018-08-14,14442355.99,0.6942833,14446817.78,0.0,0.0,1
20870386000108,2018-08-15,14219382.05,0.68351981,14222848.48,0.0,0.0,1
20870386000108,2018-08-16,14196501.47,0.68237329,14198991.3,0.0,0.0,1
20870386000108,2018-08-17,13879307.8,0.66708278,13880822.58,0.0,0.0,1
20870386000108,2018-08-20,14117540.77,0.67848589,14118101.35,0.0,0.0,1
20870386000108,2018-08-21,13755435.11,0.66103726,13755025.96,0.0,0.0,1
20870386000108,2018-08-22,14163015.83,0.68057926,14161660.7,0.0,0.0,1
20870386000108,2018-08-23,13810964.51,0.66361368,13808636.79,0.0,0.0,1
20870386000108,2018-08-24,13801828.03,0.66312897,13798550.81,0.0,0.0,1
20870386000108,2018-08-27,14173185.86,0.68093004,14168959.84,0.0,0.0,1
20870386000108,2018-08-28,13869272.32,0.66627784,13864073.22,0.0,0.0,1
20870386000108,2018-08-29,13983761.86,0.67173416,13977609.65,0.0,0.0,1
20870386000108,2018-08-30,13573557.85,0.65298368,13587445.1,0.0,0.0,1
20870386000108,2018-08-31,13715323.73,0.65975069,13728254.75,0.0,0.0,1
20870386000108,2018-09-03,13740495.88,0.66091395,13752460.15,0.0,0.0,1
20870386000108,2018-09-04,13514505.76,0.65000681,13525501.7,0.0,0.0,1
20870386000108,2018-09-05,13576625.93,0.6529465,13586671.42,0.0,0.0,1
20870386000108,2018-09-06,13651551.55,0.65650125,13660639.57,0.0,0.0,1
20870386000108,2018-09-10,11290874.37,0.65463829,11306156.01,0.0,2315718.69,1
20870386000108,2018-09-11,11155184.3,0.6467349,11169657.79,0.0,0.0,1
20870386000108,2018-09-12,11115502.23,0.6443909999999999,11129176.51,0.0,0.0,1
20870386000108,2018-09-13,10983278.18,0.63668896,10996155.9,0.0,0.0,1
20870386000108,2018-09-14,11033349.75,0.63954254,11045439.62,0.0,0.0,1
20870386000108,2018-09-17,11336273.79,0.65703636,11347572.59,0.0,0.0,1
20870386000108,2018-09-18,11488261.98,0.66578968,11498749.91,0.0,0.0,1
20870386000108,2018-09-19,11447989.22,0.66341032,11457656.37,0.0,0.0,1
20870386000108,2018-09-20,11459004.49,0.66398498,11467581.13,0.0,0.0,1
20870386000108,2018-09-21,11550637.44,0.66924322,11558395.37,0.0,0.0,1
20870386000108,2018-09-24,11400063.93,0.6604770999999999,11406997.18,0.0,0.0,1
20870386000108,2018-09-25,11364046.42,0.65834448,11370164.9,0.0,0.0,1
20870386000108,2018-09-26,11290050.49,0.654013,11295356.62,0.0,0.0,1
20870386000108,2018-09-27,11437531.74,0.66308457,11452030.41,0.0,0.0,1
20870386000108,2018-09-28,11322256.46,0.65636267,11335937.43,0.0,0.0,1
20870386000108,2018-10-01,11272208.74,0.65341967,11285109.28,0.0,0.0,1
20870386000108,2018-10-02,11559304.22,0.6699978,11571427.65,0.0,0.0,1
20870386000108,2018-10-03,11946876.69,0.69239292,11958210.26,0.0,0.0,1
20870386000108,2018-10-04,11995604.39,0.69516572,12006098.86,0.0,0.0,1
20870386000108,2018-10-05,12001462.31,0.69545613,12011114.55,0.0,0.0,1
20870386000108,2018-10-08,12516913.73,0.72525253,12525723.4,0.0,0.0,1
20870386000108,2018-10-09,10265194.37,0.73770217,10284693.13,0.0,2456046.13,1
20870386000108,2018-10-10,10045046.64,0.72185905,10063815.87,0.0,0.0,1
20870386000108,2018-10-11,10119065.97,0.72711703,10137120.14,0.0,0.0,1
20870386000108,2018-10-15,8538845.0,0.72378111,8561406.29,0.0,1529206.05,1
20870386000108,2018-10-16,8912984.06,0.75535868,8934928.66,0.0,0.0,1
20870386000108,2018-10-17,9138136.23,0.77433884,9159439.68,0.0,0.0,1
20870386000108,2018-10-18,9205052.59,0.7799404999999999,9225700.18,0.0,0.0,1
20870386000108,2018-10-19,9274014.37,0.78571472,9294001.78,0.0,0.0,1
20870386000108,2018-10-22,9404806.22,0.79671479,9424118.62,0.0,0.0,1
20870386000108,2018-10-23,9481584.82,0.80314815,9500216.97,0.0,0.0,1
20870386000108,2018-10-24,9393130.26,0.79561227,9411077.17,0.0,0.0,1
20870386000108,2018-10-25,9511462.35,0.80555862,9528729.85,0.0,0.0,1
20870386000108,2018-10-26,9720553.61,0.82317711,9737134.01,0.0,0.0,1
20870386000108,2018-10-29,9407824.26,0.79667973,9423703.93,0.0,0.0,1
20870386000108,2018-10-30,9712817.08,0.82240632,9728016.53,0.0,0.0,1
20870386000108,2018-10-31,9797397.63,0.82949756,9811896.95,0.0,0.0,1
20870386000108,2018-11-01,10012625.3,0.84763322,10026418.58,0.0,0.0,1
20870386000108,2018-11-05,10160188.56,0.86004734,10173261.75,0.0,0.0,1
20870386000108,2018-11-06,10064972.64,0.85193559,10077310.12,0.0,0.0,1
20870386000108,2018-11-07,9930071.54,0.84046989,9941685.61,0.0,0.0,1
20870386000108,2018-11-08,8527844.64,0.82854378,8546797.13,0.0,1253817.73,1
20870386000108,2018-11-09,8492197.58,0.82502766,8510526.87,0.0,0.0,1
20870386000108,2018-11-12,6745892.61,0.81323902,6771780.18,0.0,1617141.55,1
20870386000108,2018-11-13,6721495.27,0.8102482,6746875.86,0.0,0.0,1
20870386000108,2018-11-14,6801829.28,0.81983501,6826704.52,0.0,0.0,1
20870386000108,2018-11-16,6979748.7,0.84114045,7004113.35,0.0,0.0,1
20870386000108,2018-11-19,6991698.86,0.84251286,7015541.32,0.0,0.0,1
20870386000108,2018-11-20,6947535.75,0.83714641,6970855.27,0.0,0.0,1
20870386000108,2018-11-21,6935273.47,0.83560348,6958007.4,0.0,0.0,1
20870386000108,2018-11-22,7003732.54,0.84376254,7025947.3,0.0,0.0,1
20870386000108,2018-11-23,6887628.97,0.82975651,6909320.11,0.0,0.0,1
20870386000108,2018-11-26,6763655.58,0.81480629,6784830.73,0.0,0.0,1
20870386000108,2018-11-27,6843164.12,0.82429367,6863831.43,0.0,0.0,1
20870386000108,2018-11-28,6847998.41,0.82481262,6868152.69,0.0,0.0,1
20870386000108,2018-11-29,6973062.08,0.83977016,6992703.07,0.0,0.0,1
20870386000108,2018-11-30,7099022.39,0.85483441,7118141.93,0.0,0.0,1
20870386000108,2018-12-03,7095648.66,0.85436762,7114254.96,0.0,0.0,1
20870386000108,2018-12-04,6999052.15,0.84270551,7017145.47,0.0,0.0,1
20870386000108,2018-12-05,7038696.52,0.84740421,7056271.21,0.0,0.0,1
20870386000108,2018-12-06,7026824.75,0.84591735,7043890.25,0.0,0.0,1
20870386000108,2018-12-07,6935223.59,0.8348556999999999,6951780.71,0.0,0.0,1
20870386000108,2018-12-10,6806911.14,0.81938603,6822965.91,0.0,0.0,1
20870386000108,2018-12-11,6817195.4,0.82056129,6832752.18,0.0,0.0,1
20870386000108,2018-12-12,5068937.11,0.82000069,5095585.22,0.0,1732498.96,1
20870386000108,2018-12-13,5120025.59,0.82816011,5146288.8,0.0,0.0,1
20870386000108,2018-12-14,5129091.78,0.8295565999999999,5154966.78,0.0,0.0,1
20870386000108,2018-12-17,5071126.84,0.8201661,5096613.05,0.0,0.0,1
20870386000108,2018-12-18,5128665.28,0.82936291,5153763.14,0.0,0.0,1
20870386000108,2018-12-19,5140387.77,0.83118678,5165096.93,0.0,0.0,1
20870386000108,2018-12-20,5106130.32,0.82561127,5130450.03,0.0,0.0,1
20870386000108,2018-12-21,5188755.81,0.83884537,5212688.35,0.0,0.0,1
20870386000108,2018-12-24,5188731.81,0.83877834,5212271.79,0.0,0.0,1
20870386000108,2018-12-26,5209464.98,0.84205163,5232612.42,0.0,0.0,1
20870386000108,2018-12-27,5299420.22,0.85823434,5333173.8,0.0,0.0,1
20870386000108,2018-12-28,5461203.71,0.88420471,5494556.83,0.0,0.0,1
20870386000108,2018-12-31,5444981.12,0.88152796,5477923.22,0.0,0.0,1
20870386000108,2019-01-02,5696553.6,0.92194899,5729104.43,0.0,0.0,1
20870386000108,2019-01-03,5810610.01,0.94023776,5842753.11,0.0,0.0,1
20870386000108,2019-01-04,5816377.6,0.94109909,5848105.53,0.0,0.0,1
20870386000108,2019-01-07,5725058.85,0.92633491,5756359.12,0.0,0.0,1
20870386000108,2019-01-08,5721557.89,0.92570367,5752436.49,0.0,0.0,1
20870386000108,2019-01-09,5908910.57,0.95578535,5939367.76,0.0,0.0,1
20870386000108,2019-01-10,6068389.59,0.98137898,6098409.75,0.0,0.0,1
20870386000108,2019-01-11,3989756.18,0.984636,4038308.49,0.0,2080340.75,1
20870386000108,2019-01-14,4026766.4,0.99358459,4075009.53,0.0,0.0,1
20870386000108,2019-01-15,4032083.52,0.99480505,4080015.06,0.0,0.0,1
20870386000108,2019-01-16,4147718.12,1.02292348,4195337.77,0.0,0.0,1
20870386000108,2019-01-17,4148337.59,1.02299664,4195637.8,0.0,0.0,1
20870386000108,2019-01-18,4102174.37,1.01166304,4149155.1,0.0,0.0,1
20870386000108,2019-01-21,4141374.24,1.02114376,4188038.55,0.0,0.0,1
20870386000108,2019-01-22,4173050.89,1.02878951,4219396.22,0.0,0.0,1
20870386000108,2019-01-23,4203655.18,1.03617329,4249679.47,0.0,0.0,1
20870386000108,2019-01-24,4274328.01,1.05332625,4320029.3,0.0,0.0,1
20870386000108,2019-01-25,4275713.76,1.05358425,4321087.42,0.0,0.0,1
20870386000108,2019-01-28,4234161.97,1.04337303,4279207.95,0.0,0.0,1
20870386000108,2019-01-29,4278817.86,1.05418198,4323538.9,0.0,0.0,1
20870386000108,2019-01-30,4346559.95,1.07061917,4390953.12,0.0,0.0,1
20870386000108,2019-01-31,4322886.98,1.06476613,4366947.91,0.0,0.0,1
20870386000108,2019-02-01,4308731.98,1.0612351,4352466.02,0.0,0.0,1
20870386000108,2019-02-04,4342798.1,1.06946176,4386206.21,0.0,0.0,1
20870386000108,2019-02-05,4296412.05,1.05807392,4339501.02,0.0,0.0,1
20870386000108,2019-02-06,4224132.3,1.04037113,4266896.19,0.0,0.0,1
20870386000108,2019-02-07,4143257.55,1.02057383,4185701.1,0.0,0.0,1
20870386000108,2019-02-08,4193680.42,1.03279132,4235808.96,0.0,0.0,1
20870386000108,2019-02-11,2145253.0,1.03123739,2178800.26,0.0,2050635.53,1
20870386000108,2019-02-12,2171677.5,1.04365734,2205041.15,0.0,0.0,1
20870386000108,2019-02-13,2169964.75,1.04275897,2203143.06,0.0,0.0,1
20870386000108,2019-02-14,2189909.54,1.05211128,2222902.64,0.0,0.0,1
20870386000108,2019-02-15,2202254.16,1.05786578,2235060.76,0.0,0.0,1
20870386000108,2019-02-18,2189799.51,1.0513458999999998,2221285.54,0.0,0.0,1
20870386000108,2019-02-19,2230401.75,1.07048783,2261728.64,0.0,0.0,1
20870386000108,2019-02-20,2219000.32,1.06499306,2250119.29,0.0,0.0,1
20870386000108,2019-02-21,2205346.74,1.05843271,2236258.57,0.0,0.0,1
20870386000108,2019-02-22,2228649.84,1.06936457,2259355.42,0.0,0.0,1
20870386000108,2019-02-25,2275754.71,1.09156122,2306252.55,0.0,0.0,1
20870386000108,2019-02-26,2295282.52,1.10070405,2325569.53,0.0,0.0,1
20870386000108,2019-02-27,2288229.97,1.09726566,2318304.9,0.0,0.0,1
20870386000108,2019-02-28,2275340.71,1.09106495,2305204.02,0.0,0.0,1
20870386000108,2019-03-01,2262445.17,1.08486099,2292096.28,0.0,0.0,1
20870386000108,2019-03-06,2231443.02,1.07008748,2260882.78,0.0,0.0,1
20870386000108,2019-03-07,2216492.61,1.06291231,2245723.08,0.0,0.0,1
20870386000108,2019-03-08,2250116.06,1.07872645,2279135.22,0.0,0.0,1
20870386000108,2019-03-11,2330164.22,1.1167626,2359498.07,0.0,0.0,1
20870386000108,2019-03-12,0.0,0.0,0.0,0.0,2327265.23,0
20870386000108,2019-03-13,0.0,0.0,0.0,0.0,0.0,0
20870386000108,2019-03-14,0.0,0.0,0.0,0.0,0.0,0
