CNPJ_FUNDO,DT_COMPTC,VL_TOTAL,VL_QUOTA,VL_PATRIM_LIQ,CAPTC_DIA,RESG_DIA,NR_COTST
23668091000133,2016-04-06,19300000.0,1.0,19700000.0,19700000.0,0.0,30
23668091000133,2016-04-07,19628889.29,0.99666593,19634318.89,0.0,0.0,30
23668091000133,2016-04-08,19576467.81,0.99390316,19579892.21,0.0,0.0,30
23668091000133,2016-04-11,20073079.47,1.0146258,19988128.19,0.0,0.0,30
23668091000133,2016-04-12,20313762.64,1.02385529,20169949.14,0.0,0.0,30
23668091000133,2016-04-13,20399735.87,1.03046979,20300254.82,0.0,0.0,30
23668091000133,2016-04-14,20485672.82,1.03418066,20373359.06,0.0,0.0,30
23668091000133,2016-04-15,20359425.67,1.02873618,20266102.7,0.0,0.0,30
23668091000133,2016-04-18,20319485.35,1.027016,20232215.16,0.0,0.0,30
23668091000133,2016-04-19,20453723.79,1.03285445,20347232.72,0.0,0.0,30
23668091000133,2016-04-20,20502658.65,1.03496879,20388885.2,0.0,0.0,30
23668091000133,2016-04-22,20367351.37,1.0291335,20273930.0,0.0,0.0,30
23668091000133,2016-04-25,20550892.3,1.03705605,20430004.27,0.0,0.0,30
23668091000133,2016-04-26,20758010.22,1.03305123,20351109.32,0.0,0.0,30
23668091000133,2016-04-27,21000508.24,1.04350842,20857115.92,300000.0,0.0,31
23668091000133,2016-04-28,20978280.9,1.04256573,20838273.86,0.0,0.0,31
23668091000133,2016-04-29,21146684.0,1.04973001,20981469.85,0.0,0.0,31
23668091000133,2016-05-02,21038609.59,1.04514001,20889727.27,0.0,0.0,31
23668091000133,2016-05-03,21162649.4,1.05041629,20995186.82,0.0,0.0,31
23668091000133,2016-05-04,21165246.59,1.05163163,21019478.44,0.0,0.0,31
23668091000133,2016-05-05,21110541.93,1.04931095,20973093.99,0.0,0.0,31
23668091000133,2016-05-06,21115346.68,1.04960599,20978990.93,0.0,0.0,31
23668091000133,2016-05-09,20570525.02,1.02640141,20515189.69,0.0,0.0,31
23668091000133,2016-05-10,20546230.97,1.02537061,20494586.56,0.0,0.0,31
23668091000133,2016-05-11,20662894.49,1.03035053,20594122.66,0.0,0.0,31
23668091000133,2016-05-12,20409591.59,1.0195568000000002,20378383.05,0.0,0.0,31
23668091000133,2016-05-13,20534858.41,1.02490399,20485259.98,0.0,0.0,31
23668091000133,2016-05-16,20442723.06,1.02098201,20406869.54,0.0,0.0,31
23668091000133,2016-05-17,20429782.7,1.02043679,20395971.94,0.0,0.0,31
23668091000133,2016-05-18,20474613.06,1.02235468,20434305.63,0.0,0.0,31
23668091000133,2016-05-19,20395650.54,1.01899462,20367146.45,0.0,0.0,31
23668091000133,2016-05-20,20285648.19,1.01395056,20266328.48,0.0,0.0,31
23668091000133,2016-05-23,20150986.82,1.00713176,20130037.69,0.0,0.0,31
23668091000133,2016-05-24,20038951.11,1.00144549,20016383.42,0.0,0.0,31
23668091000133,2016-05-25,19956786.8,0.99725415,19932609.11,0.0,0.0,31
23668091000133,2016-05-27,20203216.07,1.00950313,20177435.46,0.0,0.0,31
23668091000133,2016-05-30,20067335.41,1.00262368,20039932.48,0.0,0.0,31
23668091000133,2016-05-31,20153773.8,1.00686768,20124759.44,0.0,0.0,31
23668091000133,2016-06-01,19953970.36,0.99678625,19923256.83,0.0,0.0,31
23668091000133,2016-06-02,20051984.56,1.00160491,20019569.84,0.0,0.0,31
23668091000133,2016-06-03,20273855.88,1.01255328,20238400.35,0.0,0.0,31
23668091000133,2016-06-06,20402923.47,1.01892524,20365759.73,0.0,0.0,31
23668091000133,2016-06-07,20420421.82,1.02151586,20417539.8,0.0,0.0,31
23668091000133,2016-06-08,20809750.75,1.03823242,20751661.93,0.0,0.0,31
23668091000133,2016-06-09,20703576.08,1.03371048,20661279.65,0.0,0.0,31
23668091000133,2016-06-10,20760189.08,1.03612926,20709624.97,0.0,0.0,31
23668091000133,2016-06-13,20700768.62,1.03360091,20659089.7,0.0,0.0,31
23668091000133,2016-06-14,20427938.32,1.02145667,20416356.7,0.0,0.0,31
23668091000133,2016-06-15,20311604.74,1.01555018,20298300.78,0.0,0.0,31
23668091000133,2016-06-16,20376983.12,1.01873544,20361966.22,0.0,0.0,31
23668091000133,2016-06-17,20379460.9,1.01877346,20362725.99,0.0,0.0,31
23668091000133,2016-06-20,20569130.55,1.02801907,20547522.56,0.0,0.0,31
23668091000133,2016-06-21,20510387.37,1.02515123,20490201.67,0.0,0.0,31
23668091000133,2016-06-22,20407447.06,1.01991453,20385533.19,0.0,0.0,31
23668091000133,2016-06-23,20597333.29,1.02923971,20571920.19,0.0,0.0,31
23668091000133,2016-06-24,20192817.82,1.00900352,20167449.42,0.0,0.0,31
23668091000133,2016-06-27,20236600.3,1.01110883,20209529.31,0.0,0.0,31
23668091000133,2016-06-28,20141355.98,1.00625829,20112579.21,0.0,0.0,31
23668091000133,2016-06-29,15843776.15,1.01598202,20306932.2,0.0,0.0,31
23668091000133,2016-06-30,15967492.28,1.02208596,15829547.75,0.0,4599386.82,30
23668091000133,2016-07-01,15931462.26,1.02128659,15817167.54,0.0,0.0,30
23668091000133,2016-07-04,16048863.95,1.0287799000000002,15933220.17,0.0,0.0,30
23668091000133,2016-07-05,15830931.3,1.02141242,15819116.43,0.0,0.0,30
23668091000133,2016-07-06,15811056.55,1.02005644,15798115.64,0.0,0.0,30
23668091000133,2016-07-07,16248046.24,1.01648041,15742731.96,0.0,0.0,30
23668091000133,2016-07-08,16319592.84,1.02106809,16313783.59,500000.0,0.0,31
23668091000133,2016-07-11,16355273.81,1.02320547,16347932.9,0.0,0.0,31
23668091000133,2016-07-12,16348090.76,1.02267214,16339411.75,0.0,0.0,31
23668091000133,2016-07-13,16244752.72,1.01636846,16238696.69,0.0,0.0,31
23668091000133,2016-07-14,16309791.15,1.02035102,16302326.76,0.0,0.0,31
23668091000133,2016-07-15,16295736.65,1.01938289,16286858.88,0.0,0.0,31
23668091000133,2016-07-18,16443312.78,1.02851168,16432711.04,0.0,0.0,31
23668091000133,2016-07-19,16470071.54,1.03009256,16457969.12,0.0,0.0,31
23668091000133,2016-07-20,16477944.72,1.03049672,16464426.4,0.0,0.0,31
23668091000133,2016-07-21,16311549.91,1.02001664,16296984.32,0.0,0.0,31
23668091000133,2016-07-22,16263185.71,1.01690112,16247207.14,0.0,0.0,31
23668091000133,2016-07-25,16280495.27,1.01789632,16263107.69,0.0,0.0,31
23668091000133,2016-07-26,16296890.69,1.01883423,16278092.86,0.0,0.0,31
23668091000133,2016-07-27,16377615.98,1.02379843,16357406.71,0.0,0.0,31
23668091000133,2016-07-28,16315436.94,1.01981795,16293809.89,0.0,0.0,31
23668091000133,2016-07-29,16225272.33,1.01408619,16202232.59,0.0,0.0,31
23668091000133,2016-08-01,16116734.22,1.00845731,16112298.89,0.0,0.0,31
23668091000133,2016-08-02,16099329.06,1.00727928,16093477.27,0.0,0.0,31
23668091000133,2016-08-03,16074028.77,1.00560749,16066766.77,0.0,0.0,31
23668091000133,2016-08-04,16217333.49,1.01449015,16208686.64,0.0,0.0,31
23668091000133,2016-08-05,16248255.6,1.01677628,16245212.61,0.0,0.0,31
23668091000133,2016-08-08,16158180.09,1.01105099,16153738.54,0.0,0.0,31
23668091000133,2016-08-09,16172285.75,1.01184674,16166452.45,0.0,0.0,31
23668091000133,2016-08-10,16160697.04,1.01103424,16153470.99,0.0,0.0,31
23668091000133,2016-08-11,16111886.44,1.00789211,16103268.67,0.0,0.0,31
23668091000133,2016-08-12,16041349.84,1.00339042,16031344.32,0.0,0.0,31
23668091000133,2016-08-15,16082166.75,1.00585862,16070779.18,0.0,0.0,31
23668091000133,2016-08-16,16106161.56,1.00727374,16093388.81,0.0,0.0,31
23668091000133,2016-08-17,16140627.18,1.00934411,16126467.49,0.0,0.0,31
23668091000133,2016-08-18,16140841.46,1.00927055,16125292.15,0.0,0.0,31
23668091000133,2016-08-19,16105723.74,1.00698559,16088784.94,0.0,0.0,31
23668091000133,2016-08-22,16155067.99,1.00998722,16136742.57,0.0,0.0,31
23668091000133,2016-08-23,16040297.09,1.00271677,16020581.25,0.0,0.0,31
23668091000133,2016-08-24,16143903.52,1.00911497,16122806.49,0.0,0.0,31
23668091000133,2016-08-25,16117123.88,1.0073519,16094637.54,0.0,0.0,31
23668091000133,2016-08-26,15872907.49,0.99197975,15849034.08,0.0,0.0,31
23668091000133,2016-08-29,15669065.33,0.97913582,15643824.36,0.0,0.0,31
23668091000133,2016-08-30,15602052.3,0.97498213,15577460.05,0.0,0.0,31
23668091000133,2016-08-31,15499716.78,0.96849277,15473778.5,0.0,0.0,31
23668091000133,2016-09-01,15443555.57,0.96614526,15436271.85,0.0,0.0,31
23668091000133,2016-09-02,15462220.6,0.967605,15459594.41,0.0,0.0,31
23668091000133,2016-09-05,15388163.86,0.97227409,15534193.31,0.0,0.0,31
23668091000133,2016-09-06,15574898.77,0.98387642,15719565.78,0.0,0.0,31
23668091000133,2016-09-08,15526023.26,0.98104478,15674324.16,0.0,0.0,31
23668091000133,2016-09-09,15740358.21,0.98498618,15737296.53,0.0,0.0,31
23668091000133,2016-09-12,15781081.85,0.98744945,15776652.63,0.0,0.0,31
23668091000133,2016-09-13,15757461.08,0.98588527,15751661.55,0.0,0.0,31
23668091000133,2016-09-14,15606311.52,0.97633927,15599143.31,0.0,0.0,31
23668091000133,2016-09-15,15482190.79,0.96848573,15473665.98,0.0,0.0,31
23668091000133,2016-09-16,15430826.96,0.96518662,15420955.53,0.0,0.0,31
23668091000133,2016-09-19,15444199.59,0.96593958,15432985.69,0.0,0.0,31
23668091000133,2016-09-20,15433504.2,0.96518608,15420946.9,0.0,0.0,31
23668091000133,2016-09-21,15579611.35,0.9742468,15565711.6,0.0,0.0,31
23668091000133,2016-09-22,15825897.61,0.98957694,15810643.95,0.0,0.0,31
23668091000133,2016-09-23,15844602.94,0.99066173,15827975.9,0.0,0.0,31
23668091000133,2016-09-26,15816932.19,0.9888438,15798930.41,0.0,0.0,31
23668091000133,2016-09-27,15870760.38,0.99212697,15851386.15,0.0,0.0,31
23668091000133,2016-09-28,15973202.44,0.99845258,15952451.59,0.0,0.0,31
23668091000133,2016-09-29,15725522.12,0.98286378,15703386.62,0.0,0.0,31
23668091000133,2016-09-30,15693395.91,0.9807676,15669895.57,0.0,0.0,31
23668091000133,2016-10-03,15844952.67,0.9916947,15844479.79,0.0,0.0,31
23668091000133,2016-10-04,15799191.31,0.98874734,15797389.21,0.0,0.0,31
23668091000133,2016-10-05,15816220.78,0.98972752,15813049.78,0.0,0.0,31
23668091000133,2016-10-06,15975155.37,0.99959087,15970638.26,0.0,0.0,31
23668091000133,2016-10-07,15993063.26,1.00075035,15989163.53,0.0,0.0,31
23668091000133,2016-10-10,16051575.49,1.00438855,16047291.62,0.0,0.0,31
23668091000133,2016-10-11,15935705.73,0.99704944,15930033.43,0.0,0.0,31
23668091000133,2016-10-13,15877962.76,0.99334902,15870911.06,0.0,0.0,31
23668091000133,2016-10-14,15888970.02,0.99395191,15880543.6,0.0,0.0,31
23668091000133,2016-10-17,15497552.03,0.99440296,15489988.95,0.0,397761.18,30
23668091000133,2016-10-18,15492922.78,0.9940190000000001,15484007.92,0.0,0.0,30
23668091000133,2016-10-19,15056716.45,0.99785454,15044827.5,0.0,498927.27,29
23668091000133,2016-10-20,15095806.06,1.00022319,15080540.12,0.0,0.0,29
23668091000133,2016-10-21,15057009.53,0.99779711,15043961.57,0.0,0.0,29
23668091000133,2016-10-24,15059632.8,0.99800996,15047170.83,0.0,0.0,29
23668091000133,2016-10-25,15059767.09,0.99792506,15045890.81,0.0,0.0,29
23668091000133,2016-10-26,15095779.99,1.00021984,15080489.53,0.0,0.0,29
23668091000133,2016-10-27,15170152.02,1.00512494,15154444.62,0.0,0.0,29
23668091000133,2016-10-28,15212039.33,1.00782125,15195097.29,0.0,0.0,29
23668091000133,2016-10-31,15102081.47,1.00043606,15083749.49,0.0,0.0,29
23668091000133,2016-11-01,15037591.85,1.00687822,15029847.44,0.0,151031.73,28
23668091000133,2016-11-03,14966825.13,1.00204522,14957704.31,0.0,0.0,28
23668091000133,2016-11-04,14827527.98,0.99295657,14822036.44,0.0,0.0,28
23668091000133,2016-11-07,14932151.13,1.00007374,14928275.7,0.0,0.0,28
23668091000133,2016-11-08,14963287.46,1.00213494,14959043.67,0.0,0.0,28
23668091000133,2016-11-09,15122769.03,1.01272708,15117154.42,0.0,0.0,28
23668091000133,2016-11-10,15522500.29,1.03539369,15515502.79,60000.0,0.0,28
23668091000133,2016-11-11,15620050.24,1.0418041,15611563.52,0.0,0.0,28
23668091000133,2016-11-14,15608388.73,1.04093106,15598480.97,0.0,0.0,28
23668091000133,2016-11-16,15445763.9,1.02998368,15434433.13,0.0,0.0,28
23668091000133,2016-11-17,15370926.66,1.02489289,15358147.06,0.0,0.0,28
23668091000133,2016-11-18,15327257.91,1.02188247,15313035.48,0.0,0.0,28
23668091000133,2016-11-21,15373253.95,1.02485587,15357592.31,0.0,0.0,28
23668091000133,2016-11-22,15411077.11,1.02735037,15394972.72,0.0,0.0,28
23668091000133,2016-11-23,15489859.23,1.03251125,15472309.12,0.0,0.0,28
23668091000133,2016-11-24,15522955.83,1.0346229999999998,15503953.88,0.0,0.0,28
23668091000133,2016-11-25,15569925.96,1.03766039,15549469.65,0.0,0.0,28
23668091000133,2016-11-28,15666585.86,1.04401861,15644748.34,0.0,0.0,28
23668091000133,2016-11-29,15580210.27,1.03815831,15556930.99,0.0,0.0,28
23668091000133,2016-11-30,15580114.59,1.03805459,15555376.75,0.0,0.0,28
23668091000133,2016-12-01,15759029.06,1.05120754,15752475.32,0.0,0.0,28
23668091000133,2016-12-02,15799575.29,1.05381575,15791559.6,0.0,0.0,28
23668091000133,2016-12-05,15824469.59,1.05571333,15819995.08,0.0,0.0,28
23668091000133,2016-12-06,15837773.77,1.05650101,15831798.56,0.0,0.0,28
23668091000133,2016-12-07,15940515.27,1.06339024,15935034.61,0.0,0.0,28
23668091000133,2016-12-08,15986560.11,1.06636419,15979599.65,0.0,0.0,28
23668091000133,2016-12-09,15959496.02,1.06446199,15951094.86,0.0,0.0,28
23668091000133,2016-12-12,15914234.51,1.06134631,15904406.09,0.0,0.0,28
23668091000133,2016-12-13,15906804.48,1.06075398,15895529.92,0.0,0.0,28
23668091000133,2016-12-14,15903846.02,1.06045993,15891123.45,0.0,0.0,28
23668091000133,2016-12-15,15941988.84,1.06290707,15927794.17,0.0,0.0,28
23668091000133,2016-12-16,15944135.38,1.06295331,15928487.19,0.0,0.0,28
23668091000133,2016-12-19,15992620.75,1.06609008,15975492.06,0.0,0.0,28
23668091000133,2016-12-20,16014917.89,1.06748,15996320.19,0.0,0.0,28
23668091000133,2016-12-21,16092781.67,1.07257579,16072681.11,0.0,0.0,28
23668091000133,2016-12-22,16149118.75,1.07656892,16132518.79,0.0,0.0,28
23668091000133,2016-12-23,16234348.0,1.0821579,16216270.36,0.0,0.0,28
23668091000133,2016-12-26,16261599.32,1.08387966,16242071.03,0.0,0.0,28
23668091000133,2016-12-27,16281947.72,1.08514089,16260970.7,0.0,0.0,28
23668091000133,2016-12-28,16351255.83,1.08965025,16328544.11,0.0,0.0,28
23668091000133,2016-12-29,16397841.87,1.09264886,16373478.57,0.0,0.0,28
23668091000133,2016-12-30,16394118.69,1.09230836,16368376.12,0.0,0.0,28
23668091000133,2017-01-02,16401900.03,1.094016,16393965.32,0.0,0.0,28
23668091000133,2017-01-03,16386115.71,1.09347355,16385836.72,0.0,0.0,28
23668091000133,2017-01-04,16696626.33,1.09408049,16394931.74,0.0,0.0,28
23668091000133,2017-01-05,16660123.14,1.09152273,16656603.42,300000.0,0.0,28
23668091000133,2017-01-06,16549857.74,1.08433128,16546862.08,0.0,0.0,28
23668091000133,2017-01-09,16540360.44,1.08361276,16535897.56,0.0,0.0,28
23668091000133,2017-01-10,16711128.99,1.09476856,16706134.76,0.0,0.0,28
23668091000133,2017-01-11,16588305.25,1.08662713,16581896.66,0.0,0.0,28
23668091000133,2017-01-12,16574542.19,1.0725227,16366663.61,0.0,0.0,28
23668091000133,2017-01-13,16570667.95,1.07217361,16561336.44,200000.0,0.0,28
23668091000133,2017-01-16,16675185.2,1.0788338,16664213.09,0.0,0.0,28
23668091000133,2017-01-17,16632772.27,1.07599849,16620417.54,0.0,0.0,28
23668091000133,2017-01-18,16565995.78,1.07158512,16391508.53,0.0,160737.77,27
23668091000133,2017-01-19,16579483.04,1.07237173,16403540.89,0.0,0.0,27
23668091000133,2017-01-20,16609848.25,1.07426166,16432450.25,0.0,0.0,27
23668091000133,2017-01-23,16505166.17,1.07784337,16487237.94,0.0,0.0,27
23668091000133,2017-01-24,16471341.99,1.07554124,16452023.33,0.0,0.0,27
23668091000133,2017-01-25,16497561.02,1.0771583,16476758.76,0.0,0.0,27
23668091000133,2017-01-26,16503139.2,1.07742787,16480882.25,0.0,0.0,27
23668091000133,2017-01-27,16521427.6,1.07852682,16497692.36,0.0,0.0,27
23668091000133,2017-01-30,16651837.57,1.08694216,16626417.63,0.0,0.0,27
23668091000133,2017-01-31,16582694.74,1.08233505,16555944.95,0.0,0.0,27
23668091000133,2017-02-01,16439893.54,1.07476279,16440115.75,0.0,0.0,27
23668091000133,2017-02-02,16436685.94,1.07446002,16435484.42,0.0,0.0,27
23668091000133,2017-02-03,16567644.13,1.08291469,16564811.43,0.0,0.0,27
23668091000133,2017-02-06,16583909.09,1.08388346,16579630.17,0.0,0.0,27
23668091000133,2017-02-07,16514939.68,1.07941786,16511322.1,0.0,0.0,27
23668091000133,2017-02-08,16530309.54,1.08032921,16525262.57,0.0,0.0,27
23668091000133,2017-02-09,16483397.17,1.07716892,16476921.18,0.0,0.0,27
23668091000133,2017-02-10,16500310.98,1.07818101,16492402.65,0.0,0.0,27
23668091000133,2017-02-13,16677022.4,1.08962765,16667496.23,0.0,0.0,27
23668091000133,2017-02-14,16472522.92,1.07617604,16461733.6,0.0,0.0,27
23668091000133,2017-02-15,16486585.36,1.0770018,16474364.92,0.0,0.0,27
23668091000133,2017-02-16,16435186.34,1.073548,16421533.81,0.0,0.0,27
23668091000133,2017-02-17,16460846.51,1.07513217,16445766.02,0.0,0.0,27
23668091000133,2017-02-20,16488162.83,1.07682448,16471652.49,0.0,0.0,27
23668091000133,2017-02-21,16536320.05,1.07987912,16518377.79,0.0,0.0,27
23668091000133,2017-02-22,16600519.32,1.08398226,16581141.44,0.0,0.0,27
23668091000133,2017-02-23,16784532.01,1.0959018999999999,16763470.37,0.0,0.0,27
23668091000133,2017-02-24,16755260.41,1.09389774,16732813.75,0.0,0.0,27
23668091000133,2017-03-01,16663449.0,1.0893796,16663701.87,0.0,0.0,27
23668091000133,2017-03-02,16684625.86,1.09067231,16683475.83,0.0,0.0,27
23668091000133,2017-03-03,16617402.73,1.08618369,16614815.64,0.0,0.0,27
23668091000133,2017-03-06,16677015.94,1.08998135,16672906.54,0.0,0.0,27
23668091000133,2017-03-07,16584342.78,1.08396026,16580805.03,0.0,0.0,27
23668091000133,2017-03-08,16753661.84,1.09492821,16748576.35,0.0,0.0,27
23668091000133,2017-03-09,16866830.97,1.10221984,16860112.74,0.0,0.0,27
23668091000133,2017-03-10,17179506.83,1.09773329,16791484.18,0.0,0.0,27
23668091000133,2017-03-13,17141334.46,1.09508902,17131036.19,380000.0,0.0,27
23668091000133,2017-03-14,17266689.06,1.09029238,17055999.8,0.0,0.0,27
23668091000133,2017-03-15,17381697.44,1.09753774,17369342.72,200000.0,0.0,27
23668091000133,2017-03-16,17336498.45,1.09459837,17322824.95,0.0,0.0,27
23668091000133,2017-03-17,17460411.02,1.10229752,17444669.78,0.0,0.0,27
23668091000133,2017-03-20,17578891.05,1.10964267,17560912.2,0.0,0.0,27
23668091000133,2017-03-21,17566074.87,1.10874716,17546740.0,0.0,0.0,27
23668091000133,2017-03-22,17475069.3,1.10294459,17454910.01,0.0,0.0,27
23668091000133,2017-03-23,17288245.51,1.09107735,17267102.21,0.0,0.0,27
23668091000133,2017-03-24,17480281.62,1.10309135,17457232.69,0.0,0.0,27
23668091000133,2017-03-27,17546491.57,1.107156,17521558.78,0.0,0.0,27
23668091000133,2017-03-28,17487198.35,1.10334381,17461228.05,0.0,0.0,27
23668091000133,2017-03-29,17480960.89,1.10286168,17453597.98,0.0,0.0,27
23668091000133,2017-03-30,17380934.84,1.09646142,17352309.09,0.0,0.0,27
23668091000133,2017-03-31,17362066.7,1.09517501,17331950.77,0.0,0.0,27
23668091000133,2017-04-03,17357921.63,1.09673629,17356659.18,0.0,0.0,27
23668091000133,2017-04-04,17407859.28,1.09979821,17405116.34,0.0,0.0,27
23668091000133,2017-04-05,17438557.05,1.10164195,17434294.9,0.0,0.0,27
23668091000133,2017-04-06,17381257.59,1.0979282,17375521.99,0.0,0.0,27
23668091000133,2017-04-07,17153729.99,1.08358286,17148496.42,0.0,0.0,27
23668091000133,2017-04-10,17252764.6,1.08981035,17247051.07,0.0,0.0,27
23668091000133,2017-04-11,17162246.58,1.08399665,17155045.0,0.0,0.0,27
23668091000133,2017-04-12,17272836.55,1.09089111,17264154.92,0.0,0.0,27
23668091000133,2017-04-13,17256778.14,1.08978231,17246607.36,0.0,0.0,27
23668091000133,2017-04-17,17163854.14,1.08381661,17152195.65,0.0,0.0,27
23668091000133,2017-04-18,17142208.23,1.0823553,17129069.46,0.0,0.0,27
23668091000133,2017-04-19,17127425.9,1.08132775,17112807.69,0.0,0.0,27
23668091000133,2017-04-20,17155452.96,1.08300494,17139350.51,0.0,0.0,27
23668091000133,2017-04-24,16970369.66,1.07121595,16952780.93,0.0,0.0,27
23668091000133,2017-04-25,16948111.83,1.06971653,16929051.6,0.0,0.0,27
23668091000133,2017-04-26,17023665.83,1.07439779,17003135.97,0.0,0.0,27
23668091000133,2017-04-27,17097830.16,1.07899087,17075824.78,0.0,0.0,27
23668091000133,2017-04-28,16992762.95,1.07225826,16969276.34,0.0,0.0,27
23668091000133,2017-05-02,17051244.07,1.07586134,17026297.63,0.0,0.0,27
23668091000133,2017-05-03,16894779.82,1.06741841,16892682.06,0.0,0.0,27
23668091000133,2017-05-04,16957749.29,1.07130478,16954186.8,0.0,0.0,27
23668091000133,2017-05-05,16806706.24,1.06166847,16801685.15,0.0,0.0,27
23668091000133,2017-05-08,16773016.34,1.05957464,16768548.75,0.0,0.0,27
23668091000133,2017-05-09,16816508.38,1.06223159,16810596.88,0.0,0.0,27
23668091000133,2017-05-10,16949603.26,1.07055017,16942244.56,0.0,0.0,27
23668091000133,2017-05-11,17111179.3,1.0806678,17102363.5,0.0,0.0,27
23668091000133,2017-05-12,17272301.17,1.09075242,17261960.01,0.0,0.0,27
23668091000133,2017-05-15,17294280.1,1.09204752,17282455.9,0.0,0.0,27
23668091000133,2017-05-16,17380494.21,1.09740142,17367185.39,0.0,0.0,27
23668091000133,2017-05-17,17350270.19,1.09539738,17335469.98,0.0,0.0,27
23668091000133,2017-05-18,17478762.47,1.1034225,17462473.4,0.0,0.0,27
23668091000133,2017-05-19,17553668.45,1.10806096,17535880.42,0.0,0.0,27
23668091000133,2017-05-22,17302186.24,1.09207277,17282855.54,0.0,0.0,27
23668091000133,2017-05-23,17299147.4,1.09178694,17278332.01,0.0,0.0,27
23668091000133,2017-05-24,17443195.81,1.1007953,17420896.04,0.0,0.0,27
23668091000133,2017-05-25,17499190.53,1.10423901,17475395.17,0.0,0.0,27
23668091000133,2017-05-26,17402620.42,1.09804213,17377325.04,0.0,0.0,27
23668091000133,2017-05-29,17427778.91,1.09953756,17400991.37,0.0,0.0,27
23668091000133,2017-05-30,17404650.38,1.09798171,17376368.77,0.0,0.0,27
23668091000133,2017-05-31,17334789.18,1.09347302,17305015.47,0.0,0.0,27
23668091000133,2017-06-01,17337289.6,1.09541543,17335755.56,0.0,0.0,27
23668091000133,2017-06-02,17343299.58,1.0957014999999999,17340282.77,0.0,0.0,27
23668091000133,2017-06-05,17189550.58,1.10548488,17177294.29,0.0,317817.72,26
23668091000133,2017-06-06,17127707.69,1.10140994,17113976.83,0.0,0.0,26
23668091000133,2017-06-07,17034285.48,1.09543195,17021089.42,0.0,0.0,26
23668091000133,2017-06-08,16969475.15,1.09168484,16962865.92,0.0,0.0,26
23668091000133,2017-06-09,17040121.98,1.09613796,17032059.57,0.0,0.0,26
23668091000133,2017-06-12,17020157.13,1.09475922,17010636.47,0.0,0.0,26
23668091000133,2017-06-13,16913905.35,1.08782361,16902869.12,0.0,0.0,26
23668091000133,2017-06-14,16788569.54,1.07966374,16776079.08,0.0,0.0,26
23668091000133,2017-06-16,16927420.38,1.08850686,16913485.74,0.0,0.0,26
23668091000133,2017-06-19,16962639.58,1.09067983,16947249.87,0.0,0.0,26
23668091000133,2017-06-20,16853199.22,1.08354045,16836316.35,0.0,0.0,26
23668091000133,2017-06-21,16831555.26,1.08205425,16813223.41,0.0,0.0,26
23668091000133,2017-06-22,16841561.26,1.08260507,16821782.31,0.0,0.0,26
23668091000133,2017-06-23,16874639.45,1.08464072,16853412.68,0.0,0.0,26
23668091000133,2017-06-26,16994614.5,1.09226866,16971937.4,0.0,0.0,26
23668091000133,2017-06-27,16898070.14,1.08596138,16873933.34,0.0,0.0,26
23668091000133,2017-06-28,16847250.59,1.08259732,16821661.85,0.0,0.0,26
23668091000133,2017-06-29,16813124.2,1.08030786,16786087.67,0.0,0.0,26
23668091000133,2017-06-30,16797333.36,1.07919861,16768851.85,0.0,0.0,26
23668091000133,2017-07-03,16773635.54,1.0793845,16771740.17,0.0,0.0,26
23668091000133,2017-07-04,16705422.84,1.0749035,16702113.42,0.0,0.0,26
23668091000133,2017-07-05,16667788.45,1.07238972,16663053.61,0.0,0.0,26
23668091000133,2017-07-06,16585316.58,1.06699036,16579157.07,0.0,0.0,26
23668091000133,2017-07-07,16434880.17,1.05734639,16429306.62,0.0,0.0,26
23668091000133,2017-07-10,16539779.04,1.06407152,16533803.37,0.0,0.0,26
23668091000133,2017-07-11,16651440.27,1.07116591,16644037.71,0.0,0.0,26
23668091000133,2017-07-12,16944851.77,1.08995671,16936013.8,0.0,0.0,26
23668091000133,2017-07-13,16938450.21,1.08945084,16928153.45,0.0,0.0,26
23668091000133,2017-07-14,17095639.49,1.09947328,17083884.55,0.0,0.0,26
23668091000133,2017-07-17,17146597.86,1.10265818,17133372.39,0.0,0.0,26
23668091000133,2017-07-18,17189389.0,1.10531439,17174645.26,0.0,0.0,26
23668091000133,2017-07-19,17298940.77,1.11226975,17282719.29,0.0,0.0,26
23668091000133,2017-07-20,17367539.25,1.11658528,17349775.04,0.0,0.0,26
23668091000133,2017-07-21,17426860.53,1.12030704,17407604.67,0.0,0.0,26
23668091000133,2017-07-24,17399007.09,1.11841817,17378255.0,0.0,0.0,26
23668091000133,2017-07-25,17390395.27,1.11776779,17368149.25,0.0,0.0,26
23668091000133,2017-07-26,17384215.52,1.11727399,17360476.43,0.0,0.0,26
23668091000133,2017-07-27,17206751.27,1.10575681,17181519.69,0.0,0.0,26
23668091000133,2017-07-28,17214493.35,1.10615994,17187783.5,0.0,0.0,26
23668091000133,2017-07-31,17350491.59,1.11481725,17322302.95,0.0,0.0,26
23668091000133,2017-08-01,17354736.45,1.11679583,17353046.59,0.0,0.0,26
23668091000133,2017-08-02,17376169.2,1.11807996,17372999.69,0.0,0.0,26
23668091000133,2017-08-03,17421476.62,1.12090017,17416820.88,0.0,0.0,26
23668091000133,2017-08-04,17302998.55,1.11317968,17296858.05,0.0,0.0,26
23668091000133,2017-08-07,17004498.76,1.11524073,16994310.88,0.0,334572.22,25
23668091000133,2017-08-08,16819366.11,1.10299629,16807727.06,0.0,0.0,25
23668091000133,2017-08-09,16714655.04,1.09603043,16701579.6,0.0,0.0,25
23668091000133,2017-08-10,16838316.84,1.10435241,16828391.99,0.0,0.0,25
23668091000133,2017-08-11,16749455.0,1.09842654,16738092.14,0.0,0.0,25
23668091000133,2017-08-14,16653403.42,1.09202932,16640609.7,0.0,0.0,25
23668091000133,2017-08-15,16605152.81,1.08876912,16590929.99,0.0,0.0,25
23668091000133,2017-08-16,16525987.87,1.08348044,16510339.87,0.0,0.0,25
23668091000133,2017-08-17,16475438.0,1.08007004,16458371.24,0.0,0.0,25
23668091000133,2017-08-18,16223085.94,1.06341676,16204604.49,0.0,0.0,25
23668091000133,2017-08-21,16145229.62,1.05821384,16125321.14,0.0,0.0,25
23668091000133,2017-08-22,16057820.96,1.05238343,16036475.96,0.0,0.0,25
23668091000133,2017-08-23,16029944.84,1.05046344,16007218.68,0.0,0.0,25
23668091000133,2017-08-24,16157629.75,1.05875219,16133524.72,0.0,0.0,25
23668091000133,2017-08-25,16119464.45,1.05615648,16093970.57,0.0,0.0,25
23668091000133,2017-08-28,16147425.09,1.05790044,16120545.47,0.0,0.0,25
23668091000133,2017-08-29,16249683.5,1.0645200000000001,16221416.06,0.0,0.0,25
23668091000133,2017-08-30,16343931.68,1.07060668,16314166.38,0.0,0.0,25
23668091000133,2017-08-31,16424047.33,1.07577214,16392878.81,0.0,0.0,25
23668091000133,2017-09-01,16435787.33,1.07824349,16430537.85,0.0,0.0,25
23668091000133,2017-09-04,16488400.95,1.081601,16481700.52,0.0,0.0,25
23668091000133,2017-09-05,16550591.38,1.08558856,16433905.06,0.0,108558.86,24
23668091000133,2017-09-06,16472719.57,1.08761594,16464596.04,0.0,0.0,24
23668091000133,2017-09-08,16470648.75,1.08771545,16466102.34,0.0,0.0,24
23668091000133,2017-09-11,16347110.18,1.08666088,16450137.98,0.0,0.0,24
23668091000133,2017-09-12,16351939.58,1.09377002,16448380.9,0.0,109377.0,23
23668091000133,2017-09-13,16572474.3,1.10135806,16562491.68,0.0,0.0,23
23668091000133,2017-09-14,16757173.16,1.11354129,16745706.12,0.0,0.0,23
23668091000133,2017-09-15,16874253.74,1.12123053,16861338.76,0.0,0.0,23
23668091000133,2017-09-18,16933361.41,1.12506186,16918955.26,0.0,0.0,23
23668091000133,2017-09-19,16882003.46,1.1215495,16866135.61,0.0,0.0,23
23668091000133,2017-09-20,16903730.87,1.12289014,16886296.47,0.0,0.0,23
23668091000133,2017-09-21,17116086.93,1.13690693,17097084.37,0.0,0.0,23
23668091000133,2017-09-22,17005775.98,1.12946618,16985188.56,0.0,0.0,23
23668091000133,2017-09-25,16981305.44,1.12833263,16968142.0,0.0,0.0,23
23668091000133,2017-09-26,16978421.52,1.12803615,16963683.45,0.0,0.0,23
23668091000133,2017-09-27,16961483.51,1.12680514,16945171.17,0.0,0.0,23
23668091000133,2017-09-28,16925962.42,1.1243385,16908077.26,0.0,0.0,23
23668091000133,2017-09-29,16908920.22,1.12310084,16889465.06,0.0,0.0,23
23668091000133,2017-10-02,17429531.61,1.12612063,16934877.35,0.0,0.0,23
23668091000133,2017-10-03,17598539.04,1.13725926,17602382.71,500000.0,0.0,22
23668091000133,2017-10-04,17570172.46,1.13532144,17572389.42,0.0,0.0,22
23668091000133,2017-10-05,17700046.22,1.14358324,17700264.71,0.0,0.0,22
23668091000133,2017-10-06,17544899.61,1.13360469,17545817.73,0.0,0.0,22
23668091000133,2017-10-09,17576926.52,1.13556966,17576231.32,0.0,0.0,22
23668091000133,2017-10-10,17444683.41,1.12698588,17443372.44,0.0,0.0,22
23668091000133,2017-10-11,17332513.6,1.11963584,17329609.35,0.0,0.0,22
23668091000133,2017-10-13,17509065.77,1.13093945,17504565.34,0.0,0.0,22
23668091000133,2017-10-16,17464792.19,1.12797498,17458681.69,0.0,0.0,22
23668091000133,2017-10-17,17526272.17,1.13184331,17518555.26,0.0,0.0,22
23668091000133,2017-10-18,17613524.45,1.13737643,17604196.34,0.0,0.0,21
23668091000133,2017-10-19,17578763.7,1.13502383,17567783.03,0.0,0.0,21
23668091000133,2017-10-20,17593612.84,1.13587886,17581017.08,0.0,0.0,20
23668091000133,2017-10-23,17749564.84,1.14583276,17735082.48,0.0,0.0,20
23668091000133,2017-10-24,17693911.82,1.14214844,17678056.93,0.0,0.0,20
23668091000133,2017-10-25,17453521.69,1.12651186,17436035.62,0.0,0.0,20
23668091000133,2017-10-26,17774003.24,1.14709562,17754628.92,0.0,0.0,20
23668091000133,2017-10-27,17881363.56,1.15389848,17859922.87,0.0,0.0,20
23668091000133,2017-10-30,17986601.87,1.16056266,17963070.45,0.0,0.0,20
23668091000133,2017-10-31,17989726.52,1.16065909,17964562.94,0.0,0.0,20
23668091000133,2017-11-01,17967313.33,1.16065892,17964560.26,0.0,0.0,20
23668091000133,2017-11-03,18307794.83,1.18264467,18304853.55,0.0,0.0,20
23668091000133,2017-11-06,18246000.89,1.17859415,18242160.0,0.0,0.0,20
23668091000133,2017-11-07,18187610.79,1.17476036,18182820.96,0.0,0.0,20
23668091000133,2017-11-08,18021717.45,1.16418131,18019079.47,0.0,0.0,20
23668091000133,2017-11-09,18030467.38,1.16463853,18026156.39,0.0,0.0,20
23668091000133,2017-11-10,18049293.17,1.16574153,18043228.47,0.0,0.0,20
23668091000133,2017-11-13,18087514.65,1.16808361,18079478.86,0.0,0.0,20
23668091000133,2017-11-14,18330095.77,1.18347813,18317753.78,0.0,0.0,20
23668091000133,2017-11-16,18042608.34,1.16498951,18031588.7,0.0,0.0,20
23668091000133,2017-11-17,18064100.21,1.1662623,18051288.85,0.0,0.0,20
23668091000133,2017-11-20,18061694.33,1.16600298,18047275.18,0.0,0.0,20
23668091000133,2017-11-21,18099910.89,1.16834895,18083585.76,0.0,0.0,20
23668091000133,2017-11-22,18064797.2,1.16599245,18047112.22,0.0,0.0,20
23668091000133,2017-11-23,18135924.91,1.17044538,18116034.11,0.0,0.0,20
23668091000133,2017-11-24,18073661.06,1.16635171,18052672.79,0.0,0.0,20
23668091000133,2017-11-27,17927282.67,1.15683112,17905314.03,0.0,0.0,20
23668091000133,2017-11-28,17930748.63,1.15694924,17907142.2,0.0,0.0,20
23668091000133,2017-11-29,17930808.99,1.15684825,17905579.12,0.0,0.0,20
23668091000133,2017-11-30,18098565.4,1.16753392,18070970.92,0.0,0.0,20
23668091000133,2017-12-01,18016778.94,1.1640087,18016407.85,0.0,0.0,20
23668091000133,2017-12-04,17837168.24,1.15235585,17836046.28,0.0,0.0,20
23668091000133,2017-12-05,17860547.96,1.15376347,17857833.31,0.0,0.0,20
23668091000133,2017-12-06,17897192.79,1.15602483,17892834.32,0.0,0.0,20
23668091000133,2017-12-07,17821399.35,1.15117658,17817793.68,0.0,0.0,20
23668091000133,2017-12-08,17787063.47,1.14885945,17781929.32,0.0,0.0,20
23668091000133,2017-12-11,17626892.19,1.14874982,17780232.44,0.0,0.0,20
23668091000133,2017-12-12,17671525.64,1.15153458,17823334.76,0.0,0.0,20
23668091000133,2017-12-13,17292561.55,1.12695123,17442836.12,0.0,0.0,20
23668091000133,2017-12-14,17373589.31,1.12174968,17362327.02,0.0,0.0,20
23668091000133,2017-12-15,17281785.97,1.11572164,17269025.72,0.0,0.0,20
23668091000133,2017-12-18,17386115.45,1.12236588,17371864.62,0.0,0.0,20
23668091000133,2017-12-19,17332541.3,1.11880772,17316791.76,0.0,0.0,20
23668091000133,2017-12-20,17360390.28,1.12051045,17343146.39,0.0,0.0,20
23668091000133,2017-12-21,17418391.12,1.1241611,17399650.78,0.0,0.0,20
23668091000133,2017-12-22,17466768.24,1.12718969,17446526.96,0.0,0.0,20
23668091000133,2017-12-26,17630565.33,1.13767512,17608819.4,0.0,0.0,20
23668091000133,2017-12-27,17703131.4,1.14226544,17679867.95,0.0,0.0,20
23668091000133,2017-12-28,17723172.36,1.14346185,17698385.76,0.0,0.0,20
23668091000133,2017-12-29,17745055.09,1.14477715,17718743.86,0.0,0.0,20
23668091000133,2018-01-02,17979931.79,1.16163354,17979645.45,0.0,0.0,20
23668091000133,2018-01-03,18203812.34,1.17593539,18201007.94,0.0,0.0,20
23668091000133,2018-01-04,18324581.12,1.18356254,18319060.28,0.0,0.0,20
23668091000133,2018-01-05,18199410.18,1.17545799,18193618.84,0.0,0.0,20
23668091000133,2018-01-08,18208050.57,1.17604315,18202675.91,0.0,0.0,20
23668091000133,2018-01-09,18148075.56,1.17208881,18141470.95,0.0,0.0,20
23668091000133,2018-01-10,18050038.39,1.16574752,18043321.11,0.0,0.0,20
23668091000133,2018-01-11,18129733.39,1.17077644,18121158.21,0.0,0.0,20
23668091000133,2018-01-12,18201719.9,1.17530845,18191304.27,0.0,0.0,20
23668091000133,2018-01-15,18160216.59,1.17253116,18148317.66,0.0,0.0,20
23668091000133,2018-01-16,18022026.11,1.16354232,18009189.33,0.0,0.0,20
23668091000133,2018-01-17,18015233.49,1.16300741,18000910.01,0.0,0.0,20
23668091000133,2018-01-18,17998394.5,1.16182623,17982627.79,0.0,0.0,20
23668091000133,2018-01-19,17794467.14,1.16276244,17997118.43,0.0,0.0,20
23668091000133,2018-01-22,17735494.85,1.1588608,17936729.25,0.0,0.0,20
23668091000133,2018-01-23,17708661.89,1.15702789,17908359.61,0.0,0.0,20
23668091000133,2018-01-24,17746758.16,1.15905412,17939721.45,0.0,0.0,21
23668091000133,2018-01-25,17959299.26,1.15879596,17935725.61,0.0,0.0,21
23668091000133,2018-01-26,18137214.51,1.17015835,18111591.54,0.0,0.0,21
23668091000133,2018-01-29,18107153.45,1.16812599,18080134.89,0.0,0.0,21
23668091000133,2018-01-30,18113555.1,1.16843955,18084988.08,0.0,0.0,21
23668091000133,2018-01-31,17768260.82,1.14605378,17738503.5,0.0,0.0,21
23668091000133,2018-02-01,17731303.79,1.14528105,17726543.19,0.0,0.0,21
23668091000133,2018-02-02,17521054.75,1.13189534,17519360.62,0.0,0.0,21
23668091000133,2018-02-05,17641404.58,1.13957313,17638196.6,0.0,0.0,21
23668091000133,2018-02-06,17958863.25,1.15998445,17954120.94,0.0,0.0,21
23668091000133,2018-02-07,17872288.37,1.15448305,17868970.86,0.0,0.0,21
23668091000133,2018-02-08,18023000.84,1.16412072,18018141.73,0.0,0.0,21
23668091000133,2018-02-09,18158509.06,1.17274424,18151615.61,0.0,0.0,21
23668091000133,2018-02-14,18021573.71,1.1638271,18013597.09,0.0,0.0,21
23668091000133,2018-02-15,18077170.13,1.16731346,18067558.63,0.0,0.0,21
23668091000133,2018-02-16,18093593.47,1.1682711000000001,18082380.86,0.0,0.0,21
23668091000133,2018-02-19,18123619.71,1.17010334,18110740.08,0.0,0.0,21
23668091000133,2018-02-20,18270492.72,1.17945254,18255445.98,0.0,0.0,21
23668091000133,2018-02-21,18278847.09,1.17988968,18262212.01,0.0,0.0,21
23668091000133,2018-02-22,18322035.58,1.18256777,18303663.21,0.0,0.0,21
23668091000133,2018-02-23,18306796.28,1.18148681,18286932.26,0.0,0.0,21
23668091000133,2018-02-26,18265931.1,1.17875735,18244685.98,0.0,0.0,21
23668091000133,2018-02-27,18139150.69,1.17050093,18116893.88,0.0,0.0,21
23668091000133,2018-02-28,18292522.01,1.18026815,18268069.96,0.0,0.0,21
23668091000133,2018-03-01,18270833.2,1.17877199,18244912.6,0.0,0.0,21
23668091000133,2018-03-02,18386911.52,1.18611245,18358527.51,0.0,0.0,21
23668091000133,2018-03-05,18523120.55,1.19473314,18491957.55,0.0,0.0,21
23668091000133,2018-03-06,18475969.22,1.19321909,18468523.31,0.0,0.0,21
23668091000133,2018-03-07,18414961.43,1.18934483,18408557.95,0.0,0.0,21
23668091000133,2018-03-08,18381465.86,1.18709305,18373705.03,0.0,0.0,21
23668091000133,2018-03-09,18299982.97,1.18174974,18291001.83,0.0,0.0,21
23668091000133,2018-03-12,18216341.74,1.17626788,18206154.28,0.0,0.0,21
23668091000133,2018-03-13,18224616.39,1.17669969,18212837.65,0.0,0.0,21
23668091000133,2018-03-14,18246058.55,1.17797856,18232631.94,0.0,0.0,21
23668091000133,2018-03-15,18277031.16,1.17987046,18261914.53,0.0,0.0,21
23668091000133,2018-03-16,18135286.73,1.17064356,18119101.6,0.0,0.0,21
23668091000133,2018-03-19,18114790.47,1.16921754,18097029.79,0.0,0.0,21
23668091000133,2018-03-20,18059513.84,1.16553577,18040043.66,0.0,0.0,21
23668091000133,2018-03-21,18349931.83,1.18415109,18328169.75,0.0,0.0,21
23668091000133,2018-03-22,18136479.36,1.17030412,18113847.78,0.0,0.0,21
23668091000133,2018-03-23,18139612.27,1.17046938,18116405.57,0.0,0.0,21
23668091000133,2018-03-26,18289377.61,1.18001842,18264204.71,0.0,0.0,21
23668091000133,2018-03-27,18353802.08,1.18406217,18326793.43,0.0,0.0,21
23668091000133,2018-03-28,18267669.82,1.17841984,18239461.99,0.0,0.0,21
23668091000133,2018-03-29,18371670.9,1.18500979,18341460.64,0.0,0.0,21
23668091000133,2018-04-02,18262753.02,1.17790317,18231465.08,0.0,0.0,21
23668091000133,2018-04-03,18141749.04,1.16999587,18109076.62,0.0,0.0,21
23668091000133,2018-04-04,18187133.69,1.17476604,18182908.9,0.0,0.0,21
23668091000133,2018-04-05,18409444.88,1.18897268,18402797.85,0.0,0.0,21
23668091000133,2018-04-06,18619854.46,1.2024892,18612005.13,0.0,0.0,21
23668091000133,2018-04-09,18801681.71,1.21400586,18790258.75,0.0,0.0,21
23668091000133,2018-04-10,18817205.41,1.21496122,18805045.75,0.0,0.0,21
23668091000133,2018-04-11,18996155.51,1.2262507,18979783.22,0.0,0.0,21
23668091000133,2018-04-12,18854384.57,1.21713487,18838689.33,0.0,0.0,21
23668091000133,2018-04-13,18821212.84,1.21491521,18804333.64,0.0,0.0,21
23668091000133,2018-04-16,18905151.04,1.22017605,18885760.41,0.0,0.0,21
23668091000133,2018-04-17,18813261.12,1.21420617,18793359.18,0.0,0.0,21
23668091000133,2018-04-18,19222545.39,1.23930403,19181821.37,0.0,0.0,21
23668091000133,2018-04-19,19052976.09,1.22926558,19026447.23,0.0,0.0,21
23668091000133,2018-04-20,19086956.68,1.23131443,19058159.11,0.0,0.0,21
23668091000133,2018-04-23,19111593.39,1.2327767,19080792.01,0.0,0.0,21
23668091000133,2018-04-24,19064244.57,1.22967715,19032817.42,0.0,0.0,21
23668091000133,2018-04-25,19163790.63,1.23584624,19128302.02,0.0,0.0,22
23668091000133,2018-04-26,19083285.11,1.23068562,19048426.37,0.0,0.0,22
23668091000133,2018-04-27,19100827.16,1.23169835,19064101.44,0.0,0.0,22
23668091000133,2018-04-30,19017860.15,1.22634177,18981192.82,0.0,0.0,22
23668091000133,2018-05-02,19004113.01,1.22536676,18966101.7,0.0,0.0,22
23668091000133,2018-05-03,18779481.35,1.2129651,18774149.99,0.0,0.0,22
23668091000133,2018-05-04,18849665.33,1.21734724,18841976.43,0.0,0.0,22
23668091000133,2018-05-07,18823103.63,1.21554924,18814147.07,0.0,0.0,22
23668091000133,2018-05-08,18723618.48,1.20922044,18716190.63,0.0,0.0,22
23668091000133,2018-05-09,18922229.32,1.2418472,18889313.65,0.0,331870.62,21
23668091000133,2018-05-10,18691726.02,1.22742614,18669959.82,0.0,0.0,21
23668091000133,2018-05-11,18616390.38,1.22243492,18594040.05,0.0,0.0,21
23668091000133,2018-05-14,18687116.83,1.22743102,18670034.07,0.0,0.0,21
23668091000133,2018-05-15,18544819.06,1.21808601,18527890.21,0.0,0.0,21
23668091000133,2018-05-16,18675177.01,1.22645611,18655205.05,0.0,0.0,21
23668091000133,2018-05-17,18644701.58,1.22437465,18623544.6,0.0,0.0,21
23668091000133,2018-05-18,19007860.99,1.24675163,18963913.16,0.0,0.0,21
23668091000133,2018-05-21,18971484.49,1.24467258,18932289.57,0.0,0.0,21
23668091000133,2018-05-22,19043032.8,1.24862527,18992412.53,0.0,0.0,21
23668091000133,2018-05-23,18771048.68,1.23215572,18741899.85,0.0,0.0,21
23668091000133,2018-05-24,18801368.75,1.23401177,18770131.54,0.0,0.0,21
23668091000133,2018-05-25,18746591.67,1.2303761999999998,18714832.1,0.0,0.0,21
23668091000133,2018-05-28,19056571.91,1.24920195,19001184.17,0.0,0.0,21
23668091000133,2018-05-29,19243945.47,1.25962691,19159754.68,0.0,0.0,21
23668091000133,2018-05-30,19092341.94,1.25110851,19030184.2,0.0,0.0,21
23668091000133,2018-06-01,18685305.65,1.22598731,18648074.23,0.0,0.0,21
23668091000133,2018-06-04,18647519.2,1.22343014,18609177.94,0.0,0.0,21
23668091000133,2018-06-05,18644554.8,1.2231365,18604711.51,0.0,0.0,21
23668091000133,2018-06-06,19060371.07,1.24914372,19000298.44,0.0,0.0,21
23668091000133,2018-06-07,19489233.53,1.27490768,19392185.28,0.0,0.0,21
23668091000133,2018-06-08,19686846.77,1.28590318,19559434.06,0.0,0.0,21
23668091000133,2018-06-11,19522485.02,1.27667011,19418992.97,0.0,0.0,21
23668091000133,2018-06-12,19390420.7,1.26924251,19306014.35,0.0,0.0,21
23668091000133,2018-06-13,19413978.18,1.27051186,19325321.98,0.0,0.0,21
23668091000133,2018-06-14,19556783.69,1.27844494,19445989.34,0.0,0.0,21
23668091000133,2018-06-15,19679751.39,1.28526859,19549781.53,0.0,0.0,21
23668091000133,2018-06-18,19538385.04,1.27732031,19428882.97,0.0,0.0,21
23668091000133,2018-06-19,19719374.57,1.28737725,19581855.62,0.0,0.0,21
23668091000133,2018-06-20,19728804.78,1.28785564,19589132.28,0.0,0.0,21
23668091000133,2018-06-21,19819314.89,1.29285944,19665243.33,0.0,0.0,21
23668091000133,2018-06-22,19682065.2,1.28514073,19547836.77,0.0,0.0,21
23668091000133,2018-06-25,19714613.99,1.28691122,19574766.99,0.0,0.0,21
23668091000133,2018-06-26,19693381.84,1.28567622,19555981.83,0.0,0.0,21
23668091000133,2018-06-27,19704984.76,1.2862761999999999,19565107.89,0.0,0.0,21
23668091000133,2018-06-28,19704278.02,1.28618826,19563770.27,0.0,0.0,21
23668091000133,2018-06-29,19660208.29,1.28367713,19525574.4,0.0,0.0,21
23668091000133,2018-07-02,19864330.08,1.29503914,19698398.06,0.0,0.0,21
23668091000133,2018-07-03,19670811.5,1.29166768,19647115.93,0.0,0.0,21
23668091000133,2018-07-04,19741264.75,1.29555785,19706288.0,0.0,0.0,21
23668091000133,2018-07-05,19824304.26,1.30015184,19776165.56,0.0,0.0,21
23668091000133,2018-07-06,19923356.25,1.3057521,19861349.23,0.0,0.0,21
23668091000133,2018-07-09,19937422.39,1.30648923,19872561.48,0.0,0.0,21
23668091000133,2018-07-10,20042524.18,1.31236829,19961985.85,0.0,0.0,21
23668091000133,2018-07-11,20181003.38,1.32005926,20078970.62,0.0,0.0,21
23668091000133,2018-07-12,20111913.69,1.31615039,20019514.13,0.0,0.0,21
23668091000133,2018-07-13,20116132.55,1.31633841,20022374.03,0.0,0.0,21
23668091000133,2018-07-16,20229102.49,1.32260365,20117672.4,0.0,0.0,21
23668091000133,2018-07-17,20252586.62,1.32386784,20136901.6,0.0,0.0,21
23668091000133,2018-07-18,20174035.51,1.31943004,20069399.71,0.0,0.0,21
23668091000133,2018-07-19,20264007.13,1.32440992,20145146.88,0.0,0.0,21
23668091000133,2018-07-20,20464107.97,1.33554369,20314498.92,0.0,0.0,21
23668091000133,2018-07-23,20457235.55,1.33511067,20307912.45,0.0,0.0,21
23668091000133,2018-07-24,20486852.92,1.33671682,20332342.98,0.0,0.0,21
23668091000133,2018-07-25,20547489.83,1.34005629,20383138.57,0.0,0.0,21
23668091000133,2018-07-26,20573857.49,1.34148053,20404802.1,0.0,0.0,21
23668091000133,2018-07-27,20447575.09,1.3343743,20296711.73,0.0,0.0,21
23668091000133,2018-07-30,20352618.0,1.32901909,20215255.39,0.0,0.0,21
23668091000133,2018-07-31,20460054.81,1.33497439,20305839.57,0.0,0.0,21
23668091000133,2018-08-01,20408501.64,1.33204516,20261283.93,0.0,0.0,21
23668091000133,2018-08-02,20426281.39,1.33299058,20275664.45,0.0,0.0,21
23668091000133,2018-08-03,20677108.99,1.34695865,20488127.99,0.0,0.0,21
23668091000133,2018-08-06,20531408.87,1.33876753,20363535.64,0.0,0.0,21
23668091000133,2018-08-07,20548182.97,1.34172397,20408505.02,0.0,0.0,21
23668091000133,2018-08-08,20439104.47,1.33557971,20315046.79,0.0,0.0,21
23668091000133,2018-08-09,20559848.44,1.34227878,20416944.14,0.0,0.0,21
23668091000133,2018-08-10,21242281.5,1.38036566,20996270.53,0.0,0.0,21
23668091000133,2018-08-13,21158486.99,1.37563131,20924258.06,0.0,0.0,21
23668091000133,2018-08-14,20801868.63,1.35565139,20620350.22,0.0,0.0,21
23668091000133,2018-08-15,20893869.25,1.36073345,20697651.77,0.0,0.0,21
23668091000133,2018-08-16,20773060.49,1.35392765,20594131.11,0.0,0.0,21
23668091000133,2018-08-17,20726350.67,1.35126311,20553601.72,0.0,0.0,21
23668091000133,2018-08-20,20739083.01,1.35192051,20563601.1,0.0,0.0,21
23668091000133,2018-08-21,20945196.47,1.36338437,20737973.96,0.0,0.0,21
23668091000133,2018-08-22,21142459.07,1.37435286,20904811.98,0.0,0.0,21
23668091000133,2018-08-23,21218871.48,1.37862317,20969766.25,0.0,0.0,21
23668091000133,2018-08-24,21175199.07,1.37612677,20931794.24,0.0,0.0,21
23668091000133,2018-08-27,21090790.34,1.37135412,20859199.09,0.0,0.0,21
23668091000133,2018-08-28,21053140.31,1.36919476,20826353.91,0.0,0.0,21
23668091000133,2018-08-29,21030405.06,1.36786903,20806188.68,0.0,0.0,21
23668091000133,2018-08-30,20980811.52,1.36504251,20763195.44,0.0,0.0,21
23668091000133,2018-08-31,20920993.85,1.362201,20719974.14,0.0,0.0,21
23668091000133,2018-09-03,20992499.41,1.36613846,20779865.56,0.0,0.0,21
23668091000133,2018-09-04,21025304.02,1.36791299,20806857.27,0.0,0.0,21
23668091000133,2018-09-05,21008577.12,1.36692056,20791761.75,0.0,0.0,21
23668091000133,2018-09-06,22752589.18,1.36283905,20729679.34,0.0,0.0,21
23668091000133,2018-09-10,22735518.46,1.36209249,22568323.61,1850000.0,0.0,22
23668091000133,2018-09-11,22699649.25,1.36019539,22536890.84,0.0,0.0,22
23668091000133,2018-09-12,22594466.62,1.35474258,22446544.05,0.0,0.0,22
23668091000133,2018-09-13,22558615.82,1.35282334,22414744.45,0.0,0.0,22
23668091000133,2018-09-14,22405581.26,1.34479701,22281757.14,0.0,0.0,22
23668091000133,2018-09-17,22506759.0,1.35000124,22367985.34,0.0,0.0,22
23668091000133,2018-09-18,22698070.39,1.35983296,22530885.87,0.0,0.0,22
23668091000133,2018-09-19,22763673.93,1.36314175,22585708.66,0.0,0.0,22
23668091000133,2018-09-20,22874033.46,1.3687367,22678410.73,0.0,0.0,22
23668091000133,2018-09-21,22862414.32,1.36808331,22667584.67,0.0,0.0,22
23668091000133,2018-09-24,22760678.69,1.3628069,22580160.59,0.0,0.0,22
23668091000133,2018-09-25,22806686.7,1.36516156,22619174.66,0.0,0.0,22
23668091000133,2018-09-26,22974890.44,1.37373354,22761202.66,0.0,0.0,22
23668091000133,2018-09-27,23304202.38,1.39056998,23040163.27,0.0,0.0,22
23668091000133,2018-09-28,23070316.49,1.37851265,22840387.1,0.0,0.0,22
23668091000133,2018-10-01,23179596.75,1.38406296,22932349.34,0.0,0.0,22
23668091000133,2018-10-02,23167426.76,1.38287628,22912687.5,0.0,0.0,22
23668091000133,2018-10-03,24016609.39,1.42638248,23633535.66,0.0,0.0,22
23668091000133,2018-10-04,23904108.96,1.42055086,23536912.31,0.0,0.0,22
23668091000133,2018-10-05,23883698.8,1.4212395,23548322.39,0.0,0.0,22
23668091000133,2018-10-08,23326431.59,1.39259125,23073653.48,0.0,0.0,22
23668091000133,2018-10-09,23482682.4,1.40052416,23205092.78,0.0,0.0,22
23668091000133,2018-10-10,22904055.59,1.3823553,22904055.55,0.0,0.0,22
23668091000133,2018-10-11,23201424.78,1.3896619,23025117.35,0.0,0.0,22
23668091000133,2018-10-15,23019044.88,1.3802562,22869274.95,0.0,0.0,22
23668091000133,2018-10-16,23171836.21,1.3880457,22998339.0,0.0,0.0,22
23668091000133,2018-10-17,23194036.01,1.3891353000000002,23016391.68,0.0,0.0,22
23668091000133,2018-10-18,23130083.51,1.385805,22961213.81,0.0,0.0,22
23668091000133,2018-10-19,22991140.29,1.378628,22842297.86,0.0,0.0,22
23668091000133,2018-10-22,22923540.89,1.3724212,22739458.6,0.0,0.0,22
23668091000133,2018-10-23,22936556.23,1.3730407,22749722.6,0.0,0.0,22
23668091000133,2018-10-24,22851788.27,1.3686437,22676870.36,0.0,0.0,22
23668091000133,2018-10-25,22673089.5,1.3593597,22523043.7,0.0,0.0,22
23668091000133,2018-10-26,22859326.21,1.3689352,22681698.93,0.0,0.0,22
23668091000133,2018-10-29,23372992.0,1.3952388,23117520.51,0.0,0.0,22
23668091000133,2018-10-30,23292255.88,1.3910473,23048071.54,0.0,0.0,22
23668091000133,2018-10-31,23187521.6,1.3856249,22958229.08,0.0,0.0,22
23668091000133,2018-11-01,23213448.72,1.386906,22979454.72,0.0,0.0,22
23668091000133,2018-11-05,23197423.76,1.3860348,22965019.92,0.0,0.0,22
23668091000133,2018-11-06,23210294.5,1.3866459999999998,22975147.73,0.0,0.0,22
23668091000133,2018-11-07,23250805.92,1.3886738,23008746.46,0.0,0.0,22
23668091000133,2018-11-08,23318315.87,1.3933773,23086677.09,0.0,0.0,22
23668091000133,2018-11-09,23208453.21,1.3876903,22992450.59,0.0,0.0,22
23668091000133,2018-11-12,23210320.42,1.3877356,22993201.13,0.0,0.0,22
23668091000133,2018-11-13,23248922.7,1.3896625,23025127.95,0.0,0.0,22
23668091000133,2018-11-14,23100257.77,1.3819823,22897875.65,0.0,0.0,22
23668091000133,2018-11-16,23376890.47,1.3962158000000002,23133707.81,0.0,0.0,22
23668091000133,2018-11-19,23293308.11,1.3918743999999998,23061776.18,0.0,0.0,22
23668091000133,2018-11-20,23230578.51,1.3886029,23007570.45,0.0,0.0,22
23668091000133,2018-11-21,23212378.84,1.387616,22991219.11,0.0,0.0,22
23668091000133,2018-11-22,23236106.74,1.3887801000000002,23010507.46,0.0,0.0,22
23668091000133,2018-11-23,23398511.89,1.3970585,23147670.27,0.0,0.0,22
23668091000133,2018-11-26,23410614.92,1.3976256,23157067.39,0.0,0.0,22
23668091000133,2018-11-27,23384351.59,1.3962245,23133852.61,0.0,0.0,22
23668091000133,2018-11-28,23274655.17,1.3905433,23039721.41,0.0,0.0,22
23668091000133,2018-11-29,23210494.89,1.3871985,22984302.39,0.0,0.0,22
23668091000133,2018-11-30,23236705.05,1.3884901,23005702.46,0.0,0.0,22
23668091000133,2018-12-03,23199074.58,1.3865333999999998,22973281.34,0.0,0.0,22
23668091000133,2018-12-04,23306139.98,1.3919758999999998,23063457.88,0.0,0.0,22
23668091000133,2018-12-05,23253386.84,1.3892191999999999,23017782.88,0.0,0.0,22
23668091000133,2018-12-06,23090053.44,1.3807899,22878117.8,0.0,0.0,22
23668091000133,2018-12-07,22920492.73,1.3720139999999998,22732711.73,0.0,0.0,22
23668091000133,2018-12-10,22736822.39,1.3660436000000002,22633789.35,0.0,0.0,22
23668091000133,2018-12-11,22685709.67,1.3633294,22588817.35,0.0,0.0,22
23668091000133,2018-12-12,22568381.39,1.3571693,22486751.28,0.0,0.0,22
23668091000133,2018-12-13,22588692.12,1.3581727,22503377.7,0.0,0.0,22
23668091000133,2018-12-14,22716081.19,1.3629893999999998,22583184.24,0.0,0.0,22
23668091000133,2018-12-17,22730197.77,1.3636701,22594463.42,0.0,0.0,22
23668091000133,2018-12-18,22708475.23,1.3625895000000001,22576558.38,0.0,0.0,22
23668091000133,2018-12-19,22492863.32,1.3513291,22389986.76,0.0,0.0,22
23668091000133,2018-12-20,22682135.76,1.3611258,22552307.51,0.0,0.0,22
23668091000133,2018-12-21,22687574.01,1.3613641,22556254.6,0.0,0.0,22
23668091000133,2018-12-24,22846230.38,1.3695661,22692152.19,0.0,0.0,22
23668091000133,2018-12-26,22811602.3,1.3677083,22661372.03,0.0,0.0,22
23668091000133,2018-12-27,22863494.74,1.3703536,22705200.75,0.0,0.0,22
23668091000133,2018-12-28,22867965.95,1.3705307,22708135.31,0.0,0.0,22
23668091000133,2018-12-31,22892741.69,1.3717645,22728578.48,0.0,0.0,22
23668091000133,2019-01-02,23021114.8,1.3836243,22925080.76,0.0,0.0,22
23668091000133,2019-01-03,23042223.59,1.3846684,22942380.87,0.0,0.0,22
23668091000133,2019-01-04,22924660.35,1.3784955,22840103.58,0.0,0.0,22
23668091000133,2019-01-07,22907232.34,1.3775345,22824179.69,0.0,0.0,22
23668091000133,2019-01-08,22944106.5,1.3807608,22877636.25,0.0,0.0,22
23668091000133,2019-01-09,23019082.64,1.3876997,22992606.03,0.0,0.0,22
23668091000133,2019-01-10,22944087.28,1.3837416,22927025.39,0.0,0.0,22
23668091000133,2019-01-11,22881830.23,1.3804459999999998,22872421.09,0.0,0.0,22
23668091000133,2019-01-14,22804426.51,1.3763624,22804759.8,0.0,0.0,22
23668091000133,2019-01-15,22832737.29,1.3767163,22810623.16,0.0,0.0,22
23668091000133,2019-01-16,22831541.56,1.376599,22808679.76,0.0,0.0,22
23668091000133,2019-01-17,22710206.57,1.3731987,22752340.87,0.0,0.0,22
23668091000133,2019-01-18,22709608.39,1.3730448999999998,22749793.46,0.0,0.0,22
23668091000133,2019-01-21,22688997.38,1.3716838,22727240.33,0.0,0.0,22
23668091000133,2019-01-22,22675583.43,1.3707577,22711895.85,0.0,0.0,22
23668091000133,2019-01-23,22731656.71,1.3701628,22702039.83,0.0,0.0,22
23668091000133,2019-01-24,22673379.26,1.3665288999999998,22641830.56,0.0,0.0,22
23668091000133,2019-01-25,22678375.63,1.3667142,22644899.92,0.0,0.0,22
23668091000133,2019-01-28,22699192.38,1.3678542,22663789.41,0.0,0.0,22
23668091000133,2019-01-29,22621492.23,1.3630483,22584160.49,0.0,0.0,22
23668091000133,2019-01-30,22595520.68,1.3613648,22556266.52,0.0,0.0,22
23668091000133,2019-01-31,22713382.91,1.3683624,22672208.56,0.0,0.0,22
23668091000133,2019-02-01,22681339.39,1.3663475,22638824.27,0.0,0.0,22
23668091000133,2019-02-04,22491103.78,1.3547492,22446654.11,0.0,0.0,22
23668091000133,2019-02-05,22468306.66,1.3532575,22421937.78,0.0,0.0,22
23668091000133,2019-02-06,22569392.6,1.3592427,22521106.49,0.0,0.0,22
23668091000133,2019-02-07,22406270.89,1.3516581,22395437.51,0.0,0.0,22
23668091000133,2019-02-08,22332858.3,1.3471117,22320109.79,0.0,0.0,22
23668091000133,2019-02-11,22314360.41,1.3458801,22299702.78,0.0,0.0,22
23668091000133,2019-02-12,22141673.43,1.3353426000000002,22125108.31,0.0,0.0,22
23668091000133,2019-02-13,22178096.31,1.33972,22197637.63,0.0,0.0,22
23668091000133,2019-02-14,22269317.41,1.3451110000000002,22286959.38,0.0,0.0,22
23668091000133,2019-02-15,22484117.16,1.35796,22499852.66,0.0,0.0,22
23668091000133,2019-02-18,22316842.1,1.3478662000000001,22332610.96,0.0,0.0,22
23668091000133,2019-02-19,22389340.51,1.3498329,22365196.46,0.0,0.0,22
23668091000133,2019-02-20,22447397.57,1.3532217,22421344.3,0.0,0.0,22
23668091000133,2019-02-21,22176206.98,1.3367387,22148240.0,0.0,0.0,22
23668091000133,2019-02-22,22120393.59,1.3332559,22090534.69,0.0,0.0,22
23668091000133,2019-02-25,22071347.35,1.3301819,22039601.14,0.0,0.0,22
23668091000133,2019-02-26,22000029.86,1.3257638999999999,21966400.4,0.0,0.0,22
23668091000133,2019-02-27,21940376.92,1.3220668,21905144.04,0.0,0.0,22
23668091000133,2019-02-28,21888979.08,1.3188513000000002,21851867.0,0.0,0.0,22
23668091000133,2019-03-01,22155756.2,1.3348713,22117298.78,0.0,0.0,22
23668091000133,2019-03-06,22298398.08,1.3433658000000002,22258043.15,0.0,0.0,22
23668091000133,2019-03-07,22420579.9,1.3506247,22378316.24,0.0,0.0,22
23668091000133,2019-03-08,22148810.69,1.3341066,22104628.69,0.0,0.0,22
23668091000133,2019-03-11,22233282.35,1.3412061000000002,22222260.07,0.0,0.0,22
23668091000133,2019-03-12,22214890.48,1.3399811,22201962.32,0.0,0.0,22
23668091000133,2019-03-13,22288852.97,1.346201,22305020.55,0.0,0.0,22
23668091000133,2019-03-14,22189145.74,1.3400678999999998,22203400.84,0.0,0.0,22
23668091000133,2019-03-15,22255725.0,1.3439713,22268075.72,0.0,0.0,22
23668091000133,2019-03-18,22389258.93,1.3519153999999998,22399700.11,0.0,0.0,22
23668091000133,2019-03-19,22481988.86,1.3555251,22459510.01,0.0,0.0,22
23668091000133,2019-03-20,22473957.46,1.3549242,22449553.81,0.0,0.0,22
23668091000133,2019-03-21,22237481.04,1.3406537,22213106.51,0.0,0.0,22
23668091000133,2019-03-22,22220291.31,1.339501,22194007.53,0.0,0.0,22
23668091000133,2019-03-25,22260240.16,1.3417968999999998,22232048.66,0.0,0.0,22
23668091000133,2019-03-26,22162102.27,1.3357588,22132003.58,0.0,0.0,22
23668091000133,2019-03-27,22190394.62,1.3373517,22158396.72,0.0,0.0,22
23668091000133,2019-03-28,22441019.95,1.3523632,22407120.73,0.0,0.0,22
23668091000133,2019-03-29,22369290.06,1.3479181,22333469.68,0.0,0.0,22
23668091000133,2019-04-01,22530153.22,1.3575422,22492929.84,0.0,0.0,22
23668091000133,2019-04-02,22526930.11,1.3572318,22487788.05,0.0,0.0,22
23668091000133,2019-04-03,22541120.41,1.3579725,22500060.06,0.0,0.0,22
23668091000133,2019-04-04,22465588.69,1.353298,22422609.09,0.0,0.0,22
23668091000133,2019-04-05,22476381.91,1.3558381000000002,22464695.68,0.0,0.0,22
23668091000133,2019-04-08,22494905.82,1.3568403999999998,22481303.15,0.0,0.0,22
23668091000133,2019-04-09,22447580.11,1.3539535,22433469.39,0.0,0.0,22
23668091000133,2019-04-10,22508788.73,1.3575308000000001,22492741.68,0.0,0.0,22
23668091000133,2019-04-11,22398685.4,1.3507698000000001,22380719.68,0.0,0.0,22
23668091000133,2019-04-12,22346986.45,1.3475343000000002,22327110.99,0.0,0.0,22
23668091000133,2019-04-15,22298524.98,1.344648,22279287.59,0.0,0.0,22
23668091000133,2019-04-16,22161717.1,1.3362741000000002,22140542.94,0.0,0.0,22
23668091000133,2019-04-17,22211642.97,1.3391712,22188543.12,0.0,0.0,22
23668091000133,2019-04-18,21981369.1,1.3251567,21956339.73,0.0,0.0,22
23668091000133,2019-04-22,21933678.9,1.3221631,21906738.53,0.0,0.0,22
23668091000133,2019-04-23,21979505.75,1.3248138,21950658.34,0.0,0.0,22
23668091000133,2019-04-24,21891551.08,1.3220457,21904793.12,0.0,0.0,22
23668091000133,2019-04-25,21828434.09,1.3181213999999999,21839773.33,0.0,0.0,22
23668091000133,2019-04-26,21834889.92,1.3183965,21844331.55,0.0,0.0,22
23668091000133,2019-04-29,21775059.2,1.3146875,21782876.86,0.0,0.0,22
23668091000133,2019-04-30,21670177.61,1.3055872,21632095.83,0.0,0.0,22
23668091000133,2019-05-02,21705292.82,1.3076272,21665896.5,0.0,0.0,22
23668091000133,2019-05-03,21427190.35,1.2907296,21385921.4,0.0,0.0,22
23668091000133,2019-05-06,21402660.35,1.2891374,21359541.1,0.0,0.0,22
23668091000133,2019-05-07,21238631.59,1.2791261,21193664.15,0.0,0.0,22
23668091000133,2019-05-08,21096764.19,1.2726661,21086630.26,0.0,0.0,22
23668091000133,2019-05-09,20882359.32,1.2596157,20870398.97,0.0,0.0,22
23668091000133,2019-05-10,20676036.08,1.247054,20662266.56,0.0,0.0,22
23668091000133,2019-05-13,20724711.1,1.2498835,20709149.02,0.0,0.0,22
23668091000133,2019-05-14,20671447.49,1.2465604,20654089.11,0.0,0.0,22
23668091000133,2019-05-15,20548048.96,1.2391226,20530852.85,0.0,0.0,22
23668091000133,2019-05-16,20600386.5,1.2421733999999998,20581400.96,0.0,0.0,22
23668091000133,2019-05-17,20597090.11,1.2418679,20576339.3,0.0,0.0,22
23668091000133,2019-05-20,20449013.16,1.2328243,20426497.47,0.0,0.0,22
23668091000133,2019-05-21,20498658.85,1.2357153,20474397.18,0.0,0.0,22
23668091000133,2019-05-22,20508883.21,1.2362268,20482871.74,0.0,0.0,22
23668091000133,2019-05-23,20452879.94,1.2327411,20425117.98,0.0,0.0,22
23668091000133,2019-05-24,20505892.87,1.2358353000000002,20476385.04,0.0,0.0,22
23668091000133,2019-05-27,20427985.48,1.2310276000000002,20396727.69,0.0,0.0,22
23668091000133,2019-05-28,20484513.74,1.2343341,20451512.34,0.0,0.0,22
23668091000133,2019-05-29,20681572.5,1.2461219,20646823.12,0.0,0.0,22
23668091000133,2019-05-30,20856912.93,1.256598,20820399.99,0.0,0.0,22
23668091000133,2019-05-31,21082030.64,1.2718881000000002,21073740.29,0.0,0.0,22
23668091000133,2019-06-03,21358269.65,1.288484,21348714.46,0.0,0.0,22
23668091000133,2019-06-04,21474468.31,1.2953865,21463081.77,0.0,0.0,22
23668091000133,2019-06-05,21418797.8,1.2919155,21405570.78,0.0,0.0,22
23668091000133,2019-06-06,21339415.59,1.285203,21294352.69,0.0,0.0,22
23668091000133,2019-06-07,21299612.75,1.2848604,21288676.03,0.0,0.0,22
23668091000133,2019-06-10,21166547.62,1.2767191,21153784.35,0.0,0.0,22
23668091000133,2019-06-11,21240202.28,1.2810549,21225623.21,0.0,0.0,22
23668091000133,2019-06-12,21006526.25,1.2692558,21030125.65,0.0,0.0,22
23668091000133,2019-06-13,21039028.65,1.2711085,21060822.12,0.0,0.0,22
23668091000133,2019-06-14,21096171.27,1.2745661,21118111.19,0.0,0.0,22
23668091000133,2019-06-17,21013775.44,1.2694829,21033888.4,0.0,0.0,21
23668091000133,2019-06-18,21099224.74,1.2721166000000002,21077524.8,0.0,0.0,21
23668091000133,2019-06-19,21028751.04,1.2677536,21005234.73,0.0,0.0,21
23668091000133,2019-06-21,21338269.52,1.286325,21312942.6,0.0,0.0,21
23668091000133,2019-06-24,21314065.94,1.2847534999999999,21286903.86,0.0,0.0,21
23668091000133,2019-06-25,21268645.1,1.2819015,21239649.94,0.0,0.0,21
23668091000133,2019-06-26,21363721.2,1.2875292999999999,21332896.73,0.0,0.0,21
23668091000133,2019-06-27,21245053.23,1.2802563999999999,21212392.02,0.0,0.0,21
23668091000133,2019-06-28,21284476.26,1.2825254,21249987.91,0.0,0.0,21
23668091000133,2019-07-01,21181277.3,1.2762171,21145466.2,0.0,0.0,21
23668091000133,2019-07-02,21067526.79,1.2692603999999998,21030201.99,0.0,0.0,21
23668091000133,2019-07-03,21133920.41,1.2731598999999998,21094811.03,0.0,0.0,21
23668091000133,2019-07-04,21324000.82,1.284524,21283101.7,0.0,0.0,21
23668091000133,2019-07-05,21101580.36,1.2729023000000002,21090543.28,0.0,0.0,21
23668091000133,2019-07-08,21035148.05,1.2688699,21023731.28,0.0,0.0,21
23668091000133,2019-07-09,21038656.76,1.2689727,21025434.89,0.0,0.0,21
23668091000133,2019-07-10,21035373.83,1.2686656,21020346.7,0.0,0.0,21
23668091000133,2019-07-11,19219067.13,1.2675739,21002257.53,0.0,0.0,21
23668091000133,2019-07-12,18552089.34,1.2665594999999998,19265203.23,0.0,1720246.67,20
23668091000133,2019-07-15,18505244.28,1.2633708,18598050.35,0.0,618651.59,19
23668091000133,2019-07-16,18419271.64,1.2574218,18510474.7,0.0,0.0,19
23668091000133,2019-07-17,18555119.69,1.2611239,18564973.4,0.0,0.0,19
23668091000133,2019-07-18,18763824.28,1.2730629999999998,18740729.2,0.0,0.0,19
23668091000133,2019-07-19,18691288.21,1.2680268999999995,18666592.75,0.0,0.0,19
23668091000133,2019-07-22,18586380.7,1.2607921999999998,18560090.76,0.0,0.0,19
23668091000133,2019-07-23,18556026.0,1.2586225,18528150.08,0.0,0.0,19
23668091000133,2019-07-24,18524931.57,1.2564027,18495472.23,0.0,0.0,19
23668091000133,2019-07-25,18438038.03,1.2503926,18406997.86,0.0,0.0,19
23668091000133,2019-07-26,18355068.15,1.2446495000000002,18322454.21,0.0,0.0,19
23668091000133,2019-07-29,18295606.2,1.2405038000000002,18261425.25,0.0,0.0,19
23668091000133,2019-07-30,18322032.0,1.2421928,18286288.89,0.0,0.0,19
23668091000133,2019-07-31,18177306.04,1.2322552,18139998.79,0.0,0.0,19
23668091000133,2019-08-01,17962696.03,1.2176076999999998,17924372.19,0.0,0.0,19
23668091000133,2019-08-02,8932331.42,1.227668,18072469.96,0.0,0.0,19
23668091000133,2019-08-05,9112297.49,1.2397878999999998,9073886.6,0.0,9177000.0,19
23668091000133,2019-08-06,9089614.9,1.2365751,9050372.44,0.0,0.0,19
23668091000133,2019-08-07,9252456.53,1.2635869,9248069.17,0.0,0.0,19
23668091000133,2019-08-08,9193406.6,1.2549924,9185167.22,0.0,0.0,19
23668091000133,2019-08-09,36911.19,1.2463878000000002,9122190.73,0.0,0.0,19
23668091000133,2019-08-12,0.0,1.2432478999999999,0.0,0.0,9099210.26,0
23668091000133,2019-08-13,0.0,0.0,0.0,0.0,0.0,0
23668091000133,2019-08-14,0.0,0.0,0.0,0.0,0.0,0
23668091000133,2019-08-15,0.0,0.0,0.0,0.0,0.0,0
23668091000133,2019-08-16,0.0,0.0,0.0,0.0,0.0,0
23668091000133,2019-08-19,0.0,0.0,0.0,0.0,0.0,0
23668091000133,2019-08-20,0.0,0.0,0.0,0.0,0.0,0
23668091000133,2019-08-21,0.0,0.0,0.0,0.0,0.0,0
23668091000133,2019-08-22,0.0,0.0,0.0,0.0,0.0,0
23668091000133,2019-08-23,0.0,0.0,0.0,0.0,0.0,0
23668091000133,2019-08-26,0.0,0.0,0.0,0.0,0.0,0
23668091000133,2019-08-27,0.0,0.0,0.0,0.0,0.0,0
23668091000133,2019-08-28,0.0,0.0,0.0,0.0,0.0,0
23668091000133,2019-08-29,0.0,0.0,0.0,0.0,0.0,0
23668091000133,2019-08-30,0.0,0.0,0.0,0.0,0.0,0
23668091000133,2019-09-02,0.0,0.0,0.0,0.0,0.0,0
23668091000133,2019-09-03,0.0,0.0,0.0,0.0,0.0,0
23668091000133,2019-09-04,0.0,0.0,0.0,0.0,0.0,0
23668091000133,2019-09-05,0.0,0.0,0.0,0.0,0.0,0
23668091000133,2019-09-06,0.0,0.0,0.0,0.0,0.0,0
23668091000133,2019-09-09,0.0,0.0,0.0,0.0,0.0,0
23668091000133,2019-09-10,0.0,0.0,0.0,0.0,0.0,0
23668091000133,2019-09-11,0.0,0.0,0.0,0.0,0.0,0
23668091000133,2019-09-12,0.0,0.0,0.0,0.0,0.0,0
23668091000133,2019-09-13,0.0,0.0,0.0,0.0,0.0,0
23668091000133,2019-09-16,0.0,0.0,0.0,0.0,0.0,0
23668091000133,2019-09-17,0.0,0.0,0.0,0.0,0.0,0
23668091000133,2019-09-18,0.0,0.0,0.0,0.0,0.0,0
23668091000133,2019-09-19,0.0,0.0,0.0,0.0,0.0,0
23668091000133,2019-09-20,0.0,0.0,0.0,0.0,0.0,0
23668091000133,2019-09-23,0.0,0.0,0.0,0.0,0.0,0
23668091000133,2019-09-24,0.0,0.0,0.0,0.0,0.0,0
23668091000133,2019-09-25,0.0,0.0,0.0,0.0,0.0,0
23668091000133,2019-09-26,0.0,0.0,0.0,0.0,0.0,0
23668091000133,2019-09-27,0.0,0.0,0.0,0.0,0.0,0
