CNPJ_FUNDO,DT_COMPTC,VL_TOTAL,VL_QUOTA,VL_PATRIM_LIQ,CAPTC_DIA,RESG_DIA,NR_COTST
26135690000180,2017-02-15,2000000.0,100.0,2000000.0,2000000.0,0.0,1
26135690000180,2017-02-16,2000000.0,99.99627,1999925.4,0.0,0.0,1
26135690000180,2017-02-17,2003127.42,100.148911,2002978.22,0.0,0.0,1
26135690000180,2017-02-20,1990157.17,99.496663,1989933.26,0.0,0.0,1
26135690000180,2017-02-21,2005184.49,100.24431700000001,2004886.35,0.0,0.0,1
26135690000180,2017-02-22,9956231.03,100.31908100000001,2006381.62,0.0,0.0,1
26135690000180,2017-02-23,9958917.64,100.449669,9958287.86,7949294.48,0.0,18
26135690000180,2017-02-24,9995514.64,100.82700000000001,9995695.4,0.0,0.0,18
26135690000180,2017-03-01,10593228.86,100.791104,9992136.76,0.0,0.0,18
26135690000180,2017-03-02,10582191.88,100.683269,10581446.29,600000.0,0.0,23
26135690000180,2017-03-03,10598890.58,100.838402,10597750.28,0.0,0.0,23
26135690000180,2017-03-06,10599709.52,100.842433,10598173.9,0.0,0.0,23
26135690000180,2017-03-07,10597421.19,100.815642,10595358.24,0.0,0.0,23
26135690000180,2017-03-08,15689846.0,100.752026,10588672.44,0.0,0.0,23
26135690000180,2017-03-09,15675197.02,100.608882,15672272.93,5098644.44,0.0,32
26135690000180,2017-03-10,15704099.33,100.790668,15700590.64,0.0,0.0,32
26135690000180,2017-03-13,15699315.24,100.756199,15695221.24,0.0,0.0,32
26135690000180,2017-03-14,15693764.98,100.715728,15688916.91,0.0,0.0,32
26135690000180,2017-03-15,16904401.29,100.949287,15725299.38,0.0,0.0,32
26135690000180,2017-03-16,16920773.5,101.049542,15740916.4,1173500.0,0.0,35
26135690000180,2017-03-17,16920582.29,101.044835,16913628.6,0.0,0.0,35
26135690000180,2017-03-20,16944196.31,101.181131,16936442.81,0.0,0.0,35
26135690000180,2017-03-21,16987252.16,101.449063,16978691.75,0.0,0.0,35
26135690000180,2017-03-22,18773632.37,101.586827,17001748.18,0.0,0.0,35
26135690000180,2017-03-23,18776188.59,101.597304,18766023.43,1762521.84,0.0,42
26135690000180,2017-03-24,18799380.63,101.71816,18788346.85,0.0,0.0,42
26135690000180,2017-03-27,18809268.41,101.766985,18797365.18,0.0,0.0,42
26135690000180,2017-03-28,18813251.53,101.78384,18800478.52,0.0,0.0,42
26135690000180,2017-03-29,19762484.96,102.034847,18846842.05,0.0,0.0,42
26135690000180,2017-03-30,19766044.85,102.064038,18852233.87,902500.0,0.0,47
26135690000180,2017-03-31,19791026.01,102.188426,19778809.54,0.0,0.0,47
26135690000180,2017-04-03,19810864.25,102.286239,19797741.39,0.0,0.0,47
26135690000180,2017-04-04,19797182.13,102.278335,19796211.66,0.0,0.0,47
26135690000180,2017-04-05,32268089.49,102.401296,19820010.92,0.0,0.0,47
26135690000180,2017-04-06,32283377.43,102.475483,32281571.08,12447201.06,0.0,53
26135690000180,2017-04-07,32289262.43,102.48974,32286062.44,0.0,0.0,53
26135690000180,2017-04-10,32309680.57,102.551342,32305468.19,0.0,0.0,53
26135690000180,2017-04-11,32302132.03,102.523488,32296693.69,0.0,0.0,53
26135690000180,2017-04-12,35565516.48,102.593435,32318728.14,0.0,0.0,53
26135690000180,2017-04-13,35658950.6,102.885747,35660240.94,3249429.49,0.0,68
26135690000180,2017-04-17,35627882.56,102.79183499999999,35627691.05,0.0,0.0,68
26135690000180,2017-04-18,35667730.36,102.90253100000001,35666058.21,0.0,0.0,68
26135690000180,2017-04-19,67175093.61,102.87910600000001,35657939.39,0.0,0.0,68
26135690000180,2017-04-20,67220914.77,103.00703299999999,67216690.78,31514412.0,0.0,76
26135690000180,2017-04-24,67356957.22,103.211438,67350074.27,0.0,0.0,76
26135690000180,2017-04-25,67397125.32,103.268912,67387578.43,0.0,0.0,76
26135690000180,2017-04-26,73889738.64,103.285689,67398526.42,0.0,0.0,76
26135690000180,2017-04-27,73946810.08,103.369064,73932087.95,6479155.84,0.0,93
26135690000180,2017-04-28,73971724.28,103.39983000000001,73954092.69,0.0,0.0,93
26135690000180,2017-05-02,74167769.7,103.669864,74147227.83,0.0,0.0,93
26135690000180,2017-05-03,81008453.15,103.75063,74204993.8,0.0,0.0,93
26135690000180,2017-05-04,80957211.69,103.674904,80951832.7,6801000.0,0.0,107
26135690000180,2017-05-05,81012853.91,103.742104,81004303.65,0.0,0.0,107
26135690000180,2017-05-08,81091078.34,103.838378,81079476.72,0.0,0.0,107
26135690000180,2017-05-09,81110104.28,103.858833,81095448.49,0.0,0.0,107
26135690000180,2017-05-10,120834978.73,103.914303,81138761.13,0.0,0.0,107
26135690000180,2017-05-11,120900603.71,103.994321,120877872.09,39676631.43,0.0,255
26135690000180,2017-05-12,121207399.46,104.254283,121180040.06,0.0,0.0,255
26135690000180,2017-05-15,121296567.03,104.327006,121264568.58,0.0,0.0,255
26135690000180,2017-05-16,121498582.54,104.496811,121461941.89,0.0,0.0,255
26135690000180,2017-05-17,177245258.63,104.543721,121516468.42,0.0,0.0,255
26135690000180,2017-05-18,176748427.44,104.284348,176702459.47,55688640.09,201166.25,302
26135690000180,2017-05-19,177091939.18,104.483118,177039261.09,0.0,0.0,302
26135690000180,2017-05-22,177258459.9,104.577426,177199059.13,0.0,0.0,302
26135690000180,2017-05-23,177325898.84,104.613255,177259769.42,0.0,0.0,302
26135690000180,2017-05-24,188852709.12,104.88478,177719848.79,0.0,0.0,302
26135690000180,2017-05-25,189092572.91,105.022357,189013981.58,11061017.07,0.0,354
26135690000180,2017-05-26,189193893.55,105.074671,189108132.85,0.0,0.0,354
26135690000180,2017-05-29,190101015.15,105.575756,190009960.86,0.0,0.0,354
26135690000180,2017-05-30,205533731.29,105.062079,189085470.49,0.0,0.0,354
26135690000180,2017-05-31,206290723.01,105.244326,189224226.09,0.0,189244.41,354
26135690000180,2017-06-01,205001280.36,105.346325,204699479.45,16771819.69,1479955.34,425
26135690000180,2017-06-02,204927500.17,105.45699099999999,204914515.3,0.0,0.0,425
26135690000180,2017-06-05,205106003.27,105.552663,205100415.36,0.0,0.0,425
26135690000180,2017-06-06,205138595.21,105.565444,205125250.25,0.0,0.0,425
26135690000180,2017-06-07,220785212.97,105.51176799999999,205020952.55,0.0,0.0,425
26135690000180,2017-06-08,220840807.24,105.67125700000001,220797215.69,15727947.49,261589.91,510
26135690000180,2017-06-09,220759249.01,105.62826299999999,220707380.27,0.0,0.0,510
26135690000180,2017-06-12,220929977.3,105.70601200000002,220869834.73,0.0,0.0,510
26135690000180,2017-06-13,221222588.34,105.84208999999998,221154165.87,0.0,0.0,510
26135690000180,2017-06-14,247282305.7,105.91599699999999,221308592.73,0.0,0.0,510
26135690000180,2017-06-16,247547470.79,106.038932,247462702.5,25897240.94,0.0,594
26135690000180,2017-06-19,247704073.36,106.10206399999998,247610033.22,0.0,0.0,594
26135690000180,2017-06-20,247638096.54,106.069753,247534629.72,0.0,0.0,594
26135690000180,2017-06-21,279005117.5,106.041278,247468176.81,0.0,0.0,594
26135690000180,2017-06-22,278675184.17,106.170105,278386508.72,31424165.61,806478.99,677
26135690000180,2017-06-23,279166357.25,106.353394,278867107.11,0.0,0.0,677
26135690000180,2017-06-26,279332996.62,106.412907,279023153.87,0.0,0.0,677
26135690000180,2017-06-27,279071556.54,106.309951,278921867.99,0.0,0.0,677
26135690000180,2017-06-28,327241968.76,106.391915,279136914.2,0.0,0.0,677
26135690000180,2017-06-29,326891595.73,106.292302,326720205.36,47944905.34,100263.24,807
26135690000180,2017-06-30,326701826.49,106.22653700000001,326518058.45,0.0,0.0,807
26135690000180,2017-07-03,326762360.61,106.242213,326566243.41,0.0,0.0,807
26135690000180,2017-07-04,326675590.72,106.270047,326651797.92,0.0,0.0,807
26135690000180,2017-07-05,367180422.32,106.29753,326736275.37,0.0,0.0,807
26135690000180,2017-07-06,366248535.12,106.201775,366200465.27,40408264.12,649744.9,961
26135690000180,2017-07-07,366440157.13,106.253312,366378173.13,0.0,0.0,961
26135690000180,2017-07-10,367017388.31,106.418145,366946542.87,0.0,0.0,961
26135690000180,2017-07-11,367335587.09,106.507006,367252948.96,0.0,0.0,961
26135690000180,2017-07-12,401328075.54,106.661058,367784144.59,0.0,0.0,961
26135690000180,2017-07-13,401711543.68,106.768258,400178813.0,33446751.93,1421727.71,1146
26135690000180,2017-07-14,402116392.04,106.872262,400568629.05,0.0,0.0,1146
26135690000180,2017-07-17,402463136.52,106.960759,400900326.67,0.0,0.0,1146
26135690000180,2017-07-18,402369794.3,106.93183700000002,400791925.22,0.0,0.0,1146
26135690000180,2017-07-19,435027277.44,107.035427,401180188.38,0.0,0.0,1146
26135690000180,2017-07-20,433567869.85,107.019403,432462807.41,32253909.7,911232.66,1329
26135690000180,2017-07-21,434232274.63,107.179802,433110975.63,0.0,0.0,1329
26135690000180,2017-07-24,434320909.86,107.199635,433191120.17,0.0,0.0,1329
26135690000180,2017-07-25,434252026.1,107.178507,433105742.73,0.0,0.0,1329
26135690000180,2017-07-26,497539028.23,107.392938,433972254.37,0.0,0.0,1329
26135690000180,2017-07-27,496272094.02,107.300273,495995005.22,62404067.47,6859.6,1472
26135690000180,2017-07-28,496702272.97,107.38926,496406347.81,0.0,0.0,1472
26135690000180,2017-07-31,496749404.31,107.39646,496439627.47,0.0,0.0,1472
26135690000180,2017-08-01,497346932.4,107.521651,497018322.8,0.0,0.0,1472
26135690000180,2017-08-02,525135454.2,107.63591100000001,497546490.26,0.0,0.0,1472
26135690000180,2017-08-03,525240921.35,107.656158,524820538.32,27550781.7,370326.75,1589
26135690000180,2017-08-04,525594821.31,107.724673,525154546.86,0.0,0.0,1589
26135690000180,2017-08-07,526554877.51,107.917526,526094699.17,0.0,0.0,1589
26135690000180,2017-08-08,526752171.25,107.95395400000001,526272283.92,0.0,0.0,1589
26135690000180,2017-08-09,577944299.35,107.83130600000001,525674379.05,0.0,0.0,1589
26135690000180,2017-08-10,577600004.39,107.83254,575939596.73,51769609.71,1510403.76,1743
26135690000180,2017-08-11,577788654.58,107.86379199999999,576106518.73,0.0,0.0,1743
26135690000180,2017-08-14,578367022.8,107.96801,576663152.54,0.0,0.0,1743
26135690000180,2017-08-15,578666710.98,108.02004199999999,576941057.36,0.0,0.0,1743
26135690000180,2017-08-16,617915547.43,108.17226699999999,577754100.09,0.0,0.0,1743
26135690000180,2017-08-17,616140535.04,108.11725200000001,615800299.64,38415393.04,75357.04,1897
26135690000180,2017-08-18,615978082.4,108.084649,615614603.76,0.0,0.0,1897
26135690000180,2017-08-21,616602650.23,108.191455,616222935.28,0.0,0.0,1897
26135690000180,2017-08-22,618086278.41,108.447855,617683304.46,0.0,0.0,1897
26135690000180,2017-08-23,675047080.3,108.47980700000001,617865292.87,0.0,0.0,1897
26135690000180,2017-08-24,675607565.72,108.58711100000001,675131417.3,56757327.58,102368.31,2052
26135690000180,2017-08-25,676396055.38,108.70983600000001,675894450.58,0.0,0.0,2052
26135690000180,2017-08-28,676302035.79,108.691097,675777946.15,0.0,0.0,2052
26135690000180,2017-08-29,676586934.11,108.732822,676037363.97,0.0,0.0,2052
26135690000180,2017-08-30,753966372.47,108.879498,676949312.15,0.0,0.0,2052
26135690000180,2017-08-31,753778391.4,108.861403,752026527.48,76443983.45,1254262.86,2214
26135690000180,2017-09-01,754903369.12,109.020151,753123180.51,0.0,0.0,2214
26135690000180,2017-09-04,756538711.25,109.325441,755232157.04,0.0,0.0,2214
26135690000180,2017-09-05,754873475.85,109.080269,753538477.37,0.0,0.0,2214
26135690000180,2017-09-06,853844676.83,109.13626399999998,753925297.26,0.0,0.0,2214
26135690000180,2017-09-08,853583127.34,109.275384,852669366.75,98556871.52,773857.11,2413
26135690000180,2017-09-11,854170721.84,109.346597,853225042.33,0.0,0.0,2413
26135690000180,2017-09-12,854234601.22,109.351011,853259482.06,0.0,0.0,2413
26135690000180,2017-09-13,912082931.76,109.421163,853806871.66,0.0,0.0,2413
26135690000180,2017-09-14,911774343.55,109.37748899999998,908411004.89,57269860.7,2324941.42,2548
26135690000180,2017-09-15,911368257.63,109.41706299999998,908739684.31,0.0,0.0,2548
26135690000180,2017-09-18,911541514.12,109.433801,908878693.88,0.0,0.0,2548
26135690000180,2017-09-19,910986862.78,109.363375,908293790.43,0.0,0.0,2548
26135690000180,2017-09-20,966708791.7,109.350789,908189257.4,0.0,0.0,2548
26135690000180,2017-09-21,965511501.0,109.480816,963441354.26,55791780.15,1619594.74,2751
26135690000180,2017-09-22,965825576.02,109.512839,963723162.25,0.0,0.0,2751
26135690000180,2017-09-25,966515819.48,109.588686,964390620.7,0.0,0.0,2751
26135690000180,2017-09-26,966840361.49,109.62143799999998,964678839.92,0.0,0.0,2751
26135690000180,2017-09-27,1012303892.1,109.573951,964260953.9,0.0,0.0,2751
26135690000180,2017-09-28,1011485215.51,109.659863,1005181198.56,45845083.09,5680867.33,2959
26135690000180,2017-09-29,1011649103.34,109.673598,1005307104.33,0.0,0.0,2959
26135690000180,2017-10-02,1012842795.34,109.800657,1006471769.09,0.0,0.0,2959
26135690000180,2017-10-03,1012780313.16,109.86113300000001,1007026112.78,0.0,0.0,2959
26135690000180,2017-10-04,1067693161.25,109.97888300000001,1008105452.26,0.0,0.0,2959
26135690000180,2017-10-05,1061910319.66,109.957283,1059455026.01,53795708.45,2248139.49,3128
26135690000180,2017-10-06,1062041297.52,109.96673799999999,1059546130.24,0.0,0.0,3128
26135690000180,2017-10-09,1061083646.59,109.869271,1058607019.33,0.0,0.0,3128
26135690000180,2017-10-10,1062110513.1,109.97243200000001,1059600992.68,0.0,0.0,3128
26135690000180,2017-10-11,1105560590.45,109.932502,1059216253.37,0.0,0.0,3128
26135690000180,2017-10-13,1105601203.87,110.164891,1102082889.88,43795142.37,3167613.26,3317
26135690000180,2017-10-16,1104716408.98,110.07220500000001,1101155662.39,0.0,0.0,3317
26135690000180,2017-10-17,1105701919.94,110.167445,1102108443.76,0.0,0.0,3317
26135690000180,2017-10-18,1134810628.35,110.199851,1102432629.23,0.0,0.0,3317
26135690000180,2017-10-19,1135819098.35,110.29641399999998,1123054995.11,28742069.91,9085708.91,3435
26135690000180,2017-10-20,1132895232.04,110.315243,1123246724.36,0.0,0.0,3435
26135690000180,2017-10-23,1133227037.41,110.34366999999999,1123536164.21,0.0,0.0,3435
26135690000180,2017-10-24,1132753248.3,110.294372,1123034209.1,0.0,0.0,3435
26135690000180,2017-10-25,1171901583.22,110.295699,1123047715.05,0.0,0.0,3435
26135690000180,2017-10-26,1162656745.73,110.275345,1137901120.56,39092471.37,24031819.02,3605
26135690000180,2017-10-27,1163296599.74,110.333685,1138503122.85,0.0,0.0,3605
26135690000180,2017-10-30,1165965004.45,110.58868100000001,1141134353.1,0.0,0.0,3605
26135690000180,2017-10-31,1166335248.6,110.620391,1141461564.49,0.0,0.0,3605
26135690000180,2017-11-01,1215633338.53,110.71087,1142395191.16,0.0,0.0,3605
26135690000180,2017-11-03,1192101878.75,110.834205,1187901536.59,48321418.29,4087732.48,3793
26135690000180,2017-11-06,1192612984.31,110.877715,1188367864.9,0.0,0.0,3793
26135690000180,2017-11-07,1192437576.98,110.860321,1188181437.43,0.0,0.0,3793
26135690000180,2017-11-08,1262741429.31,110.790508,1187433199.99,0.0,0.0,3793
26135690000180,2017-11-09,1261992779.67,110.716509,1253281595.17,71007599.75,4366092.82,3992
26135690000180,2017-11-10,1256630545.8,110.597951,1251939546.38,0.0,0.0,3992
26135690000180,2017-11-13,1256742429.49,110.603668,1252004261.76,0.0,0.0,3992
26135690000180,2017-11-14,1255357162.4,110.47892,1250592152.97,0.0,0.0,3992
26135690000180,2017-11-16,1258001262.03,110.708341,1253189134.54,0.0,0.0,3992
26135690000180,2017-11-17,1254699389.49,110.796884,1254191421.15,0.0,0.0,3992
26135690000180,2017-11-20,1254537560.77,110.778917,1253988040.23,0.0,0.0,3992
26135690000180,2017-11-21,1255999957.05,110.905234,1255417910.53,0.0,0.0,3992
26135690000180,2017-11-22,1350126611.66,111.150955,1258199406.52,0.0,0.0,3992
26135690000180,2017-11-23,1345137378.64,110.70601200000002,1339577004.99,91297860.56,4883627.25,4397
26135690000180,2017-11-24,1350550895.51,111.14923,1344940084.53,0.0,0.0,4397
26135690000180,2017-11-27,1351456971.69,111.24881,1345798759.63,0.0,0.0,4397
26135690000180,2017-11-28,1351994503.85,111.289056,1346285622.38,0.0,0.0,4397
26135690000180,2017-11-29,1410505464.6,111.265083,1345995627.62,0.0,0.0,4375
26135690000180,2017-11-30,1411332686.63,111.329278,1400779052.87,58750268.03,4743419.78,4690
26135690000180,2017-12-01,1406230250.03,111.305769,1400470710.28,0.0,0.0,4690
26135690000180,2017-12-04,1401949345.16,111.300674,1400402369.59,0.0,0.0,4690
26135690000180,2017-12-05,1402135864.75,111.314577,1400577295.2,0.0,0.0,4690
26135690000180,2017-12-06,1522262502.14,111.400691,1401660792.49,0.0,0.0,4690
26135690000180,2017-12-07,1519206828.38,111.264788,1516105114.09,118990459.1,2836190.85,4994
26135690000180,2017-12-08,1520921041.67,111.386431,1517762637.01,0.0,0.0,4994
26135690000180,2017-12-11,1521557204.8,111.429418,1518348383.58,0.0,0.0,4994
26135690000180,2017-12-12,1520476748.99,111.34595900000001,1517211153.72,0.0,0.0,4994
26135690000180,2017-12-13,1593654496.16,111.516939,1519540952.35,0.0,0.0,4994
26135690000180,2017-12-14,1590515483.7,111.49022099999999,1582813242.95,70791216.91,7154866.57,5326
26135690000180,2017-12-15,1590419402.38,111.479257,1582657588.12,0.0,0.0,5326
26135690000180,2017-12-18,1592080857.51,111.592375,1584263500.33,0.0,0.0,5326
26135690000180,2017-12-19,1589753697.15,111.424254,1581876712.36,0.0,0.0,5326
26135690000180,2017-12-20,1673878886.69,111.384446,1581311559.26,0.0,0.0,5326
26135690000180,2017-12-21,1667427723.19,111.429128,1663512232.2,84630804.07,3064477.36,5734
26135690000180,2017-12-22,1668281363.8,111.48211599999999,1664303289.11,0.0,0.0,5734
26135690000180,2017-12-26,1664540674.91,111.22843700000001,1660516143.43,0.0,0.0,5734
26135690000180,2017-12-27,1733822389.29,111.553491,1665368839.43,0.0,0.0,5734
26135690000180,2017-12-28,1733416794.07,111.522126,1712482660.59,64366546.44,16784477.1,5998
26135690000180,2017-12-29,1726198086.29,111.247056,1708258814.46,0.0,0.0,5998
26135690000180,2018-01-02,1732897245.69,111.679149,1714893838.8,0.0,0.0,5998
26135690000180,2018-01-03,1794391040.55,111.810683,1716913615.81,0.0,0.0,5998
26135690000180,2018-01-04,1796784907.34,111.962382,1779809435.3,60566410.6,0.0,6183
26135690000180,2018-01-05,1781284171.11,112.038701,1781022651.44,0.0,0.0,6183
26135690000180,2018-01-08,1779670597.54,111.932991,1779342228.63,0.0,0.0,6183
26135690000180,2018-01-09,1778782668.95,111.873182,1778391475.2,0.0,0.0,6183
26135690000180,2018-01-10,1813995929.82,111.830973,1759580062.2,0.0,0.0,6183
26135690000180,2018-01-11,1797427644.02,111.925858,1786384025.77,35826180.79,10515178.21,6403
26135690000180,2018-01-12,1799093040.85,112.026018,1787982614.37,0.0,0.0,6403
26135690000180,2018-01-15,1790657424.49,111.494303,1779496225.83,0.0,0.0,6403
26135690000180,2018-01-16,1799239593.7,112.027849,1788011843.74,0.0,0.0,6403
26135690000180,2018-01-17,1849420166.8,111.893105,1785861264.78,0.0,0.0,6403
26135690000180,2018-01-18,1838857566.48,111.884106,1827413576.28,52263825.61,10567886.7,6613
26135690000180,2018-01-19,1836794279.87,111.753552,1825281232.76,0.0,0.0,6613
26135690000180,2018-01-22,1836592081.43,111.738706,1825038755.29,0.0,0.0,6613
26135690000180,2018-01-23,1839837446.54,111.933183,1828215152.07,0.0,0.0,6613
26135690000180,2018-01-24,1883773893.67,111.950808,1828503027.45,0.0,0.0,6613
26135690000180,2018-01-25,1878981790.38,112.299368,1869467994.01,43579484.94,8307588.53,6804
26135690000180,2018-01-26,1873954914.89,111.9936,1864377812.89,0.0,0.0,6804
26135690000180,2018-01-29,1871113306.58,111.819616,1861481470.3,0.0,0.0,6804
26135690000180,2018-01-30,1870179853.64,111.759334,1860477950.38,0.0,0.0,6804
26135690000180,2018-01-31,1901912999.03,111.859066,1862138194.19,0.0,0.0,6804
26135690000180,2018-02-01,1893088092.05,111.82241699999999,1884622632.59,30002872.03,6908346.3,6945
26135690000180,2018-02-02,1886704849.2,111.526808,1879640513.12,0.0,0.0,6945
26135690000180,2018-02-05,1887672817.56,111.58138899999999,1880560414.53,0.0,0.0,6945
26135690000180,2018-02-06,1888179352.46,111.60724499999999,1880996170.78,0.0,0.0,6945
26135690000180,2018-02-07,1910075858.27,111.463191,1878568333.79,0.0,0.0,6945
26135690000180,2018-02-08,1898323622.8,111.17088999999999,1879256569.73,24253547.9,18638955.0,7017
26135690000180,2018-02-09,1897008101.0,111.088821,1877870775.35,0.0,0.0,7017
26135690000180,2018-02-14,1902154863.05,110.864575,1874080075.44,0.0,0.0,7017
26135690000180,2018-02-15,1907057099.81,111.150399,1882559412.17,8879429.35,5231729.23,7017
26135690000180,2018-02-16,1909394433.62,111.284213,1884825829.53,0.0,0.0,7017
26135690000180,2018-02-19,1894507826.75,111.500755,1888493403.55,0.0,0.0,7017
26135690000180,2018-02-20,1890036397.31,111.232552,1883950836.32,0.0,0.0,7017
26135690000180,2018-02-21,1909898010.45,111.14358999999999,1882444089.37,0.0,0.0,7017
26135690000180,2018-02-22,1873292712.6,111.28828600000001,1850987586.81,21310755.83,55217982.47,7006
26135690000180,2018-02-23,1875422944.7,111.41214599999999,1853047671.11,0.0,0.0,7006
26135690000180,2018-02-26,1878033445.24,111.56520400000001,1855593380.14,0.0,0.0,7006
26135690000180,2018-02-27,1874517894.39,111.350171,1852016874.82,0.0,0.0,7006
26135690000180,2018-02-28,1884569886.51,111.41978300000001,1853174690.73,0.0,0.0,7006
26135690000180,2018-03-01,1813795175.85,111.566814,1804556915.29,8824399.05,59887643.48,6921
26135690000180,2018-03-02,1809748598.19,111.390252,1801701087.19,0.0,0.0,6921
26135690000180,2018-03-05,1810756583.01,111.450071,1802668642.07,0.0,0.0,6921
26135690000180,2018-03-06,1810513573.82,111.430847,1802357696.49,0.0,0.0,6921
26135690000180,2018-03-07,1821041146.14,111.409922,1802019230.85,0.0,0.0,6921
26135690000180,2018-03-08,1745975325.36,111.484283,1735519225.88,10798113.19,78500885.09,6799
26135690000180,2018-03-09,1748263954.48,111.627114,1737742743.19,0.0,0.0,6799
26135690000180,2018-03-12,1748147117.38,111.618709,1737611892.92,0.0,0.0,6799
26135690000180,2018-03-13,1748706317.54,111.65041399999998,1738105453.19,0.0,0.0,6799
26135690000180,2018-03-14,1759039010.86,111.72563,1739276369.4,0.0,0.0,6799
26135690000180,2018-03-15,1705236860.55,111.582447,1695342156.21,9096118.81,50801353.25,6639
26135690000180,2018-03-16,1705832962.51,111.61746399999998,1695874195.01,0.0,0.0,6639
26135690000180,2018-03-19,1705007903.93,111.563025,1695047064.97,0.0,0.0,6639
26135690000180,2018-03-20,1704788988.86,111.544399,1694764062.12,0.0,0.0,6639
26135690000180,2018-03-21,1716463240.93,111.542467,1694734716.51,0.0,0.0,6639
26135690000180,2018-03-22,1670075377.59,111.580992,1657146889.25,11639556.08,49812714.39,6466
26135690000180,2018-03-23,1668658425.42,111.481378,1655667466.86,0.0,0.0,6466
26135690000180,2018-03-26,1670976346.24,111.637679,1657988773.01,0.0,0.0,6466
26135690000180,2018-03-27,1675174940.72,111.916175,1662124865.87,0.0,0.0,6466
26135690000180,2018-03-28,1691843954.83,111.949932,1662626210.28,0.0,0.0,6466
26135690000180,2018-03-29,1663702083.98,112.25599,1647969076.65,16113600.0,35316152.59,6348
26135690000180,2018-04-02,1662794824.11,112.18997,1646999875.41,0.0,0.0,6348
26135690000180,2018-04-03,1661070956.34,112.16491299999998,1646632025.54,0.0,0.0,6348
26135690000180,2018-04-04,1672843414.59,112.133105,1646165064.39,0.0,0.0,6348
26135690000180,2018-04-05,1637841168.65,112.196845,1611559441.71,12177389.25,47718753.26,6180
26135690000180,2018-04-06,1625124173.72,112.29739099999999,1613003655.91,0.0,0.0,6180
26135690000180,2018-04-09,1624246524.98,112.23208999999999,1612065681.43,0.0,0.0,6180
26135690000180,2018-04-10,1623140593.59,112.158046,1611002139.11,0.0,0.0,6180
26135690000180,2018-04-11,1627332202.23,112.13158999999999,1610622136.73,0.0,0.0,6180
26135690000180,2018-04-12,1601097925.21,112.15975,1595066683.53,4511359.94,20471290.87,6102
26135690000180,2018-04-13,1602346653.95,112.244501,1596271956.27,0.0,0.0,6102
26135690000180,2018-04-16,1603199384.37,112.309647,1597198422.44,0.0,0.0,6102
26135690000180,2018-04-17,1605145833.72,112.44404499999999,1599109747.77,0.0,0.0,6102
26135690000180,2018-04-18,1606885838.62,112.29499399999999,1596990036.52,0.0,0.0,6102
26135690000180,2018-04-19,1572024362.46,112.096772,1567332427.98,3772864.43,30611492.67,5991
26135690000180,2018-04-20,1571257042.43,112.037654,1566505837.59,0.0,0.0,5991
26135690000180,2018-04-23,1569444855.91,111.90672099999999,1564675139.78,0.0,0.0,5991
26135690000180,2018-04-24,1570823896.05,112.00111899999999,1565995008.69,0.0,0.0,5991
26135690000180,2018-04-25,1576002336.81,111.80913799999999,1563310743.98,0.0,0.0,5991
26135690000180,2018-04-26,1542698190.25,111.95491899999999,1535664827.79,7803485.0,37487705.07,5877
26135690000180,2018-04-27,1545446720.7,112.15106100000001,1538355269.14,0.0,0.0,5877
26135690000180,2018-04-30,1545795079.08,112.177224,1538714136.31,0.0,0.0,5877
26135690000180,2018-05-02,1545540782.76,111.896681,1534865987.14,0.0,0.0,5877
26135690000180,2018-05-03,1504839025.54,111.783025,1495474994.85,3535650.0,41367641.09,5673
26135690000180,2018-05-04,1500210171.64,111.864381,1496563408.86,0.0,0.0,5673
26135690000180,2018-05-07,1500189987.71,111.85864,1496486594.33,0.0,0.0,5673
26135690000180,2018-05-08,1497135727.72,111.630928,1493440180.73,0.0,0.0,5673
26135690000180,2018-05-09,1499139072.19,111.5967,1492982268.42,0.0,0.0,5673
26135690000180,2018-05-10,1417211260.3,111.923839,1413421868.9,2405369.61,86342350.45,5314
26135690000180,2018-05-11,1416735386.82,111.881967,1412893093.05,0.0,0.0,5314
26135690000180,2018-05-14,1416702710.87,111.879735,1412864912.24,0.0,0.0,5314
26135690000180,2018-05-15,1410130920.36,111.355098,1406239565.03,0.0,0.0,5314
26135690000180,2018-05-16,1416371859.8,111.40161299999998,1406826975.18,0.0,0.0,5314
26135690000180,2018-05-17,1312441221.16,111.418861,1307202840.36,5600219.72,105442171.25,4919
26135690000180,2018-05-18,1312592773.64,111.427549,1307304777.5,0.0,0.0,4919
26135690000180,2018-05-21,1313882883.92,111.545263,1308685832.27,0.0,0.0,4919
26135690000180,2018-05-22,1314112153.23,111.560571,1308865430.92,0.0,0.0,4919
26135690000180,2018-05-23,1333197614.13,111.691047,1310396214.46,0.0,0.0,4919
26135690000180,2018-05-24,1317122078.69,111.796477,1299576501.01,17505000.0,29561658.21,4766
26135690000180,2018-05-25,1319654032.11,112.010045,1302059123.57,0.0,0.0,4766
26135690000180,2018-05-28,1319571131.08,112.006121,1302013506.76,0.0,0.0,4766
26135690000180,2018-05-29,1324357094.99,112.413642,1306750724.01,0.0,0.0,4766
26135690000180,2018-05-30,1325493575.41,112.20996,1303568435.86,0.0,814595.21,4766
26135690000180,2018-06-01,1298581072.42,111.95935800000001,1277308567.16,3455250.0,26803811.05,4654
26135690000180,2018-06-04,1278709316.48,111.828696,1275817892.85,0.0,0.0,4652
26135690000180,2018-06-05,1279617184.97,111.904173,1276678392.95,0.0,0.0,4652
26135690000180,2018-06-06,1282096764.32,111.75133000000001,1274934654.01,0.0,0.0,4652
26135690000180,2018-06-07,1237885898.4,111.781023,1229847517.94,4220000.0,49645894.57,4408
26135690000180,2018-06-08,1234770866.64,111.742924,1229428345.26,0.0,0.0,4407
26135690000180,2018-06-11,1234509307.79,111.714955,1229120621.4,0.0,0.0,4407
26135690000180,2018-06-12,1234703510.75,111.729576,1229281489.16,0.0,0.0,4407
26135690000180,2018-06-13,1236454933.5,111.65201299999998,1228428118.29,0.0,0.0,4407
26135690000180,2018-06-14,1181939388.94,111.70340300000001,1178953312.63,2558000.0,52598211.52,4211
26135690000180,2018-06-15,1181752827.64,111.681471,1178721835.03,0.0,0.0,4211
26135690000180,2018-06-18,1181836338.78,111.686851,1178778620.86,0.0,0.0,4211
26135690000180,2018-06-19,1182878699.08,111.78135800000001,1179776071.38,0.0,0.0,4211
26135690000180,2018-06-20,1183935162.31,111.820348,1180187587.58,0.0,0.0,4211
26135690000180,2018-06-21,1094759699.25,111.90243000000001,1094525383.4,600000.0,87128520.63,3927
26135690000180,2018-06-22,1097340401.36,112.16178000000001,1097062100.16,0.0,0.0,3927
26135690000180,2018-06-25,1097737606.38,112.19926799999999,1097428772.87,0.0,0.0,3927
26135690000180,2018-06-26,1098102180.74,112.23223899999999,1097751264.5,0.0,0.0,3927
26135690000180,2018-06-27,1104910227.96,112.358271,1098983992.18,0.0,0.0,3927
26135690000180,2018-06-28,1069715862.85,112.18220600000001,1062149916.28,5540000.0,40651972.0,3814
26135690000180,2018-06-29,1069814477.58,112.187905,1062203874.85,0.0,0.0,3814
26135690000180,2018-07-02,1068439039.01,112.042055,1060822955.63,0.0,0.0,3814
26135690000180,2018-07-03,1069726680.09,112.270401,1062984953.45,0.0,0.0,3814
26135690000180,2018-07-04,1069736131.24,112.267199,1062954636.66,0.0,0.0,3814
26135690000180,2018-07-05,1071737602.27,112.472588,1064899275.8,0.0,0.0,3814
26135690000180,2018-07-06,1066338088.06,112.600825,1066113437.78,0.0,0.0,3810
26135690000180,2018-07-09,1067299178.15,112.698115,1067034591.22,0.0,0.0,3810
26135690000180,2018-07-10,1067141835.53,112.68067,1066869421.7,0.0,0.0,3810
26135690000180,2018-07-11,1069510507.68,112.756949,1067591629.01,0.0,0.0,3810
26135690000180,2018-07-12,1017787137.44,112.88756,1017057845.73,1606500.0,53376921.26,3628
26135690000180,2018-07-13,1019365406.46,113.05850900000002,1018598007.96,0.0,0.0,3628
26135690000180,2018-07-16,1018748060.47,112.985751,1017942497.72,0.0,0.0,3628
26135690000180,2018-07-17,1018879551.17,112.996113,1018035848.62,0.0,0.0,3628
26135690000180,2018-07-18,1019685343.39,112.970323,1017803497.57,0.0,0.0,3628
26135690000180,2018-07-19,793145318.43,113.050659,792996047.08,1000000.0,226531235.34,3529
26135690000180,2018-07-20,792347038.8,112.932494,792167173.07,0.0,0.0,3529
26135690000180,2018-07-23,792022957.07,112.892503,791886659.27,0.0,0.0,3529
26135690000180,2018-07-24,792457423.51,112.950086,792290572.71,0.0,0.0,3529
26135690000180,2018-07-25,793530336.09,112.998891,793142682.03,0.0,0.0,3529
26135690000180,2018-07-26,787051283.98,113.066773,786017362.37,700000.0,8301788.19,3490
26135690000180,2018-07-27,788089035.75,113.212782,787032389.17,0.0,0.0,3490
26135690000180,2018-07-30,787661396.62,113.151972,786609652.15,0.0,0.0,3490
26135690000180,2018-07-31,788172913.5,113.22118600000002,787090812.83,0.0,0.0,3490
26135690000180,2018-08-01,788174443.16,113.152859,786615813.83,0.0,0.0,3490
26135690000180,2018-08-02,776132934.79,113.109475,774893019.24,447000.0,11868201.75,3422
26135690000180,2018-08-03,777918664.86,113.36589099999999,776649675.65,0.0,0.0,3422
26135690000180,2018-08-06,778336216.67,113.424801,777053260.52,0.0,0.0,3422
26135690000180,2018-08-07,777976098.34,113.36798,776663987.95,0.0,0.0,3422
26135690000180,2018-08-08,779319939.45,113.416106,776993689.34,0.0,0.0,3422
26135690000180,2018-08-09,771694189.95,113.341291,769353428.25,985000.0,8112718.99,3379
26135690000180,2018-08-10,770220813.08,113.11998,767851184.35,0.0,0.0,3379
26135690000180,2018-08-13,767737961.03,112.75376899999999,765365363.64,0.0,0.0,3379
26135690000180,2018-08-14,768979141.02,112.932322,766577372.73,0.0,0.0,3379
26135690000180,2018-08-15,770117852.81,113.09208999999998,767661868.41,0.0,0.0,3379
26135690000180,2018-08-16,745570209.24,113.20889199999999,744788620.87,25000.0,23663533.06,3302
26135690000180,2018-08-17,745126682.09,113.13715800000001,744316690.37,0.0,0.0,3302
26135690000180,2018-08-20,746386154.65,113.32740600000001,745568311.56,0.0,0.0,3302
26135690000180,2018-08-21,746154816.86,113.28792,745308536.25,0.0,0.0,3302
26135690000180,2018-08-22,755920488.24,113.417768,746162794.1,0.0,0.0,3302
26135690000180,2018-08-23,749353814.76,113.38351200000001,740475188.23,8883000.0,14345237.5,3240
26135690000180,2018-08-24,749714087.67,113.434353,740807218.69,0.0,0.0,3240
26135690000180,2018-08-27,749692764.55,113.43346399999999,740801414.08,0.0,0.0,3240
26135690000180,2018-08-28,748089226.62,113.1836,739169621.53,0.0,0.0,3240
26135690000180,2018-08-29,753684949.52,113.07853700000001,738483487.5,0.0,0.0,3240
26135690000180,2018-08-30,734925602.78,112.814646,729862823.35,6260000.0,13157267.05,3174
26135690000180,2018-08-31,736101093.92,112.99203700000001,731010467.9,0.0,0.0,3174
26135690000180,2018-09-03,736071432.92,112.988022,730984489.83,0.0,0.0,3174
26135690000180,2018-09-04,733584032.22,112.699906,729120505.48,0.0,0.0,3174
26135690000180,2018-09-05,737101298.19,112.756154,729484405.18,0.0,0.0,3174
26135690000180,2018-09-06,718816685.16,112.862499,711728326.45,3126000.0,21570085.85,3064
26135690000180,2018-09-10,714040646.93,112.797162,711316299.74,0.0,0.0,3064
26135690000180,2018-09-11,713211246.02,112.661405,710460196.68,0.0,0.0,3064
26135690000180,2018-09-12,714865687.04,112.922089,712104107.66,0.0,0.0,3064
26135690000180,2018-09-13,694200905.84,112.970944,689119206.21,0.0,23292990.87,2973
26135690000180,2018-09-14,692074734.87,113.033502,689500806.79,0.0,0.0,2973
26135690000180,2018-09-17,691625105.17,112.955482,689024890.85,0.0,0.0,2973
26135690000180,2018-09-18,691361520.91,112.913874,688771080.39,0.0,0.0,2973
26135690000180,2018-09-19,692156785.84,112.925186,688840086.3,0.0,0.0,2973
26135690000180,2018-09-20,672273131.18,113.005881,670521796.15,700000.0,19510525.0,2858
26135690000180,2018-09-21,673782517.97,113.255954,672005604.64,0.0,0.0,2858
26135690000180,2018-09-24,674211061.72,113.330741,672449354.5,0.0,0.0,2858
26135690000180,2018-09-25,673219923.96,113.159377,671432566.55,0.0,0.0,2858
26135690000180,2018-09-26,674990971.21,113.452498,673171801.53,0.0,0.0,2858
26135690000180,2018-09-27,653780840.96,113.678608,654141011.46,6200.0,20378619.91,2779
26135690000180,2018-09-28,653816267.39,113.681399,654157067.17,0.0,0.0,2779
26135690000180,2018-10-01,653777794.05,113.677121,654132452.59,0.0,0.0,2779
26135690000180,2018-10-02,654460576.83,113.87726699999999,655284155.64,0.0,0.0,2779
26135690000180,2018-10-03,654215502.85,113.64969599999999,653974638.52,0.0,0.0,2779
26135690000180,2018-10-04,642460848.99,113.14601499999999,640877164.77,1040000.0,11239141.68,2713
26135690000180,2018-10-05,642640305.48,113.17339399999999,641032244.18,0.0,0.0,2713
26135690000180,2018-10-08,642914214.25,113.225826,641329231.66,0.0,0.0,2713
26135690000180,2018-10-09,642879192.83,113.215337,641269816.3,0.0,0.0,2713
26135690000180,2018-10-10,645218740.01,113.1549,640927490.23,0.0,0.0,2713
26135690000180,2018-10-11,641583399.65,113.391524,637296407.37,2665000.0,7636363.54,2713
26135690000180,2018-10-15,641455126.68,113.616698,638534154.48,0.0,0.0,2660
26135690000180,2018-10-16,642246955.11,113.75318700000001,639301236.73,0.0,0.0,2660
26135690000180,2018-10-17,642402364.49,113.75271799999999,639298597.66,0.0,0.0,2660
26135690000180,2018-10-18,632172740.87,113.689654,628996633.74,155000.0,10102542.2,2592
26135690000180,2018-10-19,628315309.11,113.46666699999999,627762939.45,0.0,0.0,2592
26135690000180,2018-10-22,628868739.99,113.562294,628292002.53,0.0,0.0,2592
26135690000180,2018-10-23,628832109.59,113.554149,628246940.13,0.0,0.0,2592
26135690000180,2018-10-24,630454488.69,113.750801,629334933.38,0.0,0.0,2592
26135690000180,2018-10-25,616746925.01,113.70423999999998,614959933.35,510000.0,14627397.43,2532
26135690000180,2018-10-26,617382093.64,113.817264,615571211.75,0.0,0.0,2532
26135690000180,2018-10-29,616799522.15,113.71126100000001,614997903.35,0.0,0.0,2532
26135690000180,2018-10-30,615992267.14,113.55775,614167655.45,0.0,0.0,2532
26135690000180,2018-10-31,618593612.34,113.456682,613621038.73,0.0,0.0,2532
26135690000180,2018-11-01,604374256.51,113.637457,602210819.89,3125000.0,15512921.48,2470
26135690000180,2018-11-05,604057463.2,113.671897,602393331.21,0.0,0.0,2470
26135690000180,2018-11-06,604183730.54,113.696576,602524118.37,0.0,0.0,2470
26135690000180,2018-11-07,607096811.21,113.751026,602812671.44,0.0,0.0,2470
26135690000180,2018-11-08,585612374.64,113.54214,581170087.71,2602000.0,23137608.8,2323
26135690000180,2018-11-09,584193339.33,113.564214,581283074.31,0.0,0.0,2323
26135690000180,2018-11-12,585123571.48,113.741641,582191242.79,0.0,0.0,2323
26135690000180,2018-11-13,584323184.01,113.588606,581407926.29,0.0,0.0,2323
26135690000180,2018-11-14,586399992.39,113.738989,582177666.34,0.0,0.0,2323
26135690000180,2018-11-16,564945911.13,113.80323,560656830.9,1285000.0,23134657.14,2185
26135690000180,2018-11-19,562214172.7,113.788521,560584369.15,0.0,0.0,2185
26135690000180,2018-11-20,560012548.81,113.33731,558361453.69,0.0,0.0,2185
26135690000180,2018-11-21,560556913.3,113.437825,558856647.36,0.0,0.0,2185
26135690000180,2018-11-22,560562627.52,113.434676,558926134.45,85000.0,0.0,2185
26135690000180,2018-11-23,547176904.22,113.473855,547474769.1,0.0,11644412.32,2124
26135690000180,2018-11-26,546378626.2,113.304086,546655688.51,0.0,0.0,2124
26135690000180,2018-11-27,544908375.63,113.25716,546429284.83,0.0,0.0,2124
26135690000180,2018-11-28,547057880.48,113.557437,547878025.99,0.0,0.0,2124
26135690000180,2018-11-29,533445920.61,113.64799,533173739.77,680000.0,15821173.65,2125
26135690000180,2018-11-30,535450110.16,113.650049,532642640.58,0.0,525810.45,2051
26135690000180,2018-12-03,536391023.25,113.84662900000001,533563950.05,0.0,0.0,2051
26135690000180,2018-12-04,535049048.87,113.76318400000001,533172873.33,0.0,0.0,2051
26135690000180,2018-12-05,535053462.45,113.759878,533157375.3,0.0,0.0,2051
26135690000180,2018-12-06,535078604.98,113.760994,533162606.8,0.0,0.0,2051
26135690000180,2018-12-07,534977364.18,114.11948400000001,534842740.72,0.0,0.0,2051
26135690000180,2018-12-10,534311944.59,113.97321299999999,534157214.38,0.0,0.0,2051
26135690000180,2018-12-11,533658027.14,113.83692099999999,533518452.57,0.0,0.0,2051
26135690000180,2018-12-12,534350645.13,113.980425,534191013.21,0.0,0.0,2051
26135690000180,2018-12-13,370902774.29,114.040605,370867410.75,0.0,163605644.79,1834
26135690000180,2018-12-14,371090326.88,114.093976,371040977.52,0.0,0.0,1834
26135690000180,2018-12-17,371406951.39,114.18703300000001,371343605.36,0.0,0.0,1835
26135690000180,2018-12-18,371810844.64,114.30696200000001,371733623.49,0.0,0.0,1835
26135690000180,2018-12-19,372276138.91,114.44576799999999,372185028.1,0.0,0.0,1835
26135690000180,2018-12-20,257546184.45,114.159233,258680739.55,0.0,112572457.1,1595
26135690000180,2018-12-21,257556213.35,114.15939099999999,258681098.64,0.0,0.0,1595
26135690000180,2018-12-24,257950179.44,114.348642,259109934.59,0.0,0.0,1595
26135690000180,2018-12-26,257949885.56,114.344237,259099952.09,0.0,0.0,1595
26135690000180,2018-12-27,250077873.65,114.484706,250731069.32,0.0,8687180.41,1566
26135690000180,2018-12-28,250101411.74,114.491173,250745233.53,0.0,0.0,1566
26135690000180,2018-12-31,250508429.78,114.67273700000001,251142874.97,0.0,0.0,1566
26135690000180,2019-01-02,252205250.44,114.784655,251387984.83,0.0,0.0,1566
26135690000180,2019-01-03,246832348.74,115.206304,246831673.9,0.0,5479755.45,1545
26135690000180,2019-01-04,246668877.82,115.132594,246673748.82,0.0,0.0,1545
26135690000180,2019-01-07,246566297.75,115.303147,247039162.44,0.0,0.0,1545
26135690000180,2019-01-08,246567722.12,115.2995,247031348.45,0.0,0.0,1545
26135690000180,2019-01-09,246932799.87,115.470234,247397150.11,0.0,0.0,1545
26135690000180,2019-01-10,238127242.11,115.495059,236850460.13,0.0,10599877.45,1495
26135690000180,2019-01-11,238758753.69,115.798536,237472812.12,0.0,0.0,1495
26135690000180,2019-01-14,238789823.58,115.817819,237512356.82,0.0,0.0,1495
26135690000180,2019-01-15,238890930.38,115.862586,237604163.67,0.0,0.0,1495
26135690000180,2019-01-16,239237759.87,116.027174,237941689.78,0.0,0.0,1495
26135690000180,2019-01-17,222271279.87,115.979042,222070467.01,0.0,15772516.82,1432
26135690000180,2019-01-18,222595501.43,116.143814,222385964.63,0.0,0.0,1432
26135690000180,2019-01-21,222572650.57,116.139219,222377165.5,0.0,0.0,1432
26135690000180,2019-01-22,222658986.26,116.179747,222454765.81,0.0,0.0,1432
26135690000180,2019-01-23,222792436.6,116.228689,222548477.87,0.0,0.0,1432
26135690000180,2019-01-24,218647328.46,116.513923,218435572.86,31000.0,4690055.1,1400
26135690000180,2019-01-25,218573512.2,116.469968,218353168.25,0.0,0.0,1400
26135690000180,2019-01-28,218563754.87,116.474174,218361052.91,0.0,0.0,1400
26135690000180,2019-01-29,218726389.19,116.556343,218515101.6,0.0,0.0,1400
26135690000180,2019-01-30,219122895.87,116.790199,218953524.49,0.0,0.0,1400
26135690000180,2019-01-31,211070150.34,117.131015,211204440.96,0.0,8388031.6,1378
26135690000180,2019-02-01,210863534.1,116.993574,210956615.06,0.0,0.0,1378
26135690000180,2019-02-04,210692633.56,117.000464,210969038.99,0.0,0.0,1378
26135690000180,2019-02-05,210938609.1,117.14533,211230253.39,0.0,0.0,1378
26135690000180,2019-02-06,211119977.26,117.241468,211403603.25,0.0,0.0,1378
26135690000180,2019-02-07,205326988.57,117.26176000000001,205198499.11,0.0,6241695.1,1339
26135690000180,2019-02-08,205382699.5,117.289143,205246416.73,0.0,0.0,1339
26135690000180,2019-02-11,205281441.63,117.25546999999999,205187491.23,0.0,0.0,1339
26135690000180,2019-02-12,205517462.04,117.38571999999999,205415419.03,0.0,0.0,1339
26135690000180,2019-02-13,205328578.66,117.27315300000001,205218434.53,0.0,0.0,1339
26135690000180,2019-02-14,202557943.98,117.34435900000001,202357696.16,0.0,2985344.06,1316
26135690000180,2019-02-15,202636317.88,117.385176,202428083.01,0.0,0.0,1316
26135690000180,2019-02-18,202597025.32,117.380452,202419936.74,0.0,0.0,1316
26135690000180,2019-02-19,202949348.84,117.580126,202764270.88,0.0,0.0,1316
26135690000180,2019-02-20,202804681.88,117.49159499999999,202611601.7,0.0,0.0,1316
26135690000180,2019-02-21,199264812.16,117.637804,199048845.98,0.0,3814889.48,1286
26135690000180,2019-02-22,199401229.05,117.75295200000001,199243681.0,0.0,0.0,1286
26135690000180,2019-02-25,199630350.65,117.894977,199483994.01,0.0,0.0,1286
26135690000180,2019-02-26,199875630.48,118.03723400000001,199724699.86,0.0,0.0,1286
26135690000180,2019-02-27,199968838.83,118.073045,199785294.86,0.0,0.0,1286
26135690000180,2019-02-28,198246470.74,118.108776,198059756.25,25000.0,1810997.27,1270
26135690000180,2019-03-01,198082831.56,118.006691,197888565.82,0.0,0.0,1270
26135690000180,2019-03-06,198087031.29,118.110295,198062302.11,0.0,0.0,1270
26135690000180,2019-03-07,197555272.27,118.122632,197560893.94,0.0,522097.81,1267
26135690000180,2019-03-08,197623449.36,118.158892,197621538.39,0.0,0.0,1267
26135690000180,2019-03-11,197876371.37,118.304133,197864454.84,0.0,0.0,1267
26135690000180,2019-03-12,198149173.45,118.462732,198129712.96,0.0,0.0,1267
26135690000180,2019-03-13,198295636.62,118.523846,198231926.64,0.0,0.0,1267
26135690000180,2019-03-14,194426323.8,118.602265,194333218.85,50000.0,4079863.99,1248
26135690000180,2019-03-15,194799865.86,118.825553,194699083.13,0.0,0.0,1248
26135690000180,2019-03-18,194848147.22,118.852748,194743641.76,0.0,0.0,1248
26135690000180,2019-03-19,194914815.57,118.88873999999998,194802617.02,0.0,0.0,1248
26135690000180,2019-03-20,195470367.55,119.11851,195179101.32,0.0,0.0,1248
26135690000180,2019-03-21,194255215.21,119.138997,194127402.03,171000.0,1256267.47,1236
26135690000180,2019-03-22,194094622.26,119.035731,193959138.98,0.0,0.0,1236
26135690000180,2019-03-25,194315658.46,119.1872,194205945.49,0.0,0.0,1236
26135690000180,2019-03-26,194420999.97,119.24714099999998,194303613.97,0.0,0.0,1236
26135690000180,2019-03-27,194784522.65,119.304122,194396459.98,0.0,0.0,1236
26135690000180,2019-03-28,193843083.91,119.230137,193381557.07,263000.0,1157349.74,1227
26135690000180,2019-03-29,193814473.7,119.208035,193345710.01,0.0,0.0,1227
26135690000180,2019-04-01,193909466.19,119.26892099999999,193444462.66,0.0,0.0,1227
26135690000180,2019-04-02,193917219.16,119.354827,193583794.54,0.0,0.0,1227
26135690000180,2019-04-03,194434826.76,119.44141599999999,193724235.69,0.0,0.0,1227
26135690000180,2019-04-04,193959576.58,119.456374,193202785.01,369900.0,915610.46,1220
26135690000180,2019-04-05,194345751.55,119.69061299999998,193581631.28,0.0,0.0,1220
26135690000180,2019-04-08,194242021.24,119.628424,193481049.77,0.0,0.0,1220
26135690000180,2019-04-09,194437127.28,119.744519,193668816.73,0.0,0.0,1220
26135690000180,2019-04-10,195528705.37,119.881115,193889739.82,0.0,0.0,1220
26135690000180,2019-04-11,193866845.73,119.966169,192976562.41,867820.0,1918559.55,1209
26135690000180,2019-04-12,193890348.87,119.976229,192992745.29,0.0,0.0,1209
26135690000180,2019-04-15,194041674.95,120.071243,193145584.4,0.0,0.0,1209
26135690000180,2019-04-16,193902245.94,119.980011,192998828.82,0.0,0.0,1209
26135690000180,2019-04-17,195440010.5,120.19208799999998,193339973.98,0.0,0.0,1209
26135690000180,2019-04-18,194696255.08,120.22235900000001,194036838.99,1189298.3,541126.71,1209
26135690000180,2019-04-22,194482683.69,120.08518500000001,193815443.17,0.0,0.0,1209
26135690000180,2019-04-23,194856320.74,120.323476,194200040.94,0.0,0.0,1209
26135690000180,2019-04-24,195407113.77,120.337827,194223203.45,0.0,0.0,1209
26135690000180,2019-04-25,194190407.98,120.111966,193946470.48,519800.0,431995.8,1207
26135690000180,2019-04-26,193852102.93,120.229704,194136584.26,0.0,0.0,1207
26135690000180,2019-04-29,193788056.16,120.18691799999999,194067497.06,0.0,0.0,1207
26135690000180,2019-04-30,194169194.26,120.421907,194446936.5,0.0,0.0,1207
26135690000180,2019-05-02,193853630.36,120.221909,194123997.49,0.0,0.0,1207
26135690000180,2019-05-03,194453562.45,120.415089,194435928.32,0.0,0.0,1207
26135690000180,2019-05-06,194591792.07,120.496128,194566783.24,0.0,0.0,1207
26135690000180,2019-05-07,194551552.36,120.469297,194523458.78,0.0,0.0,1207
26135690000180,2019-05-08,196581240.48,120.359253,194345768.94,0.0,0.0,1207
26135690000180,2019-05-09,193991991.55,120.237485,193939075.16,2200000.0,2410073.52,1200
26135690000180,2019-05-10,194262631.6,120.400715,194202359.04,0.0,0.0,1200
26135690000180,2019-05-13,194275369.42,120.404045,194207730.88,0.0,0.0,1200
26135690000180,2019-05-14,194543434.34,120.565618,194468343.22,0.0,0.0,1200
26135690000180,2019-05-15,195268708.33,120.669659,194636157.91,0.0,0.0,1200
26135690000180,2019-05-16,194890517.02,120.669495,194835785.43,549997.0,350104.7,1197
26135690000180,2019-05-17,194991203.49,120.727224,194928995.89,0.0,0.0,1197
26135690000180,2019-05-20,194874827.92,120.6658,194829819.27,0.0,0.0,1197
26135690000180,2019-05-21,195154793.71,120.834564,195102309.28,0.0,0.0,1197
26135690000180,2019-05-22,195914254.46,120.785621,195023284.09,0.0,0.0,1197
26135690000180,2019-05-23,195315441.75,120.885021,195194054.7,830509.73,820233.34,1196
26135690000180,2019-05-24,195232736.48,120.829163,195103860.06,0.0,0.0,1196
26135690000180,2019-05-27,195228809.96,120.824452,195096252.58,0.0,0.0,1196
26135690000180,2019-05-28,195408367.54,120.931017,195268324.26,0.0,0.0,1196
26135690000180,2019-05-29,197165053.34,120.873817,195175963.83,0.0,0.0,1196
26135690000180,2019-05-30,195764150.02,121.011901,196414727.8,1842611.16,826811.42,1195
26135690000180,2019-05-31,196783423.14,121.130097,194930907.9,0.0,1675664.9,1195
26135690000180,2019-06-03,195353342.01,121.267756,195152437.88,0.0,0.0,1195
26135690000180,2019-06-04,195313239.71,121.353518,195290451.89,0.0,0.0,1195
26135690000180,2019-06-05,195636838.9,121.44742099999999,195441568.01,0.0,0.0,1195
26135690000180,2019-06-06,195196777.22,121.453427,195160326.33,165000.0,455906.2,1196
26135690000180,2019-06-07,195431589.78,121.594903,195387660.68,0.0,0.0,1196
26135690000180,2019-06-10,195525449.72,121.654627,195483630.45,0.0,0.0,1196
26135690000180,2019-06-11,195886656.22,121.87475400000001,195837346.68,0.0,0.0,1196
26135690000180,2019-06-12,196352021.44,121.95868200000001,195972208.44,0.0,0.0,1196
26135690000180,2019-06-13,195868277.05,122.051075,195798553.03,323000.0,645119.07,1195
26135690000180,2019-06-14,195908466.04,122.07123500000002,195830893.41,0.0,0.0,1195
26135690000180,2019-06-17,195960909.65,122.10031699999999,195877548.7,0.0,0.0,1195
26135690000180,2019-06-18,196170829.35,122.22633700000002,196079713.69,0.0,0.0,1195
26135690000180,2019-06-19,197193313.37,122.578356,196644435.45,0.0,0.0,1195
26135690000180,2019-06-21,196354282.32,122.62585800000001,196246724.48,449810.0,923724.85,1194
26135690000180,2019-06-24,196676778.86,122.82251799999999,196561452.53,0.0,0.0,1194
26135690000180,2019-06-25,196708376.89,122.83883200000001,196587561.16,0.0,0.0,1194
26135690000180,2019-06-26,204841432.76,122.755131,196453608.87,0.0,0.0,1194
26135690000180,2019-06-27,203675058.39,122.946459,203655627.94,8262000.0,1366176.99,1190
26135690000180,2019-06-28,203796583.44,123.012428,203764903.17,0.0,0.0,1190
26135690000180,2019-07-01,204020504.87,123.143006,203981198.76,0.0,0.0,1190
26135690000180,2019-07-02,204040868.23,123.236628,204136279.7,0.0,0.0,1190
26135690000180,2019-07-03,212585541.43,123.27463799999998,204199242.72,0.0,0.0,1190
26135690000180,2019-07-04,211225747.33,123.270158,212665821.94,8474000.0,0.0,1190
26135690000180,2019-07-05,208485532.34,123.231761,208424816.6,0.0,4174762.01,1182
26135690000180,2019-07-08,208412822.13,123.187719,208350327.39,0.0,0.0,1182
26135690000180,2019-07-09,208391047.02,123.170193,208320684.91,0.0,0.0,1182
26135690000180,2019-07-10,209021967.27,123.421218,208745249.97,0.0,0.0,1182
26135690000180,2019-07-11,208060858.52,123.304747,207481189.34,203000.0,1270069.78,1179
26135690000180,2019-07-12,208219631.31,123.394448,207632127.19,0.0,0.0,1179
26135690000180,2019-07-15,208262446.09,123.41084,207659709.04,0.0,0.0,1179
26135690000180,2019-07-16,208208294.06,123.373997,207597715.41,0.0,0.0,1179
26135690000180,2019-07-17,208527860.71,123.40483,207649597.14,0.0,0.0,1179
26135690000180,2019-07-18,206826904.45,123.479066,206707676.36,280000.0,1346834.81,1173
26135690000180,2019-07-19,206937378.72,123.540208,206810029.81,0.0,0.0,1173
26135690000180,2019-07-22,206944125.71,123.543592,206815695.71,0.0,0.0,1173
26135690000180,2019-07-23,206840010.75,123.476545,206703455.91,0.0,0.0,1173
26135690000180,2019-07-24,210445976.77,123.616832,206938301.27,0.0,0.0,1173
26135690000180,2019-07-25,210486188.37,123.634299,210326117.51,3763000.0,404424.29,1176
26135690000180,2019-07-26,210398383.61,123.577834,210230058.16,0.0,0.0,1176
26135690000180,2019-07-29,210334793.54,123.539528,210164892.16,0.0,0.0,1176
26135690000180,2019-07-30,210424936.53,123.589331,210249616.84,0.0,0.0,1176
26135690000180,2019-07-31,211386877.15,123.630947,210320414.94,0.0,0.0,1176
26135690000180,2019-08-01,211687036.18,123.80393600000001,210732336.95,883203.73,765568.99,1173
26135690000180,2019-08-02,211016561.8,123.510016,210232042.69,0.0,0.0,1173
26135690000180,2019-08-05,210703108.55,123.322585,209913007.66,0.0,0.0,1173
26135690000180,2019-08-06,210857886.67,123.40886,210059860.12,0.0,0.0,1173
26135690000180,2019-08-07,210778057.42,123.33086399999999,209927099.73,0.0,0.0,1173
26135690000180,2019-08-08,209226675.34,123.4271,209279886.0,45000.0,856022.21,1167
26135690000180,2019-08-09,209132449.76,123.366768,209177588.78,0.0,0.0,1167
26135690000180,2019-08-12,208313501.86,122.88153100000001,208354832.91,0.0,0.0,1167
26135690000180,2019-08-13,207945199.54,122.65956399999999,207978470.66,0.0,0.0,1167
26135690000180,2019-08-14,207617847.57,122.352469,207457767.8,0.0,0.0,1167
26135690000180,2019-08-15,201264297.04,122.46346799999999,201183849.58,185305.0,6647430.71,1157
26135690000180,2019-08-16,201747008.96,122.75255800000001,201658769.07,0.0,0.0,1157
26135690000180,2019-08-19,201692258.14,122.717056,201600445.83,0.0,0.0,1157
26135690000180,2019-08-20,201681931.72,122.70601699999999,201582311.43,0.0,0.0,1157
26135690000180,2019-08-21,202194155.8,122.797578,201732728.21,0.0,0.0,1157
26135690000180,2019-08-22,201626929.68,122.912332,201490721.01,354000.0,784524.86,1156
26135690000180,2019-08-23,201823877.49,123.02771200000001,201679864.93,0.0,0.0,1156
26135690000180,2019-08-26,201588049.31,122.887552,201450099.83,0.0,0.0,1156
26135690000180,2019-08-27,201461734.22,122.80573799999999,201315982.37,0.0,0.0,1156
26135690000180,2019-08-28,201405966.6,122.683792,201116075.64,0.0,0.0,1156
26135690000180,2019-08-29,198578006.12,122.584571,198433639.77,140000.0,2659781.42,1152
26135690000180,2019-08-30,198762193.71,122.69360400000001,198610137.45,0.0,0.0,1152
26135690000180,2019-09-02,198760725.29,122.68893,198602571.12,0.0,0.0,1152
26135690000180,2019-09-03,198594513.85,122.685681,198597311.81,0.0,0.0,1152
26135690000180,2019-09-04,199534163.52,123.02985,199154435.12,0.0,0.0,1152
26135690000180,2019-09-05,199281112.58,123.085079,199267842.64,375000.0,350994.4,1150
26135690000180,2019-09-06,199428793.12,123.153496,199378605.42,0.0,0.0,1150
26135690000180,2019-09-09,199376094.14,123.116277,199318350.94,0.0,0.0,1150
26135690000180,2019-09-10,199389969.88,123.125833,199333821.25,0.0,0.0,1150
26135690000180,2019-09-11,199737566.5,123.289547,199598864.04,0.0,0.0,1150
26135690000180,2019-09-12,197873919.7,123.367424,197810591.48,75000.0,1989352.42,1143
26135690000180,2019-09-13,197984974.3,123.43201,197914149.07,0.0,0.0,1143
26135690000180,2019-09-16,198006072.18,123.441552,197929450.1,0.0,0.0,1143
26135690000180,2019-09-17,197902359.8,123.372073,197818045.19,0.0,0.0,1143
26135690000180,2019-09-18,198060534.01,123.384839,197838514.02,0.0,0.0,1143
26135690000180,2019-09-19,196856673.67,123.405876,196757324.47,130017.0,1244938.38,1139
26135690000180,2019-09-20,197235130.46,123.638446,197128132.45,0.0,0.0,1139
26135690000180,2019-09-23,197135974.02,123.576512,197029384.47,0.0,0.0,1139
26135690000180,2019-09-24,197217969.58,123.623135,197103721.07,0.0,0.0,1139
26135690000180,2019-09-25,197048693.37,123.464493,196850783.12,0.0,0.0,1139
26135690000180,2019-09-26,196571418.19,123.627879,196421920.95,76000.0,765363.7,1136
26135690000180,2019-09-27,196641026.32,123.668703,196486781.98,0.0,0.0,1136
26135690000180,2019-09-30,196738560.18,123.73242,196588016.5,0.0,0.0,1136
26135690000180,2019-10-01,196863196.36,123.805851,196704685.2,0.0,0.0,1136
26135690000180,2019-10-02,196777375.51,123.84446000000001,196766028.0,0.0,0.0,1136
26135690000180,2019-10-03,196279473.27,123.815477,196256135.39,0.0,463843.96,1132
26135690000180,2019-10-04,196413737.55,123.895164,196382444.56,0.0,0.0,1132
26135690000180,2019-10-07,196302664.67,123.822251,196266872.61,0.0,0.0,1132
26135690000180,2019-10-08,196248553.06,123.78315400000001,196204901.02,0.0,0.0,1132
26135690000180,2019-10-09,196445496.42,123.807813,196243986.7,0.0,0.0,1132
26135690000180,2019-10-10,195578655.37,123.97834099999999,195529400.23,150000.0,1134886.3,1125
26135690000180,2019-10-11,195867059.17,124.15624199999999,195809971.55,0.0,0.0,1125
26135690000180,2019-10-14,195943376.56,124.20105900000001,195880654.37,0.0,0.0,1125
26135690000180,2019-10-15,196050254.61,124.26375900000001,195979540.18,0.0,0.0,1125
26135690000180,2019-10-16,196266217.43,124.34108300000001,196101489.73,0.0,0.0,1125
26135690000180,2019-10-17,195409783.37,124.30783600000001,195326999.51,86017.34,808073.02,1121
26135690000180,2019-10-18,195819437.07,124.55358400000001,195713146.26,0.0,0.0,1121
26135690000180,2019-10-21,195632915.42,124.429797,195518638.62,0.0,0.0,1121
26135690000180,2019-10-22,195624843.87,124.427548,195515103.59,0.0,0.0,1121
26135690000180,2019-10-23,195733293.07,124.42090300000001,195504662.85,0.0,0.0,1121
26135690000180,2019-10-24,195237013.99,124.48158899999999,195162568.64,111000.0,548450.5,1119
26135690000180,2019-10-25,195152531.29,124.422678,195070209.15,0.0,0.0,1119
26135690000180,2019-10-28,195010195.76,124.329771,194924548.39,0.0,0.0,1119
26135690000180,2019-10-29,194987440.37,124.31201599999999,194896711.63,0.0,0.0,1119
26135690000180,2019-10-30,195325494.69,124.50398,195197674.08,0.0,0.0,1119
26135690000180,2019-10-31,194463924.33,124.579563,194296371.93,30000.0,1049800.78,1111
26135690000180,2019-11-01,194527921.56,124.615567,194352524.69,0.0,0.0,1111
26135690000180,2019-11-04,194671027.98,124.81161000000002,194658277.34,0.0,0.0,1111
26135690000180,2019-11-05,194566776.89,124.739728,194546168.27,0.0,0.0,1111
26135690000180,2019-11-06,194878698.63,124.910967,194816226.03,0.0,0.0,1111
26135690000180,2019-11-07,191783648.9,124.778947,191758875.84,37000.0,2888446.68,1104
26135690000180,2019-11-08,191862051.92,124.825017,191829675.7,0.0,0.0,1104
26135690000180,2019-11-11,191849899.25,124.812065,191809771.53,0.0,0.0,1104
26135690000180,2019-11-12,192024834.67,124.920836,191976930.04,0.0,0.0,1104
26135690000180,2019-11-13,191864280.55,124.811298,191808592.77,0.0,0.0,1104
26135690000180,2019-11-14,191612547.76,124.911175,191550312.45,0.0,411770.66,1097
26135690000180,2019-11-18,191716430.93,124.956173,191619316.19,0.0,0.0,1097
26135690000180,2019-11-19,191527245.91,124.827737,191422361.35,0.0,0.0,1097
26135690000180,2019-11-20,191601174.93,124.885527,191510981.15,0.0,0.0,1097
26135690000180,2019-11-21,191602323.46,124.881443,191504718.58,0.0,0.0,1097
26135690000180,2019-11-22,191342970.62,124.974321,191647146.01,0.0,0.0,1097
26135690000180,2019-11-25,191785421.43,124.98869,191669180.65,0.0,0.0,1097
26135690000180,2019-11-26,191900808.08,125.062585,191782498.13,0.0,0.0,1097
26135690000180,2019-11-27,192644696.09,125.077236,191804964.92,0.0,0.0,1097
26135690000180,2019-11-28,192644628.37,125.072352,189939511.98,0.0,1857963.16,1097
26135690000180,2019-11-29,190844690.77,125.119721,189937244.04,714000.0,2646871.54,1086
26135690000180,2019-12-02,190833370.25,125.10743400000001,189918591.52,0.0,0.0,1086
26135690000180,2019-12-03,190175103.89,125.27349,190170673.06,0.0,0.0,1086
26135690000180,2019-12-04,190553516.03,125.383547,190337744.5,0.0,0.0,1086
26135690000180,2019-12-05,189909764.7,125.343958,189893611.02,204000.0,588035.21,1084
26135690000180,2019-12-06,190017036.88,125.396452,189973138.68,0.0,0.0,1084
26135690000180,2019-12-09,190192054.25,125.507232,190140968.41,0.0,0.0,1084
26135690000180,2019-12-10,190272401.55,125.564199,190227270.97,0.0,0.0,1084
26135690000180,2019-12-11,191073810.86,125.79008400000001,190569483.16,0.0,0.0,1084
26135690000180,2019-12-12,190266364.0,125.78701000000001,190211995.37,452005.45,804836.5,1084
26135690000180,2019-12-13,190751682.19,126.100568,190686149.39,0.0,0.0,1084
26135690000180,2019-12-16,190824747.99,126.144116,190752000.95,0.0,0.0,1084
26135690000180,2019-12-17,190985932.07,126.24591799999999,190905943.33,0.0,0.0,1084
26135690000180,2019-12-18,191260285.18,126.328049,191030139.74,0.0,0.0,1084
26135690000180,2019-12-19,190624395.14,126.357564,190532533.27,143700.0,685938.43,1078
26135690000180,2019-12-20,190722011.79,126.417367,190622709.77,0.0,0.0,1078
26135690000180,2019-12-23,190767161.46,126.445522,190665164.62,0.0,0.0,1078
26135690000180,2019-12-24,191053486.77,126.63046999999999,190944044.84,0.0,0.0,1078
26135690000180,2019-12-26,191053021.78,126.62521799999999,190936124.36,0.0,0.0,1078
26135690000180,2019-12-27,191294152.97,126.78018700000001,191169800.35,0.0,0.0,1078
26135690000180,2019-12-30,191574709.09,126.961297,191442892.55,0.0,0.0,1078
26135690000180,2019-12-31,191478195.38,126.88596399999999,191329299.72,0.0,0.0,1078
26135690000180,2020-01-02,191618246.48,126.974813,191463274.31,0.0,0.0,1078
26135690000180,2020-01-03,191633768.98,126.9802,191471397.12,0.0,0.0,1078
26135690000180,2020-01-06,191559383.94,126.925962,191389612.09,0.0,0.0,1078
26135690000180,2020-01-07,191593296.53,126.943547,191416127.74,0.0,0.0,1078
26135690000180,2020-01-08,191618109.37,126.911179,191367321.12,0.0,0.0,1078
26135690000180,2020-01-09,190668872.04,127.058071,190625668.83,215390.0,1178537.71,1071
26135690000180,2020-01-10,191138280.32,127.369128,191092348.61,0.0,0.0,1071
26135690000180,2020-01-13,191092435.05,127.333733,191039246.35,0.0,0.0,1071
26135690000180,2020-01-14,191230197.59,127.420629,191169616.47,0.0,0.0,1071
26135690000180,2020-01-15,191800661.84,127.48666,191268683.44,0.0,0.0,1071
26135690000180,2020-01-16,190061593.04,127.481029,190007043.56,464000.0,1717190.59,1058
26135690000180,2020-01-17,190211014.45,127.576346,190149111.06,0.0,0.0,1058
26135690000180,2020-01-20,190208405.67,127.571347,190141660.28,0.0,0.0,1058
26135690000180,2020-01-21,190304072.78,127.630595,190229968.46,0.0,0.0,1058
26135690000180,2020-01-22,190742943.2,127.64072,190245059.63,0.0,0.0,1058
