CNPJ_FUNDO,DT_COMPTC,VL_TOTAL,VL_QUOTA,VL_PATRIM_LIQ,CAPTC_DIA,RESG_DIA,NR_COTST
30032131000111,2018-05-30,39536300.0,1.0,20000000.0,20000000.0,0.0,1
30032131000111,2018-06-01,39652503.67,1.01076381,20215276.17,0.0,0.0,1
30032131000111,2018-06-04,40726109.79,1.06442993,21288598.51,0.0,0.0,1
30032131000111,2018-06-05,20192460.49,1.00966993,20193398.59,0.0,0.0,1
30032131000111,2018-06-06,19192704.06,0.95966793,19193358.65,0.0,0.0,1
30032131000111,2018-06-07,18518581.44,0.925948,18518959.91,0.0,0.0,1
30032131000111,2018-06-08,19346207.98,0.96731615,19346323.02,0.0,0.0,1
30032131000111,2018-06-11,18197042.96,0.90984417,18196883.36,0.0,0.0,1
30032131000111,2018-06-12,17392668.89,0.8696123,17392246.06,0.0,0.0,1
30032131000111,2018-06-13,16952243.82,0.84757829,16951565.74,0.0,0.0,1
30032131000111,2018-06-14,16864269.89,0.84316705,16863340.93,0.0,0.0,1
30032131000111,2018-06-15,16722661.21,0.83607411,16721482.24,0.0,0.0,1
30032131000111,2018-06-18,17040769.48,0.8519671,17039341.91,0.0,0.0,1
30032131000111,2018-06-19,17588741.9,0.87935313,17587062.58,0.0,0.0,1
30032131000111,2018-06-20,17899190.34,0.89486269,17897253.84,0.0,0.0,1
30032131000111,2018-06-21,17240397.12,0.86191002,17238200.36,0.0,0.0,1
30032131000111,2018-06-22,17183069.07,0.85903093,17180618.59,0.0,0.0,1
30032131000111,2018-06-25,17432221.28,0.87147588,17429517.65,0.0,0.0,1
30032131000111,2018-06-26,17892077.79,0.89445593,17889118.54,0.0,0.0,1
30032131000111,2018-06-27,17275419.69,0.86361001,17272200.26,0.0,0.0,1
30032131000111,2018-06-28,17294710.07,0.86456183,17291236.58,0.0,0.0,1
30032131000111,2018-06-29,17892481.14,0.89443787,17888757.3,0.0,0.0,1
30032131000111,2018-07-02,17681910.85,0.88389653,17677930.59,0.0,0.0,1
30032131000111,2018-07-03,17593935.7,0.87948506,17589701.11,0.0,0.0,1
30032131000111,2018-07-04,17452326.92,0.87238979,17447795.76,0.0,0.0,1
30032131000111,2018-07-05,17191956.61,0.85935697,17187139.31,0.0,0.0,1
30032131000111,2018-07-06,16471117.7,0.82333815,16466762.9,0.0,0.0,1
30032131000111,2018-07-09,16471256.02,0.82333124,16466624.81,0.0,0.0,1
30032131000111,2018-07-10,15955924.05,0.79765655,15953130.97,0.0,0.0,1
30032131000111,2018-07-11,15975212.15,0.79860268,15972053.54,0.0,0.0,1
30032131000111,2018-07-12,16450393.8,0.82234818,16446963.67,0.0,0.0,1
30032131000111,2018-07-13,17143846.37,0.85701172,17140234.42,0.0,0.0,1
30032131000111,2018-07-16,17772266.53,0.88841856,17768371.27,0.0,0.0,1
30032131000111,2018-07-17,17929474.6,0.8962645,17925290.01,0.0,0.0,1
30032131000111,2018-07-18,17814679.38,0.89051019,17810203.88,0.0,0.0,1
30032131000111,2018-07-19,17596447.39,0.87958411,17591682.15,0.0,0.0,1
30032131000111,2018-07-20,17814949.15,0.89049482,17809896.31,0.0,0.0,1
30032131000111,2018-07-23,17531591.18,0.87631243,17526248.6,0.0,0.0,1
30032131000111,2018-07-24,18140855.7,0.90676131,18135226.17,0.0,0.0,1
30032131000111,2018-07-25,18707979.43,0.93510285,18702056.93,0.0,0.0,1
30032131000111,2018-07-26,17961068.77,0.89774238,17954847.66,0.0,0.0,1
30032131000111,2018-07-27,17980359.65,0.89869237,17973847.36,0.0,0.0,1
30032131000111,2018-07-30,17999650.83,0.89964236,17992847.17,0.0,0.0,1
30032131000111,2018-07-31,17471109.69,0.87320072,17464014.46,0.0,0.0,1
30032131000111,2018-08-01,17509556.13,0.87510868,17502173.52,0.0,0.0,1
30032131000111,2018-08-02,17367944.89,0.86801373,17360274.54,0.0,0.0,1
30032131000111,2018-08-03,17973378.97,0.8982627000000001,17965253.94,0.0,0.0,1
30032131000111,2018-08-06,17709176.6,0.88503029,17700605.89,0.0,0.0,1
30032131000111,2018-08-07,17889229.37,0.89420938,17884187.63,0.0,0.0,1
30032131000111,2018-08-08,17429645.07,0.87120792,17424158.46,0.0,0.0,1
30032131000111,2018-08-09,16970060.3,0.84820667,16964133.38,0.0,0.0,1
30032131000111,2018-08-10,17349465.1,0.86715047,17343009.35,0.0,0.0,1
30032131000111,2018-08-13,17430051.89,0.87115734,17423146.75,0.0,0.0,1
30032131000111,2018-08-14,17966434.28,0.8979585999999999,17959172.01,0.0,0.0,1
30032131000111,2018-08-15,18058513.6,0.90253979,18050795.82,0.0,0.0,1
30032131000111,2018-08-16,17625746.21,0.8808786,17617571.98,0.0,0.0,1
30032131000111,2018-08-17,17510951.57,0.87511626,17502325.21,0.0,0.0,1
30032131000111,2018-08-20,17495763.29,0.8743343000000001,17486685.95,0.0,0.0,1
30032131000111,2018-08-21,16584120.99,0.82872964,16574592.83,0.0,0.0,1
30032131000111,2018-08-22,16775805.09,0.83829176,16765835.15,0.0,0.0,1
30032131000111,2018-08-23,16059206.74,0.80245649,16049129.73,0.0,0.0,1
30032131000111,2018-08-24,16733586.83,0.83615366,16723073.25,0.0,0.0,1
30032131000111,2018-08-27,17258581.57,0.86238124,17247624.76,0.0,0.0,1
30032131000111,2018-08-28,16749183.42,0.83688891,16737778.14,0.0,0.0,1
30032131000111,2018-08-29,17220543.09,0.86079351,17215870.2,0.0,0.0,1
30032131000111,2018-08-30,16501700.69,0.82496656,16499331.16,0.0,0.0,1
30032131000111,2018-08-31,16873433.22,0.84353722,16870744.37,0.0,0.0,1
30032131000111,2018-09-03,16394694.01,0.81958263,16391652.59,0.0,0.0,1
30032131000111,2018-09-04,15632469.82,0.78145379,15629075.83,0.0,0.0,1
30032131000111,2018-09-05,15896931.6,0.79465246,15893049.22,0.0,0.0,1
30032131000111,2018-09-06,16303152.57,0.81494044,16298808.76,0.0,0.0,1
30032131000111,2018-09-10,15947217.28,0.79747389,15949477.87,0.0,0.0,1
30032131000111,2018-09-11,15380371.6,0.76910854,15382170.84,0.0,0.0,1
30032131000111,2018-09-12,15821073.25,0.79112056,15822411.14,0.0,0.0,1
30032131000111,2018-09-13,15817378.04,0.79091286,15818257.27,0.0,0.0,1
30032131000111,2018-09-14,15813683.48,0.79070507,15814101.35,0.0,0.0,1
30032131000111,2018-09-17,16618237.47,0.83091427,16618285.45,0.0,0.0,1
30032131000111,2018-09-18,16813754.4,0.84066705,16813341.02,0.0,0.0,1
30032131000111,2018-09-19,16434620.25,0.82168727,16433745.49,0.0,0.0,1
30032131000111,2018-09-20,16354304.42,0.81764841,16352968.29,0.0,0.0,1
30032131000111,2018-09-21,17093823.75,0.85460131,17092026.22,0.0,0.0,1
30032131000111,2018-09-24,16768323.5,0.83830323,16766064.58,0.0,0.0,1
30032131000111,2018-09-25,16347048.04,0.81721639,16344327.72,0.0,0.0,1
30032131000111,2018-09-26,16262902.1,0.81298602,16259720.39,0.0,0.0,1
30032131000111,2018-09-27,17094363.87,0.85453604,17090720.74,0.0,0.0,1
30032131000111,2018-09-28,17163456.51,0.8579675999999999,17159351.97,0.0,0.0,1
30032131000111,2018-10-01,16983535.0,0.84896098,16979219.62,0.0,0.0,1
30032131000111,2018-10-02,18155957.9,0.90757158,18151431.69,0.0,0.0,1
30032131000111,2018-10-03,18577503.59,0.92870667,18574133.48,0.0,0.0,1
30032131000111,2018-10-04,18117919.98,0.90571516,18114303.2,0.0,0.0,1
30032131000111,2018-10-05,18957269.62,0.94785058,18957011.51,0.0,0.0,1
30032131000111,2018-10-08,20114366.02,1.00569306,20113861.27,0.0,0.0,1
30032131000111,2018-10-09,20624023.68,1.03116353,20623270.65,0.0,0.0,1
30032131000111,2018-10-10,20043561.91,1.00223366,20044673.15,0.0,0.0,1
30032131000111,2018-10-11,19721891.97,0.98613772,19722754.3,0.0,0.0,1
30032131000111,2018-10-15,19633820.25,0.98172634,19634526.72,0.0,0.0,1
30032131000111,2018-10-16,20990133.26,1.04952959,20990591.79,0.0,0.0,1
30032131000111,2018-10-17,51645368.0,1.05880109,36176021.81,15000000.0,0.0,1
30032131000111,2018-10-18,50942307.41,1.03821503,35472658.6,0.0,0.0,1
30032131000111,2018-10-19,51417180.71,1.05210486,35947231.9,0.0,0.0,1
30032131000111,2018-10-22,59829234.49,1.08760219,52160067.94,15000000.0,0.0,1
30032131000111,2018-10-23,59019711.1,1.07071492,51350175.23,0.0,0.0,1
30032131000111,2018-10-24,58055729.59,1.05060707,50385827.41,0.0,0.0,1
30032131000111,2018-10-25,52773038.48,1.10034993,52771434.02,0.0,0.0,1
30032131000111,2018-10-26,54205857.76,1.13021824,54203881.68,0.0,0.0,1
30032131000111,2018-10-29,52898498.75,1.10295032,52896145.7,0.0,0.0,1
30032131000111,2018-10-30,54412613.05,1.13451373,54409887.92,0.0,0.0,1
30032131000111,2018-10-31,53479342.61,1.115046,53476239.73,0.0,0.0,1
30032131000111,2018-11-01,53733182.92,1.12033092,53729697.66,0.0,0.0,1
30032131000111,2018-11-05,54458604.9,1.13544887,54454736.31,0.0,0.0,1
30032131000111,2018-11-06,53687942.14,1.1193713,53683675.48,0.0,0.0,1
30032131000111,2018-11-07,53405126.89,1.11346626,53400477.06,0.0,0.0,1
30032131000111,2018-11-08,53646184.06,1.1185813,53645788.3,0.0,0.0,1
30032131000111,2018-11-09,52558396.83,1.0958916,52557618.08,0.0,0.0,1
30032131000111,2018-11-12,53161858.65,1.10846663,53160700.97,0.0,0.0,1
30032131000111,2018-11-13,53326215.53,1.11188407,53324597.41,0.0,0.0,1
30032131000111,2018-11-14,53043389.18,1.10597883,53041389.25,0.0,0.0,1
30032131000111,2018-11-16,54638676.52,1.13923817,54636466.57,0.0,0.0,1
30032131000111,2018-11-19,54006205.66,1.12604231,54003608.99,0.0,0.0,1
30032131000111,2018-11-20,54007981.66,1.12607133,54005000.65,0.0,0.0,1
30032131000111,2018-11-21,53749558.76,1.12067487,53746193.39,0.0,0.0,1
30032131000111,2018-11-22,54442473.94,1.13511502,54438725.18,0.0,0.0,1
30032131000111,2018-11-23,54761361.48,1.14175617,54757226.73,0.0,0.0,1
30032131000111,2018-11-26,54013977.78,1.12635696,54018699.26,0.0,0.0,1
30032131000111,2018-11-27,55821986.48,1.16385543,55817079.82,0.0,0.0,1
30032131000111,2018-11-28,57499418.23,1.19882381,57494120.83,0.0,0.0,1
30032131000111,2018-11-29,56776882.78,1.18374977,56771187.98,0.0,0.0,1
30032131000111,2018-11-30,57778776.52,1.20463227,57772687.01,0.0,0.0,1
30032131000111,2018-12-03,57162573.65,1.19177361,57156001.78,0.0,0.0,1
30032131000111,2018-12-04,55343028.36,1.15382739,55336147.54,0.0,0.0,1
30032131000111,2018-12-05,55792017.37,1.16318129,55784748.83,0.0,0.0,1
30032131000111,2018-12-06,55923891.59,1.16592291,55916233.65,0.0,0.0,1
30032131000111,2018-12-07,55057868.26,1.1479803999999998,55055733.08,0.0,0.0,1
30032131000111,2018-12-10,54270923.51,1.13156357,54268401.7,0.0,0.0,1
30032131000111,2018-12-11,55077660.16,1.15543782,55413381.77,0.0,0.0,1
30032131000111,2018-12-12,56502369.3,1.18513452,56837598.8,0.0,0.0,1
30032131000111,2018-12-13,57625794.39,1.20855965,57961039.53,0.0,0.0,1
30032131000111,2018-12-14,56814376.86,1.19163391,57149301.72,0.0,0.0,1
30032131000111,2018-12-17,56165642.75,1.17809846,56500158.1,0.0,0.0,1
30032131000111,2018-12-18,57102506.81,1.19761598,57436194.42,0.0,0.0,1
30032131000111,2018-12-19,55884555.59,1.17221349,56217922.51,0.0,0.0,1
30032131000111,2018-12-20,57485273.57,1.19852095,57479595.58,0.0,0.0,1
30032131000111,2018-12-21,58031490.67,1.20991053,58025826.06,0.0,0.0,1
30032131000111,2018-12-24,58033334.9,1.20994044,58027260.79,0.0,0.0,1
30032131000111,2018-12-26,58051444.21,1.21030951,58044960.69,0.0,0.0,1
30032131000111,2018-12-27,57028798.57,1.18897754,57021905.6,0.0,0.0,1
30032131000111,2018-12-28,57599828.15,1.20087576,57592529.54,0.0,0.0,1
30032131000111,2018-12-31,57601692.29,1.20090613,57593985.9,0.0,0.0,1
30032131000111,2019-01-02,57538507.02,1.19958109,57530438.78,0.0,0.0,1
30032131000111,2019-01-03,57223282.62,1.19300073,57214852.78,0.0,0.0,1
30032131000111,2019-01-04,56607191.23,1.18014707,56598406.97,0.0,0.0,1
30032131000111,2019-01-07,57218880.54,1.19289273,57209673.34,0.0,0.0,1
30032131000111,2019-01-08,55596526.86,1.15918397,55593042.62,0.0,0.0,1
30032131000111,2019-01-09,55891104.22,1.16531754,55887200.83,0.0,0.0,1
30032131000111,2019-01-10,56645404.27,1.18111504,56644829.94,0.0,0.0,1
30032131000111,2019-01-11,55834167.48,1.16419093,55833170.11,0.0,0.0,1
30032131000111,2019-01-14,55844159.82,1.16439052,55842742.43,0.0,0.0,1
30032131000111,2019-01-15,56211732.95,1.17204989,56210076.19,0.0,0.0,1
30032131000111,2019-01-16,62246117.2,1.17275806,62244039.02,6000000.0,0.0,1
30032131000111,2019-01-17,62574647.67,1.17893963,62572125.55,0.0,0.0,1
30032131000111,2019-01-18,62667366.17,1.18067818,62664398.89,0.0,0.0,1
30032131000111,2019-01-21,62280367.88,1.17337824,62276955.08,0.0,0.0,1
30032131000111,2019-01-22,62340569.69,1.17450415,62336712.82,0.0,0.0,1
30032131000111,2019-01-23,64035101.38,1.20642294,64030800.2,0.0,0.0,1
30032131000111,2019-01-24,64290471.38,1.21122595,64285719.57,0.0,0.0,1
30032131000111,2019-01-25,64293741.76,1.21127916,64288543.54,0.0,0.0,1
30032131000111,2019-01-28,64467791.45,1.21454988,64462136.47,0.0,0.0,1
30032131000111,2019-01-29,64885774.31,1.22241669,64879667.1,0.0,0.0,1
30032131000111,2019-01-30,66499002.6,1.25280345,66492441.56,0.0,0.0,1
30032131000111,2019-01-31,65941272.28,1.24228642,65934251.4,0.0,0.0,1
30032131000111,2019-02-01,66595051.33,1.25459579,66587570.28,0.0,0.0,1
30032131000111,2019-02-04,65825914.53,1.24009555,65817970.88,0.0,0.0,1
30032131000111,2019-02-05,65016106.51,1.22482742,65007616.49,0.0,0.0,1
30032131000111,2019-02-06,62702057.55,1.18121915,62693110.79,0.0,0.0,1
30032131000111,2019-02-07,63292023.44,1.19245623,63289518.09,0.0,0.0,1
30032131000111,2019-02-08,63514893.18,1.1966469,63511937.58,0.0,0.0,1
30032131000111,2019-02-11,63648287.1,1.19915162,63644875.34,0.0,0.0,1
30032131000111,2019-02-12,65342825.91,1.23107041,65338962.56,0.0,0.0,1
30032131000111,2019-02-13,64638731.74,1.21779574,64634410.46,0.0,0.0,1
30032131000111,2019-02-14,65154289.26,1.22750093,65149512.69,0.0,0.0,1
30032131000111,2019-02-15,64848603.2,1.22173277,64843367.81,0.0,0.0,1
30032131000111,2019-02-18,64298792.99,1.2113686000000001,64293290.31,0.0,0.0,1
30032131000111,2019-02-19,64261434.92,1.21065586,64255461.92,0.0,0.0,1
30032131000111,2019-02-20,63752343.41,1.20105506,63745900.22,0.0,0.0,1
30032131000111,2019-02-21,64267887.0,1.21075974,64260975.5,0.0,0.0,1
30032131000111,2019-02-22,63384972.3,1.19411563,63377590.59,0.0,0.0,1
30032131000111,2019-02-25,63062521.34,1.18803973,63055112.7,0.0,0.0,1
30032131000111,2019-02-26,62716079.04,1.18150354,62708204.68,0.0,0.0,1
30032131000111,2019-02-27,62142197.56,1.17068212,62133858.76,0.0,0.0,1
30032131000111,2019-02-28,61446261.59,1.15756108,61437460.48,0.0,0.0,1
30032131000111,2019-03-01,61043032.06,1.14995495,61033765.9,0.0,0.0,1
30032131000111,2019-03-06,60046221.68,1.13116502,60036491.97,0.0,0.0,1
30032131000111,2019-03-07,59992628.68,1.13014659,59982439.12,0.0,0.0,1
30032131000111,2019-03-08,60345597.03,1.13678855,60334960.12,0.0,0.0,1
30032131000111,2019-03-11,61374819.01,1.15629843,61370445.39,0.0,0.0,1
30032131000111,2019-03-12,60768304.64,1.14486257,60763488.46,0.0,0.0,1
30032131000111,2019-03-13,59511306.37,1.12117039,59506027.71,0.0,0.0,1
30032131000111,2019-03-14,59311336.31,1.11739417,59305605.44,0.0,0.0,1
30032131000111,2019-03-15,58078751.38,1.09416198,58072558.41,0.0,0.0,1
30032131000111,2019-03-18,60041497.44,1.13113305,60034794.92,0.0,0.0,1
30032131000111,2019-03-19,61191254.76,1.15278729,61184092.43,0.0,0.0,1
30032131000111,2019-03-20,60917911.89,1.14762842,60910285.45,0.0,0.0,1
30032131000111,2019-03-21,60458076.71,1.1389558000000002,60449987.21,0.0,0.0,1
30032131000111,2019-03-22,58241319.59,1.09718501,58233005.88,0.0,0.0,1
30032131000111,2019-03-25,57935670.02,1.09141764,57926903.22,0.0,0.0,1
30032131000111,2019-03-26,58597615.26,1.10388103,58588396.49,0.0,0.0,1
30032131000111,2019-03-27,56844548.49,1.07084243,56834875.28,0.0,0.0,1
30032131000111,2019-03-28,58327826.89,1.09878087,58317705.78,0.0,0.0,1
30032131000111,2019-03-29,58534424.29,1.10266489,58523849.76,0.0,0.0,1
30032131000111,2019-04-01,58188115.62,1.09613396,58177221.28,0.0,0.0,1
30032131000111,2019-04-02,57971875.28,1.09205371,57960662.4,0.0,0.0,1
30032131000111,2019-04-03,56958806.03,1.07295901,56947212.78,0.0,0.0,1
30032131000111,2019-04-04,56799505.08,1.06995048,56787535.22,0.0,0.0,1
30032131000111,2019-04-05,57219453.03,1.07797233,57213294.49,0.0,0.0,1
30032131000111,2019-04-08,56068166.67,1.05627305,56061606.49,0.0,0.0,1
30032131000111,2019-04-09,55177078.4,1.03947646,55170129.04,0.0,0.0,1
30032131000111,2019-04-10,56152389.31,1.05791576,56148793.25,0.0,0.0,1
30032131000111,2019-04-11,69371490.96,1.06363229,56452197.76,0.0,0.0,1
30032131000111,2019-04-12,68258371.61,1.0426551,55338834.89,0.0,0.0,1
30032131000111,2019-04-15,68155387.54,1.04070708,55235444.3,0.0,0.0,1
30032131000111,2019-04-16,67089734.99,1.02113342,67084673.2,12888099.63,0.0,1
30032131000111,2019-04-17,66540256.95,1.01276265,66534744.82,0.0,0.0,1
30032131000111,2019-04-18,69647831.05,1.06005795,69641870.6,0.0,0.0,1
30032131000111,2019-04-22,71118246.47,1.08243297,71111826.15,0.0,0.0,1
30032131000111,2019-04-23,72120848.85,1.09768706,72113963.17,0.0,0.0,1
30032131000111,2019-04-24,70858875.24,1.07847741,70851960.42,0.0,0.0,1
30032131000111,2019-04-25,72509962.87,1.10360247,72502583.65,0.0,0.0,1
30032131000111,2019-04-26,73268096.98,1.11513529,73260247.18,0.0,0.0,1
30032131000111,2019-04-29,73834872.08,1.12375529,73826548.86,0.0,0.0,1
30032131000111,2019-04-30,74422909.32,1.13269889,74414110.59,0.0,0.0,1
30032131000111,2019-05-02,75021594.24,1.14222696,75040069.36,0.0,0.0,1
30032131000111,2019-05-03,74493519.87,1.1341822,74511558.13,0.0,0.0,1
30032131000111,2019-05-06,73837735.57,1.12419215,73855249.3,0.0,0.0,1
30032131000111,2019-05-07,74234406.78,1.13022294,74251449.72,0.0,0.0,1
30032131000111,2019-05-08,76410205.65,1.16343956,76433658.15,0.0,0.0,1
30032131000111,2019-05-09,76413539.45,1.16348299,76436511.52,0.0,0.0,1
30032131000111,2019-05-10,71069512.42,1.08213072,71091969.68,0.0,0.0,1
30032131000111,2019-05-13,66692869.61,1.01550438,66714866.38,0.0,0.0,1
30032131000111,2019-05-14,81264079.21,1.04112513,68398054.3,0.0,0.0,1
30032131000111,2019-05-15,79730871.24,1.01778364,66864605.32,0.0,0.0,1
30032131000111,2019-05-16,76976717.1,0.97585435,64110006.47,0.0,0.0,1
30032131000111,2019-05-17,62162224.65,0.94651708,62182656.65,0.0,0.0,1
30032131000111,2019-05-20,63304832.87,0.96390285,63324837.63,0.0,0.0,1
30032131000111,2019-05-21,67244488.51,1.02386398,67264060.79,0.0,0.0,1
30032131000111,2019-05-22,66325602.06,1.0098703000000002,66344728.15,0.0,0.0,1
30032131000111,2019-05-23,64224925.47,0.97788798,64243608.82,0.0,0.0,1
30032131000111,2019-05-24,63306037.12,0.96389445,63324285.55,0.0,0.0,1
30032131000111,2019-05-27,63831565.79,0.97188727,63849384.15,0.0,0.0,1
30032131000111,2019-05-28,65304005.68,0.99387116,65293643.98,0.0,0.0,1
30032131000111,2019-05-29,78369948.57,0.99486824,78359148.32,13000000.0,0.0,1
30032131000111,2019-05-30,81892835.91,1.03958955,81881548.41,0.0,0.0,1
30032131000111,2019-05-31,82014370.0,1.04112623,82002582.08,0.0,0.0,1
30032131000111,2019-06-03,94266784.06,1.03232196,81309129.08,0.0,0.0,1
30032131000111,2019-06-04,92739597.61,1.012926,79781437.88,0.0,0.0,1
30032131000111,2019-06-05,77544922.52,0.98436156,77531606.92,0.0,0.0,1
30032131000111,2019-06-06,90809113.04,0.98872526,90795306.76,12920000.0,0.0,1
30032131000111,2019-06-07,91195521.43,0.99301119,91188887.05,0.0,0.0,1
30032131000111,2019-06-10,90198501.95,0.98214815,90191326.01,0.0,0.0,1
30032131000111,2019-06-11,90967833.72,0.99051933,90960057.9,0.0,0.0,1
30032131000111,2019-06-12,90299061.14,0.98323064,90290732.03,0.0,0.0,1
30032131000111,2019-06-13,92365736.48,1.00572992,92356856.58,0.0,0.0,1
30032131000111,2019-06-14,93244219.17,1.01528803,93234583.52,0.0,0.0,1
30032131000111,2019-06-17,94029264.3,1.02383074,94019066.42,0.0,0.0,1
30032131000111,2019-06-18,93626005.1,1.01943323,93615240.55,0.0,0.0,1
30032131000111,2019-06-19,95442331.17,1.03921717,95432012.81,0.0,0.0,1
30032131000111,2019-06-21,97508996.41,1.06170805,97497365.26,0.0,0.0,1
30032131000111,2019-06-24,97933948.18,1.06633587,97922341.5,0.0,0.0,1
30032131000111,2019-06-25,94764240.67,1.03181269,94752054.69,0.0,0.0,1
30032131000111,2019-06-26,93579669.17,1.01890699,93566915.71,0.0,0.0,1
30032131000111,2019-06-27,92801502.0,1.01042693,92788185.46,0.0,0.0,1
30032131000111,2019-06-28,92101484.21,1.00279791,92087607.53,0.0,0.0,1
30032131000111,2019-07-01,91041947.81,0.99125479,91027595.15,0.0,0.0,1
30032131000111,2019-07-02,90706514.24,0.98759691,90691689.54,0.0,0.0,1
30032131000111,2019-07-03,90454702.27,0.98484954,90439396.91,0.0,0.0,1
30032131000111,2019-07-04,89614003.59,0.9756889,89598168.73,0.0,0.0,1
30032131000111,2019-07-05,90343648.47,0.9837201,90335680.04,0.0,0.0,1
30032131000111,2019-07-08,90988050.33,0.99073163,90979552.84,0.0,0.0,1
30032131000111,2019-07-09,90991272.99,0.99076026,90982182.14,0.0,0.0,1
30032131000111,2019-07-10,96024069.65,1.04560075,96018221.9,0.0,0.0,1
30032131000111,2019-07-11,97356079.36,1.06009983,97349681.39,0.0,0.0,1
30032131000111,2019-07-12,97078111.71,1.05706728,97071200.7,0.0,0.0,1
30032131000111,2019-07-15,94111345.17,1.02475665,94104093.85,0.0,0.0,1
30032131000111,2019-07-16,93129998.29,1.01406426,93122203.88,0.0,0.0,1
30032131000111,2019-07-17,92852112.39,1.01103231,92843778.52,0.0,0.0,1
30032131000111,2019-07-18,90885982.69,0.98961607,90877110.41,0.0,0.0,1
30032131000111,2019-07-19,90014020.37,0.98011496,90004617.01,0.0,0.0,1
30032131000111,2019-07-22,88016613.59,0.95835823,88006682.41,0.0,0.0,1
30032131000111,2019-07-23,86816406.59,0.94528278,86805955.04,0.0,0.0,1
30032131000111,2019-07-24,87757635.17,0.95552678,87746667.7,0.0,0.0,1
30032131000111,2019-07-25,87776661.01,0.95572103,87764505.85,0.0,0.0,1
30032131000111,2019-07-26,89311896.36,0.97243352,89299225.49,0.0,0.0,1
30032131000111,2019-07-29,88759853.34,0.96641623,88746653.46,0.0,0.0,1
30032131000111,2019-07-30,92561644.48,1.00781054,92547921.42,0.0,0.0,1
30032131000111,2019-07-31,93832784.54,1.02180304,93832861.56,0.0,0.0,1
30032131000111,2019-08-01,95289845.9,1.03758054,95281720.37,0.0,0.0,1
30032131000111,2019-08-02,96871687.12,1.0548003000000001,96863022.77,0.0,0.0,1
30032131000111,2019-08-05,95389877.07,1.03865804,95380667.95,0.0,0.0,1
30032131000111,2019-08-06,96158943.33,1.04702707,96149201.57,0.0,0.0,1
30032131000111,2019-08-07,94057707.86,1.02424615,94057214.34,0.0,0.0,1
30032131000111,2019-08-08,95295673.32,1.03772133,95294649.05,0.0,0.0,1
30032131000111,2019-08-09,102801674.94,1.11945287,102800111.85,0.0,0.0,1
30032131000111,2019-08-12,100131900.83,1.09037357,100129739.64,0.0,0.0,1
30032131000111,2019-08-13,99869304.77,1.08750794,99866586.7,0.0,0.0,1
30032131000111,2019-08-14,99293838.13,1.0812378999999999,99290805.19,0.0,0.0,1
30032131000111,2019-08-15,97124280.81,1.05760601,97120672.72,0.0,0.0,1
30032131000111,2019-08-16,97424560.0,1.06086978,97420386.36,0.0,0.0,1
30032131000111,2019-08-19,98303018.44,1.07042968,98298278.59,0.0,0.0,1
30032131000111,2019-08-20,98759507.06,1.07539446,98754197.69,0.0,0.0,1
30032131000111,2019-08-21,101716896.4,1.10759306,101711016.96,0.0,0.0,1
30032131000111,2019-08-22,101110385.69,1.10098208,101103925.96,0.0,0.0,1
30032131000111,2019-08-23,96564248.75,1.05147731,96557870.03,0.0,0.0,1
30032131000111,2019-08-26,96412919.7,1.04982327,96405977.96,0.0,0.0,1
30032131000111,2019-08-27,95335707.54,1.03808672,95328203.33,0.0,0.0,1
30032131000111,2019-08-28,106507620.27,1.03436743,94986658.11,0.0,0.0,1
30032131000111,2019-08-29,109315263.87,1.0649355,97793744.54,0.0,0.0,1
30032131000111,2019-08-30,109151256.93,1.06340736,109142069.41,11488654.84,0.0,1
30032131000111,2019-09-02,110279759.4,1.07439673,110269955.51,0.0,0.0,1
30032131000111,2019-09-03,109461195.45,1.06641514,109450770.97,0.0,0.0,1
30032131000111,2019-09-04,107606557.24,1.04833839,107595475.63,0.0,0.0,1
30032131000111,2019-09-05,106895153.63,1.04140099,106883461.41,0.0,0.0,1
30032131000111,2019-09-06,105155587.62,1.02454309,105153262.06,0.0,0.0,1
30032131000111,2019-09-09,106712804.76,1.03970971,106709877.78,0.0,0.0,1
30032131000111,2019-09-10,105197585.04,1.02494049,105194048.88,0.0,0.0,1
30032131000111,2019-09-11,108148262.49,1.05368361,108144079.52,0.0,0.0,1
30032131000111,2019-09-12,107186812.27,1.04430992,107182016.69,0.0,0.0,1
30032131000111,2019-09-13,106010689.01,1.03284756,106005585.63,0.0,0.0,1
30032131000111,2019-09-16,104942063.81,1.02242972,104936357.77,0.0,0.0,1
30032131000111,2019-09-17,105659851.04,1.02941751,105653544.35,0.0,0.0,1
30032131000111,2019-09-18,108789007.3,1.05990003,108782097.29,0.0,0.0,1
30032131000111,2019-09-19,110757083.76,1.07906966,110749558.74,0.0,0.0,1
30032131000111,2019-09-20,109455956.21,1.06638607,109447787.42,0.0,0.0,1
30032131000111,2019-09-23,105939820.65,1.03212139,105931055.8,0.0,0.0,1
30032131000111,2019-09-24,105621176.8,1.02901085,105611807.54,0.0,0.0,1
30032131000111,2019-09-25,105320397.73,1.02607438,105310425.28,0.0,0.0,1
30032131000111,2019-09-26,107681197.69,1.04907057,107670623.16,0.0,0.0,1
30032131000111,2019-09-27,112185558.08,1.0929521,112174372.65,0.0,0.0,1
30032131000111,2019-09-30,114171231.62,1.11229306,114159418.49,0.0,0.0,1
30032131000111,2019-10-01,114800234.16,1.11841629,114787872.05,0.0,0.0,1
30032131000111,2019-10-02,112622935.08,1.09719677,112610021.64,0.0,0.0,1
30032131000111,2019-10-03,112500766.34,1.09600127,112487322.88,0.0,0.0,1
30032131000111,2019-10-04,113879077.23,1.10942437,113864992.4,0.0,0.0,1
30032131000111,2019-10-07,111817367.17,1.08943123,111813011.43,0.0,0.0,1
30032131000111,2019-10-08,110605563.61,1.07761801,110600569.11,0.0,0.0,1
30032131000111,2019-10-09,110519129.1,1.07676967,110513500.35,0.0,0.0,1
30032131000111,2019-10-10,108426013.25,1.05642765,108425711.35,0.0,0.0,1
30032131000111,2019-10-11,109357762.02,1.06549988,109356834.03,0.0,0.0,1
30032131000111,2019-10-14,110467840.18,1.07631267,110466597.08,0.0,0.0,1
30032131000111,2019-10-15,110256352.68,1.07424571,110254455.85,0.0,0.0,1
30032131000111,2019-10-16,109098259.1,1.06295566,109095709.3,0.0,0.0,1
30032131000111,2019-10-17,108118684.29,1.05340501,108115485.21,0.0,0.0,1
30032131000111,2019-10-18,106888997.74,1.04141748,106885153.08,0.0,0.0,1
30032131000111,2019-10-21,106248599.62,1.03517163,106244114.54,0.0,0.0,1
30032131000111,2019-10-22,108395000.7,1.05607851,108389877.61,0.0,0.0,1
30032131000111,2019-10-23,109130253.56,1.06323602,109124484.44,0.0,0.0,1
30032131000111,2019-10-24,109203934.78,1.06395406,109198179.11,0.0,0.0,1
30032131000111,2019-10-25,109689105.99,1.06867492,109682701.26,0.0,0.0,1
30032131000111,2019-10-28,108495163.18,1.05703559,108488107.6,0.0,0.0,1
30032131000111,2019-10-29,107336969.79,1.04574463,107329267.78,0.0,0.0,1
30032131000111,2019-10-30,106446692.5,1.03706411,106438348.37,0.0,0.0,1
30032131000111,2019-10-31,105967272.35,1.03238674,105958289.45,0.0,0.0,1
30032131000111,2019-11-01,109220950.03,1.06408205,109211315.78,0.0,0.0,1
30032131000111,2019-11-04,108044613.72,1.05261422,108034322.57,0.0,0.0,1
30032131000111,2019-11-05,107529210.48,1.04758605,107518260.23,0.0,0.0,1
30032131000111,2019-11-06,106799443.85,1.04046929,106787836.4,0.0,0.0,1
30032131000111,2019-11-07,107022853.8,1.04275075,107021992.22,0.0,0.0,1
30032131000111,2019-11-08,93931671.78,0.91519264,93930154.96,0.0,0.0,1
30032131000111,2019-11-11,92522872.42,0.90146033,92520749.19,0.0,0.0,1
30032131000111,2019-11-12,87345035.42,0.85100517,87342319.81,0.0,0.0,1
30032131000111,2019-11-13,87168792.77,0.84928231,87165495.29,0.0,0.0,1
30032131000111,2019-11-14,87099493.55,0.8486043,87095907.34,0.0,0.0,1
30032131000111,2019-11-18,84458204.22,0.82286368,84454037.09,0.0,0.0,1
30032131000111,2019-11-19,84139413.12,0.81975203,84134674.89,0.0,0.0,1
30032131000111,2019-11-20,84142005.75,0.81977173,84136697.61,0.0,0.0,1
30032131000111,2019-11-21,88163799.15,0.85895185,88157921.1,0.0,0.0,1
30032131000111,2019-11-22,89327525.61,0.87028472,89321062.63,0.0,0.0,1
30032131000111,2019-11-25,89615987.58,0.87308956,89608935.35,0.0,0.0,1
30032131000111,2019-11-26,88779052.5,0.86492927,88771409.93,0.0,0.0,1
30032131000111,2019-11-27,87441941.39,0.85189563,87433711.59,0.0,0.0,1
30032131000111,2019-11-28,86658603.84,0.84425764,86649791.79,0.0,0.0,1
30032131000111,2019-11-29,86196800.82,0.8397525,86187409.44,0.0,0.0,1
30032131000111,2019-12-02,87485549.7,0.85230383,87475606.41,0.0,0.0,1
30032131000111,2019-12-03,86773631.7,0.84536195,86763131.68,0.0,0.0,1
30032131000111,2019-12-04,87848043.28,0.85582497,87836995.78,0.0,0.0,1
30032131000111,2019-12-05,87207597.62,0.84957945,87195992.03,0.0,0.0,1
30032131000111,2019-12-06,88451671.12,0.86178241,88448433.86,0.0,0.0,1
30032131000111,2019-12-09,88097024.55,0.85832135,88093210.03,0.0,0.0,1
30032131000111,2019-12-10,88849865.78,0.86565092,88845475.34,0.0,0.0,1
30032131000111,2019-12-11,89191890.09,0.86897846,89186995.76,0.0,0.0,1
30032131000111,2019-12-12,92088306.26,0.89719356,92082831.91,0.0,0.0,1
30032131000111,2019-12-13,92447689.54,0.90069172,92441864.01,0.0,0.0,1
30032131000111,2019-12-16,92003467.27,0.89635775,91997049.58,0.0,0.0,1
30032131000111,2019-12-17,90719670.44,0.88384354,90712662.25,0.0,0.0,1
30032131000111,2019-12-18,91454342.46,0.89099598,91446748.54,0.0,0.0,1
30032131000111,2019-12-19,94171873.96,0.91746806,94163691.57,0.0,0.0,1
30032131000111,2019-12-20,92387230.24,0.90008029,92379110.24,0.0,0.0,1
30032131000111,2019-12-23,92157362.11,0.89783484,92148650.16,0.0,0.0,1
30032131000111,2019-12-24,92159714.29,0.8978520000000001,92150411.24,0.0,0.0,1
30032131000111,2019-12-26,92287111.34,0.90635177,93022779.16,0.0,0.0,1
30032131000111,2019-12-27,93414811.46,0.91733349,94149880.39,0.0,0.0,1
30032131000111,2019-12-30,92774122.67,0.91108515,93508585.8,0.0,0.0,1
30032131000111,2019-12-31,92776466.34,0.9111021,93510326.11,0.0,0.0,1
30032131000111,2020-01-02,94404247.9,0.92695728,95137611.25,0.0,0.0,1
30032131000111,2020-01-03,93495700.71,0.91810011,94228561.57,0.0,0.0,1
30032131000111,2020-01-06,92819264.39,0.91150463,93551639.37,0.0,0.0,1
30032131000111,2020-01-07,93857729.43,0.92161691,94589505.89,0.0,0.0,1
30032131000111,2020-01-08,94489300.73,0.9205887,94483976.25,0.0,0.0,1
30032131000111,2020-01-09,92794762.74,0.90407246,92788843.59,0.0,0.0,1
30032131000111,2020-01-10,90379725.51,0.88059482,90379232.79,0.0,0.0,1
30032131000111,2020-01-13,89596220.44,0.87295557,89595183.71,0.0,0.0,1
30032131000111,2020-01-14,91206347.88,0.88863796,91204734.69,0.0,0.0,1
30032131000111,2020-01-15,89225767.1,0.86933734,89223828.5,0.0,0.0,1
30032131000111,2020-01-16,88656627.23,0.86378642,88654113.56,0.0,0.0,1
30032131000111,2020-01-17,89677251.91,0.87372512,89674165.29,0.0,0.0,1
30032131000111,2020-01-20,88536504.05,0.86260481,88532840.68,0.0,0.0,1
30032131000111,2020-01-21,85555813.51,0.83355738,85551577.66,0.0,0.0,1
30032131000111,2020-01-22,86290629.39,0.84071147,86285832.18,0.0,0.0,1
